parcel_id,pnu,jibun,land_use_code,ownership_type,area,lng,lat,dist_to_nosmoking_zone,dist_to_childcare_center,dist_to_parking_lot,dist_to_school,complaint_count,building_use,target_label
275132,1117000000000000408,갈월동 45-43 도,도,국유지,150.86243450664915,126.97480543308515,37.54668700436671,205.89797861,94.77542921,431.5431451,194.35652257,144,미지정,1
275134,1117000000000000410,갈월동 51-4 도,도,국유지,307.2180669696536,126.97504386006023,37.54650794803605,205.29377269,66.63441499,445.56387993,191.86602473,144,미지정,1
275272,1117000000000000548,용산동2가 48-11도,도,국유지,2110.129235844128,126.98553344583898,37.54324739676386,328.11567658,120.07991003,226.92465688,107.05811157,88,미지정,0
275273,1117000000000000549,용산동2가 48-6도,도,국유지,2411.73519864399,126.98493108511353,37.543998118798605,358.94958783,36.90888477,237.31736545,103.91810366,88,미지정,0
275274,1117000000000000550,용산동2가 34-35도,도,국유지,400.0576187951956,126.98477023401257,37.54346611566595,413.50431662,96.61229063,298.04983113,97.29843713,88,미지정,0
275275,1117000000000000551,용산동2가 5-554도,도,국유지,4306.474664263718,126.9841230061718,37.543198937442824,436.49171343,150.50349595,343.87104853,78.71389051,88,미지정,0
275276,1117000000000000552,용산동2가 5-39도,도,국유지,1609.6157645759522,126.98500948034483,37.54150458652371,436.3015588,308.71367913,318.29630812,48.5431133,88,미지정,0
275277,1117000000000000553,용산동2가 22-25도,도,국유지,34.61384850391187,126.98675720591294,37.54391231529234,221.97895924,148.37963176,154.78763287,62.65977506,88,미지정,0
275278,1117000000000000554,용산동2가 5-2024도,도,국유지,18.930056747049093,126.98887017504316,37.544553210449045,115.9370223,321.92792105,185.87336337,6.68471042,88,미지정,0
275279,1117000000000000555,용산동2가 44-27도,도,국유지,291.3775683902204,126.98669950328778,37.5415248299614,316.72514731,335.66110586,204.34542783,126.45506202,88,미지정,0
275280,1117000000000000556,용산동2가 42-32도,도,국유지,77.12567158602178,126.98622561104752,37.54179401858917,329.01850223,292.41223213,211.78885978,157.50059529,88,미지정,0
275281,1117000000000000557,용산동2가 48-10도,도,국유지,1080.1044110669172,126.98682755097512,37.5429987296894,220.63894039,206.09480366,110.89707738,138.10739109,88,미지정,0
275282,1117000000000000558,용산동2가 36-20도,도,국유지,259.390854684636,126.98657732271401,37.543076581850706,239.9376999,184.3769341,133.27917618,121.16684008,88,미지정,0
275283,1117000000000000559,용산동2가 29-9도,도,국유지,10.514694789948408,126.98714903280472,37.54330351539179,185.632632,207.911709,89.08262837,128.0983554,88,미지정,0
275284,1117000000000000560,용산동2가 1-1511도,도,국유지,58.52165993570816,126.9823574421632,37.544092569736584,363.69944864,247.20759241,359.21149468,192.58159704,88,미지정,0
275285,1117000000000000561,용산동2가 2-10도,도,국유지,787.8338952350896,126.97921518496317,37.54215980172973,680.72338342,466.7889995,710.11157825,335.05327026,88,미지정,0
275286,1117000000000000562,용산동2가 3-1도,도,국유지,426.2355580814183,126.98214800460254,37.540992441177934,698.51136969,451.20415867,640.06051462,62.88799196,88,미지정,0
275287,1117000000000000563,용산동2가 10-26도,도,국유지,42.24956666911021,126.98090755488492,37.54412534997098,425.87813866,308.71934874,465.43354618,103.54164237,88,미지정,0
275288,1117000000000000564,용산동2가 32-15도,도,국유지,128.50538757443428,126.9856763360048,37.54354835280948,313.78661461,94.21571399,221.16057834,71.76664893,88,미지정,0
275289,1117000000000000565,용산동2가 30-17도,도,국유지,41.53869064338505,126.98599084368357,37.54368294817001,286.38395843,100.22959671,199.76115967,47.28219742,88,미지정,0
275290,1117000000000000566,용산동2가 48-13도,도,국유지,1878.7512897395063,126.98599529862253,37.54208664384381,328.44275077,255.21198356,210.49055429,135.83704161,88,미지정,0
275291,1117000000000000567,용산동2가 39-30도,도,국유지,420.7363671483472,126.98656708078346,37.542099346800484,284.7966194,273.13084961,167.13728889,127.11456012,88,미지정,0
275292,1117000000000000568,용산동2가 48-12도,도,국유지,935.8435990661383,126.98663202824466,37.542356089211005,264.74945614,251.13739136,146.77551243,127.19143571,88,미지정,0
275293,1117000000000000569,용산동2가 43-20도,도,국유지,71.57916058297269,126.98554402124016,37.54140139310266,403.3632321,321.87986332,286.04205536,97.05156576,88,미지정,0
275294,1117000000000000570,용산동2가 43-19도,도,국유지,34.12457900901791,126.98580646411804,37.54135130583501,388.3573551,330.71256957,271.94853689,120.88462122,88,미지정,0
275295,1117000000000000571,용산동2가 35-36도,도,국유지,451.1333241960965,126.98560284238528,37.542954750826176,326.98079394,152.99452266,219.18882032,96.97852127,88,미지정,0
275296,1117000000000000572,용산동2가 41-31도,도,국유지,34.72273064032197,126.98520705484934,37.541818534604516,403.80250058,273.69493389,285.96864461,71.12036049,88,미지정,0
275297,1117000000000000573,용산동2가 29-8도,도,국유지,20.073043681681156,126.98633581700464,37.543304721475685,256.92873238,151.32599973,158.00571658,90.69311561,88,미지정,0
275298,1117000000000000574,용산동2가 30-16도,도,국유지,70.01238833460957,126.98615512466144,37.54391952965349,274.58728412,98.05509192,198.53427847,20.61392118,88,미지정,0
275299,1117000000000000575,용산동2가 42-31도,도,국유지,218.1887066415511,126.98590490956566,37.54190965760075,345.33948904,271.96097241,227.34801195,138.4549157,88,미지정,0
275300,1117000000000000576,용산동2가 42-30도,도,국유지,210.6305593091529,126.98572202520104,37.54213719389339,347.07952635,243.67845911,229.54752407,111.67387755,88,미지정,0
275301,1117000000000000577,용산동2가 41-28도,도,국유지,33.80534002929926,126.98542725334882,37.54236206015764,360.67701805,214.7738232,245.1112048,77.73222842,88,미지정,0
275302,1117000000000000578,용산동2가 40-17도,도,국유지,92.42599586956203,126.98613894524037,37.54274117933073,287.22132238,192.47591538,174.14554768,150.85185882,88,미지정,0
275303,1117000000000000579,용산동2가 41-30도,도,국유지,19.779149198904634,126.98512438689147,37.54193308876767,404.4518434,260.93079458,287.00253193,70.86578328,88,미지정,0
275304,1117000000000000580,용산동2가 41-29도,도,국유지,54.5016211848706,126.98515783499806,37.5422349741144,388.01786071,227.42230026,272.06252037,63.81002214,88,미지정,0
275305,1117000000000000581,용산동2가 5-64도,도,국유지,301.4618480466306,126.98468190777315,37.54127741609185,474.18342952,336.19030698,356.20480895,37.51642076,88,미지정,0
275306,1117000000000000582,용산동2가 43-22도,도,국유지,81.52510554809123,126.9852483578576,37.5414905219475,419.25905751,310.18041701,301.35149023,69.6727901,88,미지정,0
275307,1117000000000000583,용산동2가 43-24도,도,국유지,20.872979722800665,126.98525013157894,37.541421333333346,423.36054463,317.86079204,305.56005319,71.18910244,88,미지정,0
275308,1117000000000000584,용산동2가 5-1995 도,도,국유지,32.32794481283054,126.98878922759911,37.54516728039037,183.8373213,283.77410809,248.47709005,68.94022717,88,미지정,0
275309,1117000000000000585,용산동2가 5-1864 도,도,국유지,63.99404659215361,126.98781558668608,37.544920686770375,196.89813055,222.20122845,214.42889418,107.63203266,88,미지정,0
275310,1117000000000000586,용산동2가 5-1800 도,도,국유지,68.80510280816816,126.98798095519123,37.54481138156332,178.29031237,241.18016492,201.19680949,89.73370983,88,미지정,0
275311,1117000000000000587,용산동2가 5-2025 도,도,국유지,111.06462662201375,126.98876270567109,37.54445944809469,109.1643278,319.9504352,172.73689108,19.55376777,88,미지정,0
275312,1117000000000000588,용산동2가 5-427도,도,국유지,30.35177897196263,126.98856884332417,37.54467502552916,137.94761802,292.25259494,190.76984191,35.70155483,88,미지정,0
275313,1117000000000000589,용산동2가 5-431 도,도,국유지,14.163217710331082,126.98850084764543,37.5445532132964,128.70587607,295.11534704,176.26617073,39.29995999,88,미지정,0
275314,1117000000000000590,용산동2가 5-446 도,도,국유지,53.11704797623679,126.98818455716616,37.544386278152224,130.93167847,285.43143804,154.08036705,69.91730252,88,미지정,0
275315,1117000000000000591,용산동2가 5-434도,도,국유지,1248.6784881113563,126.98830878590508,37.54448095403014,131.55430659,286.72920567,165.5369579,56.92640149,88,미지정,0
275316,1117000000000000592,용산동2가 5-1271도,도,국유지,66.62782043800689,126.98861787972912,37.54461757456205,130.34450816,299.40982251,185.62030544,29.68045893,88,미지정,0
275317,1117000000000000593,용산동2가 5-400 도,도,국유지,56.84423451591283,126.98863205570414,37.544387063325,106.94298154,315.50899857,161.38656,33.61936494,88,미지정,0
275318,1117000000000000594,용산동2가 5-430도,도,국유지,36.50166426412761,126.98852933104928,37.54457650020153,129.73762484,295.62100153,179.33157581,36.8309459,88,미지정,0
275319,1117000000000000595,용산동2가 5-432도,도,국유지,14.761523609049618,126.98848474485048,37.54453643056478,127.81907469,295.09002989,174.14926745,40.79334312,88,미지정,0
275320,1117000000000000596,용산동2가 5-454도,도,국유지,23.280014552176,126.9884565135173,37.544624988554176,137.56590485,287.2539132,183.31568207,43.83457472,88,미지정,0
275321,1117000000000000597,용산동2가 5-1462 도,도,국유지,31.55303560011089,126.98859319334785,37.54534101119055,206.73478664,260.68003186,263.67219642,74.55576727,88,미지정,0
275322,1117000000000000598,용산동2가 5-1980 도,도,국유지,14.736842537298799,126.98865973100389,37.545342094841935,205.33636403,266.18056467,264.86028885,68.69238903,88,미지정,0
275323,1117000000000000599,용산동2가 5-1981 도,도,국유지,15.77161179156974,126.98869940132671,37.54534099502487,204.38986401,269.53106008,265.4384382,65.18577838,88,미지정,0
275324,1117000000000000600,용산동2가 5-1982 도,도,국유지,11.451094194781035,126.98873586409707,37.54533775917202,203.32807394,272.69427772,265.76848745,61.94758564,88,미지정,0
275325,1117000000000000601,용산동2가 5-1986 도,도,국유지,12.868421098450199,126.98873018292684,37.545098869918704,177.63906489,281.96598843,239.83702436,62.89740244,88,미지정,0
275326,1117000000000000602,용산동2가 5-1930도,도,국유지,923.2702936076093,126.98862691370852,37.54546746960934,219.53918759,259.12325028,278.01101247,73.72049023,88,미지정,0
275327,1117000000000000603,용산동2가 5-1983 도,도,국유지,21.450558109907433,126.9887838273129,37.54533148155769,201.78209231,276.93022041,266.04398705,57.67663931,88,미지정,0
275328,1117000000000000604,용산동2가 7-117 도,도,국유지,87.95381474867463,126.98658467767055,37.53805618844216,268.00529354,280.16824898,564.48559217,199.77437983,88,미지정,0
275329,1117000000000000605,용산동2가 5-1848 도,도,국유지,19.20460372767411,126.98853916258085,37.54481995250255,153.70208403,281.39839085,205.94292753,46.15298189,88,미지정,0
275330,1117000000000000606,용산동2가 5-423도,도,국유지,102.57487021759152,126.98827407436093,37.54492132459999,174.1391186,255.54764493,213.87117168,71.69629506,88,미지정,0
275331,1117000000000000607,용산동2가 5-456 도,도,국유지,221.05448538437486,126.98823840158254,37.54472822827879,157.45293192,264.92235875,192.26289179,65.25889791,88,미지정,0
275332,1117000000000000608,용산동2가 5-480도,도,국유지,57.064562261104584,126.98816820531108,37.54487327878996,174.32905101,250.59185391,208.00508288,77.05453456,88,미지정,0
275333,1117000000000000609,용산동2가 5-1788 도,도,국유지,79.6580683500506,126.98847006577193,37.54471030396684,145.31371049,282.82224892,192.84611149,45.25863554,88,미지정,0
275334,1117000000000000610,용산동2가 5-425 도,도,국유지,60.20817260723561,126.98842901824553,37.544785655887715,154.40919444,275.18011373,200.49554269,52.13124419,88,미지정,0
275335,1117000000000000611,용산동2가 5-424 도,도,국유지,47.63879155740142,126.98840222678606,37.54485917263742,162.75736234,268.80775115,208.2283725,58.45515932,88,미지정,0
275336,1117000000000000612,용산동2가 5-1988 도,도,국유지,20.322716928087175,126.98863706965896,37.544970523970406,166.26776897,280.74724888,224.08683249,53.21562749,88,미지정,0
275337,1117000000000000613,용산동2가 5-1991 도,도,국유지,13.94246780546382,126.98850384077853,37.54495692355493,168.92859487,271.07777311,220.32116638,58.96314882,88,미지정,0
275338,1117000000000000614,용산동2가 5-1992 도,도,국유지,26.52642053971067,126.98846924101804,37.545052367473964,179.89500869,263.40147426,230.29505926,69.08865112,88,미지정,0
275339,1117000000000000615,용산동2가 5-1846도,도,국유지,35.37350460421294,126.98844652068024,37.545019942326356,177.33120789,263.29070624,226.44272414,67.56397851,88,미지정,0
275340,1117000000000000616,용산동2가 5-1990 도,도,국유지,50.35064003034495,126.98845722716798,37.54512808986722,188.10270244,258.71380519,238.45967161,76.51986348,88,미지정,0
275341,1117000000000000617,용산동2가 5-2018 도,도,국유지,15.977630382869393,126.98839961070185,37.54512596020052,189.78529924,254.23643782,237.57111481,79.31463504,88,미지정,0
275342,1117000000000000618,용산동2가 5-1937도,도,국유지,12.397584927093703,126.98856086300103,37.54522870609177,195.60657534,262.5180529,250.90350041,81.76105398,88,미지정,0
275343,1117000000000000619,용산동2가 5-1845 도,도,국유지,26.614705258980393,126.98840612511516,37.54507314464714,184.16224115,257.38672008,231.82155618,74.37654212,88,미지정,0
275344,1117000000000000620,용산동2가 5-2020 도,도,국유지,40.63064336060779,126.9883032878696,37.54514141899015,194.78105905,245.8498552,238.42757408,86.04383756,88,미지정,0
275345,1117000000000000621,용산동2가 5-1923도,도,국유지,57.81466153846122,126.9883475127944,37.54507650742217,186.60269989,252.62030881,231.61077545,78.07208255,88,미지정,0
275346,1117000000000000622,용산동2가 5-422도,도,국유지,75.44515666505322,126.98832055260878,37.54504601278384,184.55274798,252.12061184,228.01160802,77.29935941,88,미지정,0
275347,1117000000000000623,용산동2가 5-2139도,도,국유지,13.795226704736706,126.98845254141489,37.545375386538694,214.05429016,247.69342845,265.61654357,100.56561027,88,미지정,0
275348,1117000000000000624,용산동2가 5-2021 도,도,국유지,43.33278302382678,126.9882560484382,37.545222987852725,204.75037768,238.13574123,247.1571577,95.64394282,88,미지정,0
275349,1117000000000000625,용산동2가 5-1959 도,도,국유지,37.57995574036613,126.98863632698247,37.54583074135456,258.67808651,251.39696532,317.92486185,91.65834626,88,미지정,0
275350,1117000000000000626,용산동2가 5-1952 도,도,국유지,41.05695624509826,126.98874690348782,37.54581549028509,255.21525102,261.3079951,317.9116823,83.19509585,88,미지정,0
275351,1117000000000000627,용산동2가 5-1934도,도,국유지,13.564753859769553,126.98842615063872,37.545413686912504,218.82937258,244.07298023,269.56278794,105.40754697,88,미지정,0
275352,1117000000000000628,용산동2가 5-1978 도,도,국유지,17.296793319983408,126.9885124532653,37.545414831017865,216.60451135,251.2484909,270.65418342,82.49532405,88,미지정,0
275353,1117000000000000629,용산동2가 5-1950 도,도,국유지,66.37668744730763,126.98851256613719,37.54578834143579,256.54123827,241.272255,311.75413937,97.66401751,88,미지정,0
275354,1117000000000000630,용산동2가 7-4도,도,국유지,552.6531573985703,126.9861062505894,37.538050811731054,271.46343766,311.24980952,576.43772665,222.74312093,88,미지정,0
275355,1117000000000000631,용산동2가 5-1939도,도,국유지,31.440095966681838,126.98860559007954,37.54567989232049,242.90331318,251.53442195,300.96388368,84.36040466,88,미지정,0
275356,1117000000000000632,용산동2가 5-1964 도,도,국유지,22.66673837415874,126.98869073806436,37.54561997533536,234.79653567,260.29163594,295.66975031,74.56154426,88,미지정,0
275357,1117000000000000633,용산동2가 5-1918도,도,국유지,15.585178444802295,126.98822183039647,37.54577104289909,262.23423417,216.30079232,236.70620346,125.11026649,88,미지정,0
275358,1117000000000000634,용산동2가 5-1932도,도,국유지,10.004349029506557,126.98817315408498,37.54570134101307,256.4993771,213.6895869,233.6968884,133.93072745,88,미지정,0
275359,1117000000000000635,용산동2가 5-1917도,도,국유지,79.41174276755191,126.98825076907711,37.54584315407891,268.9469142,217.47389209,238.2414793,116.76397339,88,미지정,0
275360,1117000000000000636,용산동2가 5-1954 도,도,국유지,14.829928420484066,126.9888576414242,37.545797199404774,251.75885054,271.28018667,317.88135928,74.83199702,88,미지정,0
275361,1117000000000000637,용산동2가 6-8도,도,국유지,1138.1056874394417,126.98171960538987,37.53490639234902,384.35495245,386.7847051,822.83729485,333.69837473,88,미지정,0
275362,1117000000000000638,용산동2가 6-9도,도,국유지,1122.5699682794511,126.9831195981964,37.53496389419606,261.55163971,505.34807003,993.96186269,507.41376798,88,미지정,0
275363,1117000000000000639,용산동2가 6-6도,도,국유지,1171.6274825390428,126.98452459612507,37.53501929874144,140.20208782,405.93236965,939.95759171,321.84861628,88,미지정,0
275364,1117000000000000640,용산동2가 6-7도,도,국유지,616.8590209912509,126.98559722694351,37.535062974757565,57.1006358,316.51361037,907.92421558,241.4275148,88,미지정,0
275365,1117000000000000641,용산동2가 5-1418 도,도,국유지,13.06448605202604,126.98813187537536,37.54570380255256,258.0995341,210.07497735,230.05872721,135.23437809,88,미지정,0
275366,1117000000000000642,용산동2가 7-97도,도,국유지,415.3322984771803,126.98630472253254,37.5349618028673,38.02092907,267.29420834,905.91358589,207.17056126,88,미지정,0
275367,1117000000000000643,용산동2가 7-83도,도,국유지,2095.2769430502085,126.98678062729645,37.535360226853726,33.70753433,208.36397583,855.73503524,146.95728433,88,미지정,0
275368,1117000000000000644,용산동2가 7-76도,도,국유지,3145.1462862022454,126.98695894756395,37.53626161870165,74.41483884,165.93701074,754.48410883,67.42842625,88,미지정,0
275369,1117000000000000645,용산동2가 7-95도,도,국유지,390.8826458596159,126.98696723257711,37.534732402405865,29.63313474,238.25617756,815.35594246,203.50912321,88,미지정,0
275370,1117000000000000646,용산동2가 7-99도,도,국유지,640.0008454687195,126.98690935776268,37.53487248447204,42.56989564,231.05248536,806.49926753,190.51605636,88,미지정,0
275371,1117000000000000647,용산동2가 7-98도,도,국유지,391.4991694317432,126.98689956546396,37.53502453210558,59.0472192,220.67091425,794.11336031,175.16884399,88,미지정,0
275372,1117000000000000648,용산동2가 7-84도,도,국유지,614.3016779886093,126.98694520432585,37.53524426128314,51.81909931,202.8128725,773.01812325,151.24801895,88,미지정,0
275373,1117000000000000649,용산동2가 6-11도,도,국유지,2002.3322336598067,126.98062486321747,37.53643591373728,509.44704725,410.3861797,793.30883084,179.88643274,88,미지정,0
275374,1117000000000000650,용산동2가 6-12도,도,국유지,1864.5683724447154,126.98067252778897,37.535690518479655,482.67268676,353.67222311,762.00345828,209.14712769,88,미지정,0
275375,1117000000000000651,용산동2가 6-13도,도,국유지,1192.4867385382531,126.9807156068477,37.53511772554648,471.6094844,318.46019821,743.88672905,249.05410428,88,미지정,0
275376,1117000000000000652,용산동2가 6-10도,도,국유지,2831.5039988869685,126.98057287718042,37.53734442734703,557.63640243,489.96575212,841.42309428,226.35843108,88,미지정,0
275377,1117000000000000653,용산동2가 6-14도,도,국유지,275.4674678136944,126.98080333526818,37.53486810428575,465.04042329,311.41253534,743.44837779,273.62582571,88,미지정,0
275378,1117000000000000654,용산동2가 48도,도,국유지,7834.363440972404,126.9869010390688,37.54234030316562,245.39767347,265.77999839,127.54368034,104.20704686,88,미지정,0
275379,1117000000000000655,용산동2가 48-7도,도,국유지,1869.467895531212,126.98649353612,37.54425441642732,253.97115991,119.27275918,197.70531038,18.14963951,88,미지정,0
275380,1117000000000000656,용산동2가 21-9도,도,국유지,35.221782801207155,126.98595478279032,37.5442359740091,299.08888526,71.81439562,206.89539812,19.81026659,88,미지정,0
275381,1117000000000000657,용산동2가 48-9도,도,국유지,1369.1229138392955,126.98549725739235,37.54379885629101,395.28314207,62.22478891,252.68864294,62.88433769,88,미지정,0
275382,1117000000000000658,용산동2가 5-1955 도,도,국유지,14.310100531205535,126.98897330043408,37.54576786908841,247.396558,281.85954286,317.08543461,65.6866926,88,미지정,0
275383,1117000000000000659,용산동2가 5-1956 도,도,국유지,29.252847891300917,126.98893572277176,37.54576204917575,247.07715012,278.66974556,315.64996161,67.31325966,88,미지정,0
275384,1117000000000000660,용산동2가 5-1970 도,도,국유지,19.380953780026175,126.98903467273952,37.54570812904858,240.34985063,288.24496304,312.08563418,57.12164234,88,미지정,0
275385,1117000000000000661,용산동2가 5-1832 도,도,국유지,9.920946431113407,126.98799578662054,37.54574126660075,266.63628566,197.42113315,217.4909234,137.32664764,88,미지정,0
275386,1117000000000000662,용산동2가 22-24도,도,국유지,25.08500378858298,126.98718467057674,37.54384252616487,183.42490032,186.84542765,122.59719974,92.93458699,88,미지정,0
275387,1117000000000000663,용산동2가 38-25도,도,국유지,379.5826696048607,126.98699679203601,37.5424575363274,231.28740978,260.56346834,113.2908709,102.17214648,88,미지정,0
275388,1117000000000000664,용산동2가 1-1769 도,도,국유지,32.83766880747862,126.9840358035643,37.545863912883306,140.75153644,160.32103691,137.63713852,267.58803267,88,미지정,0
275389,1117000000000000665,용산동2가 1-1771 도,도,국유지,27.232325938530266,126.98394153154449,37.545869094183324,139.75455959,168.40799224,145.76237844,273.74754012,88,미지정,0
275390,1117000000000000666,용산동2가 1-1772 도,도,국유지,24.873457273468375,126.9838320918113,37.5458509595163,141.8951254,178.2828004,155.63033133,279.16762106,88,미지정,0
275391,1117000000000000667,용산동2가 1-1741 도,도,국유지,31.76861520204693,126.98371550756404,37.545831913039,144.85331278,213.21253323,166.13897593,285.22510689,88,미지정,0
275392,1117000000000000668,용산동2가 1-1742 도,도,국유지,55.32782658783253,126.98345785348343,37.54581179256042,151.40477667,225.75682356,188.9746757,265.90635474,88,미지정,0
275393,1117000000000000669,용산동2가 1-1926 도,도,국유지,64.81781985564157,126.98450918456034,37.545086758038885,232.69703603,105.30429192,144.30682888,178.20868654,88,미지정,0
275394,1117000000000000670,용산동2가 5-1480도,도,국유지,65.64111441042041,126.98800767401322,37.54577471049682,269.60769624,197.6591633,217.92798392,133.6107542,88,미지정,0
275395,1117000000000000671,용산동2가 1-1322도,도,국유지,63.41554996231571,126.98416141311577,37.54471486801742,268.76234258,99.16122209,195.6809149,184.41051146,88,미지정,0
275396,1117000000000000672,용산동2가 1-748도,도,국유지,121.01978429313749,126.98460543930247,37.54434828678525,314.60903205,48.16079077,209.75040411,134.92329944,88,미지정,0
275397,1117000000000000673,용산동2가 1-1928 도,도,국유지,19.891096610575914,126.98426784911243,37.54518781360947,217.67134101,126.73855356,151.47958417,201.971053,88,미지정,0
275398,1117000000000000674,용산동2가 1-1597도,도,국유지,48.683102347597014,126.98417053470334,37.545218515697925,213.1948259,134.77466193,156.01545646,210.91599039,88,미지정,0
275399,1117000000000000675,용산동2가 1-1183도,도,국유지,20.975035189650953,126.98384322297564,37.54472679954797,266.56586273,125.04991827,213.74555473,245.34046877,88,미지정,0
275400,1117000000000000676,용산동2가 1-1314도,도,국유지,222.0600043325685,126.98453014569343,37.54464086165341,281.46250547,67.19568943,183.80413203,151.16316986,88,미지정,0
275401,1117000000000000677,용산동2가 1-102도,도,국유지,46.270751010626554,126.98480300063595,37.54448621600425,303.68406464,37.60148888,188.91571593,122.37307674,88,미지정,0
275402,1117000000000000678,용산동2가 1-1122 도,도,국유지,55.023700470570475,126.98420713312538,37.54590043793821,138.78363296,144.69222238,122.03588575,260.60003114,88,미지정,0
275403,1117000000000000679,용산동2가 48-8도,도,국유지,2275.506610095734,126.98595396515034,37.54415757544835,297.0571539,72.90734164,215.47209422,14.40099616,88,미지정,0
275404,1117000000000000680,용산동2가 20-15 도,도,국유지,177.99164089548867,126.98593375796735,37.544493761797185,342.8177895,73.53964517,178.38999092,46.10605917,88,미지정,0
275405,1117000000000000681,용산동2가 19-18도,도,국유지,47.72714719641954,126.98563237059872,37.54475627770927,304.15417725,67.8744873,146.4451139,83.74559381,88,미지정,0
275406,1117000000000000682,용산동2가 1-1241 도,도,국유지,68.89197902008891,126.98546707289294,37.54640095216401,159.65948446,42.70286105,37.33393752,236.89085086,88,미지정,0
275407,1117000000000000683,용산동2가 1-9 도,도,국유지,399.9690560734016,126.98585456801007,37.546305478778145,194.73390249,19.08991497,35.84766877,216.90841442,88,미지정,0
275408,1117000000000000684,용산동2가 11-14도,도,국유지,125.41669550794177,126.98593534833556,37.54591540296133,224.06948817,26.60957391,36.77058754,173.13130395,88,미지정,0
275409,1117000000000000685,용산동2가 17-11도,도,국유지,55.70071731321514,126.9856545287316,37.5455516669308,233.29728695,66.43702034,58.53655218,143.79944133,88,미지정,0
275410,1117000000000000686,용산동2가 18-28도,도,국유지,53.239189981948584,126.9859025412982,37.545090697187426,286.69286172,116.26243742,113.09728516,88.36990325,88,미지정,0
275411,1117000000000000687,용산동2가 19-20도,도,국유지,19.538081852486357,126.98532214190092,37.54489831124498,277.22874977,69.9648992,132.41246017,112.14221865,88,미지정,0
275412,1117000000000000688,용산동2가 12-14도,도,국유지,143.65526596270502,126.98690965967977,37.54575875314921,319.59930143,105.20743026,123.42482358,157.38732995,88,미지정,0
275413,1117000000000000689,용산동2가 12-15도,도,국유지,66.56794003769755,126.98661712853007,37.54581790361476,280.09680722,78.9942218,96.77941396,158.53561363,88,미지정,0
275414,1117000000000000690,용산동2가 48-4도,도,국유지,1781.810046863102,126.98670798055036,37.54552714788811,312.74223958,103.7277499,117.46316091,128.02622232,88,미지정,0
275415,1117000000000000691,용산동2가 16-17도,도,국유지,41.42002639360726,126.9861181851764,37.5455221873076,264.40356474,73.12759386,78.12721346,127.01473741,88,미지정,0
275416,1117000000000000692,용산동2가 1-4 도,도,국유지,35.13266894314438,126.98670548818166,37.54613152782431,270.81830866,78.4740063,100.48848558,194.06555253,88,미지정,0
275417,1117000000000000693,용산동2가 5-1885 도,도,국유지,15.355641186237335,126.98695126881722,37.54100496018312,341.18101011,397.42630738,242.98497782,144.1754731,88,미지정,0
275418,1117000000000000694,용산동2가 48-1도,도,국유지,3781.6315544597455,126.98744356306109,37.54060812259827,281.02612817,353.09880768,271.44981835,162.11970376,88,미지정,0
275419,1117000000000000695,용산동2가 48-2도,도,국유지,2269.8677869236562,126.98750662847914,37.541847927637804,242.31892023,341.5914523,137.65993897,46.75493795,88,미지정,0
275420,1117000000000000696,용산동2가 5-1674 도,도,국유지,34.89359925687313,126.98844688971656,37.5434518611853,69.76240366,306.11855609,59.56733782,130.51144592,88,미지정,0
275421,1117000000000000697,용산동2가 5-1673 도,도,국유지,32.691602733917534,126.98836578127812,37.54341745874588,77.47623701,300.49284174,52.62894946,136.6345891,88,미지정,0
275422,1117000000000000698,용산동2가 45-16도,도,국유지,41.51486526988447,126.98754957278989,37.542445532860796,192.2181491,294.6457243,77.52333136,63.48036662,88,미지정,0
275423,1117000000000000699,용산동2가 47-19 도,도,국유지,82.22576778195798,126.98774011982582,37.541913997872676,223.95574739,349.01912294,124.31381496,24.87168822,88,미지정,0
275424,1117000000000000700,용산동2가 5-1626 도,도,국유지,15.03632072545588,126.98874213502938,37.543691871493806,45.72802017,324.66607433,96.37996621,97.87387163,88,미지정,0
275425,1117000000000000701,용산동2가 5-1647 도,도,국유지,377.2177565297461,126.98885204718943,37.54362645196338,34.26099613,335.68764673,97.23358456,103.79951386,88,미지정,0
275426,1117000000000000702,용산동2가 5-1662 도,도,국유지,20.35743101121625,126.98874756500443,37.54352378816349,42.45475721,329.4142762,82.64335087,116.18914356,88,미지정,0
275427,1117000000000000703,용산동2가 8-243도,도,국유지,98.88925199164078,126.98839388355485,37.5431877068538,83.78454848,311.88401519,34.49524951,136.33959186,88,미지정,0
275428,1117000000000000704,용산동2가 8-233도,도,국유지,206.48326472518966,126.9884531070945,37.54329856930226,73.78266296,312.18896734,46.5665698,146.47435356,88,미지정,0
275429,1117000000000000705,용산동2가 8-84도,도,국유지,290.3663017107174,126.98831440815555,37.5431376051199,92.62325372,307.68696411,25.54004923,129.28158235,88,미지정,0
275430,1117000000000000706,용산동2가 45-15도,도,국유지,12.736297984607518,126.98799666653832,37.543373769605964,110.43588274,271.557345,42.12644027,152.47200711,88,미지정,0
275431,1117000000000000707,용산동2가 8-251도,도,국유지,53.72121252655052,126.9883198896294,37.54306260504534,96.58554751,311.65778218,22.09444066,121.27723416,88,미지정,0
275432,1117000000000000708,용산동2가 8-258도,도,국유지,18.891270366497338,126.98824910332293,37.542810094150234,119.06296625,319.44134721,25.75201823,92.56650784,88,미지정,0
275433,1117000000000000709,용산동2가 5-1661도,도,국유지,59.85120280459523,126.9887909026549,37.543492358898725,39.03134458,334.01852505,83.07690109,119.13910014,88,미지정,0
275434,1117000000000000710,용산동2가 5-1663 도,도,국유지,11.152226846665144,126.98873915039576,37.54347420228671,43.88440678,330.15119731,78.3195617,121.74183782,88,미지정,0
275435,1117000000000000711,용산동2가 5-1528도,도,국유지,38.81188238132745,126.98890844191727,37.543787813495065,38.74248263,337.16969758,113.87149089,85.62392317,88,미지정,0
275436,1117000000000000712,용산동2가 5-2061 도,도,국유지,29.62620496447198,126.98889231352422,37.54409939976826,67.97136806,353.45552668,141.42519137,51.19519804,88,미지정,0
275437,1117000000000000713,용산동2가 5-1858도,도,국유지,50.50826044520363,126.9888780430139,37.54406703786775,65.34200076,354.80100207,137.69105238,54.89540289,88,미지정,0
275438,1117000000000000714,용산동2가 5-1567도,도,국유지,235.05898384330794,126.98863882544683,37.54370292294318,54.74945741,315.47760089,92.18248458,98.77397787,88,미지정,0
275440,1117000000000000716,용산동2가 5-1796도,도,국유지,64.52933877333999,126.98883066666669,37.544061,66.84743489,352.05787213,135.01611332,56.16529947,88,미지정,0
275441,1117000000000000717,용산동2가 5-1548 도,도,국유지,45.378541907412,126.98864298544616,37.54400416387478,72.29810527,310.73802884,121.92433247,67.10436787,88,미지정,0
275442,1117000000000000718,용산동2가 5-1575도,도,국유지,1416.7664254929987,126.98879333483791,37.54382379127895,49.04815815,326.48954077,110.90030284,82.66920666,88,미지정,0
275443,1117000000000000719,용산동2가 5-1610도,도,국유지,103.77047498547472,126.98682132827612,37.538516793033374,194.0051334,305.58787492,509.95340522,238.43128381,88,미지정,0
275444,1117000000000000720,용산동2가 5-1552 도,도,국유지,89.11428172700107,126.98879160326895,37.54388159633482,53.39844703,325.39577651,116.16125852,76.3732281,88,미지정,0
275445,1117000000000000721,용산동2가 5-1550도,도,국유지,54.20118933869526,126.98870011292072,37.543925747376036,62.65662952,316.73641557,116.30915693,73.5231315,88,미지정,0
275446,1117000000000000722,용산동2가 5-1553 도,도,국유지,259.87886032648385,126.98866490253693,37.54381334596441,57.74854054,315.47421817,103.87945546,86.36401287,88,미지정,0
275447,1117000000000000723,용산동2가 5-100도,도,국유지,140.31467416742817,126.98683119902829,37.538295508185065,193.12605755,285.44559949,533.76520928,214.95998249,88,미지정,0
275448,1117000000000000724,용산동2가 5-99도,도,국유지,59.815961805637926,126.98682828916583,37.538419557833166,193.00292101,296.51598674,520.35841588,228.01315279,88,미지정,0
275449,1117000000000000725,용산동2가 5-1544도,도,국유지,805.2699538136367,126.98845341519893,37.54389275687578,78.34442888,295.63575512,104.32707746,85.75771381,88,미지정,0
275450,1117000000000000726,용산동2가 5-1810 도,도,국유지,39.78779101418331,126.98827594605369,37.54395561304902,95.45040193,279.13532198,107.38797567,89.34092863,88,미지정,0
275451,1117000000000000727,용산동2가 5-1872 도,도,국유지,28.356015799567103,126.98819156151275,37.54409325360314,109.7065221,270.118819,121.67651253,84.30985195,88,미지정,0
275452,1117000000000000728,용산동2가 48-3도,도,국유지,1834.0747372086626,126.98746922844536,37.544444553748896,184.47825956,206.22343306,169.19570731,94.62026246,88,미지정,0
275453,1117000000000000729,용산동2가 5-1494 도,도,국유지,22.632731436751783,126.98900127713976,37.54434961025641,91.17787657,344.19923197,170.34690161,23.72631848,88,미지정,0
275454,1117000000000000730,용산동2가 5-2064 도,도,국유지,23.804846698767506,126.98935636416702,37.54439521830793,94.72338122,367.60567068,191.41814329,24.22539938,88,미지정,0
275455,1117000000000000731,용산동2가 5-468 도,도,국유지,18.74858940509148,126.98796975255041,37.544594416165324,160.72713962,255.83375975,177.19631054,86.32055041,88,미지정,0
275456,1117000000000000732,용산동2가 5-1804 도,도,국유지,15.948334325104952,126.98803247929479,37.54453922119721,152.46876376,264.05332824,170.84744317,80.71529038,88,미지정,0
275457,1117000000000000733,용산동2가 5-1868 도,도,국유지,12.348683073185384,126.9880359044215,37.54446977177654,146.786768,269.50758072,163.13418651,80.98757,88,미지정,0
275458,1117000000000000734,용산동2가 5-445도,도,국유지,15.958156587788835,126.98807071747592,37.544401767670564,139.35847562,276.9453044,155.53822546,79.24544961,88,미지정,0
275459,1117000000000000735,용산동2가 5-2047 도,도,국유지,45.29005994461477,126.98902274517236,37.54433260086627,88.93233391,346.83780827,169.6112197,26.0083252,88,미지정,0
275460,1117000000000000736,용산동2가 5-2030도,도,국유지,24.368820137809962,126.98908464620654,37.54440146032066,95.55548639,347.02197678,178.95678823,21.35063505,88,미지정,0
275461,1117000000000000737,용산동2가 5-2051 도,도,국유지,54.28423473238945,126.98916907383982,37.544427681091335,97.76803783,351.67628616,185.24700298,24.53352593,88,미지정,0
275462,1117000000000000738,용산동2가 5-2052 도,도,국유지,36.648879946325906,126.989280327044,37.54438304148267,92.79921319,362.62964173,186.4306102,30.74733011,88,미지정,0
275463,1117000000000000739,용산동2가 24-25도,도,국유지,48.31597959948704,126.98776762616725,37.54422960441195,149.51993316,231.90162366,139.23395168,110.31543283,88,미지정,0
275464,1117000000000000740,용산동2가 5-2098도,도,국유지,677.1493739442667,126.98662848238824,37.541058793187034,362.06707781,381.23211634,250.89433784,160.0132531,88,미지정,0
275465,1117000000000000741,용산동2가 5-1757 도,도,국유지,12.221831728704274,126.98678588670411,37.54056643164794,310.20534198,437.36603737,293.43628073,191.90807182,88,미지정,0
275466,1117000000000000742,용산동2가 5-469 도,도,국유지,13.015610021539032,126.98793896558652,37.5446534667169,167.36332281,249.44647358,183.90770225,89.56971164,88,미지정,0
275467,1117000000000000743,용산동2가 5-1803 도,도,국유지,49.24753897078335,126.98802419182768,37.54459303037244,157.32636626,259.53182753,176.83747433,81.50763531,88,미지정,0
275468,1117000000000000744,용산동2가 5-1867 도,도,국유지,13.461907850578427,126.98800182938676,37.5445353066181,154.04714856,262.34579471,170.50474137,83.43537253,88,미지정,0
275469,1117000000000000745,용산동2가 5-2028도,도,국유지,35.30029870121507,126.98894359683244,37.54422439881448,79.13965503,348.33135556,155.71541043,37.10597847,88,미지정,0
275470,1117000000000000746,용산동2가 5-2034도,도,국유지,194.30379491869826,126.98911862257302,37.54413934692076,66.32748676,366.35343159,156.09394089,48.99528994,88,미지정,0
275471,1117000000000000747,용산동2가 47-24도,도,국유지,42.20727757923305,126.98740416670539,37.54077970977613,299.37731527,365.77497588,253.65331622,145.31383779,88,미지정,0
275472,1117000000000000748,용산동2가 5-1535 도,도,국유지,28.53256759373471,126.98891424372637,37.54412823753867,70.0800357,352.91791527,145.16651979,47.8581119,88,미지정,0
275473,1117000000000000749,용산동2가 5-2062 도,도,국유지,16.443690800631884,126.98897446465853,37.544235644298645,79.51627615,349.74461532,158.14748107,35.94873112,88,미지정,0
275474,1117000000000000750,용산동2가 5-2075도,도,국유지,20.955659765051678,126.98896080326078,37.543851947577814,41.1270472,340.66091433,122.30514527,78.45482255,88,미지정,0
275475,1117000000000000751,용산동2가 5-1526 도,도,국유지,25.840243293903768,126.9889974433479,37.54384322616563,38.53828878,344.00333012,123.65164267,79.54370109,88,미지정,0
275476,1117000000000000752,용산동2가 5-2046 도,도,국유지,10.76958669826854,126.98891751669706,37.54420703976928,78.09151083,347.68936488,152.91181664,39.11050245,88,미지정,0
275477,1117000000000000753,용산동2가 5-396도,도,국유지,41.87195892073214,126.98838583266964,37.54414220367767,99.37466781,286.88814237,129.53239391,67.70006552,88,미지정,0
275478,1117000000000000754,용산동2가 5-399도,도,국유지,94.16499092103913,126.98854390429315,37.544338113778785,106.46276232,312.84196257,153.96996233,43.11672537,88,미지정,0
275479,1117000000000000755,용산동2가 5-1도,도,국유지,749.9438151847571,126.98618410275309,37.53821337180552,288.21265622,317.84190856,557.15998236,233.19933467,88,미지정,0
275480,1117000000000000756,용산동2가 5-1541도,도,국유지,32.465675223618746,126.9885671543303,37.5442275060423,95.3316109,322.35774652,142.7725754,49.69193748,88,미지정,0
275481,1117000000000000757,용산동2가 5-2072 도,도,국유지,69.5906051043421,126.9890525612403,37.54389673615221,41.66247522,348.04208288,131.33020206,74.07886333,88,미지정,0
275482,1117000000000000758,용산동2가 3-2도,도,국유지,1234.8462749002501,126.97972096515531,37.54102029684967,637.48339385,597.30094434,762.85996483,236.49478385,88,미지정,0
275483,1117000000000000759,용산동2가 6-2도,도,국유지,1828.299460088776,126.98530028260123,37.53822351115284,309.96196005,379.77612314,584.4162411,285.4115408,88,미지정,0
275484,1117000000000000760,용산동2가 5-1812도,도,국유지,154.37128549814224,126.98667148022238,37.53822807614509,207.79119753,288.77009419,544.14935656,213.40397693,88,미지정,0
275485,1117000000000000761,용산동2가 5-1620도,도,국유지,270.3492276361212,126.98671738639747,37.538341680841285,202.92212264,295.745277,530.94748496,223.37693644,88,미지정,0
275486,1117000000000000762,용산동2가 5-86 도,도,국유지,1054.5410664612427,126.98652566413966,37.53953463531692,252.96333158,415.0212313,408.5211867,303.06502307,88,미지정,0
275487,1117000000000000763,용산동2가 5-2074도,도,국유지,58.399227789836004,126.98896456533424,37.54391792873138,47.15519065,340.03735388,128.25028103,71.14001293,88,미지정,0
275488,1117000000000000764,용산동2가 5-1634 도,도,국유지,19.425539239309728,126.98928069241776,37.54401170100144,51.68346025,386.33721942,154.31360606,49.44661959,88,미지정,0
275489,1117000000000000765,용산동2가 1-1591도,도,국유지,1510.2657160232775,126.9786300941941,37.545520560907256,323.02064778,93.90999072,586.50714982,175.05645943,88,미지정,0
275490,1117000000000000766,용산동2가 1-1594도,도,국유지,833.9596049431711,126.97893254974952,37.54476997150283,407.54097175,176.05921134,673.80091274,140.85256741,88,미지정,0
275491,1117000000000000767,용산동2가 33-23도,도,국유지,130.98146651062416,126.98504158092454,37.543826658566715,379.85402515,51.56841139,253.86167953,98.33312858,88,미지정,0
275492,1117000000000000768,용산동2가 31-13도,도,국유지,256.5526501444401,126.98549057923145,37.544120437959954,361.91353142,35.57468466,217.02908198,53.90433561,88,미지정,0
275493,1117000000000000769,용산동2가 33-22도,도,국유지,145.1346991211176,126.98481345157802,37.54403111583429,352.90555144,40.53730911,236.49058086,113.95348537,88,미지정,0
275494,1117000000000000770,용산동2가 1-1633도,도,국유지,51.73390561318956,126.98391888529717,37.54461632167346,278.7675347,114.41002664,217.96774393,231.74101522,88,미지정,0
275495,1117000000000000771,용산동2가 1-123도,도,국유지,77.43720204709098,126.98273837014992,37.54403993314337,357.98732227,214.34773711,337.12478414,237.35692943,88,미지정,0
275496,1117000000000000772,용산동2가 18-29도,도,국유지,38.580796033144,126.98628612300327,37.54498858531419,317.0875245,133.91672328,136.13596939,66.09645385,88,미지정,0
275497,1117000000000000773,용산동2가 48-5도,도,국유지,310.7071069679223,126.98681455540824,37.5460401311773,283.80891896,88.75138533,109.9971496,185.68458036,88,미지정,0
275498,1117000000000000774,용산동2가 23-23도,도,국유지,364.61510767549044,126.98714947313532,37.544414542471415,207.26347889,177.78574513,177.28941411,66.25289119,88,미지정,0
275499,1117000000000000775,용산동2가 13-1 도,도,국유지,49.462719211238436,126.98718602045746,37.545445409280205,277.27296168,143.18284902,158.93309475,135.23123658,88,미지정,0
275500,1117000000000000776,용산동2가 5-111도,도,국유지,33.03849520161748,126.98699389664044,37.54639762574836,284.48631657,107.937398,130.78087219,165.7363397,88,미지정,0
275501,1117000000000000777,용산동2가 5-112도,도,국유지,26.957490767352283,126.98693118137166,37.5464178063186,278.53623296,103.26638833,126.11771761,170.50905574,88,미지정,0
275502,1117000000000000778,용산동2가 5-113도,도,국유지,57.96572346013272,126.98682517179924,37.54643707687535,268.9464585,95.110922,117.93247492,179.10464098,88,미지정,0
275503,1117000000000000779,용산동2가 5-116도,도,국유지,10.32787574827671,126.98672266666668,37.54661433333333,255.17384055,96.00286225,118.11219838,184.72760725,88,미지정,0
275504,1117000000000000780,용산동2가 5-114도,도,국유지,50.74203273188323,126.98675008901131,37.546485720402046,261.06800233,91.0951892,113.77219853,184.47915647,88,미지정,0
275505,1117000000000000781,용산동2가 1-1176도,도,국유지,158.11048908531666,126.98502453180733,37.546715851576145,108.74787158,95.14124365,85.96735427,284.3240871,88,미지정,0
275506,1117000000000000782,용산동2가 1-1144도,도,국유지,262.03280314360745,126.98560939204349,37.54633902845985,173.9858776,29.083244,29.52254048,226.26588153,88,미지정,0
275507,1117000000000000783,용산동2가 1-1175도,도,국유지,31.096454333513975,126.985498,37.54653633333333,155.08852398,52.64129388,51.62152676,250.14734729,88,미지정,0
275508,1117000000000000784,용산동2가 1-1589 도,도,국유지,40.1834782268852,126.98415357741436,37.54682215173704,40.28490966,165.59079943,150.20153971,334.18485067,88,미지정,0
275509,1117000000000000785,용산동2가 1-1792도,도,국유지,1282.5459098857827,126.98473116801642,37.54685950920227,78.60219279,125.15446404,114.40057273,310.26655479,88,미지정,0
275510,1117000000000000786,용산동2가 5-1806 도,도,국유지,63.195191975682974,126.9881565353355,37.54432232774588,127.80911035,288.52800877,146.86413806,74.49621071,88,미지정,0
275511,1117000000000000787,용산동2가 5-440도,도,국유지,13.388423749245703,126.98816327289377,37.54417451831501,116.92851939,267.06431971,130.50872132,81.22176024,88,미지정,0
275512,1117000000000000788,용산동2가 5-1808 도,도,국유지,114.8167083687149,126.9882244684065,37.54420010447634,114.40166056,272.35493731,133.74324218,75.12927685,88,미지정,0
275513,1117000000000000789,용산동2가 5-1264 도,도,국유지,157.10539759974927,126.98843526892462,37.54425681330837,105.28276954,311.47831281,142.89096938,56.17787787,88,미지정,0
275514,1117000000000000790,용산동2가 5-439도,도,국유지,87.96143427770585,126.9882927935437,37.54415470060213,106.53744535,278.60379836,129.4555617,73.06104662,88,미지정,0
275515,1117000000000000791,용산동2가 5-1276 도,도,국유지,226.0338932403247,126.9884073617921,37.54409508889131,94.51826352,289.12014429,124.84509633,70.06805388,88,미지정,0
275516,1117000000000000792,용산동2가 5-398도,도,국유지,81.0660898424685,126.98846868733614,37.54424751714056,102.56040666,314.3649496,142.56247587,54.48443555,88,미지정,0
275517,1117000000000000793,용산동2가 5-1556 도,도,국유지,91.14461094327271,126.98848557743698,37.54386154174514,74.19013849,298.97131466,102.00174421,87.40372462,88,미지정,0
275518,1117000000000000794,용산동2가 5-1542도,도,국유지,96.8576178252697,126.98854364938396,37.54415455551055,90.43783696,326.19789329,134.4264988,57.21311606,88,미지정,0
275519,1117000000000000795,용산동2가 1-128도,도,국유지,50.77301056194119,126.98259095836957,37.544170852989474,348.23648642,226.00525369,337.62637445,206.4309836,88,미지정,0
275520,1117000000000000796,용산동2가 4-8도,도,국유지,994.8302557415445,126.98072493694113,37.53804569117074,585.2344431,564.07983781,851.59219708,148.20025933,88,미지정,0
275521,1117000000000000797,용산동2가 2-7도,도,국유지,786.8091747525614,126.97921152123912,37.54355581439421,537.86894349,312.47308306,627.6729008,196.61546908,88,미지정,0
275522,1117000000000000798,용산동2가 24-26도,도,국유지,78.172906704247,126.98772612363028,37.543918246842324,138.85792714,231.73929846,106.62462987,129.09420648,88,미지정,0
275523,1117000000000000799,용산동2가 26-20도,도,국유지,161.88312245323323,126.98803623457239,37.54373144692862,107.18421726,262.81737132,81.23983824,122.01357522,88,미지정,0
275524,1117000000000000800,용산동2가 4-3도,도,국유지,3108.109241402708,126.98180848213713,37.53808578734744,508.63996156,619.25544659,777.79825894,142.05830339,88,미지정,0
275525,1117000000000000801,용산동2가 4-1도,도,국유지,2274.4223202029243,126.98322249167161,37.53814522112702,410.25914628,537.64247508,689.09532137,227.13925719,88,미지정,0
275526,1117000000000000802,용산동2가 6-3도,도,국유지,1904.4052024707198,126.98431792015803,37.538184594039194,348.83400083,451.87401912,629.58079702,303.07292226,88,미지정,0
275527,1117000000000000803,용산동2가 10-39도,도,국유지,220.88960921013495,126.98144144372165,37.54406582510754,403.7624742,374.07594156,427.63544575,132.93570411,88,미지정,0
275528,1117000000000000804,용산동2가 4-7도,도,국유지,646.9897420417983,126.98051199607328,37.53837655280635,588.10186164,588.30978813,843.20605559,123.91404814,88,미지정,0
275529,1117000000000000805,용산동2가 5-1809 도,도,국유지,24.10900717927143,126.98822527515595,37.54409606719555,107.41055354,273.06509998,122.2595064,81.77921756,88,미지정,0
275530,1117000000000000806,용산동2가 3-3도,도,국유지,1300.948393963743,126.98007801449523,37.54011808872711,674.75175989,700.98486593,820.18626284,141.09458281,88,미지정,0
275531,1117000000000000807,용산동2가 1-1614도,도,국유지,108.81573286250932,126.98518795672025,37.546401323373445,138.91255393,62.94467157,49.56338486,246.5991593,88,미지정,0
275532,1117000000000000808,용산동2가 1-1179도,도,국유지,1187.7118578050286,126.98520686524132,37.54655392335112,131.27190429,71.1556944,62.13400928,261.27931861,88,미지정,0
275533,1117000000000000809,용산동2가 1-1134도,도,국유지,144.8163893809542,126.982096621718,37.54633540772095,182.65894578,126.7411095,308.35793726,132.87886182,88,미지정,0
275534,1117000000000000810,용산동2가 5-394도,도,국유지,26.075636189139914,126.98823724876183,37.54395688496019,98.53998314,275.72652655,107.03660875,91.53863571,88,미지정,0
275535,1117000000000000811,용산동2가 5-395 도,도,국유지,79.23210712708533,126.98829811593217,37.5440485323925,99.11982571,279.92721456,117.88166127,80.4952918,88,미지정,0
275536,1117000000000000812,용산동2가 1-1945 도,도,국유지,19.204225150868297,126.98207179094317,37.54636983656793,182.79480685,122.45869673,310.92172766,129.6290804,88,미지정,0
275537,1117000000000000813,용산동2가 4-6도,도,국유지,695.8541595674469,126.98048274833194,37.53887819795602,614.82901562,638.09237933,812.65828046,86.07286569,88,미지정,0
275538,1117000000000000814,용산동2가 5-1529 도,도,국유지,21.083017708268017,126.9887458595022,37.54434430518725,98.07661384,326.36631913,160.2673715,29.62410821,88,미지정,0
275539,1117000000000000815,용산동2가 4-5도,도,국유지,696.1927254935727,126.98036543237058,37.53939741479161,640.35781086,687.87688511,872.26895007,83.30080415,88,미지정,0
275540,1117000000000000816,용산동2가 2-11도,도,국유지,609.9143163141562,126.97944167392242,37.54166794202947,593.8648292,522.97437517,729.79377991,309.9088416,88,미지정,0
275541,1117000000000000817,용산동2가 5-2045 도,도,국유지,16.796848207362927,126.98882214783455,37.54422176340633,82.89793366,340.06484251,150.49713687,38.95445508,88,미지정,0
275542,1117000000000000818,용산동2가 1-1618도,도,국유지,22.06832236610353,126.98528570666667,37.54598522933333,175.80493976,49.88661203,27.06923242,201.62378997,88,미지정,0
275543,1117000000000000819,용산동2가 1-38도,도,국유지,997.5613911201945,126.98514719420925,37.54512360369134,247.95236306,93.18394027,112.00908155,141.40963481,88,미지정,0
275544,1117000000000000820,용산동2가 1-1532도,도,국유지,60.47693189047277,126.98430028586874,37.54600869580495,128.97308644,134.82062789,112.49879625,264.9006342,88,미지정,0
275545,1117000000000000821,용산동2가 1-1856도,도,국유지,167.81286443769932,126.98321506726282,37.54570526100511,169.36754871,234.15865324,212.16422325,251.18079003,88,미지정,0
275546,1117000000000000822,용산동2가 1-1743 도,도,국유지,16.85039360774681,126.98328699767173,37.545907911913076,146.11581328,220.1746857,202.65320002,247.94268406,88,미지정,0
275547,1117000000000000823,용산동2가 1-1130도,도,국유지,32.04304602503544,126.9822490362718,37.54630192827263,172.91914899,134.64832423,294.60992415,146.83509337,88,미지정,0
275548,1117000000000000824,용산동2가 1-1344도,도,국유지,19.812369442079216,126.98245738184815,37.54621019744224,163.74324173,151.46936917,275.52813797,167.54089638,88,미지정,0
275549,1117000000000000825,용산동2가 1-1645 도,도,국유지,30.50807674601674,126.98260510352029,37.54619775786315,154.65553012,158.93465187,262.41883204,180.33870856,88,미지정,0
275550,1117000000000000826,용산동2가 1-641 도,도,국유지,226.35803643870167,126.98404932731043,37.54562350760809,167.44621735,177.38966445,143.46576705,247.85790182,88,미지정,0
275551,1117000000000000827,용산동2가 1-1881도,도,국유지,2538.047203231021,126.98360172506626,37.545933472255555,135.31442387,197.096884,174.69768801,273.16740811,88,미지정,0
275552,1117000000000000828,용산동2가 1-1857 도,도,국유지,117.57051542249974,126.9836643286199,37.5457054693696,159.34657819,204.93250383,173.37594527,279.43121054,88,미지정,0
275553,1117000000000000829,용산동2가 1-1880도,도,국유지,133.99806973943487,126.98235025799053,37.54622091802078,170.55119219,146.38118942,285.04634889,158.229007,88,미지정,0
275554,1117000000000000830,용산동2가 1-1342도,도,국유지,42.635799281299114,126.98236189026917,37.546252498964805,167.66711315,143.59567899,284.24164303,158.0305802,88,미지정,0
275555,1117000000000000831,용산동2가 1-1133도,도,국유지,12.971198314800858,126.98252397290487,37.54623347006932,157.53754465,151.93077905,269.80856492,172.29037173,88,미지정,0
275556,1117000000000000832,용산동2가 1-457도,도,국유지,8736.977773641294,126.98327202749142,37.54530048119232,210.4771185,200.26565388,220.56156157,247.22976275,88,미지정,0
275557,1117000000000000833,용산동2가 1-1883도,도,국유지,207.74771838495508,126.98385770998378,37.54534352097791,198.10564681,163.57676257,171.7587757,241.48419463,88,미지정,0
275558,1117000000000000834,용산동2가 1-1595도,도,국유지,463.0285052114632,126.97909756394289,37.544167826023404,472.81993471,243.85935081,609.93713433,154.56726749,88,미지정,0
275559,1117000000000000835,용산동2가 1-1593도,도,국유지,281.3845511917025,126.97990101059064,37.54612545435533,356.41459104,99.12694146,501.05908998,93.98863315,88,미지정,0
275560,1117000000000000836,용산동2가 1-1 도,도,국유지,1229.8530026429798,126.97934925553933,37.54601052368591,325.23521083,60.54887497,565.33110151,140.18267084,88,미지정,0
275561,1117000000000000837,용산동2가 2-8도,도,국유지,426.42284956912044,126.97949915393524,37.54342716594595,562.06495084,330.35055763,611.75037705,195.6940766,88,미지정,0
275562,1117000000000000838,용산동2가 1-1146도,도,국유지,132.29991143150255,126.9822899690971,37.54432821934733,342.06503396,252.30280439,348.7553513,174.87553497,88,미지정,0
275563,1117000000000000839,용산동2가 1-16도,도,국유지,501.33337774238316,126.98293489924608,37.544442979209464,310.16674646,196.05585405,295.05197988,251.9794775,88,미지정,0
275564,1117000000000000840,용산동2가 1-1903도,도,국유지,53.59267033805372,126.97909558449246,37.54454843710346,436.03696409,201.86023235,701.96169466,133.84906579,88,미지정,0
275565,1117000000000000841,용산동2가 1-321 도,도,국유지,98.27308649412589,126.98308522071959,37.545612768019026,183.2210114,236.44289492,225.54399993,245.88170823,88,미지정,0
275566,1117000000000000842,용산동2가 1-298 도,도,국유지,36.82975363568403,126.98319311371503,37.545557430625834,185.41210316,222.95872308,217.80814885,245.90589021,88,미지정,0
275567,1117000000000000843,용산동2가 1-284 도,도,국유지,64.79288997338153,126.98334224810776,37.54557057473003,179.9429271,213.90062129,204.72103768,259.03527081,88,미지정,0
275568,1117000000000000844,용산동2가 10-4도,도,국유지,83.13067690806929,126.9815106223428,37.54429296857608,379.335748,348.58118331,409.683388,118.8881193,88,미지정,0
275569,1117000000000000845,용산동2가 5-1534 도,도,국유지,31.793801677413285,126.98883467407065,37.54418179885855,78.42432056,343.71160358,147.01185363,42.96486296,88,미지정,0
275570,1117000000000000846,용산동2가 1-218 도,도,국유지,40.694165112567134,126.98362767462041,37.545566553145335,175.06457419,195.52013665,180.72887637,272.4517388,88,미지정,0
275571,1117000000000000847,용산동2가 1-170 도,도,국유지,22.59778711013496,126.9835451106771,37.546505051215284,76.21858503,193.46728624,185.25364712,255.19196273,88,미지정,0
275572,1117000000000000848,용산동2가 1-169 도,도,국유지,24.691818290157244,126.98362357616683,37.5465023490897,73.85162814,199.53214726,178.48286425,262.12514624,88,미지정,0
275573,1117000000000000849,용산동2가 1-168도,도,국유지,32.68642438668758,126.98220278134536,37.54448476384096,329.81091917,260.91291977,346.00974058,160.97870447,88,미지정,0
275574,1117000000000000850,용산동2가 9-15도,도,국유지,333.7336749423994,126.98131186934305,37.54439089864953,380.68984618,339.00151361,420.20422902,98.57886812,88,미지정,0
275575,1117000000000000851,용산동2가 5-1805 도,도,국유지,55.186607777606696,126.98811155588139,37.54441267836725,137.57613421,278.71896232,156.76692997,75.4595132,88,미지정,0
275576,1117000000000000852,용산동2가 1-1898 도,도,국유지,52.09547820716398,126.98404878013115,37.54660498437353,59.36473176,164.74122902,146.7933347,321.03616535,88,미지정,0
275577,1117000000000000853,용산동2가 1-1896 도,도,국유지,13.755816604942083,126.98413265240642,37.546558978609625,66.19867618,156.11590873,137.96684774,312.35546592,88,미지정,0
275578,1117000000000000854,용산동2가 1-1884 도,도,국유지,108.17966925859218,126.98328966591104,37.54539319818063,200.14800493,204.98930268,215.29894419,250.36146849,88,미지정,0
275579,1117000000000000855,용산동2가 1-1877도,도,국유지,80.43724818481132,126.98303580276796,37.5452813385969,218.97400368,216.73893686,240.69428345,226.25942296,88,미지정,0
275580,1117000000000000856,용산동2가 1-1859 도,도,국유지,120.26326293661259,126.98371799283663,37.545435228778416,188.62676512,179.48576963,178.44536488,257.43650558,88,미지정,0
275581,1117000000000000857,용산동2가 1-1836 도,도,국유지,40.10572561901063,126.98311397505503,37.54539272230375,204.9820861,217.57393336,229.91705156,235.07876533,88,미지정,0
275582,1117000000000000858,용산동2가 1-1831 도,도,국유지,27.08530760463327,126.98377418709639,37.54557370022331,172.91390962,187.48679102,168.21279713,262.67600194,88,미지정,0
275583,1117000000000000859,용산동2가 1-1787도,도,국유지,90.96983382315375,126.98425020801439,37.5464848066487,77.52446844,143.81065325,125.24242056,299.38828227,88,미지정,0
275584,1117000000000000860,용산동2가 1-1783 도,도,국유지,28.870005827979185,126.98388217530152,37.54658818260574,59.95699473,178.23664607,159.71570775,284.27820027,88,미지정,0
275585,1117000000000000861,용산동2가 1-1780도,도,국유지,93.44626306387363,126.98377303288723,37.546565576471615,63.55311953,186.85530065,167.93076233,274.78108098,88,미지정,0
275586,1117000000000000862,용산동2가 1-1779도,도,국유지,19.459740021266043,126.98177249428764,37.54447570572916,349.67541159,328.02117231,379.68250633,126.61732977,88,미지정,0
275587,1117000000000000863,용산동2가 1-1764 도,도,국유지,242.17609711224213,126.98273825636353,37.546419466044334,129.88973581,145.51490772,253.20255276,185.7076823,88,미지정,0
275588,1117000000000000864,용산동2가 1-1762 도,도,국유지,43.538121385499835,126.98306840339413,37.5462329775475,123.99214985,180.29243855,221.81714679,218.58161071,88,미지정,0
275589,1117000000000000865,용산동2가 1-1760 도,도,국유지,42.44449485489167,126.98285141009052,37.54634726917004,127.39050379,158.08205053,242.19229007,197.04740962,88,미지정,0
275590,1117000000000000866,용산동2가 1-1758 도,도,국유지,38.95781581662595,126.98316682502521,37.54618393743707,123.5713854,190.20146736,212.76892739,228.36273644,88,미지정,0
275591,1117000000000000867,용산동2가 1-1750 도,도,국유지,49.30527787678875,126.98295968715604,37.546290098401954,125.19109717,169.15034299,231.96259436,207.7571784,88,미지정,0
275592,1117000000000000868,용산동2가 1-1749 도,도,국유지,79.80861545586959,126.98301943847041,37.54612723116628,136.03105212,186.35240759,225.52383178,217.59044696,88,미지정,0
275593,1117000000000000869,용산동2가 1-1739도,도,국유지,37.83484030177351,126.98466433670336,37.54601176310217,140.76417569,102.83537666,80.39280661,235.64164991,88,미지정,0
275594,1117000000000000870,용산동2가 1-1737도,도,국유지,17.482974974205717,126.98407885703601,37.54607583899018,117.74807292,153.79086165,131.82698776,282.82950321,88,미지정,0
275595,1117000000000000871,용산동2가 1-1736도,도,국유지,12.250307309441268,126.98408029436884,37.546220584467584,101.85525234,153.8050991,132.68960238,295.38299362,88,미지정,0
275596,1117000000000000872,용산동2가 1-1734도,도,국유지,40.198459352366626,126.98406844658616,37.54635221922655,87.26047283,156.41672534,136.26999158,307.76043878,88,미지정,0
275597,1117000000000000873,용산동2가 1-1733도,도,국유지,42.11095651431242,126.98419199836964,37.546472735142274,76.93215974,148.42831051,129.5856845,301.65566908,88,미지정,0
275598,1117000000000000874,용산동2가 1-1727도,도,국유지,153.74722895689774,126.98384596376512,37.54605227061338,119.51916312,174.47458318,152.42856007,294.32615441,88,미지정,0
275599,1117000000000000875,용산동2가 1-1726도,도,국유지,35.32888771418948,126.98339057606886,37.545982612298715,135.10050225,220.02557801,192.92288312,253.74165672,88,미지정,0
275600,1117000000000000876,용산동2가 1-1718 도,도,국유지,21.455309100449085,126.98443420525713,37.54599108365714,134.47646204,123.29727759,100.85371638,256.36600192,88,미지정,0
275601,1117000000000000877,용산동2가 1-1717도,도,국유지,43.68532703333767,126.98404338796588,37.54618842740608,104.96429057,156.88783893,135.54890957,294.54838243,88,미지정,0
275602,1117000000000000878,용산동2가 1-1713도,도,국유지,39.34035512153059,126.98415203112273,37.54609910101387,116.21210286,147.23626331,125.38938668,280.82615182,88,미지정,0
275603,1117000000000000879,용산동2가 1-1688 도,도,국유지,25.417641002452,126.9842787887324,37.54638056202972,89.19009293,138.65928326,119.09486934,288.89388527,88,미지정,0
275604,1117000000000000880,용산동2가 1-1678도,도,국유지,181.67518336203648,126.98389599736362,37.546331812827304,88.3736279,171.18959969,150.7097124,315.10891711,88,미지정,0
275605,1117000000000000881,용산동2가 1-1677 도,도,국유지,207.67144407262094,126.98328519475606,37.54635711431744,101.73710831,184.57486344,204.37899832,234.51272802,88,미지정,0
275606,1117000000000000882,용산동2가 1-1668 도,도,국유지,17.89974639401771,126.98358524292237,37.546322863926946,93.80455028,207.76818854,177.59444255,261.29116927,88,미지정,0
275607,1117000000000000883,용산동2가 1-1667 도,도,국유지,32.41083985613659,126.9837163188077,37.54629701694659,93.77328853,186.54099104,165.70975783,273.19057377,88,미지정,0
275608,1117000000000000884,용산동2가 1-1664 도,도,국유지,26.7466339149978,126.98345086248624,37.546476478547845,82.83442311,188.22695662,192.55418736,247.21214579,88,미지정,0
275609,1117000000000000885,용산동2가 1-1663 도,도,국유지,19.40039975522086,126.98344414939334,37.546333343865854,97.26102413,197.13325597,190.09420332,248.80327735,88,미지정,0
275610,1117000000000000886,용산동2가 1-1661 도,도,국유지,63.53187788790092,126.98335590165962,37.54636637972469,97.60465241,188.74540669,198.37186772,240.50916545,88,미지정,0
275611,1117000000000000887,용산동2가 1-1659 도,도,국유지,46.7306374758482,126.98328852125091,37.54626750739847,110.08583848,191.36163575,202.80015738,236.67088858,88,미지정,0
275612,1117000000000000888,용산동2가 1-1658 도,도,국유지,16.173580011818558,126.98325202041642,37.54615498908429,122.57169848,197.73209166,205.08833792,236.46647162,88,미지정,0
275613,1117000000000000889,용산동2가 1-1655도,도,국유지,23.657201129884925,126.98323591936153,37.54602785427032,135.78506534,207.12608131,206.38418689,239.18715897,88,미지정,0
275614,1117000000000000890,용산동2가 1-1647 도,도,국유지,32.45500255562365,126.98267307953057,37.54627015810416,144.8320482,155.35091268,256.97277816,183.7450152,88,미지정,0
275615,1117000000000000891,용산동2가 1-1641 도,도,국유지,11.122364139184356,126.98224170061728,37.54640015608466,167.96210159,124.31560493,296.38541577,143.20643975,88,미지정,0
275616,1117000000000000892,용산동2가 1-1640 도,도,국유지,49.54056359175593,126.9823493943774,37.546415840823606,158.81021624,126.79967369,287.16587024,152.07494806,88,미지정,0
275617,1117000000000000893,용산동2가 1-1638 도,도,국유지,11.141976546961814,126.98242283670776,37.5464109330986,153.49681369,130.38345925,280.66071949,158.53223397,88,미지정,0
275618,1117000000000000894,용산동2가 1-1637 도,도,국유지,47.01010114082601,126.9824960351902,37.546428712775565,146.95192108,132.0494315,274.52618357,164.47409852,88,미지정,0
275619,1117000000000000895,용산동2가 1-1636 도,도,국유지,18.78736919979565,126.98295794892545,37.54644851692334,112.86039196,156.31975949,234.5778263,204.36739202,88,미지정,0
275620,1117000000000000896,용산동2가 1-1635 도,도,국유지,45.13183945440687,126.98303395925242,37.546464344090694,106.73671497,160.02092823,228.29574014,210.78225151,88,미지정,0
275621,1117000000000000897,용산동2가 1-1634 도,도,국유지,60.40790461632423,126.98314791649075,37.546467422173514,99.43886447,167.41373587,218.4836477,220.72892818,88,미지정,0
275622,1117000000000000898,용산동2가 1-1617도,도,국유지,18.145001664874144,126.9852791225225,37.54607245945945,168.53451745,48.09729886,25.75952439,210.39855276,88,미지정,0
275623,1117000000000000899,용산동2가 1-1616도,도,국유지,57.28914488025475,126.98527501523714,37.54620611419277,158.3047706,48.5668555,29.91029683,223.75589203,88,미지정,0
275624,1117000000000000900,용산동2가 1-1600도,도,국유지,106.03741067205556,126.98247278501836,37.544777440384806,290.08415901,242.36646847,309.3198441,176.08113065,88,미지정,0
275625,1117000000000000901,용산동2가 1-1599도,도,국유지,28.85588006139733,126.98305584879901,37.54512296708588,234.93362118,206.72794803,246.06562974,226.27814029,88,미지정,0
275626,1117000000000000902,용산동2가 1-1538 도,도,국유지,43.58776967879385,126.98309383663366,37.54525261836183,220.2318122,210.70173072,237.13717937,230.93140835,88,미지정,0
275627,1117000000000000903,용산동2가 1-1445도,도,국유지,36.72142369847279,126.9837770991809,37.54645531810899,75.55175287,183.76117647,164.02266292,276.12970741,88,미지정,0
275628,1117000000000000904,용산동2가 1-1425 도,도,국유지,33.681328244972974,126.98351555872647,37.545556312463596,177.85405349,201.64341792,190.5071017,279.80155427,88,미지정,0
275629,1117000000000000905,용산동2가 1-1154도,도,국유지,30.616751444758847,126.98180482300178,37.54439097266271,356.12910489,337.49720722,381.67514036,133.66228041,88,미지정,0
275630,1117000000000000906,용산동2가 48-14도,도,국유지,1175.292777483235,126.98600015243244,37.54144197515328,368.72736175,324.37179838,252.54830155,136.29947853,88,미지정,0
275631,1117000000000000907,용산동2가 5-1474 도,도,국유지,47.04999024490826,126.98890328670696,37.54533893815579,200.82047803,286.68687723,269.49689609,47.19723105,88,미지정,0
275632,1117000000000000908,용산동2가 5-1993 도,도,국유지,24.603905952651985,126.9888834642881,37.5453652983855,203.97010373,284.12661492,271.85428109,49.2587683,88,미지정,0
275633,1117000000000000909,용산동2가 5-1968 도,도,국유지,12.466227910714224,126.98892621977451,37.54541548465777,208.96561541,286.12529586,278.2247817,46.67189443,88,미지정,0
275634,1117000000000000910,용산동2가 1-1592도,도,국유지,315.6004709806293,126.97901816143266,37.546027105570666,302.31482223,40.37898581,549.67097163,164.46624877,88,미지정,0
275635,1117000000000000911,용산동2가 1-1902도,도,국유지,88.65755490545416,126.97898159199028,37.54485367708448,401.91122854,167.10804653,666.76888947,135.16458939,88,미지정,0
275636,1117000000000000912,용산동2가 2-9도,도,국유지,1103.4311212812318,126.97913450196009,37.54284479990281,607.23606103,390.44362404,672.32849302,267.91670671,88,미지정,0
275637,1117000000000000913,용산동4가 1-6도,도,국유지,1084.4017813047394,126.98173252345049,37.53482989425121,382.81326837,384.7056456,821.90738965,339.48421406,95,미지정,0
275638,1117000000000000914,용산동4가 1-5도,도,국유지,997.9278004164807,126.98316293927228,37.534886166809194,256.92497018,506.46869123,1000.0393521,435.91881787,95,미지정,0
275639,1117000000000000915,용산동4가 1-3도,도,국유지,853.5293930913322,126.98594097276175,37.53494934749837,29.14636879,295.41976011,913.39098782,228.45008148,95,미지정,0
275640,1117000000000000916,용산동4가 1-4도,도,국유지,1053.4969106693752,126.98456350592829,37.534942724416105,134.95667463,405.73545766,946.83599932,323.27929673,95,미지정,0
275641,1117000000000000917,용산동4가 1-11 도,도,국유지,279.88686452107504,126.98079636866794,37.53479446899389,465.40931637,307.20089011,740.72464046,278.9988393,95,미지정,0
275642,1117000000000000918,용산동4가 13-1도,도,국유지,1233.2561792073539,126.98025174330745,37.53023046058055,628.1039467,436.40513924,739.52616079,578.37000815,95,미지정,0
275643,1117000000000000919,용산동4가 7-3도,도,국유지,1226.395306971157,126.98028648920521,37.53105556271831,566.24499345,363.4564833,708.01509079,517.37212395,95,미지정,0
275644,1117000000000000920,용산동4가 1-1도,도,국유지,11617.656325081829,126.98530810945125,37.5346307063983,67.04023206,361.55269027,960.74772887,292.71678384,95,미지정,0
275645,1117000000000000921,용산동4가 7-2도,도,국유지,1392.3749902119162,126.9803238351663,37.531949816479354,509.4090258,296.32705162,686.12880876,443.93020097,95,미지정,0
275646,1117000000000000922,용산동4가 1-9도,도,국유지,1133.750803023344,126.98037700923227,37.532908512452465,465.69459244,250.57453508,679.3698161,418.79236995,95,미지정,0
275647,1117000000000000923,용산동4가 1-8도,도,국유지,1228.950630857842,126.9805057499089,37.533794626331364,451.53044242,251.61696985,694.8766597,339.59868213,95,미지정,0
275648,1117000000000000924,용산동4가 1-7도,도,국유지,679.5514997062273,126.9806313920687,37.53450077093859,457.62643537,280.75894096,718.83605226,294.14089343,95,미지정,0
275649,1117000000000000925,용산동4가 1-2도,도,국유지,641.4356471332721,126.98734134347787,37.534554653116885,47.58953082,232.59028226,811.08033962,199.06600989,95,미지정,0
275650,1117000000000000926,용산동4가 168-4도,도,국유지,1013.0858195510227,126.98014979587272,37.52660806477733,615.50826965,412.47381189,975.55327548,786.81885665,95,미지정,0
275651,1117000000000000927,용산동4가 14-2도,도,국유지,1121.927020280098,126.98017598585895,37.52746919377344,710.89308927,496.34874573,909.06322055,765.5867772,95,미지정,0
275652,1117000000000000928,용산동4가 14-1도,도,국유지,1186.1572508644895,126.9801765603117,37.52836528057144,810.2808767,586.52587231,843.96907252,696.9635681,95,미지정,0
275653,1117000000000000929,용산동4가 13-2도,도,국유지,1311.8411096031195,126.98020998040946,37.52934368161819,701.64854736,521.25353539,783.66046404,633.12811271,95,미지정,0
275654,1117000000000000930,용산동4가 168-3 잡,잡,국유지,14901.085446468496,126.98102914678704,37.52663494631419,619.63347515,461.81235629,1027.57388004,833.56223789,95,미지정,0
275655,1117000000000000931,용산동4가 168-2 잡,잡,국유지,9723.78609216481,126.98249184756183,37.526721069694325,651.90059315,561.33754252,1117.82170296,924.02165638,95,미지정,0
275656,1117000000000000932,용산동4가 168-5잡,잡,국유지,2671.855865900987,126.98356854144514,37.52689601874039,701.7967368,648.63737219,1181.67259441,939.53045527,95,미지정,0
275657,1117000000000000933,용산동4가 168-1 잡,잡,국유지,3759.5923276534304,126.98451474282524,37.5269913697269,747.59169266,723.92359368,1080.48563696,878.65983789,95,미지정,0
275658,1117000000000000934,용산동4가 10-2도,도,국유지,1444.9654140491039,126.9891250212619,37.53288611020969,271.91641307,118.68682761,624.08199704,377.93338071,95,미지정,0
275659,1117000000000000935,용산동4가 19-4도,도,국유지,1656.9005723376758,126.98981498914347,37.5319370593497,411.86833512,73.14074138,535.05222464,495.3016921,95,미지정,0
275660,1117000000000000936,용산동4가 19-3도,도,국유지,90.58446177095175,126.98943599999998,37.532392,363.82011593,80.67708344,580.32104449,437.66407843,95,미지정,0
275661,1117000000000000937,용산동4가 19-5도,도,국유지,1575.0356753962114,126.99044380497094,37.531059690033814,511.21150678,153.66856723,466.88045903,605.0719034,95,미지정,0
275662,1117000000000000938,용산동4가 10-1도,도,국유지,1429.1869906736538,126.988478253667,37.533765058438746,168.55509155,220.97586858,715.79050344,272.59210611,95,미지정,0
275663,1117000000000000939,용산동4가 19-6도,도,국유지,1668.112013739301,126.991088555254,37.530178462535076,518.12006749,259.65181445,416.80534544,533.07315631,95,미지정,0
275664,1117000000000000940,갈월동 69-43도,도,국유지,265.2906607314944,126.97198635191795,37.54450359755986,22.22767817,274.42827793,213.83447849,476.3132891,144,미지정,1
275665,1117000000000000941,갈월동 69-44도,도,국유지,39.02737239096314,126.97204847926618,37.544416450364416,33.32474532,282.7843366,223.39323772,476.78837445,144,미지정,1
275666,1117000000000000942,갈월동 69-115도,도,국유지,1243.2362559856847,126.97209097875003,37.544700467566315,17.95668468,277.3303815,212.67396558,494.91099984,144,미지정,1
275667,1117000000000000943,갈월동 89-11도,도,국유지,461.56195999868214,126.97228682272753,37.54339617145691,39.59236691,334.91881088,311.28405276,458.75102447,144,미지정,1
275668,1117000000000000944,갈월동 90-20도,도,국유지,44.14797220751643,126.97251544604904,37.54331942235059,54.61786978,345.49382704,331.46710174,557.87761377,144,미지정,1
275669,1117000000000000945,갈월동 87-25도,도,국유지,1671.3339759767987,126.9723222418729,37.543820482797145,18.01704684,332.43390944,281.33042713,474.16367399,144,미지정,1
275670,1117000000000000946,갈월동 89-1도,도,국유지,94.131626307033,126.9722358533917,37.54358877024071,18.28880498,345.72485558,292.87180525,459.49713054,144,미지정,1
275671,1117000000000000947,갈월동 89-7도,도,국유지,39.42993398709223,126.9720493563433,37.543580025000004,18.12753767,333.20082906,282.04241378,443.35178201,144,미지정,1
275672,1117000000000000948,갈월동 87-21도,도,국유지,342.372724452056,126.97218712018949,37.543760025191474,6.04703464,325.49721032,276.69616133,460.74241166,144,미지정,1
275673,1117000000000000949,갈월동 92-56도,도,국유지,37.537589067127556,126.97245740523472,37.54216398885115,88.71926415,282.91382276,348.62467304,437.41282651,144,미지정,1
275674,1117000000000000950,갈월동 92-5도,도,국유지,122.97081098007038,126.97258976210416,37.54216234364947,84.42523087,294.12411959,360.13343278,442.35515636,144,미지정,1
275675,1117000000000000951,갈월동 97-1도,도,국유지,3924.0819844885264,126.97265797004518,37.54221791479623,76.73560017,301.60394884,364.93730454,450.57559586,144,미지정,1
275676,1117000000000000952,갈월동 101-23도,도,국유지,239.8319041877985,126.97262898109145,37.5417926063283,123.26942435,300.47463091,373.51410332,407.7694469,144,미지정,1
275677,1117000000000000953,갈월동 101-7도,도,국유지,753.1777504938655,126.97246854099431,37.54190164253279,115.27131241,277.25131797,356.47370837,411.69845769,144,미지정,1
275678,1117000000000000954,갈월동 95-3 도,도,국유지,78.317197679542,126.9720451772601,37.54194769881228,77.46084222,241.61495176,319.14056536,400.82935536,144,미지정,1
275679,1117000000000000955,갈월동 92-59도,도,국유지,221.22897114837542,126.9722143872398,37.54206852273383,96.8195482,259.37914177,329.99035863,418.94907836,144,미지정,1
275680,1117000000000000956,갈월동 92-44도,도,국유지,27.483786545693874,126.97237512294788,37.54211108493933,97.264412,274.32598459,342.73247845,429.02373278,144,미지정,1
275681,1117000000000000957,갈월동 92-58도,도,국유지,91.19575831573457,126.97241960412296,37.54213878012011,92.71509776,278.93529073,345.91964993,433.46295132,144,미지정,1
275682,1117000000000000958,갈월동 92-22도,도,국유지,19.06305263051763,126.97248362979163,37.542237750879,80.35891212,287.49573155,349.38137523,445.80949209,144,미지정,1
275683,1117000000000000959,갈월동 92-17 도,도,국유지,21.392579307896085,126.97249066743086,37.54232019960263,72.01743658,290.96497518,348.52277812,454.37698768,144,미지정,1
275684,1117000000000000960,갈월동 90-3도,도,국유지,1537.722199956479,126.97244749073977,37.54271431409325,43.91737412,304.71641916,378.3527354,493.03799865,144,미지정,1
275685,1117000000000000961,갈월동 89-20도,도,국유지,58.497953057521954,126.97197941538118,37.54305150704225,76.49775151,289.77637871,323.73139529,514.84386359,144,미지정,1
275686,1117000000000000962,갈월동 69-2 도,도,국유지,103.57534547057003,126.97181181309973,37.544918075978536,26.54205726,248.34681054,181.0835734,486.4872453,144,미지정,1
275687,1117000000000000963,갈월동 98-10 도,도,국유지,1107.7595316129737,126.97204905320731,37.5409767341049,103.56777087,215.99559647,365.64882655,303.7195167,144,미지정,1
275688,1117000000000000964,갈월동 101-44도,도,국유지,250.31488395482302,126.97257223782466,37.54106456876768,134.28699721,263.07390535,400.35613551,336.90806245,144,미지정,1
275689,1117000000000000965,갈월동 103-19도,도,국유지,3106.885254124587,126.97301626359842,37.54090817712828,177.04650323,297.1225918,443.13921475,348.21433356,144,미지정,1
275690,1117000000000000966,갈월동 101-12도,도,국유지,63.09977294784039,126.97287330395358,37.54111443997098,155.79147052,290.17041463,421.46873146,357.38580997,144,미지정,1
275691,1117000000000000967,갈월동 103-22도,도,국유지,387.5586688737967,126.97216379406579,37.540170343364295,183.86148623,217.7405153,428.87352661,236.93966597,144,미지정,1
275692,1117000000000000968,갈월동 103-21도,도,국유지,393.94328802172095,126.97282401566571,37.540292005569114,205.86291827,274.88671568,465.33408504,288.34145018,144,미지정,1
275693,1117000000000000969,갈월동 65-3 도,도,국유지,21.033721601124853,126.97338345465143,37.54534811486748,90.87826723,228.46714402,310.78270002,386.72426153,144,미지정,1
275694,1117000000000000970,갈월동 59-30 도,도,국유지,153.30248407041654,126.97297964753676,37.545320073096605,55.15996962,262.30741103,275.24414045,415.30379802,144,미지정,1
275695,1117000000000000971,갈월동 62-1도,도,국유지,12.628097249136772,126.97259398576053,37.54526801074433,22.00733552,296.07029823,241.57985295,445.31348841,144,미지정,1
275696,1117000000000000972,갈월동 65-12도,도,국유지,81.61426298576407,126.97239615665185,37.54522028041502,12.17588147,296.75038111,224.65396216,462.36969207,144,미지정,1
275697,1117000000000000973,갈월동 65-1 도,도,국유지,9.945489664329216,126.97507394707432,37.54557394049968,241.81646167,92.82298824,546.68530051,274.75721122,144,미지정,1
275698,1117000000000000974,갈월동 56-13 도,도,국유지,94.46784944977844,126.97352040661717,37.54537364887781,103.08597819,216.34195891,322.80719782,376.06157061,144,미지정,1
275699,1117000000000000975,갈월동 18-1도,도,국유지,194.11424927512417,126.97274983432705,37.5453977795631,35.76951469,278.1380834,254.67175987,425.58967828,144,미지정,1
275700,1117000000000000976,갈월동 5-24도,도,국유지,57.28698093583807,126.97298631592763,37.54904630254523,142.98380965,232.34405227,319.02492103,346.19978476,144,미지정,1
275701,1117000000000000977,갈월동 14-34도,도,국유지,303.31206125509925,126.97240954350109,37.54588306261485,36.82795655,294.80684039,229.99801544,420.69421051,144,미지정,1
275702,1117000000000000978,갈월동 68-5도,도,국유지,50.77699208492413,126.97222224383495,37.54557924769815,7.86006484,283.22167856,208.62593877,452.21864432,144,미지정,1
275703,1117000000000000979,갈월동 7-85도,도,국유지,168.5303337193327,126.97276104906017,37.54725029909408,188.53300306,275.37244209,325.45924375,339.51865649,144,미지정,1
275704,1117000000000000980,갈월동 8-11도,도,국유지,926.8543403555523,126.97234685840706,37.54796084406339,260.11362138,365.38885692,355.72680435,372.23594299,144,미지정,1
275705,1117000000000000981,갈월동 8-15도,도,국유지,122.77093836269341,126.97248640316892,37.54745081299514,205.0781448,296.85091668,321.81605709,360.74085253,144,미지정,1
275706,1117000000000000982,갈월동 8-69 도,도,국유지,453.9975396510563,126.9720009345806,37.54699605021047,153.04182479,323.53866995,255.97190516,410.75460167,144,미지정,1
275707,1117000000000000983,갈월동 11-15도,도,국유지,144.9383840773953,126.97233675965714,37.54665362200417,115.61784792,302.20413907,256.64298152,391.86714716,144,미지정,1
275708,1117000000000000984,갈월동 7-89도,도,국유지,100.58411443175282,126.9732385708969,37.54838625436759,198.50625718,292.77257847,342.866571,301.05267449,144,미지정,1
275709,1117000000000000985,갈월동 7-197 도,도,국유지,53.52723258221522,126.97291626605589,37.54691733583754,158.81370134,258.71740598,315.59768029,334.30155389,144,미지정,1
275710,1117000000000000986,갈월동 6-28도,도,국유지,460.81320149614476,126.97339039363335,37.54880662584824,150.01079979,244.22577001,303.14532489,302.82039027,144,미지정,1
275711,1117000000000000987,갈월동 6-8도,도,국유지,381.75060664245393,126.97341045947827,37.5492211752369,106.78699858,199.83597788,276.82898559,321.86514631,144,미지정,1
275712,1117000000000000988,갈월동 6-4도,도,국유지,124.30241865530843,126.97294041082799,37.5495582598364,106.24716441,185.5427765,299.865161,376.79620223,144,미지정,1
275713,1117000000000000989,갈월동 1-7 도,도,국유지,68.36406689556316,126.97265052346795,37.54988512540946,116.51581213,175.88277719,315.39547856,418.13500511,144,미지정,1
275714,1117000000000000990,갈월동 5-19도,도,국유지,327.1513283122913,126.97243776290465,37.54915429496499,168.4981166,248.03230249,357.42302069,395.38575827,144,미지정,1
275715,1117000000000000991,갈월동 5-34도,도,국유지,194.67452747136122,126.97264928480865,37.54874638363812,187.49441958,275.66543709,361.42633642,362.01112462,144,미지정,1
275716,1117000000000000992,갈월동 5-86도,도,국유지,40.486495813995134,126.97266781439764,37.548684359778754,192.02389478,280.940766,363.63141729,358.40491117,144,미지정,1
275717,1117000000000000993,갈월동 11-58도,도,국유지,474.74788726848783,126.9725096518125,37.546819959659,136.62909129,290.66877444,279.46014363,371.82211209,144,미지정,1
275718,1117000000000000994,갈월동 5-87도,도,국유지,29.119209769007284,126.97269021847983,37.54904463601659,160.01806638,245.27401477,342.30240708,370.09521167,144,미지정,1
275719,1117000000000000995,갈월동 69-64 도,도,국유지,89.86308781150728,126.97175840387834,37.545163618278394,34.92781378,240.67257588,169.7234485,498.21563682,144,미지정,1
275720,1117000000000000996,갈월동 69-32도,도,국유지,76.34240679908544,126.97183929607505,37.545178394445514,34.30667761,247.72880788,176.49051635,504.9529005,144,미지정,1
275721,1117000000000000997,갈월동 69-36도,도,국유지,75.66595652257092,126.9718478417266,37.54488363341759,22.2043005,252.13186882,185.33362546,487.06180688,144,미지정,1
275722,1117000000000000998,갈월동 69-62도,도,국유지,591.8941517113126,126.97170134173209,37.54500268447493,38.62340196,237.30916132,168.94750491,483.6983793,144,미지정,1
275723,1117000000000000999,갈월동 5-2도,도,국유지,68.92385341611225,126.9731304891498,37.549041236096286,136.29924506,227.47356827,308.18312694,334.4082253,144,미지정,1
275724,1117000000000001000,갈월동 2-7도,도,국유지,103.36761516076513,126.97224370675391,37.54985042849913,152.57344197,206.637077,351.43574204,446.20948392,144,미지정,1
275725,1117000000000001001,갈월동 1-1도,도,국유지,82.35473523580004,126.97272499043308,37.5498550096066,110.78040447,173.22100502,309.60118044,410.81951699,144,미지정,1
275726,1117000000000001002,갈월동 5-5도,도,국유지,52.647874642629176,126.97275054064208,37.54908045994784,153.46134706,239.09380943,335.75859019,366.7668865,144,미지정,1
275727,1117000000000001003,갈월동 9-4도,도,국유지,2657.4596907536616,126.9717099857011,37.54822383921167,291.35718396,369.26332607,349.67322236,430.98398422,144,미지정,1
275728,1117000000000001004,갈월동 2-6도,도,국유지,856.8707519528689,126.97196522616534,37.54963855282761,181.81445824,240.34532288,380.35433758,456.11777173,144,미지정,1
275729,1117000000000001005,갈월동 8-46도,도,국유지,690.2543628113344,126.97196105730052,37.54790934598178,254.38407515,386.47957475,331.05579111,405.98298545,144,미지정,1
275730,1117000000000001006,갈월동 9도,도,국유지,627.366819575429,126.97193834529801,37.548425704452356,255.58624419,339.30031625,378.96829268,414.40958546,144,미지정,1
275731,1117000000000001007,갈월동 8-21도,도,국유지,127.82976935850456,126.97193180257285,37.548675317860386,236.85273328,317.45177804,403.19112594,420.85041737,144,미지정,1
275732,1117000000000001008,갈월동 49-4도,도,국유지,69.28424037154764,126.97426126738863,37.54642060421385,207.71915077,130.18114222,474.7746335,250.5766584,144,미지정,1
275733,1117000000000001009,갈월동 71-37도,도,국유지,557.6987730059191,126.97115761219072,37.54893554895101,220.21490159,344.67325755,404.84606042,494.36699019,144,미지정,1
275734,1117000000000001010,갈월동 5-77도,도,국유지,879.5878595891991,126.97192844496723,37.54898859767552,215.7342784,291.15417018,434.36250808,430.91714993,144,미지정,1
275735,1117000000000001011,갈월동 3-15 도,도,국유지,2350.6693733725697,126.9716966342624,37.549044289795894,229.77672787,301.07441865,431.90918862,452.30418665,144,미지정,1
275736,1117000000000001012,갈월동 71-1도,도,국유지,109.69950469431933,126.97146900086426,37.54909543641782,230.09289083,312.19405243,430.15131993,473.182688,144,미지정,1
275737,1117000000000001013,갈월동 45-16도,도,국유지,196.2879742733203,126.97471677143193,37.54681700762838,202.8530937,109.35215166,419.99937676,192.48159614,144,미지정,1
275738,1117000000000001014,갈월동 5-68도,도,국유지,25.112701614387333,126.97191032389509,37.54912213526004,209.1181852,281.54406658,447.21357169,437.36375187,144,미지정,1
275739,1117000000000001015,갈월동 3-4 도,도,국유지,34.40545986639336,126.97191134601863,37.54926966528886,201.17144032,270.11475307,462.27802062,443.23761911,144,미지정,1
275740,1117000000000001016,갈월동 48-3도,도,국유지,75.16902818554081,126.9745507325592,37.54648019906926,237.97347014,106.48712827,460.07629808,226.22908459,144,미지정,1
275741,1117000000000001017,갈월동 3-13도,도,국유지,227.76416074391454,126.97195763663895,37.54935632491495,193.31372182,260.61969197,389.36870172,443.23121121,144,미지정,1
275742,1117000000000001018,갈월동 69-61도,도,국유지,39.46348817413673,126.97178294718526,37.54509697071372,42.43988919,243.35245803,173.30930971,495.62913252,144,미지정,1
275743,1117000000000001019,갈월동 65-9도,도,국유지,105.5313467415981,126.97304210934529,37.545304312870805,60.72087335,257.92387734,280.84330808,412.27547275,144,미지정,1
275744,1117000000000001020,갈월동 65-10도,도,국유지,43.93592400290072,126.9727455906909,37.54526568560479,35.09813149,283.72511101,254.95885367,435.03593127,144,미지정,1
275745,1117000000000001021,갈월동 7-92도,도,국유지,54.69920745724812,126.97399494232265,37.54705901948479,227.94060931,177.42247289,419.40247674,238.62417825,144,미지정,1
275746,1117000000000001022,갈월동 7-129도,도,국유지,40.06547039351426,126.97414441060792,37.54738767682577,220.65640714,152.34337204,380.94153416,216.48503771,144,미지정,1
275747,1117000000000001023,갈월동 7-20도,도,국유지,43.64051336504053,126.97430914413604,37.54729654069746,209.74482334,140.58309553,383.50341536,204.46749318,144,미지정,1
275748,1117000000000001024,갈월동 8-72도,도,국유지,22.38158144801855,126.97235920683612,37.54793973707274,257.85150809,367.02282202,354.56024128,371.00817569,144,미지정,1
275749,1117000000000001025,갈월동 8-31도,도,국유지,25.176980144402478,126.97236078665104,37.54748927230229,208.02468985,307.64121968,316.98621975,371.43511492,144,미지정,1
275750,1117000000000001026,갈월동 7-94도,도,국유지,37.775332438293844,126.97320972707604,37.547370052490365,215.32888246,234.19002567,365.10041185,298.29850753,144,미지정,1
275751,1117000000000001027,갈월동 7-91도,도,국유지,37.628193816170096,126.97383193405447,37.54743393170858,249.94504137,178.75189514,390.20178245,242.86631832,144,미지정,1
275752,1117000000000001028,갈월동 7-204 도,도,국유지,37.76557323813904,126.97295590087866,37.54728035359044,197.26163958,257.84106667,341.14301657,321.98602672,144,미지정,1
275753,1117000000000001029,갈월동 14-61도,도,국유지,54.66519532597158,126.97227342812714,37.546574980831906,106.27301131,306.54219177,247.32792758,399.95579869,144,미지정,1
275754,1117000000000001030,갈월동 14-67도,도,국유지,19.885853321989998,126.9722522083847,37.54650359515002,98.20670342,314.63130255,241.73534771,404.37520987,144,미지정,1
275755,1117000000000001031,갈월동 65-14도,도,국유지,17.47825170820579,126.97328219528617,37.545335284511786,81.90168113,237.16880132,301.88771849,394.21735828,144,미지정,1
275756,1117000000000001032,갈월동 65-11도,도,국유지,20.89152715075761,126.97259242840376,37.545245472300465,22.72659864,297.11490991,241.6479074,446.97441345,144,미지정,1
275757,1117000000000001033,갈월동 14-8도,도,국유지,11.191001348546706,126.972295,37.546560666666664,104.90561157,304.45820784,248.16463051,398.67884191,144,미지정,1
275758,1117000000000001034,갈월동 53-27 도,도,국유지,841.6791142511647,126.97459711739347,37.545475675122944,198.79963114,129.98014402,417.90935968,306.03925105,144,미지정,1
275759,1117000000000001035,갈월동 53-28 도,도,국유지,666.7471134910011,126.97317263350665,37.545283015431345,72.36262204,248.39684195,292.4902321,405.26644276,144,미지정,1
275760,1117000000000001036,갈월동 16-7도,도,국유지,3030.8377677449025,126.97193977927267,37.5455651445515,19.78395524,258.25063217,183.61783558,474.32008024,144,미지정,1
275761,1117000000000001037,갈월동 66-3도,도,국유지,315.7952560711419,126.97224922556968,37.54531218311748,9.5004704,283.70433489,210.84136289,466.75484936,144,미지정,1
275762,1117000000000001038,갈월동 69-117 도,도,국유지,413.2457473434624,126.9716115857948,37.545145886101366,38.69684574,227.84112322,157.36209464,486.63921084,144,미지정,1
275763,1117000000000001039,갈월동 69-39도,도,국유지,142.96095069684088,126.971937323671,37.54465000734109,6.36666091,265.56925182,202.54715228,480.33941735,144,미지정,1
275764,1117000000000001040,갈월동 40-1도,도,국유지,119.77613310981542,126.97392175760179,37.54646473894529,187.50115469,160.58091988,375.98091462,272.77528995,144,미지정,1
275765,1117000000000001041,갈월동 69-97도,도,국유지,233.17242664750665,126.97190462709098,37.544794426716585,12.30126632,258.96255673,193.49389164,486.02884118,144,미지정,1
275766,1117000000000001042,갈월동 7-101도,도,국유지,27.447672500275075,126.97333109350247,37.54704225346912,188.93610613,228.97244651,354.18410194,295.25340775,144,미지정,1
275767,1117000000000001043,갈월동 7-202도,도,국유지,71.94645028666127,126.97294522913685,37.5471638573376,184.89909303,265.63547313,332.7712004,325.26448819,144,미지정,1
275768,1117000000000001044,갈월동 69-33도,도,국유지,24.638317425036803,126.97186555015924,37.54511040512208,42.19283751,250.50871064,180.13822838,502.44552218,144,미지정,1
275769,1117000000000001045,갈월동 69-78도,도,국유지,62.062533831223845,126.97154393765307,37.544091135624925,43.77188431,257.84534663,210.19435948,420.96641334,144,미지정,1
275770,1117000000000001046,갈월동 14-88 도,도,국유지,122.50749165611342,126.973047396528,37.546624722015395,136.53343106,239.74343319,310.40224111,333.94934273,144,미지정,1
275771,1117000000000001047,갈월동 14-109 도,도,국유지,42.77790026506409,126.97310595078143,37.54645834475907,125.37839844,231.97030382,307.81398486,336.61246755,144,미지정,1
275772,1117000000000001048,갈월동 14-115도,도,국유지,53.17451979737962,126.97312720102063,37.54636443425866,119.22464997,229.21905043,305.89103561,339.51524511,144,미지정,1
275773,1117000000000001049,갈월동 8-18 도,도,국유지,103.94970734621165,126.97195163438222,37.547290062335875,185.93505057,340.42936054,276.16746321,409.66822945,144,미지정,1
275774,1117000000000001050,갈월동 7-81도,도,국유지,2304.0538103969884,126.97346163120002,37.5474118307757,229.88068731,211.51566083,410.36220782,275.60832112,144,미지정,1
275775,1117000000000001051,갈월동 69-116도,도,국유지,356.4702041481505,126.97125341310917,37.54421047423427,76.4724384,229.01846679,182.92339703,403.84668789,144,미지정,1
275776,1117000000000001052,갈월동 14-99 도,도,국유지,160.65149543224834,126.97202355970371,37.546366701099956,83.38314256,289.89486272,216.70037712,428.62772672,144,미지정,1
275777,1117000000000001053,갈월동 14-65도,도,국유지,258.9573552215006,126.9720136680933,37.54653367174826,101.87526323,297.29093176,225.39210983,423.16093592,144,미지정,1
275778,1117000000000001054,갈월동 14-43도,도,국유지,254.45502037269762,126.97302445256692,37.54664342667723,137.07923056,242.11739906,309.46217455,335.06186984,144,미지정,1
275779,1117000000000001055,갈월동 12-1도,도,국유지,236.37367825134424,126.97200011620332,37.546728818430154,123.52974508,306.98196677,236.8515945,417.89562219,144,미지정,1
275780,1117000000000001056,갈월동 8-44도,도,국유지,76.70808061101707,126.9719819069599,37.54728945134892,185.63218036,342.41232681,277.90773007,407.02281401,144,미지정,1
275781,1117000000000001057,갈월동 8-68도,도,국유지,134.81551714637317,126.9719881258715,37.54720846211488,176.62843503,337.05898913,271.6975188,407.71141842,144,미지정,1
275782,1117000000000001058,갈월동 10-4도,도,국유지,270.9198041037889,126.97197110861917,37.547482568123804,207.07428322,356.0316483,293.52692479,405.82740122,144,미지정,1
275783,1117000000000001059,갈월동 10-5도,도,국유지,72.06874030147446,126.97197750000001,37.547476,206.30456264,355.94392042,293.32154851,405.31866251,144,미지정,1
275784,1117000000000001060,갈월동 7-87도,도,국유지,232.12329396331916,126.97270606462587,37.54786512594894,253.6926886,277.60866404,368.25450874,340.003868,144,미지정,1
275785,1117000000000001061,갈월동 7-86도,도,국유지,84.64241242036223,126.97297092568559,37.54755138261877,226.00481543,253.43920277,361.0115314,317.15337649,144,미지정,1
275786,1117000000000001062,갈월동 8-75도,도,국유지,54.59531335183419,126.9724184017785,37.54829380930567,240.16818105,329.56265382,389.14501824,370.10496798,144,미지정,1
275787,1117000000000001063,갈월동 7-88도,도,국유지,70.90078381937928,126.9727911449947,37.54835369852908,217.44070366,309.42402919,375.69550254,338.89179978,144,미지정,1
275788,1117000000000001064,갈월동 7-90도,도,국유지,34.332474579510745,126.9731025671095,37.547896584583164,253.93911515,243.08115931,389.1413733,305.15504296,144,미지정,1
275789,1117000000000001065,갈월동 69-29 도,도,국유지,427.6717618133407,126.9717361647689,37.54547948250332,0.74330717,239.34524131,165.13058312,494.64561212,144,미지정,1
275790,1117000000000001066,갈월동 69-52 도,도,국유지,123.24442269123392,126.97169335146499,37.54579611889698,35.58117132,241.38816367,166.17160968,481.05348518,144,미지정,1
275791,1117000000000001067,갈월동 12-6도,도,국유지,2451.650257584115,126.9717832584101,37.54645421338667,97.89660755,275.17323928,203.52776638,445.27693081,144,미지정,1
275792,1117000000000001068,갈월동 10-7도,도,국유지,2832.332853187574,126.97174849644945,37.54732659188572,192.47376386,329.84349759,267.70646794,427.01628151,144,미지정,1
275793,1117000000000001069,갈월동 69-4도,도,국유지,447.6433363966644,126.97179449765193,37.5442945964745,32.02976971,267.04942742,212.13551291,450.67311986,144,미지정,1
275794,1117000000000001070,갈월동 89-12도,도,국유지,54.01022000052035,126.9718353084234,37.543539935742615,33.51980945,316.8343191,272.88510221,423.93738627,144,미지정,1
275795,1117000000000001071,갈월동 69-63 도,도,국유지,99.70551729854196,126.97174591117015,37.54527355294869,22.70485846,239.20844595,166.88764011,504.67008509,144,미지정,1
275796,1117000000000001072,갈월동 69-30도,도,국유지,61.58585504628718,126.97181593119923,37.54526821611722,24.13917658,245.39932866,173.10328022,501.10433319,144,미지정,1
275797,1117000000000001073,갈월동 88-36도,도,국유지,20.558398000895977,126.97158806870227,37.543940684001264,42.81944739,270.03876185,224.97336643,417.84903981,144,미지정,1
275798,1117000000000001074,갈월동 99-4도,도,국유지,643.3167142793536,126.97176303385862,37.5417971350532,48.08187166,213.83304947,301.04991672,376.3916422,144,미지정,1
275799,1117000000000001075,갈월동 95도,도,국유지,586.0037932050764,126.97171625512678,37.541889734283494,48.74549534,211.84399117,293.56808609,384.7858602,144,미지정,1
275800,1117000000000001076,갈월동 95-2도,도,국유지,300.7190811755718,126.97122283695657,37.54184469974069,20.86593089,168.30767741,254.96966735,368.52245694,144,미지정,1
275801,1117000000000001077,갈월동 25-2도,도,국유지,164.40400297637098,126.97325090627609,37.545958666408154,105.85823538,220.00432268,304.5088862,353.09760236,144,미지정,1
275802,1117000000000001078,갈월동 93-48도,도,국유지,222.18562180479057,126.97158566444467,37.54195430967098,44.43346928,202.44461238,280.29691167,388.19616103,144,미지정,1
275803,1117000000000001079,갈월동 93-59도,도,국유지,30.897246887907386,126.97177924550263,37.54199164867725,59.81923341,220.036042,295.24454859,397.27617487,144,미지정,1
275804,1117000000000001080,갈월동 93-55도,도,국유지,173.30409904476255,126.97191613195794,37.54201604358037,71.19580744,232.41705866,306.04701533,403.82733976,144,미지정,1
275805,1117000000000001081,갈월동 14-74도,도,국유지,140.0796786584542,126.97280017497553,37.54603314748168,73.22921167,258.65457686,267.44724406,382.456961,144,미지정,1
275806,1117000000000001082,갈월동 30-1도,도,국유지,89.76882794080302,126.97397285961942,37.54607613320587,165.45912404,155.05950826,369.62469176,294.13585187,144,미지정,1
275807,1117000000000001083,갈월동 34-34도,도,국유지,97.29642712231725,126.97317671071907,37.54619170967743,110.44375305,224.45277383,304.17490744,344.84176387,144,미지정,1
275808,1117000000000001084,갈월동 14-113도,도,국유지,32.778650170657784,126.97313795451826,37.54629896768402,115.04444166,227.93179551,304.42053448,342.03481125,144,미지정,1
275809,1117000000000001085,갈월동 28-15도,도,국유지,47.785328968428075,126.97370281838398,37.54587144673646,133.61648383,182.44612527,342.29374689,326.99837167,144,미지정,1
275810,1117000000000001086,갈월동 34-4도,도,국유지,328.4491029490018,126.97333420746553,37.54616605760857,127.24825994,210.62367763,316.83504687,334.3705345,144,미지정,1
275811,1117000000000001087,갈월동 26-1도,도,국유지,36.01050212234259,126.97353258822461,37.54601651954242,129.26445332,194.47971374,330.1728422,329.03428892,144,미지정,1
275812,1117000000000001088,갈월동 52-31도,도,국유지,291.1889726809459,126.9740905141553,37.54591255147055,166.61304519,148.05948865,376.85591672,298.28060958,144,미지정,1
275813,1117000000000001089,갈월동 16-5도,도,국유지,109.69928748207167,126.97207178210917,37.545823565976725,23.41947811,274.64856625,199.42787231,450.00649585,144,미지정,1
275814,1117000000000001090,갈월동 16-6도,도,국유지,70.90816332621034,126.97210113638563,37.54567483551191,7.33902676,274.07864081,199.0937071,455.84987868,144,미지정,1
275815,1117000000000001091,갈월동 22-2도,도,국유지,10.573234854266047,126.97305438466294,37.54558583426097,68.20510351,246.02537671,282.0463193,391.53129455,144,미지정,1
275816,1117000000000001092,갈월동 58-10도,도,국유지,249.4562004832551,126.9734519975426,37.54561946017391,102.2587916,211.4453275,317.34762491,361.98881799,144,미지정,1
275817,1117000000000001093,갈월동 57-9도,도,국유지,108.38523244368844,126.97338659523699,37.545701436933484,100.23688698,214.22679791,312.30880608,360.56906447,144,미지정,1
275818,1117000000000001094,갈월동 14-100도,도,국유지,530.6091600786312,126.97202807674512,37.54613289848858,57.70495324,280.4964765,205.96060126,438.24376978,144,미지정,1
275819,1117000000000001095,갈월동 24-11도,도,국유지,40.71859634516295,126.97329788578426,37.545733652173915,94.82463403,220.84089341,304.87298673,364.4734167,144,미지정,1
275820,1117000000000001096,갈월동 24-5도,도,국유지,37.46225331409369,126.97331006728633,37.54576963341625,97.72553767,218.8207991,306.40101927,361.1780094,144,미지정,1
275821,1117000000000001097,갈월동 58-11도,도,국유지,60.119243307737634,126.97333848274737,37.54561661478642,92.69769022,221.05905086,307.31679865,369.83850016,144,미지정,1
275822,1117000000000001098,갈월동 56-4 도,도,국유지,96.66958948294632,126.97353563742895,37.54559732230789,108.57916678,205.3006617,324.57868276,358.06633427,144,미지정,1
275823,1117000000000001099,갈월동 53-7도,도,국유지,15.84018839278724,126.97430789195047,37.54574986078432,178.86095616,135.62318404,393.87557813,297.80332197,144,미지정,1
275824,1117000000000001100,갈월동 51-9도,도,국유지,24.76063168235123,126.97437397570475,37.54601380649633,194.06371299,121.12928956,403.30820701,272.47456494,144,미지정,1
275825,1117000000000001101,갈월동 49-3도,도,국유지,222.4379031280987,126.97451039873889,37.54624961443039,216.31675366,106.55101815,485.54229212,245.62996062,144,미지정,1
275826,1117000000000001102,갈월동 49-5도,도,국유지,106.63383243465796,126.97422704247913,37.546207553593334,192.21531215,131.61797787,394.60030912,267.52746509,144,미지정,1
275827,1117000000000001103,갈월동 28-14 도,도,국유지,19.925299235037528,126.9739335133317,37.545812609648046,149.58079291,164.37510822,361.67319151,315.9909274,144,미지정,1
275828,1117000000000001104,갈월동 53-25도,도,국유지,80.83900215476751,126.97408108578009,37.54563232850035,156.25895987,159.2512241,372.92399571,320.94087958,144,미지정,1
275829,1117000000000001105,갈월동 51-4 도,도,국유지,75.80210599466227,126.97469943924003,37.546100835155585,224.31819704,91.07550792,496.73694909,245.70092966,144,미지정,1
275830,1117000000000001106,갈월동 51-14도,도,국유지,38.972500189207494,126.97463363835408,37.546178827607896,222.50602357,95.85837715,489.94463802,243.32544481,144,미지정,1
275831,1117000000000001107,갈월동 51-18도,도,국유지,25.466775642242283,126.9748484214648,37.54611488202067,250.15019049,77.8352407,491.97613578,235.93392025,144,미지정,1
275832,1117000000000001108,갈월동 51-45도,도,국유지,67.13641245500185,126.97490815680548,37.546258744290235,234.28356229,71.43505952,475.21824892,220.35337108,144,미지정,1
275833,1117000000000001109,갈월동 51-1도,도,국유지,400.32447719806805,126.97498994376323,37.54598554736966,254.76958225,69.91784208,503.23435955,239.75285429,144,미지정,1
275834,1117000000000001110,갈월동 59-18도,도,국유지,60.01632063253783,126.97334411208257,37.54549675333661,89.4186064,225.08646178,307.23065669,378.12971827,144,미지정,1
275835,1117000000000001111,갈월동 59-2도,도,국유지,35.392922721104696,126.97336370412454,37.5454263077918,89.80221737,226.46187953,308.88808004,382.07274764,144,미지정,1
275836,1117000000000001112,갈월동 65-20 도,도,국유지,57.186756944225635,126.97377100677473,37.54539951676529,125.36343002,195.34383608,344.90348169,358.52915873,144,미지정,1
275837,1117000000000001113,갈월동 94-4도,도,국유지,22.71682531503029,126.97169166191709,37.542002153281516,54.76385827,212.91752636,287.51121426,395.99680624,144,미지정,1
275838,1117000000000001114,갈월동 93-49도,도,국유지,470.38527272094507,126.97166835041826,37.542512398566046,101.87277564,233.51754214,273.68925229,449.81342889,144,미지정,1
275839,1117000000000001115,갈월동 103-23도,도,국유지,182.14150683395565,126.9716243294559,37.54006599249645,159.9076583,172.55060577,403.66887429,198.05355987,144,미지정,1
275840,1117000000000001116,갈월동 100-6 도,도,국유지,512.8248858528677,126.97097421718117,37.54062188600921,117.48609582,113.95544256,319.39074707,231.31410978,144,미지정,1
275841,1117000000000001117,갈월동 53-29 도,도,국유지,154.05297456815606,126.97234938762082,37.54517578631989,16.58081115,292.77671511,221.1336413,468.65536757,144,미지정,1
275842,1117000000000001118,갈월동 87-15도,도,국유지,549.5241965139285,126.97209530049443,37.544092607075285,5.11361159,300.64411688,246.85385983,465.71887996,144,미지정,1
275859,1117000000000001135,용산동1가 8-47도,도,국유지,787.4586209548288,126.98019076134806,37.53482053423566,421.08061189,261.64045799,689.91088474,242.43192346,145,미지정,1
275860,1117000000000001136,용산동1가 8-65도,도,국유지,1413.3344663511962,126.97741405601748,37.534789025128916,178.28405933,135.79677688,457.86830587,54.28663819,145,미지정,1
275861,1117000000000001137,용산동1가 8-3도,도,국유지,463.34202988725156,126.97819259779594,37.53479865416851,245.84611581,142.5931108,521.72517572,123.08399949,145,미지정,1
275862,1117000000000001138,용산동1가 1-2도,도,국유지,3259.064308013825,126.97590756459411,37.54557031058443,266.37763838,75.78079033,539.12017032,248.76120607,145,미지정,1
275863,1117000000000001139,용산동1가 8-48도,도,국유지,1697.7574792541564,126.97630144563017,37.53780994006128,263.64224183,484.5352254,613.35068931,243.48478764,145,미지정,1
275864,1117000000000001140,용산동1가 4-11도,도,국유지,1768.1367429187521,126.97624357494553,37.53790532758874,269.97364559,496.06968189,619.81438968,254.51583899,145,미지정,1
275865,1117000000000001141,용산동1가 1-1 도,도,국유지,58.08384306356311,126.97836966666667,37.54583566666667,281.16693804,69.73736368,545.53794124,209.86841932,145,미지정,1
275866,1117000000000001142,용산동1가 4-10도,도,국유지,1887.3091270314762,126.97760328012048,37.53793292504813,348.95052856,482.85017593,690.86899982,172.17978302,145,미지정,1
275867,1117000000000001143,용산동1가 6-1도,도,국유지,2258.4230964219896,126.97875897514291,37.53796853354963,432.06459565,496.16492106,761.99687232,152.5389211,145,미지정,1
275868,1117000000000001144,용산동1가 7-1도,도,국유지,2117.3958553906414,126.97991080891613,37.53801512240243,522.27405209,530.25968697,840.10247713,188.17664147,145,미지정,1
275869,1117000000000001145,용산동1가 2-5도,도,국유지,1892.9335292689502,126.97462073679768,37.53777686543041,106.0635756,340.73138335,547.45474492,301.87760791,145,미지정,1
275870,1117000000000001146,용산동1가 8-53 도,도,국유지,96.81528050778434,126.97517098584865,37.53514471026901,55.28249275,280.87802347,316.20588575,152.43503086,145,미지정,1
275871,1117000000000001147,용산동1가 8-4도,도,국유지,6261.018322925898,126.97758816356689,37.53472922350444,191.91282802,127.4536083,469.31809123,70.10289045,145,미지정,1
275872,1117000000000001148,용산동1가 2-11도,도,국유지,1218.299535810016,126.97347844751559,37.54004006535512,266.63886953,334.82062302,528.59736664,319.43309377,145,미지정,1
275873,1117000000000001149,용산동1가 2-10도,도,국유지,1391.00030153431,126.97368150860613,37.53924178877972,223.86749247,419.83478903,597.55681222,302.92947261,145,미지정,1
275874,1117000000000001150,용산동1가 2-4도,도,국유지,1682.5831452351995,126.9739167710531,37.53834532643668,126.70870939,344.36469095,593.31341265,326.36342637,145,미지정,1
275875,1117000000000001151,용산동1가 2-9도,도,국유지,624.235009319149,126.97482321110743,37.537877443051165,127.12521271,361.65034331,563.79286463,321.68913036,145,미지정,1
275876,1117000000000001152,용산동1가 1-4 도,도,국유지,2086.3779265661724,126.97618840676857,37.545550328911986,264.39621857,86.78431895,540.90235694,246.48489453,145,미지정,1
276001,1117000000000001277,서계동 100-34도,도,국유지,55.2162303137593,126.9685800433689,37.5508557598283,91.74823857,213.11788631,381.86234018,594.44935469,163,미지정,1
276002,1117000000000001278,서계동 104-1도,도,국유지,63.33231283072382,126.96815328496585,37.55048747428055,108.03737073,157.51305659,357.34172591,539.14747345,163,미지정,1
276003,1117000000000001279,서계동 107-5 도,도,국유지,67.10803790856153,126.967985108854,37.55062264766777,126.01626476,160.29355262,338.28836518,538.16136802,163,미지정,1
276004,1117000000000001280,서계동 115-5도,도,국유지,66.25501498032827,126.96897939816938,37.55036059087657,33.69159339,205.55548472,430.83385589,587.98775035,163,미지정,1
276005,1117000000000001281,서계동 129-6도,도,국유지,48.31201366969617,126.9690409362566,37.55051634439708,36.2907983,219.32233233,430.78229621,602.50056353,163,미지정,1
276006,1117000000000001282,서계동 129-7도,도,국유지,81.13777781405952,126.96869997193683,37.55056658745317,64.69721789,198.43575846,400.31773849,581.93533737,163,미지정,1
276007,1117000000000001283,서계동 129-8도,도,국유지,34.85603282810189,126.96849164743945,37.55051716901144,79.77827685,180.92553924,384.43936931,564.15528319,163,미지정,1
276008,1117000000000001284,서계동 129-11도,도,국유지,87.72346628451487,126.96925996226732,37.55061180358507,35.06575425,241.31531114,446.62618299,624.37949691,163,미지정,1
276009,1117000000000001285,서계동 238-25 도,도,국유지,11.106739704497159,126.96570399838116,37.552604794701985,196.26521297,157.15367938,161.59502749,618.42014766,163,미지정,1
276010,1117000000000001286,서계동 33-155도,도,국유지,31.755989258002955,126.96617620249124,37.552488969991764,217.82129144,167.9044565,187.2603948,620.6095891,163,미지정,1
276011,1117000000000001287,서계동 238-57도,도,국유지,23.037185871973634,126.96589681041576,37.552954713849864,237.0337799,116.27085573,201.22319022,660.63297418,163,미지정,1
276012,1117000000000001288,서계동 238-60 도,도,국유지,88.93708289111964,126.96572742596165,37.552789772858425,213.39205252,136.59970701,177.61395687,638.60192711,163,미지정,1
276013,1117000000000001289,서계동 238-77 도,도,국유지,165.55157369561493,126.96563052125234,37.55267947043433,198.4760116,150.39153589,162.8218227,624.36055174,163,미지정,1
276014,1117000000000001290,서계동 239-17 도,도,국유지,210.88251400151057,126.9656468805023,37.55204701983491,151.04721489,219.0361529,123.09681588,558.16224394,163,미지정,1
276015,1117000000000001291,서계동 239-18도,도,국유지,45.60895925271325,126.96571512805075,37.55221703666272,167.14455407,199.48774386,136.85045357,577.96365021,163,미지정,1
276016,1117000000000001292,서계동 240-1 도,도,국유지,15.691615887917578,126.96540577520835,37.55280196645833,198.290303,143.57273812,160.82532819,631.90294561,163,미지정,1
276017,1117000000000001293,서계동 266-9도,도,국유지,32.36006022291258,126.96366657367275,37.55036590225792,112.96253453,321.85781725,151.57865721,339.90729275,163,미지정,1
276018,1117000000000001294,서계동 268도,도,국유지,69.68769153987523,126.96360117151033,37.55029710060283,122.38929794,313.20908311,160.92052885,332.13678993,163,미지정,1
276019,1117000000000001295,서계동 266-10도,도,국유지,190.88487999589415,126.96368239937318,37.55028098692391,120.89157486,312.95111264,159.70014241,330.5364693,163,미지정,1
276020,1117000000000001296,서계동 266-12도,도,국유지,270.24337678059237,126.96360240689663,37.55015112232725,136.93488158,297.36179865,175.71900688,315.93870073,163,미지정,1
276021,1117000000000001297,서계동 259-6도,도,국유지,13.622761119157076,126.96362894384448,37.549964356731465,155.24313553,277.64586994,194.22872537,295.26331367,163,미지정,1
276022,1117000000000001298,서계동 267-144도,도,국유지,33.517335356911644,126.96338853572296,37.55036620946109,125.8509669,317.66906043,163.09996055,340.04575064,163,미지정,1
276023,1117000000000001299,서계동 260-34도,도,국유지,48.56179828173481,126.96373615274828,37.5509430239658,57.75114056,385.85290037,92.84811708,404.14520085,163,미지정,1
276024,1117000000000001300,서계동 266-29도,도,국유지,73.92886574729346,126.96361095314852,37.55092534120457,67.73385042,381.96601077,101.33117597,401.86907609,163,미지정,1
276025,1117000000000001301,서계동 260-44도,도,국유지,52.67125991452485,126.96391623675635,37.55077516115817,62.47130145,308.86036717,101.12282314,386.5600212,163,미지정,1
276026,1117000000000001302,서계동 266-5도,도,국유지,1176.6516079789726,126.96343457942069,37.55108300146837,74.16667545,397.10571743,101.09707316,419.43505111,163,미지정,1
276027,1117000000000001303,서계동 0-20 도,도,국유지,20.698735061800107,126.96383864731898,37.550784423280426,65.00956373,370.49624561,103.08256045,387.0625313,163,미지정,1
276028,1117000000000001304,서계동 260-47도,도,국유지,11.872008225182071,126.96383055170043,37.55075753077241,67.91226444,367.42714973,106.07155485,384.03675418,163,미지정,1
276029,1117000000000001305,서계동 260-28 도,도,국유지,17.403425273718312,126.96378283159574,37.550762524560916,69.78523611,367.05397618,107.52688258,384.33509001,163,미지정,1
276030,1117000000000001306,서계동 260-26도,도,국유지,63.7881614677608,126.96376811423738,37.55066833051456,79.23370534,356.56192526,117.39386791,373.82572532,163,미지정,1
276031,1117000000000001307,서계동 269도,도,국유지,85.19798657030333,126.9638478789187,37.55062653651051,79.9369144,353.62475956,118.66960817,369.63898602,163,미지정,1
276032,1117000000000001308,서계동 267-136 도,도,국유지,32.46288416208699,126.96329636963743,37.55067818585096,106.44709329,351.11755901,140.30637634,375.03254574,163,미지정,1
276033,1117000000000001309,서계동 260-40 도,도,국유지,41.7353292197804,126.96316117561587,37.551727257862375,107.51128891,357.23028369,107.09695631,491.99232004,163,미지정,1
276034,1117000000000001310,서계동 259-7도,도,국유지,209.41000328655355,126.96416361020047,37.55078208917198,55.24946301,290.34052606,93.96103342,389.79211154,163,미지정,1
276035,1117000000000001311,서계동 260-41도,도,국유지,13.818599080201238,126.96311337142181,37.55178412408328,114.24517845,355.85205402,112.1847455,498.59357551,163,미지정,1
276036,1117000000000001312,서계동 266-46도,도,국유지,10.89601791545283,126.9630839453945,37.55168250345034,111.4965933,365.5739205,113.43283014,487.55842881,163,미지정,1
276037,1117000000000001313,서계동 266-3 도,도,국유지,37.635858258698136,126.96307476469056,37.55175964147666,115.94290793,360.19630276,115.13426209,496.15766223,163,미지정,1
276038,1117000000000001314,서계동 266-45도,도,국유지,63.99821682670154,126.96305477725844,37.55162989543585,111.67589205,371.51818863,115.7651911,481.96445054,163,미지정,1
276039,1117000000000001315,서계동 266-33도,도,국유지,217.5636267696973,126.96321944088325,37.55124401876769,90.07644056,413.14821769,109.18926665,438.13391984,163,미지정,1
276040,1117000000000001316,서계동 267-139도,도,국유지,82.9859160988708,126.9630120224152,37.55108299251509,110.43872191,394.4568696,133.23949936,421.94865328,163,미지정,1
276041,1117000000000001317,서계동 266-63도,도,국유지,43.804900949355215,126.96242134616962,37.55139358685026,161.05487124,430.94792698,173.44817178,464.51046708,163,미지정,1
276042,1117000000000001318,서계동 265-25도,도,국유지,14.014718598686159,126.96301702962444,37.551812072544905,123.18979595,359.96257742,121.11035692,502.40385478,163,미지정,1
276043,1117000000000001319,서계동 266-42도,도,국유지,26.323069923208095,126.96302795050919,37.55154781445603,111.08957048,379.66672109,118.34538897,473.11442401,163,미지정,1
276044,1117000000000001320,서계동 266-67도,도,국유지,14.35804431932047,126.96265788592898,37.551535439207655,142.55679712,445.10013898,151.06992708,476.02190861,163,미지정,1
276045,1117000000000001321,서계동 266-40도,도,국유지,21.875450352556072,126.96300680960923,37.551511735858924,111.88667458,383.84073645,120.51881516,469.31417205,163,미지정,1
276046,1117000000000001322,서계동 265-7도,도,국유지,408.92633044952527,126.96348062685469,37.552210254524816,123.38035074,299.9582708,102.42570947,544.46407102,163,미지정,1
276047,1117000000000001323,서계동 266-53도,도,국유지,673.0578468167223,126.96267333417116,37.55160467387708,142.98273405,452.71123801,149.45991742,483.3839879,163,미지정,1
276048,1117000000000001324,서계동 240-27도,도,국유지,28.627453196502756,126.96430275014272,37.55255218082677,141.71747745,221.23211274,104.33712488,586.23290898,163,미지정,1
276049,1117000000000001325,서계동 243-33 도,도,국유지,115.1126808654517,126.96413133324818,37.55275195467519,164.04543945,217.18531101,128.03742212,606.78205649,163,미지정,1
276050,1117000000000001326,서계동 243-20도,도,국유지,231.36193072749302,126.96449443856416,37.55310681624349,204.41963038,167.66863539,166.14730299,649.39803066,163,미지정,1
276051,1117000000000001327,서계동 243-25도,도,국유지,66.68921396927908,126.9643173925245,37.55292552791666,183.17338185,192.29431509,145.69046556,627.55548206,163,미지정,1
276052,1117000000000001328,서계동 240-42도,도,국유지,15.838808741653338,126.96479983157896,37.55236351351909,130.47627289,211.28278773,91.70369219,572.30927125,163,미지정,1
276053,1117000000000001329,서계동 240-43 도,도,국유지,91.82533464045264,126.96538449407242,37.55276590074407,193.89416006,147.99064508,156.46813351,627.5489992,163,미지정,1
276054,1117000000000001330,서계동 240-48도,도,국유지,12.038425891892985,126.96428322416835,37.55257978031229,144.72032762,220.22569629,107.49799587,589.08226508,163,미지정,1
276055,1117000000000001331,서계동 240-50도,도,국유지,13.151575793512166,126.96452468965948,37.55249324832215,137.41642846,213.28787209,98.67065663,582.32993838,163,미지정,1
276056,1117000000000001332,서계동 240-52도,도,국유지,26.45027335989289,126.96473738956865,37.55243945748362,136.42499945,207.0805511,97.41774982,579.55096895,163,미지정,1
276057,1117000000000001333,서계동 240-53도,도,국유지,15.750515945255756,126.96435482731427,37.552464349937736,132.2572647,225.35311966,94.44927534,577.10313122,163,미지정,1
276058,1117000000000001334,서계동 240-57도,도,국유지,56.906934759463184,126.9646949491311,37.55230713094926,121.32078882,221.46167028,82.34048871,564.42799283,163,미지정,1
276059,1117000000000001335,서계동 240-62도,도,국유지,24.331965523946565,126.96477566794302,37.552268658739756,119.94517632,221.44224045,81.28849276,561.56731776,163,미지정,1
276060,1117000000000001336,서계동 240-64도,도,국유지,45.618714364187326,126.96474035776987,37.55233856243505,125.97317164,216.37931464,87.06098369,568.59218181,163,미지정,1
276061,1117000000000001337,서계동 240-65도,도,국유지,20.79150923632551,126.96437074119494,37.55231699323898,116.09300089,237.07064244,78.09224209,561.0599582,163,미지정,1
276062,1117000000000001338,서계동 242-14도,도,국유지,112.86214654939249,126.96481758124783,37.552584203163015,153.92585225,189.79044198,114.93911032,596.65098763,163,미지정,1
276063,1117000000000001339,서계동 242-31도,도,국유지,338.9042365445057,126.96492525069078,37.55282979837852,182.79649862,162.08201093,143.80536883,625.22859252,163,미지정,1
276064,1117000000000001340,서계동 243-8 도,도,국유지,11.459747837856412,126.96469000813006,37.55299240094138,194.60403156,162.48298516,155.72859308,639.31713175,163,미지정,1
276065,1117000000000001341,서계동 244-21 도,도,국유지,15.181741694454104,126.96418516537466,37.55219641343669,102.22268102,257.76465563,66.6238794,545.84851448,163,미지정,1
276066,1117000000000001342,서계동 245-37 도,도,국유지,75.42854595393874,126.96419806743813,37.55181593097992,59.99088373,291.09425579,26.87175312,503.99627736,163,미지정,1
276067,1117000000000001343,서계동 245-38 도,도,국유지,22.096029599779285,126.96411245761207,37.55181552596538,60.86163628,295.39882985,31.62396858,503.13998246,163,미지정,1
276068,1117000000000001344,서계동 245-41 도,도,국유지,11.59233142901212,126.96422099999998,37.551774,55.2536061,293.87039324,21.88509765,499.61207879,163,미지정,1
276069,1117000000000001345,서계동 251-77도,도,국유지,678.1455690675648,126.9650788843117,37.5507506585389,94.47442494,222.83175904,114.68023652,405.78022784,163,미지정,1
276070,1117000000000001346,서계동 256-8도,도,국유지,104.51837439002702,126.9641575554096,37.550991357761724,32.41964004,303.48288699,71.4245239,412.73030166,163,미지정,1
276071,1117000000000001347,서계동 277-4도,도,국유지,127.87491078540916,126.96412368738736,37.5509624745689,36.27134443,304.1297829,75.31860607,409.16710648,163,미지정,1
276072,1117000000000001348,서계동 251-98도,도,국유지,247.90914361842442,126.96451836177752,37.55084932408927,53.47919754,268.37368194,85.88342981,402.70274919,163,미지정,1
276073,1117000000000001349,서계동 278도,도,국유지,125.93834173597861,126.96444946426816,37.55072128739972,64.37687127,265.34785685,99.29669932,387.52995385,163,미지정,1
276074,1117000000000001350,서계동 266-62도,도,국유지,32.50181389087811,126.96238728585797,37.55140257342587,164.13705752,432.24902667,176.2933225,466.1355895,163,미지정,1
276075,1117000000000001351,서계동 258-15 도,도,국유지,47.87990298261866,126.96416579994536,37.55138606418135,13.7470744,333.23004032,30.74959678,456.28168794,163,미지정,1
276076,1117000000000001352,서계동 277도,도,국유지,320.6919966872083,126.96427994641019,37.55167896341885,44.83872525,300.06773633,10.44219287,489.80616266,163,미지정,1
276077,1117000000000001353,서계동 245-55 도,도,국유지,118.39002272253856,126.96421024305185,37.551646333457604,41.13691199,306.36149858,14.12949336,485.43135366,163,미지정,1
276078,1117000000000001354,서계동 256-1도,도,국유지,32.173383506247774,126.964158567444,37.551149317939334,15.74960213,313.78665038,54.63339837,430.12745234,163,미지정,1
276079,1117000000000001355,서계동 265-20도,도,국유지,130.6140942107886,126.96334402893325,37.552186465597934,128.23280803,310.81737919,110.3620064,542.08287969,163,미지정,1
276080,1117000000000001356,서계동 265-21도,도,국유지,125.09752768557519,126.96323541910026,37.55209851488899,127.18206556,324.4524999,113.38700519,532.73148089,163,미지정,1
276081,1117000000000001357,서계동 265-22도,도,국유지,75.64413202297874,126.96314540920092,37.55204289692727,128.68317027,334.50979459,117.81605525,527.03835628,163,미지정,1
276082,1117000000000001358,서계동 265-3도,도,국유지,319.8229902293533,126.96311158086095,37.55194325427392,124.04047611,344.0174164,116.62611088,516.21707089,163,미지정,1
276083,1117000000000001359,서계동 270도,도,국유지,1141.7257497920655,126.96300191106815,37.55183664742661,125.68837502,359.12399988,122.94473274,505.24458912,163,미지정,1
276084,1117000000000001360,서계동 265-19도,도,국유지,36.40475243225228,126.96342734024782,37.55227055845906,131.55765078,299.17613148,110.36488565,551.22461524,163,미지정,1
276085,1117000000000001361,서계동 282도,도,국유지,320.0313734188094,126.96411381227013,37.55252324218556,138.82449228,235.26867728,103.38647843,581.35866221,163,미지정,1
276086,1117000000000001362,서계동 265-16도,도,국유지,61.21708323364146,126.96372651052015,37.55250557649792,143.72120731,262.1858037,113.95309439,577.43807907,163,미지정,1
276087,1117000000000001363,서계동 265-9도,도,국유지,124.31244031299138,126.9636352144294,37.552389150329375,134.50365045,276.64447336,107.55542646,564.3483428,163,미지정,1
276088,1117000000000001364,서계동 237-36도,도,국유지,420.04118255572394,126.96487401991986,37.55341135416764,243.53346695,120.88696671,204.56351164,687.85949169,163,미지정,1
276089,1117000000000001365,서계동 243-39 도,도,국유지,68.17974403547123,126.96473214636073,37.55310744665804,207.86763317,151.1614785,168.97019999,652.51655109,163,미지정,1
276090,1117000000000001366,서계동 243-38도,도,국유지,40.37644941639155,126.96406585438426,37.552853627520044,175.7185515,214.82535975,140.16051139,617.5668332,163,미지정,1
276091,1117000000000001367,서계동 263-12 도,도,국유지,42.696141272899695,126.96379128946059,37.5523494973393,125.47706973,269.22529054,96.13479657,560.31626596,163,미지정,1
276092,1117000000000001368,서계동 265-15도,도,국유지,401.0591045562178,126.96385397942241,37.55254523011118,144.86103418,250.6998928,112.839532,582.2587235,163,미지정,1
276094,1117000000000001370,서계동 265-17도,도,국유지,56.99998979154043,126.96367503911448,37.55246310983024,140.79687947,268.68986369,112.28427287,572.61654288,163,미지정,1
276095,1117000000000001371,서계동 274도,도,국유지,72.19162339583272,126.9637154633429,37.55234357240865,127.13041027,274.61948548,99.29134858,559.43750795,163,미지정,1
276096,1117000000000001372,서계동 265-18도,도,국유지,53.19977811630815,126.96352166866379,37.552346975143635,134.63433166,287.34508681,110.3549382,559.61316051,163,미지정,1
276097,1117000000000001373,서계동 279-1 도,도,국유지,287.205309069599,126.96443530480336,37.55281760462126,171.94697555,192.17131624,133.79782465,616.89364169,163,미지정,1
276098,1117000000000001374,서계동 104-2도,도,국유지,127.61083352658898,126.96777218554101,37.55052972557609,142.00574798,141.57467339,324.23619459,517.41111978,163,미지정,1
276099,1117000000000001375,서계동 33-61도,도,국유지,4445.711276937567,126.96698837270237,37.551868213559096,219.3933197,217.37972092,233.55784318,590.89802465,163,미지정,1
276100,1117000000000001376,서계동 115-3도,도,국유지,124.58077631308697,126.96843344799576,37.55030455931245,81.36326267,161.90471488,387.77361936,545.4648745,163,미지정,1
276101,1117000000000001377,서계동 115-1도,도,국유지,141.5676720966585,126.96872596922876,37.550193190943,56.88199277,176.90433411,416.37456271,558.98206281,163,미지정,1
276102,1117000000000001378,서계동 115-2도,도,국유지,109.10912360437214,126.96807960865922,37.55039209513109,113.04558893,145.28637821,355.15393195,527.3066932,163,미지정,1
276103,1117000000000001379,서계동 110 도,도,국유지,41.544769179075956,126.96793717087658,37.5504885853006,126.86592663,145.66358989,339.47086411,524.95161745,163,미지정,1
276104,1117000000000001380,서계동 106-2도,도,국유지,97.95769709540764,126.96798175457216,37.5505874813109,125.2671354,156.90209951,339.29796523,535.28119575,163,미지정,1
276105,1117000000000001381,서계동 130-3도,도,국유지,35.140294841257855,126.96932863484977,37.5508721162899,62.99471589,263.00618324,446.28718507,646.57472023,163,미지정,1
276106,1117000000000001382,서계동 33-163도,도,국유지,13.318328518187627,126.96580913942074,37.55230878890526,180.01389679,188.376637,149.15709277,590.34413825,163,미지정,1
276107,1117000000000001383,서계동 56-1도,도,국유지,307.8151564326836,126.96891378264725,37.55163313181568,152.46830854,217.00138832,401.98352781,675.23074022,163,미지정,1
276108,1117000000000001384,서계동 50-1도,도,국유지,174.19296742300503,126.96913735543168,37.552166250185316,167.09897124,168.13178508,426.17234591,731.72674574,163,미지정,1
276109,1117000000000001385,서계동 50-6도,도,국유지,72.40755919646472,126.96888005275632,37.55213777631044,164.61315644,162.41452186,403.21798273,714.18774795,163,미지정,1
276110,1117000000000001386,서계동 33-176도,도,국유지,435.0152217881987,126.96704175720689,37.551912985638936,212.68714532,210.66594003,238.88187887,597.5890021,163,미지정,1
276111,1117000000000001387,서계동 279 도,도,국유지,2665.0164126013406,126.96504603904405,37.55339062589444,245.28174682,109.7767203,206.23427873,688.36175696,163,미지정,1
276112,1117000000000001388,서계동 281도,도,국유지,1866.2081636862713,126.96583690712679,37.55276310655991,217.23427076,137.99341138,182.22534971,638.78382728,163,미지정,1
276113,1117000000000001389,서계동 285도,도,국유지,158.99533485830761,126.9659494857822,37.552703291851735,218.98365447,143.76661418,185.04895771,635.74832954,163,미지정,1
276114,1117000000000001390,서계동 233-13도,도,국유지,90.44076506607234,126.96612158908046,37.554236858219475,207.09162592,27.87721341,329.97287935,802.37421956,163,미지정,1
276115,1117000000000001391,서계동 233-17도,도,국유지,60.29392230405938,126.96583979847107,37.55416681565821,227.94561089,25.08849692,311.93647055,788.14931688,163,미지정,1
276116,1117000000000001392,서계동 280 도,도,국유지,309.6541396728717,126.96583526702452,37.55398015414337,222.96267122,17.08155549,293.06472695,768.04316496,163,미지정,1
276117,1117000000000001393,서계동 280-1 도,도,국유지,19.516120545566082,126.96564788936347,37.55409216750419,241.96251552,35.15365866,297.56338275,775.90919634,163,미지정,1
276118,1117000000000001394,서계동 238-56도,도,국유지,41.64641243981896,126.96627910275129,37.55292210746105,191.5015508,121.37097917,222.96685259,668.65488566,163,미지정,1
276119,1117000000000001395,서계동 239-20도,도,국유지,54.49400684639113,126.96625161486544,37.552775281502136,200.17970773,137.05127083,210.78415404,652.5929838,163,미지정,1
276120,1117000000000001396,서계동 295 도,도,국유지,87.94481554348022,126.9667491523836,37.55425618269677,157.97094579,69.9562224,361.14869072,821.85607414,163,미지정,1
276121,1117000000000001397,서계동 218-4 도,도,국유지,177.39468032261357,126.96675584597031,37.55442719964803,167.75391393,80.13331941,377.05828843,839.89920499,163,미지정,1
276122,1117000000000001398,서계동 233-1 도,도,국유지,215.10293743794318,126.96655692965861,37.55434668724402,177.7026185,60.78161529,359.93456115,825.65991584,163,미지정,1
276123,1117000000000001399,서계동 233-8 도,도,국유지,262.5890102736885,126.96626877104069,37.55425124298331,195.69929145,35.35895366,337.67077686,807.68658096,163,미지정,1
276124,1117000000000001400,서계동 293도,도,국유지,137.18142780067865,126.96649378854497,37.55414651514395,172.85003366,44.42064015,338.28494998,802.83312135,163,미지정,1
276125,1117000000000001401,서계동 233-7도,도,국유지,39.24784393829759,126.96636482675328,37.554329420956186,191.7194072,47.42408096,349.43609375,818.51782228,163,미지정,1
276126,1117000000000001402,서계동 33-97도,도,국유지,27.308336296817288,126.96678658412638,37.55262400736218,168.4010428,166.51229514,241.61985908,656.22341579,163,미지정,1
276127,1117000000000001403,서계동 33-131도,도,국유지,349.64960710529704,126.96669585370151,37.55247239105333,185.19506352,179.24076115,226.98286856,637.58406631,163,미지정,1
276128,1117000000000001404,서계동 246-101 도,도,국유지,10.905747765209526,126.96462883303354,37.552191452038365,107.27645546,235.44937347,68.27043519,550.75706779,163,미지정,1
276129,1117000000000001405,서계동 218-1 도,도,국유지,597.9016371858888,126.96711610022719,37.55432088793026,135.30068376,102.69085174,386.53296292,840.23777848,163,미지정,1
276130,1117000000000001406,서계동 217-67 도,도,국유지,17.471216740086675,126.96705424436337,37.55451758490037,153.96661957,107.55993139,400.4706518,858.51861263,163,미지정,1
276132,1117000000000001408,서계동 217-73 도,도,국유지,24.40473765321076,126.96737541048824,37.55468529294756,150.41299186,152.34748361,432.45438063,886.3484216,163,미지정,1
276133,1117000000000001409,서계동 217-45 도,도,국유지,488.3300387985073,126.96744680141852,37.55468885454406,147.4247279,149.40671062,436.67234368,889.14162328,163,미지정,1
276134,1117000000000001410,서계동 112-3도,도,국유지,26.637346360599622,126.96815668845115,37.55036926748895,106.0602441,148.15489102,362.41662991,530.87580971,163,미지정,1
276135,1117000000000001411,서계동 217-63도,도,국유지,13.700450412929058,126.9671903171081,37.55455126151276,148.40545648,119.75539889,410.68216334,866.40436572,163,미지정,1
276136,1117000000000001412,서계동 217-69도,도,국유지,187.12315618351568,126.96701456707112,37.554449218110996,151.36765418,100.62901824,392.28638706,850.17673451,163,미지정,1
276137,1117000000000001413,서계동 45-1 도,도,국유지,76.437849634327,126.9678143946198,37.55267354182705,105.98671094,103.8285538,326.74917998,705.30122112,163,미지정,1
276138,1117000000000001414,서계동 45-16도,도,국유지,11.655941753357183,126.96770666666666,37.55264633333333,112.84500948,110.75149717,316.78173187,697.68625513,163,미지정,1
276139,1117000000000001415,서계동 246-122 도,도,국유지,35.74761265562847,126.96546878765433,37.55239162469135,164.77331251,184.90322044,130.30228597,589.63255027,163,미지정,1
276140,1117000000000001416,서계동 299도,도,국유지,437.73350094485795,126.96766795243857,37.55256161709256,122.76863268,120.66349074,310.28138306,687.8962657,163,미지정,1
276141,1117000000000001417,서계동 114-1도,도,국유지,208.40613392321393,126.96834102589075,37.5502540648172,89.70786707,152.01103001,382.39010156,535.57523916,163,미지정,1
276142,1117000000000001418,서계동 33-77도,도,국유지,118.28109674016014,126.96748867418428,37.55230568065172,155.27558205,153.17754013,286.54091352,655.4136475,163,미지정,1
276143,1117000000000001419,서계동 217-4 도,도,국유지,431.2506798901595,126.96857867128304,37.55516368033383,104.05204284,183.44663291,542.1402689,979.14225208,163,미지정,1
276144,1117000000000001420,서계동 217-18도,도,국유지,60.680426463484764,126.96841782246464,37.55522554502357,116.98663925,188.92918371,537.57942528,978.92769721,163,미지정,1
276145,1117000000000001421,서계동 115-10도,도,국유지,12.215344494208694,126.96855072179845,37.55010424193764,74.41120063,158.58162081,406.05598789,540.63467087,163,미지정,1
276146,1117000000000001422,서계동 217-19도,도,국유지,81.2014868883416,126.96832418961354,37.555188344082126,118.15284251,184.51985868,528.99938167,971.59603477,163,미지정,1
276147,1117000000000001423,서계동 217-20 도,도,국유지,23.629822868853807,126.96819165719027,37.555140497682785,121.39461679,179.44403322,517.29790376,961.75756447,163,미지정,1
276148,1117000000000001424,서계동 217-28 도,도,국유지,481.5369282073807,126.9680036362467,37.5549766846634,121.47820591,163.10861929,492.67928111,938.2507496,163,미지정,1
276149,1117000000000001425,서계동 217-39 도,도,국유지,219.61279811616987,126.9677720866025,37.554842663109085,151.15791016,153.36345318,468.09188018,916.24062915,163,미지정,1
276150,1117000000000001426,서계동 54-13도,도,국유지,43.84379319270374,126.96859341382394,37.55212887536815,159.52749055,157.23312615,378.02150063,696.96439919,163,미지정,1
276151,1117000000000001427,서계동 56-2도,도,국유지,115.67263503721915,126.96811152328056,37.552141146339395,156.91174166,154.58210232,336.22647613,671.58835815,163,미지정,1
276152,1117000000000001428,서계동 54-10도,도,국유지,125.12216484430246,126.96823741398856,37.55203250906617,168.17900835,165.84193401,345.3566123,668.83227345,163,미지정,1
276154,1117000000000001430,서계동 246-125 도,도,국유지,29.76032224483788,126.96535533926513,37.55219268874609,141.74494786,208.89153441,108.61154248,565.60899365,163,미지정,1
276155,1117000000000001431,서계동 115-4도,도,국유지,58.93872435390949,126.9682757159775,37.550142856782315,96.98368029,140.08618615,382.19984004,523.50128758,163,미지정,1
276156,1117000000000001432,서계동 115-6도,도,국유지,69.12402349896729,126.96883829161936,37.55003678216042,54.44149872,178.3523986,518.75823878,557.51420415,163,미지정,1
276157,1117000000000001433,서계동 214-1도,도,국유지,25.96076402324252,126.96900834888551,37.54997306705704,47.85833061,189.94851327,509.33970108,566.45503646,163,미지정,1
276158,1117000000000001434,서계동 78-2도,도,국유지,664.0658304414246,126.96935791274619,37.551431197317996,125.00591173,250.63164687,441.68668109,688.25393708,163,미지정,1
276159,1117000000000001435,서계동 129-10도,도,국유지,69.57410344621167,126.96944471365477,37.551192166290775,98.80018452,278.12010502,451.32236932,676.78586038,163,미지정,1
276160,1117000000000001436,서계동 145-3도,도,국유지,16.84438673313707,126.96954633333333,37.550873,65.29810376,314.41415388,465.19057373,661.94739219,163,미지정,1
276161,1117000000000001437,서계동 129-1도,도,국유지,101.48810841655359,126.9695048862582,37.55085296132908,62.26857704,274.26708736,461.98734183,657.68218498,163,미지정,1
276162,1117000000000001438,서계동 50-9도,도,국유지,43.81430863938294,126.96922066267489,37.55209689722068,173.95462918,178.31504313,432.43603165,731.10107697,163,미지정,1
276163,1117000000000001439,서계동 300도,도,국유지,182.80319437826984,126.96907306483546,37.55241678944356,140.5952651,140.85064667,425.49796526,748.7450011,163,미지정,1
276164,1117000000000001440,서계동 193-4도,도,국유지,73.96934191434411,126.96952173574655,37.54970421415627,68.29288106,227.42301302,474.78729629,591.57567426,163,미지정,1
276165,1117000000000001441,서계동 130-1도,도,국유지,457.1364965974353,126.96944273908878,37.55101388672202,79.07700495,296.57630967,453.62695396,664.21052816,163,미지정,1
276166,1117000000000001442,서계동 50-10도,도,국유지,146.2867073462112,126.96934945674664,37.55188813305622,175.72036938,204.12583075,441.52910247,722.45958006,163,미지정,1
276167,1117000000000001443,서계동 50-11도,도,국유지,26.11208197986707,126.96927421158063,37.551947521815336,182.44827487,195.25299194,435.40785387,722.43954709,163,미지정,1
276168,1117000000000001444,서계동 66-1도,도,국유지,537.7232662047027,126.96924907338031,37.55189674248186,176.91946405,199.37922299,432.74876436,716.86680019,163,미지정,1
276169,1117000000000001445,서계동 182-3도,도,국유지,1630.3255472779274,126.9696324559619,37.55020499550826,26.9729109,250.52918609,529.78911123,626.96369714,163,미지정,1
276170,1117000000000001446,서계동 194-7도,도,국유지,230.93513881787658,126.96938888747093,37.549942614981695,40.32594565,221.16056541,502.04901766,593.70710061,163,미지정,1
276171,1117000000000001447,서계동 247-46 도,도,국유지,39.13138030661503,126.96596939010026,37.55195713546365,170.63462169,226.47411107,146.83991264,559.05981948,163,미지정,1
276172,1117000000000001448,서계동 247-47도,도,국유지,61.237304315087385,126.96600051233187,37.551765788783904,164.94541613,247.66467879,145.53380322,540.60538147,163,미지정,1
276173,1117000000000001449,서계동 115-8도,도,국유지,76.0777338524349,126.96908668886167,37.549928525890586,47.99775785,195.04372408,503.4555611,569.82599734,163,미지정,1
276174,1117000000000001450,서계동 249-11도,도,국유지,24.655842665582895,126.96594723309468,37.55146838106602,152.53245758,244.25502759,140.76317939,508.56312326,163,미지정,1
276175,1117000000000001451,서계동 235-13 도,도,국유지,18.574829223565757,126.96604628282294,37.55324847632876,201.81161193,83.10946932,234.54629098,695.74082268,163,미지정,1
276176,1117000000000001452,서계동 235-15도,도,국유지,20.104736760258675,126.96597916398373,37.55326635626017,207.35681711,81.2201733,232.39790126,695.76543849,163,미지정,1
276177,1117000000000001453,서계동 235-17 도,도,국유지,24.61115185637027,126.96590037298269,37.553295946403665,213.78971489,78.62937432,230.83885847,696.7769658,163,미지정,1
276178,1117000000000001454,서계동 236-31도,도,국유지,20.71272679930553,126.96551164157195,37.55354224005682,275.52058599,68.0148754,236.85608382,713.77322846,163,미지정,1
276179,1117000000000001455,서계동 249-12도,도,국유지,1353.390074484516,126.96578026543754,37.55119800514991,136.55938411,223.24212605,133.31206814,475.13597783,163,미지정,1
276180,1117000000000001456,서계동 249-14도,도,국유지,65.7442381111905,126.96564438539568,37.5513029658636,124.31024627,239.23259073,118.21159876,480.99409221,163,미지정,1
276181,1117000000000001457,서계동 235-20 도,도,국유지,10.101382397348061,126.96594749676373,37.553415378317155,208.31485082,64.95346634,244.05004924,710.67110838,163,미지정,1
276182,1117000000000001458,서계동 235-22도,도,국유지,22.973318751901388,126.96577131312701,37.55335286780505,224.40686848,75.0014991,229.6105866,699.51417259,163,미지정,1
276183,1117000000000001459,서계동 237-22 도,도,국유지,19.668288287241012,126.96559566060002,37.55342550195296,266.9998371,74.03136216,228.65092173,703.092006,163,미지정,1
276184,1117000000000001460,서계동 237-24 도,도,국유지,15.725777078187093,126.96548898877457,37.553510538197685,271.49163306,71.97322244,232.81964017,709.87389828,163,미지정,1
276185,1117000000000001461,서계동 237-33도,도,국유지,18.25598557665944,126.96519132366372,37.55363229223744,274.71572575,84.24727445,235.67767195,717.19443879,163,미지정,1
276186,1117000000000001462,서계동 236-33 도,도,국유지,22.546662057982758,126.96545657010294,37.55358582731623,278.02255729,68.03053551,239.23374094,717.30388373,163,미지정,1
276187,1117000000000001463,서계동 236-4 도,도,국유지,98.26726764533669,126.96549523113772,37.553843596540254,249.94180434,50.01613152,266.92353228,745.92041011,163,미지정,1
276188,1117000000000001464,서계동 236-6도,도,국유지,48.187319811433554,126.96540214426238,37.55377413564669,295.69426988,60.53947982,256.73987486,736.54468484,163,미지정,1
276189,1117000000000001465,서계동 236-9도,도,국유지,54.00790936104022,126.96537230349253,37.553646375522064,281.4936098,69.7591499,242.56720503,722.13411502,163,미지정,1
276190,1117000000000001466,서계동 236-7 도,도,국유지,54.09121355228126,126.96532788091137,37.55372276215514,288.09586901,68.90532176,249.1044481,729.54135644,163,미지정,1
276191,1117000000000001467,서계동 237-29도,도,국유지,23.880396850407124,126.9652383760438,37.55366825954825,279.80362631,78.69697899,240.77695186,721.9545922,163,미지정,1
276192,1117000000000001468,서계동 233-18도,도,국유지,156.63872035988607,126.96588000830623,37.55409792365807,222.33774219,17.16800721,306.54179239,781.69410189,163,미지정,1
276193,1117000000000001469,서계동 236-18도,도,국유지,75.96093337796628,126.9657106757257,37.553992210681464,234.00378871,27.99165271,289.57167206,766.5100544,163,미지정,1
276194,1117000000000001470,서계동 236-1도,도,국유지,57.52349815284833,126.96565402943769,37.55402981942433,239.79672134,33.19043614,291.38922776,769.32402669,163,미지정,1
276195,1117000000000001471,서계동 236-36도,도,국유지,10.670163089875132,126.9656242156863,37.553900705882356,239.60494593,37.19909932,277.18812011,754.78330432,163,미지정,1
276196,1117000000000001472,서계동 236-3도,도,국유지,64.47191498149186,126.96558792543861,37.55393986368016,243.50935383,39.34963222,279.92006403,758.22890777,163,미지정,1
276197,1117000000000001473,서계동 290-1도,도,국유지,20.16835360787809,126.96616915633354,37.55378811613583,190.10813407,26.36470384,289.27806999,756.03001836,163,미지정,1
276198,1117000000000001474,서계동 232-45 도,도,국유지,14.519440942676738,126.96615683282675,37.553736530226274,190.46932632,31.10360332,283.90960864,750.24701813,163,미지정,1
276199,1117000000000001475,서계동 232-46 도,도,국유지,14.406654562219046,126.96606582368956,37.553732692761514,198.41919635,29.54620465,279.14475479,747.40460358,163,미지정,1
276200,1117000000000001476,서계동 236-59 도,도,국유지,27.675716802943498,126.96599523523507,37.55375298304985,204.86287552,27.24714085,277.75886585,747.72364005,163,미지정,1
276201,1117000000000001477,서계동 235-35 도,도,국유지,12.180454296991229,126.96609811594203,37.55368708695652,195.11305552,34.97489518,276.46379182,743.43604601,163,미지정,1
276202,1117000000000001478,서계동 235-37 도,도,국유지,15.529608808923513,126.96604896158298,37.55369052815494,199.47306298,34.08354247,274.40202562,742.49344143,163,미지정,1
276203,1117000000000001479,서계동 236-2도,도,국유지,15.882589116226882,126.96566362622208,37.553932451373875,236.78140862,32.93576572,281.81883532,759.05292876,163,미지정,1
276204,1117000000000001480,서계동 289도,도,국유지,29.897069458849728,126.96616235017223,37.55362521207151,189.01621889,42.96736524,274.02424836,738.65410347,163,미지정,1
276205,1117000000000001481,서계동 235-33 도,도,국유지,21.546339258551598,126.96622176369294,37.55343564345319,183.98269916,64.64261435,260.44504661,720.41086801,163,미지정,1
276206,1117000000000001482,서계동 288도,도,국유지,97.2479329124908,126.96622247117449,37.55342043334003,184.04149304,66.2878309,259.17591555,718.83719852,163,미지정,1
276207,1117000000000001483,서계동 235-11 도,도,국유지,29.73542933911085,126.96612580491424,37.553220974659176,195.42572772,86.58280287,236.75107154,695.12205268,163,미지정,1
276208,1117000000000001484,서계동 238-93도,도,국유지,47.883750312263146,126.96625558894007,37.55306657893838,188.28644632,105.23096065,232.22984849,682.89791262,163,미지정,1
276209,1117000000000001485,서계동 287도,도,국유지,407.7889608417172,126.96657137253433,37.55305553529901,162.12671879,115.03081469,252.26993203,692.05144988,163,미지정,1
276210,1117000000000001486,서계동 32-6도,도,국유지,85.64675676316256,126.96651603492502,37.552744954444826,180.97222412,145.53017598,227.83923106,658.42936265,163,미지정,1
276211,1117000000000001487,서계동 234-36 도,도,국유지,48.28046020399779,126.96647341451688,37.55377426257702,163.2901823,46.53071036,303.70762833,763.2614605,163,미지정,1
276212,1117000000000001488,서계동 232-43 도,도,국유지,24.743397697340697,126.96632620504691,37.553766012286964,176.02448404,36.81254252,295.16360053,758.08197137,163,미지정,1
276213,1117000000000001489,서계동 234-37 도,도,국유지,13.166099967667833,126.96638561415267,37.553747788081935,170.5507581,42.04508797,296.65887402,757.89208481,163,미지정,1
276214,1117000000000001490,서계동 232-44 도,도,국유지,26.665600284701213,126.9662610017163,37.55374467028319,181.4309157,34.80307811,289.88149014,753.98720099,163,미지정,1
276215,1117000000000001491,서계동 233-4도,도,국유지,64.78542421711609,126.96647733012918,37.554292066000606,180.98057121,51.49803814,351.04983579,817.66682776,163,미지정,1
276216,1117000000000001492,서계동 234-40 도,도,국유지,18.589417305076495,126.96624249582344,37.55365333016793,182.11767487,42.63017138,280.70038953,743.85847228,163,미지정,1
276217,1117000000000001493,서계동 290도,도,국유지,264.76772522425745,126.9665524564376,37.553812243497894,157.12833891,50.73081388,311.33531063,769.61308859,163,미지정,1
276218,1117000000000001494,서계동 235-4 도,도,국유지,14.284120845142752,126.96622111992218,37.55355776610596,183.62772974,51.68227757,271.07048323,733.20806729,163,미지정,1
276219,1117000000000001495,서계동 234-33도,도,국유지,95.771751988912,126.96642394475448,37.5535468593518,165.70179516,61.03559013,281.3527181,738.0492977,163,미지정,1
276220,1117000000000001496,서계동 33-96도,도,국유지,83.56767191831023,126.96685700737392,37.552711020263665,157.63498154,160.46687865,251.6784035,667.63017076,163,미지정,1
276221,1117000000000001497,서계동 234-9 도,도,국유지,45.28967300313525,126.96657448801794,37.553201466760505,157.15096834,100.67588621,263.04880403,707.12081248,163,미지정,1
276222,1117000000000001498,서계동 230-4 도,도,국유지,72.56282944558188,126.9669592315853,37.55387280974905,123.80121589,83.48662161,339.7719509,788.96363302,163,미지정,1
276223,1117000000000001499,서계동 230-19 도,도,국유지,45.49032799853012,126.96685993424596,37.553858894577985,131.80353607,75.14733734,332.75606671,784.21624731,163,미지정,1
276224,1117000000000001500,서계동 230-20 도,도,국유지,53.86559208622202,126.96673753436507,37.55384259110909,141.83830982,65.05102442,324.30774112,778.55265133,163,미지정,1
276225,1117000000000001501,서계동 230-21 도,도,국유지,38.66948540136218,126.96675653267393,37.553816530983184,139.55720605,67.47386771,323.20189264,776.46993378,163,미지정,1
276226,1117000000000001502,서계동 234-1 도,도,국유지,54.06175029696897,126.96657783461825,37.55379981088436,154.66989253,53.34097843,311.65708688,769.09716486,163,미지정,1
276227,1117000000000001503,서계동 230-8도,도,국유지,23.331188137177378,126.96676550889731,37.55374071612722,137.21513268,71.15974504,317.41321213,768.93746846,163,미지정,1
276228,1117000000000001504,서계동 224-70 도,도,국유지,31.676865549292415,126.96769260474716,37.55411248286894,82.53484591,84.28578656,404.23598639,839.80264488,163,미지정,1
276229,1117000000000001505,서계동 224-3도,도,국유지,126.16797461896203,126.96775270816168,37.554199185891946,87.01377522,88.93318473,414.71576746,850.77890727,163,미지정,1
276230,1117000000000001506,서계동 224-53도,도,국유지,29.28396334592253,126.96738729939719,37.554047068095564,97.84238275,99.13609008,379.85974797,821.7647033,163,미지정,1
276231,1117000000000001507,서계동 224-75 도,도,국유지,36.10966861457564,126.96864356789789,37.55403709913091,29.89970022,64.40614031,464.02262862,872.56525445,163,미지정,1
276232,1117000000000001508,서계동 230-7도,도,국유지,11.077168956398964,126.96690200000002,37.55369333333333,124.52332598,84.31706953,321.80460442,768.63012761,163,미지정,1
276233,1117000000000001509,서계동 224-54 도,도,국유지,81.38406547741033,126.96757766706834,37.55413024098733,90.85793652,92.4943837,398.28875118,837.20187875,163,미지정,1
276234,1117000000000001510,서계동 224-76 도,도,국유지,17.64297310821712,126.96831217380026,37.55403486381323,43.43344222,56.49627313,440.33806965,857.5921498,163,미지정,1
276235,1117000000000001511,서계동 226-1도,도,국유지,331.4375046856003,126.96822413522015,37.55372164443984,20.48690141,22.69197536,413.58722203,823.55639756,163,미지정,1
276236,1117000000000001512,서계동 224-42 도,도,국유지,703.5751557982294,126.9677268417099,37.553538579350054,50.5835103,50.53247376,365.94850576,784.41136477,163,미지정,1
276237,1117000000000001513,서계동 224-68 도,도,국유지,264.9001645363169,126.96745928221216,37.55377674383893,78.47509942,79.20713001,363.90111087,797.28084241,163,미지정,1
276238,1117000000000001514,서계동 226-5도,도,국유지,70.6165977800265,126.96848347941118,37.55335656065553,26.68143995,24.91211564,412.17727031,801.03300186,163,미지정,1
276239,1117000000000001515,서계동 226-11도,도,국유지,86.31801889464259,126.96779973171235,37.55330146935179,51.86949506,50.62721281,356.6980554,764.44918767,163,미지정,1
276240,1117000000000001516,서계동 7-1도,도,국유지,88.44617865834152,126.96737509332665,37.55324766849623,88.1559422,87.24447614,321.96443441,741.38714973,163,미지정,1
276241,1117000000000001517,서계동 217-42도,도,국유지,131.3255296512507,126.96763810419935,37.55474437308641,145.16614678,147.28342569,452.12870242,901.47450164,163,미지정,1
276242,1117000000000001518,서계동 301도,도,국유지,539.1291158784879,126.96872287685358,37.552787579671666,92.22674704,90.122303,406.5579362,761.39840983,163,미지정,1
276243,1117000000000001519,서계동 217-55도,도,국유지,57.62118788040243,126.96730586934449,37.554553780302385,142.09132565,128.75729767,417.18723903,870.51176033,163,미지정,1
276244,1117000000000001520,서계동 33-200 도,도,국유지,34.418590993154794,126.96799988136962,37.55266338618987,101.57443136,99.30413549,341.70482827,713.26521818,163,미지정,1
276245,1117000000000001521,서계동 47-4 도,도,국유지,65.31644214689732,126.96829269949951,37.55260531366366,104.51749607,102.18090481,364.13442932,722.61283288,163,미지정,1
276246,1117000000000001522,서계동 228-35 도,도,국유지,29.931278774514794,126.9670882592835,37.55392721089994,115.02173104,94.06016058,351.94792128,798.94600198,163,미지정,1
276247,1117000000000001523,서계동 228-36 도,도,국유지,42.4991107970709,126.96708444394444,37.55388246159763,113.61232564,94.26553188,348.10769211,794.24645949,163,미지정,1
276248,1117000000000001524,서계동 223-3도,도,국유지,16.85337417339906,126.96850478867229,37.554590347299005,60.94752374,119.53338357,492.9495332,919.78159617,163,미지정,1
276249,1117000000000001525,서계동 222-11도,도,국유지,357.9035614671884,126.96825795414838,37.55432459566969,71.75309888,88.71250201,457.05179357,883.47145477,163,미지정,1
276250,1117000000000001526,서계동 217-26도,도,국유지,275.95298315258697,126.96830155634926,37.555082960427875,110.19316739,172.8097776,518.94146288,960.19917563,163,미지정,1
276251,1117000000000001527,서계동 217-72 도,도,국유지,30.13716131140245,126.96867368152726,37.55408988794881,35.64928777,70.82792449,469.59833283,878.95687123,163,미지정,1
276252,1117000000000001528,서계동 222-14 도,도,국유지,31.279606541851535,126.9683340939541,37.554073325599624,45.13665674,60.83350872,444.48316441,862.2619104,163,미지정,1
276253,1117000000000001529,서계동 222-10 도,도,국유지,57.79305282328278,126.96815840211548,37.554173419028224,70.62939952,72.91980248,439.43733696,864.52723874,163,미지정,1
276254,1117000000000001530,서계동 224-73 도,도,국유지,81.87437625043094,126.96813453328943,37.554067553133294,59.57920403,61.83287043,430.2984785,853.17971621,163,미지정,1
276255,1117000000000001531,서계동 223-103 도,도,국유지,28.26893387234304,126.96852927129228,37.5540792771321,36.72131073,64.70957438,458.60894927,871.42802175,163,미지정,1
276256,1117000000000001532,서계동 223-105 도,도,국유지,14.46049939841032,126.96839099864361,37.55428548762293,62.5195531,84.6949022,463.17379312,885.27404884,163,미지정,1
276257,1117000000000001533,서계동 224-77 도,도,국유지,125.3493743755389,126.96854522153113,37.55405030019951,33.21721074,62.14595685,457.83346681,869.37036599,163,미지정,1
276258,1117000000000001534,서계동 220-32 도,도,국유지,27.719741689157672,126.96884412046701,37.55403186809364,32.91155254,74.0089645,478.24658173,881.35646416,163,미지정,1
276259,1117000000000001535,서계동 224-71 도,도,국유지,23.630176313221455,126.96800166666667,37.554069,63.62192706,65.73180385,421.37900693,847.80252034,163,미지정,1
276260,1117000000000001536,서계동 224-48 도,도,국유지,53.26716165733524,126.96805845849826,37.554185069808845,73.94403732,76.16728892,433.58818697,861.5428748,163,미지정,1
276261,1117000000000001537,서계동 224-47도,도,국유지,18.14305455610156,126.96788759126126,37.55425074252253,86.1598465,88.25783212,427.29922141,861.17487326,163,미지정,1
276262,1117000000000001538,서계동 224-37도,도,국유지,122.3786953301169,126.96876676981739,37.55348257740647,32.82943757,41.65648308,440.84594347,826.50927191,163,미지정,1
276263,1117000000000001539,서계동 225-1도,도,국유지,199.70943475724198,126.96891074613077,37.55300553058987,87.27853695,79.1392984,430.39591169,790.71010887,163,미지정,1
276264,1117000000000001540,서계동 224-44 도,도,국유지,27.763881930033676,126.96880376886847,37.55400393076652,28.56949351,69.33711083,473.55564897,876.83608932,163,미지정,1
276265,1117000000000001541,서계동 224-33도,도,국유지,346.15191289409995,126.96896176216379,37.553857850105764,27.40851591,69.22259797,476.51012011,870.72867142,163,미지정,1
276266,1117000000000001542,서계동 224-36도,도,국유지,613.8454852937721,126.96894161319564,37.5534247714759,44.97193499,57.92590903,451.64422594,829.9765006,163,미지정,1
276267,1117000000000001543,서계동 217-12 도,도,국유지,171.0337242980022,126.96883281633215,37.55489723592316,67.8591529,159.35117828,537.32136679,963.58410077,163,미지정,1
276268,1117000000000001544,서계동 220-24 도,도,국유지,110.1037361259805,126.96872891063211,37.55433963777797,33.71127092,97.99107244,490.17186396,905.27853769,163,미지정,1
276269,1117000000000001545,서계동 220-1도,도,국유지,182.79352154186927,126.96889554178514,37.554393543653994,20.3435939,109.79714178,505.46782709,917.94172596,163,미지정,1
276270,1117000000000001546,서계동 220-34 도,도,국유지,12.675664530077484,126.96884377317862,37.55406000322373,35.69895095,76.38585881,479.98080148,883.9869797,163,미지정,1
276271,1117000000000001547,서계동 220-22도,도,국유지,763.0624548881315,126.96898342986431,37.554314418682864,11.28047607,106.40007456,506.39331196,914.48433337,163,미지정,1
276272,1117000000000001548,서계동 220-31 도,도,국유지,42.88637458067387,126.96889656906015,37.55409817733822,31.64457442,82.62159571,486.22528802,890.05362457,163,미지정,1
276273,1117000000000001549,서계동 250-5도,도,국유지,21.566575570032,126.96596814915871,37.55124063756253,152.93593875,220.22807135,147.6050822,486.52169466,163,미지정,1
276274,1117000000000001550,서계동 251-78도,도,국유지,20.18353370000841,126.96452078911564,37.55195254713314,79.10053856,263.09375904,40.08869958,523.00626727,163,미지정,1
276275,1117000000000001551,서계동 251-95도,도,국유지,32.16829866543412,126.96483063714432,37.55152105482724,58.99205383,294.46010013,42.42886458,481.55896157,163,미지정,1
276276,1117000000000001552,서계동 251-97도,도,국유지,630.0349814190995,126.9646905967288,37.55132808403314,40.4037444,292.03477553,42.8029012,457.8781991,163,미지정,1
276277,1117000000000001553,서계동 251-99도,도,국유지,14.75533964089118,126.96434032934532,37.551192693918246,12.96038855,304.30177171,46.74296256,437.20009455,163,미지정,1
276278,1117000000000001554,서계동 251-101 도,도,국유지,13.44110205117613,126.96533029964733,37.551252385382476,96.557651,249.41206981,94.26462771,465.69480419,163,미지정,1
276279,1117000000000001555,서계동 251-104도,도,국유지,32.486884385347366,126.96456829041509,37.551963848452814,81.69537051,259.90511574,42.85453049,524.95093065,163,미지정,1
276280,1117000000000001556,서계동 251-106도,도,국유지,24.072369378060102,126.96475479255788,37.551390380321855,47.38761575,310.40449433,42.4369577,465.89349847,163,미지정,1
276281,1117000000000001557,서계동 251-107도,도,국유지,45.46245998912491,126.96466317455862,37.551270205227766,37.5767163,289.12669561,46.33041653,451.07834824,163,미지정,1
276282,1117000000000001558,서계동 251-110도,도,국유지,27.38729017309379,126.96439008069237,37.55128177899136,13.45210281,334.30141096,36.87422205,447.67465568,163,미지정,1
276283,1117000000000001559,서계동 252-33도,도,국유지,23.34662441490218,126.9650402468669,37.55135325582861,71.40248201,273.80372282,66.31045231,468.37124304,163,미지정,1
276284,1117000000000001560,서계동 252-47도,도,국유지,212.8859787689289,126.96487123241883,37.55106396457281,60.71805532,259.95328833,75.64442436,433.38503005,163,미지정,1
276285,1117000000000001561,서계동 252-98도,도,국유지,72.24143377272412,126.96491659582298,37.5514880007467,64.40103662,295.27584729,50.71518088,479.85851697,163,미지정,1
276286,1117000000000001562,서계동 252-110도,도,국유지,38.01866349368356,126.96460536360117,37.55108453592158,38.8202574,278.72424879,62.43121022,429.85288843,163,미지정,1
276287,1117000000000001563,서계동 252-123도,도,국유지,68.20635085366666,126.96478172420737,37.55077080060872,73.86996313,244.52628859,100.51688636,399.92281713,163,미지정,1
276288,1117000000000001564,서계동 253-18도,도,국유지,123.23508724849671,126.964683363628,37.55154497539562,49.37266355,296.94493463,29.16468983,481.24896981,163,미지정,1
276289,1117000000000001565,서계동 257-8도,도,국유지,128.5898942584754,126.96451681392927,37.55154176204097,38.40241673,303.45145206,15.61701575,478.0353391,163,미지정,1
276290,1117000000000001566,서계동 257-21도,도,국유지,42.66696716239676,126.96459088763743,37.551878815461826,73.77998505,267.18619048,35.59841782,516.0115252,163,미지정,1
276291,1117000000000001567,서계동 258-8 도,도,국유지,18.6291205137386,126.96433393138544,37.551822003860664,61.15143074,284.02972782,23.31162123,506.18159448,163,미지정,1
276292,1117000000000001568,서계동 258-11 도,도,국유지,25.361776298843324,126.96446155529779,37.55205290603249,88.42327801,256.33590732,49.52501934,533.17414035,163,미지정,1
276293,1117000000000001569,서계동 258-14 도,도,국유지,43.56457186979242,126.96417843722797,37.551472391227676,22.38575852,324.36804908,22.71192116,465.92770502,163,미지정,1
276294,1117000000000001570,서계동 258-16 도,도,국유지,39.87188076577149,126.96444573857254,37.55186397486984,67.75343998,274.92955644,28.71793517,512.23961917,163,미지정,1
276295,1117000000000001571,서계동 258-18 도,도,국유지,11.278474044054747,126.964407,37.55183666666666,63.95634373,279.28327079,25.06024456,508.72139305,163,미지정,1
276296,1117000000000001572,서계동 261-24 도,도,국유지,16.57936626911396,126.96392111505473,37.551869582372085,71.54862444,300.66388509,48.42374477,507.72023249,163,미지정,1
276297,1117000000000001573,서계동 261-25 도,도,국유지,29.579065581783652,126.96401020590184,37.55180141003536,61.65381355,301.92876993,37.63855467,500.75677399,163,미지정,1
276298,1117000000000001574,서계동 261-26 도,도,국유지,25.131365712964907,126.96390441352845,37.55192635889431,77.93296392,296.67150121,53.48630426,513.91471718,163,미지정,1
276299,1117000000000001575,서계동 261-28 도,도,국유지,19.752062145387754,126.96395832158227,37.55184256231381,67.52762603,301.01674062,44.00438914,504.95563133,163,미지정,1
276300,1117000000000001576,서계동 262-5 도,도,국유지,20.541465759684797,126.9639726180473,37.55212836134321,97.42734309,275.65578089,66.83552982,536.68499465,163,미지정,1
276301,1117000000000001577,서계동 262-10도,도,국유지,21.443700525444,126.96377290227912,37.552250779403906,115.69559062,277.94650338,87.97152224,549.3060097,163,미지정,1
276302,1117000000000001578,서계동 262-11 도,도,국유지,49.80172547668917,126.96392341998163,37.55203391407378,88.55646629,286.42970396,60.81745389,525.93404142,163,미지정,1
276303,1117000000000001579,서계동 262-13 도,도,국유지,20.865092298481613,126.96390156059537,37.552154847081866,101.93426949,277.65949749,72.7059635,539.21284945,163,미지정,1
276304,1117000000000001580,서계동 262-14 도,도,국유지,53.60685259604361,126.96391188163189,37.55222134516404,108.76996689,271.64172464,78.4465394,546.63431684,163,미지정,1
276305,1117000000000001581,서계동 263-9 도,도,국유지,46.36405873298645,126.96385426719547,37.55230853347435,119.47285971,268.32372784,89.36844065,556.0199667,163,미지정,1
276306,1117000000000001582,서계동 272도,도,국유지,37.94457370438613,126.96396970535024,37.552214246230726,106.76082249,268.73086436,75.2686262,546.17603042,163,미지정,1
276307,1117000000000001583,서계동 273도,도,국유지,40.008996468328405,126.96393321354742,37.552298249050125,116.5723488,264.19000318,85.03684336,555.26844433,163,미지정,1
276308,1117000000000001584,서계동 275도,도,국유지,32.2121507152915,126.96408313954429,37.55220416329224,103.88139358,262.89907351,70.12933522,545.84318903,163,미지정,1
276309,1117000000000001585,서계동 275-1도,도,국유지,58.82924630586058,126.96433021780446,37.552198570392605,102.67926721,249.67650441,65.01833581,547.56513044,163,미지정,1
276310,1117000000000001586,서계동 275-2도,도,국유지,117.49180253967643,126.96462696125484,37.55221962629383,110.18987866,232.88134796,71.16301304,553.80798801,163,미지정,1
276311,1117000000000001587,서계동 277-1도,도,국유지,152.37764046201482,126.96428804951624,37.55163152453284,39.66742776,304.23200592,7.06559147,484.68477924,163,미지정,1
276312,1117000000000001588,서계동 277-2도,도,국유지,21.645017362665385,126.96421990258267,37.551365418365805,10.01403378,332.9048869,30.35171029,454.61049444,163,미지정,1
276313,1117000000000001589,서계동 281-1도,도,국유지,99.50003011664376,126.96538237734303,37.552366538629606,157.69008814,189.74008888,122.77578171,584.80013224,163,미지정,1
276314,1117000000000001590,서계동 281-4도,도,국유지,44.23099704645574,126.96536095506279,37.552310587730965,151.73236839,196.23180742,117.20678839,578.30882432,163,미지정,1
276315,1117000000000001591,서계동 282-1도,도,국유지,13.543901402968913,126.96441854694666,37.55227376997346,111.84536175,238.31861451,73.44743792,556.87448619,163,미지정,1
276316,1117000000000001592,서계동 283도,도,국유지,271.73084402736276,126.96522336012559,37.55241572154449,153.53358582,189.35270452,116.98944709,586.33259949,163,미지정,1
276317,1117000000000001593,서계동 33-309도,도,국유지,28.42672076751478,126.96668753096434,37.551736726410205,246.27144912,257.85485096,205.7116174,564.90217544,163,미지정,1
276318,1117000000000001594,서계동 33-323도,도,국유지,23.621204723604023,126.96667957871426,37.55140841900215,216.24713449,221.69984778,205.81474567,533.10996355,163,미지정,1
276319,1117000000000001595,서계동 33-346도,도,국유지,142.70823005377315,126.96713429514578,37.55120052191143,219.91131832,197.6324031,248.98785866,536.28715326,163,미지정,1
276320,1117000000000001596,서계동 53-23도,도,국유지,13.269385286141187,126.96885118292683,37.55182432261641,174.39723915,195.07240327,397.13602958,686.69811281,163,미지정,1
276321,1117000000000001597,서계동 56-3도,도,국유지,80.68031678255647,126.96820323375677,37.55193308977087,179.32532697,176.98872402,341.04033813,658.31806114,163,미지정,1
276322,1117000000000001598,서계동 56-4도,도,국유지,22.252933303359896,126.96851250962241,37.55178243976789,180.06738663,194.43058516,366.99875865,663.12664961,163,미지정,1
276323,1117000000000001599,서계동 56-5도,도,국유지,80.07242091931403,126.9684939739523,37.551719779717075,174.46497925,201.20604676,365.07212611,656.83918493,163,미지정,1
276324,1117000000000001600,서계동 56-6도,도,국유지,97.45642012380995,126.96873514498003,37.55138055108851,131.32041538,241.21933459,387.05671541,644.24960655,163,미지정,1
276325,1117000000000001601,서계동 224-61도,도,국유지,68.01219420938287,126.96902223753906,37.55400652648402,36.41376033,83.27476181,489.82140824,887.46179034,163,미지정,1
276326,1117000000000001602,서계동 303도,도,국유지,367.97923726716544,126.9690319971705,37.55350834102224,35.54980221,64.84295418,462.94884209,842.15774832,163,미지정,1
276327,1117000000000001603,서계동 217-44 도,도,국유지,1189.3304638519185,126.96833322403506,37.55466260974301,78.09679924,126.19296179,487.34099674,919.76670456,163,미지정,1
276328,1117000000000001604,서계동 178-3도,도,국유지,120.74207081267377,126.9699009146292,37.54967887176783,84.6266468,260.33652681,470.99402215,620.47973023,163,미지정,1
276329,1117000000000001605,서계동 50-12도,도,국유지,116.50701373629272,126.9693827757201,37.551651597766465,149.48861593,229.03354422,443.44012748,706.37029265,163,미지정,1
276330,1117000000000001606,서계동 50-8도,도,국유지,179.94506541918963,126.96928710402587,37.55214686359095,168.01808154,176.23590311,438.97569156,739.16388387,163,미지정,1
276331,1117000000000001607,서계동 50-7도,도,국유지,102.05505815101787,126.96932627458517,37.552168167099104,165.50808451,175.9476371,442.72816195,743.25997596,163,미지정,1
276332,1117000000000001608,서계동 129-4도,도,국유지,53.72551978426054,126.96962247623827,37.550812353291946,61.10708024,280.30837136,473.03359238,663.37913617,163,미지정,1
276333,1117000000000001609,서계동 129-2도,도,국유지,141.67358639999293,126.96956000625339,37.55122214438174,103.41475268,278.93672429,461.13127149,686.76763487,163,미지정,1
276334,1117000000000001610,서계동 96-11도,도,국유지,528.492635915638,126.96815790605653,37.55147526258654,167.4748808,227.94055307,335.53568956,616.83098558,163,미지정,1
276335,1117000000000001611,서계동 99-5도,도,국유지,262.6493289414793,126.96899160362956,37.551023264975136,85.92720632,251.65059279,414.06892675,634.0833628,163,미지정,1
276336,1117000000000001612,서계동 99-25 도,도,국유지,45.30037919431925,126.96891258519163,37.55163512600131,152.70932334,216.76061144,401.87897848,675.31387493,163,미지정,1
276337,1117000000000001613,서계동 99-33 도,도,국유지,43.71163253672421,126.9689015,37.5515635,145.30448589,224.23116874,400.93065215,668.98619527,163,미지정,1
276338,1117000000000001614,청파동1가 26-2도,도,국유지,207.4160104067414,126.96828840114746,37.55010782488907,96.6871877,138.84812157,384.88584292,522.07101346,155,미지정,1
276339,1117000000000001615,청파동1가 32-10도,도,국유지,111.75829905382125,126.96884758448148,37.54962983290915,87.28009172,167.28113258,474.20194196,535.01670199,155,미지정,1
276340,1117000000000001616,청파동1가 141-11도,도,국유지,17.447836863575503,126.96962543788645,37.549593340078694,82.53162122,235.20607307,461.9914426,594.411876,155,미지정,1
276341,1117000000000001617,청파동1가 46-2도,도,국유지,60.606459722621366,126.96953081400868,37.5496437172641,75.02456113,227.40190966,468.03524244,589.30404056,155,미지정,1
276342,1117000000000001618,청파동1가 44-1도,도,국유지,25.387056295759976,126.96930945875987,37.54987849191938,47.49102693,212.59274878,495.60814387,584.09804274,155,미지정,1
276343,1117000000000001619,청파동1가 41-1도,도,국유지,250.66942492790986,126.96920403881289,37.54948860877334,91.56507397,197.34925318,453.6830498,555.80399322,155,미지정,1
276344,1117000000000001620,청파동1가 141-3도,도,국유지,101.97037569992244,126.96978143599117,37.54954742470586,92.15850949,248.61829302,456.46091146,604.78907116,155,미지정,1
276345,1117000000000001621,청파동1가 141-8도,도,국유지,58.649940680130385,126.9697952057971,37.54959810702342,87.59207754,250.20331786,462.06661608,608.2304385,155,미지정,1
276346,1117000000000001622,청파동1가 1-90도,도,국유지,34.56632743572118,126.96655702397506,37.551257325247086,204.93132406,206.69906531,197.71415356,513.15500208,155,미지정,1
276347,1117000000000001623,청파동1가 1-125도,도,국유지,53.10827274271287,126.96512651175749,37.549959818497996,165.87724855,173.58084175,195.48430315,326.16794891,155,미지정,1
276348,1117000000000001624,청파동1가 1-130도,도,국유지,42.560226370813325,126.96493173130544,37.549861922418096,168.52914625,186.73021673,200.74672405,309.16382771,155,미지정,1
276349,1117000000000001625,청파동1가 1-143도,도,국유지,44.79159735608846,126.96456885179913,37.549632154258816,184.81308501,213.6230829,220.63323901,273.71689389,155,미지정,1
276350,1117000000000001626,청파동1가 1-148도,도,국유지,41.888546833302826,126.96432996675253,37.549535894521206,193.34052099,255.74860228,230.5985828,257.17233801,155,미지정,1
276351,1117000000000001627,청파동1가 1-166도,도,국유지,48.05716209503589,126.96528298204083,37.55013339374151,156.90381975,168.73457934,183.2122244,349.52614634,155,미지정,1
276352,1117000000000001628,청파동1가 1-189도,도,국유지,74.17446318047587,126.96749244871963,37.55059829501081,167.70710382,138.14647477,298.46503844,505.32975963,155,미지정,1
276353,1117000000000001629,청파동1가 180-39 도,도,국유지,19.654947032686323,126.97022684697272,37.548126863023946,253.73753275,332.68057782,300.4056729,560.40232834,155,미지정,1
276354,1117000000000001630,청파동1가 154-39 도,도,국유지,13.922222082153894,126.97020052870727,37.54833870494305,230.683584,354.38850602,323.57674277,564.94460617,155,미지정,1
276355,1117000000000001631,청파동1가 3-16도,도,국유지,582.2336629322963,126.96541515179526,37.54940355557701,232.43284567,137.61160829,262.24379773,285.6537159,155,미지정,1
276356,1117000000000001632,청파동1가 3-61도,도,국유지,159.8798768048291,126.96466818843867,37.549357619942946,216.32225826,203.73440652,251.7967116,248.54770068,155,미지정,1
276357,1117000000000001633,청파동1가 3-71도,도,국유지,48.959591978695244,126.96535691953792,37.54991499879808,180.56961405,152.76481475,207.89538885,331.04115749,155,미지정,1
276358,1117000000000001634,청파동1가 3-78도,도,국유지,90.40795260900632,126.96597823723515,37.548847165527576,310.38285372,104.94797019,338.51173451,274.9117184,155,미지정,1
276359,1117000000000001635,청파동1가 3-79도,도,국유지,89.8831945178099,126.9657090558314,37.54890012710277,294.02812458,124.96377859,323.72533885,260.6817509,155,미지정,1
276360,1117000000000001636,청파동1가 3-80도,도,국유지,117.25654854136519,126.96535575136967,37.5489612239834,275.28116793,152.63533339,307.11082336,243.78205579,155,미지정,1
276361,1117000000000001637,청파동1가 3-81도,도,국유지,120.3949945885688,126.96499260171346,37.548957874736935,265.82225999,178.49100734,299.90866397,223.7112968,155,미지정,1
276362,1117000000000001638,청파동1가 3-92도,도,국유지,36.12145379325375,126.96527533686306,37.550020309258755,166.84227591,163.87855653,194.26376434,337.99208336,155,미지정,1
276363,1117000000000001639,청파동1가 3-108도,도,국유지,52.98569767223671,126.96553977174149,37.549882065741166,192.82003835,136.38505673,218.41777264,336.03946728,155,미지정,1
276364,1117000000000001640,청파동1가 3-113도,도,국유지,47.69458805816248,126.96563305106586,37.549755590170676,209.0105974,123.90940716,234.68666443,328.73229297,155,미지정,1
276365,1117000000000001641,청파동1가 3-115도,도,국유지,53.74590302584693,126.9653575363747,37.5497524975669,195.93781657,147.25255603,224.39894382,315.40697831,155,미지정,1
276366,1117000000000001642,청파동1가 4-1도,도,국유지,26.62794312555343,126.96579122817678,37.54925136764887,263.34446269,106.11434789,290.88940721,293.44514586,155,미지정,1
276367,1117000000000001643,청파동1가 5-3도,도,국유지,225.19491892913356,126.9662102756413,37.54924683037905,284.80334349,70.15864649,309.17268246,319.33058494,155,미지정,1
276368,1117000000000001644,청파동1가 6-4도,도,국유지,14.221177844912745,126.96620751724136,37.549254873563214,283.94836015,70.14770363,308.28581583,319.75429796,155,미지정,1
276369,1117000000000001645,청파동1가 7-1도,도,국유지,29.81520118471235,126.96611223695174,37.549916925986835,224.04046833,93.60193103,243.51311089,368.1771195,155,미지정,1
276370,1117000000000001646,청파동1가 7-8도,도,국유지,96.06601459847298,126.96617224876638,37.54963101706653,250.12282136,74.31111073,271.88470221,347.27246189,155,미지정,1
276371,1117000000000001647,청파동1가 7-28도,도,국유지,142.053741174459,126.96625257386317,37.549825585047884,240.036554,77.62136302,259.23507299,368.18781787,155,미지정,1
276372,1117000000000001648,청파동1가 9-1도,도,국유지,135.76362906908616,126.96616340692309,37.549017916549275,302.9486627,84.52713529,329.00802544,299.5516979,155,미지정,1
276373,1117000000000001649,청파동1가 17-1도,도,국유지,96.20850753842387,126.96641163180249,37.54943174672511,280.72543618,49.54225684,302.23770149,346.32604961,155,미지정,1
276374,1117000000000001650,청파동1가 54-4도,도,국유지,153.99585611216025,126.96897609361093,37.54918212109248,129.01647671,179.11098447,423.2618245,523.29991221,155,미지정,1
276375,1117000000000001651,청파동1가 54-6도,도,국유지,122.45439160370734,126.96814650086093,37.549129117282696,168.57912965,108.82668936,437.29675947,454.33237519,155,미지정,1
276376,1117000000000001652,청파동1가 58-9도,도,국유지,78.18691273964942,126.96842144066736,37.54941146404082,128.94448291,128.07347031,459.45746491,490.34939928,155,미지정,1
276377,1117000000000001653,청파동1가 58-13도,도,국유지,170.00154204666615,126.96810651138928,37.54937785234757,150.80630553,100.36971983,464.45036611,464.21568351,155,미지정,1
276378,1117000000000001654,청파동1가 58-23도,도,국유지,59.135688989714254,126.96828608494347,37.54921266901623,153.63615142,118.46178257,441.94590664,469.51535445,155,미지정,1
276379,1117000000000001655,청파동1가 60-2도,도,국유지,17.310532616451383,126.96780725344665,37.549460014730876,165.76989284,73.89622317,386.86050698,446.26214941,155,미지정,1
276380,1117000000000001656,청파동1가 62-16도,도,국유지,166.98685278440826,126.96815003455495,37.54889991940758,188.78232051,119.26207499,413.42827255,443.86808705,155,미지정,1
276381,1117000000000001657,청파동1가 62-30도,도,국유지,18.850543479435146,126.96816911168922,37.54872928685397,203.83277622,130.92476822,395.23141722,438.23278813,155,미지정,1
276382,1117000000000001658,청파동1가 62-31도,도,국유지,47.793378745554946,126.96826778425337,37.54863441945413,208.78460606,144.21386817,382.20052536,442.75704242,155,미지정,1
276383,1117000000000001659,청파동1가 67-4도,도,국유지,13.245442441198975,126.96832689374305,37.54842917931631,227.11442494,148.81778481,359.1234606,440.70265526,155,미지정,1
276384,1117000000000001660,청파동1가 67-5도,도,국유지,21.47420025221072,126.96833066171882,37.548493422699245,220.46013474,158.39925502,365.60691155,443.09202779,155,미지정,1
276385,1117000000000001661,청파동1가 68-1도,도,국유지,45.223947494174354,126.96836515687126,37.54825312061736,243.91859249,148.52823415,339.78787241,438.85564093,155,미지정,1
276386,1117000000000001662,청파동1가 76-4도,도,국유지,24.701090271410067,126.96832852868772,37.54814236456886,256.55848422,144.33772907,329.83104694,432.90954861,155,미지정,1
276387,1117000000000001663,청파동1가 79-1도,도,국유지,31.70882879238343,126.96821281013507,37.54809074636561,265.63769335,134.01251747,329.0386921,421.70587453,155,미지정,1
276388,1117000000000001664,청파동1가 89-96도,도,국유지,17.825696962303482,126.96504528968362,37.5484632082531,320.27086261,151.54267959,354.76823099,184.7436151,155,미지정,1
276389,1117000000000001665,청파동1가 89-120도,도,국유지,29.72778513515368,126.96628583613769,37.547746698889256,392.60032457,52.92908208,407.48306727,247.21487163,155,미지정,1
276390,1117000000000001666,청파동1가 89-172도,도,국유지,98.80803865962662,126.9671607498304,37.54904758932619,238.83587336,45.03270044,377.01833187,373.58358615,155,미지정,1
276391,1117000000000001667,청파동1가 89-178도,도,국유지,47.79335938033182,126.96465007483413,37.548519289930894,308.15948922,189.25851691,344.33368073,166.49837425,155,미지정,1
276392,1117000000000001668,청파동1가 91-3도,도,국유지,12.529353281250224,126.96647311415525,37.54923288767124,300.74526149,48.9644793,323.29271363,335.84570659,155,미지정,1
276393,1117000000000001669,청파동1가 91-6도,도,국유지,282.9673134695622,126.96775517563502,37.54921331888578,186.12830675,73.05305099,400.89915925,428.2001413,155,미지정,1
276394,1117000000000001670,청파동1가 91-13도,도,국유지,44.55655621760525,126.96618502641424,37.54905456933746,300.68054839,80.77602809,326.38940605,303.61609881,155,미지정,1
276395,1117000000000001671,청파동1가 91-21잡,잡,국유지,24.519302359956782,126.96646961420001,37.54916088680001,306.61760134,53.1857355,329.68109066,330.56959921,155,미지정,1
276396,1117000000000001672,청파동1가 91-26도,도,국유지,114.75041013973532,126.96704908417381,37.54914390337608,241.03103008,31.87965821,362.47767604,370.94958071,155,미지정,1
276397,1117000000000001673,청파동1가 91-69도,도,국유지,24.857695257407613,126.9676528647991,37.5490849473269,202.32588998,70.98193096,403.95337554,413.37092418,155,미지정,1
276398,1117000000000001674,청파동1가 91-70도,도,국유지,24.990092021704186,126.9677473142988,37.549025734236004,200.79529819,81.55194609,440.37688977,417.67561162,155,미지정,1
276399,1117000000000001675,청파동1가 93-21도,도,국유지,374.8091788140591,126.9649467699101,37.54870729068484,291.93235597,168.92407558,326.61860803,198.98488939,155,미지정,1
276400,1117000000000001676,청파동1가 130-2도,도,국유지,32.390048953471705,126.96952742412316,37.54907530835226,137.32567751,229.10100345,405.11911124,564.0853951,155,미지정,1
276401,1117000000000001677,청파동1가 132-30도,도,국유지,37.264511136338115,126.96904690862833,37.54911216168795,135.13592961,186.58582567,414.49394741,526.03697453,155,미지정,1
276402,1117000000000001678,청파동1가 132-56도,도,국유지,71.36105476593366,126.96962679093367,37.54908267869249,137.77394503,237.62784606,405.37765874,572.6058451,155,미지정,1
276403,1117000000000001679,청파동1가 134-1도,도,국유지,42.29568779934198,126.9693671074396,37.54937786488888,102.89607224,211.69455335,439.81374626,563.67939738,155,미지정,1
276404,1117000000000001680,청파동1가 134-3도,도,국유지,29.28097674692981,126.96955288779097,37.54924792067213,118.61857335,228.88919122,424.07243867,573.12493419,155,미지정,1
276405,1117000000000001681,청파동1가 200-4도,도,국유지,28.535429500974715,126.96409107160457,37.5494582136106,202.20854982,238.27378255,240.41877827,243.83414116,155,미지정,1
276406,1117000000000001682,청파동1가 200-9도,도,국유지,59.218863614602014,126.96389697731034,37.549357923208575,215.04423772,220.9860377,253.71983308,229.98707302,155,미지정,1
276407,1117000000000001683,청파동1가 201-3도,도,국유지,50.55880459211767,126.96442243834466,37.54914635855157,236.96460004,223.94093418,273.85949272,218.62817603,155,미지정,1
276408,1117000000000001684,청파동1가 202-5도,도,국유지,86.90149417892098,126.96387478874404,37.548975697007315,257.3540605,181.88252474,295.93694464,187.72948829,155,미지정,1
276409,1117000000000001685,청파동1가 202-16 도,도,국유지,15.206941994896624,126.96423439266904,37.54895430216059,257.71959842,196.91965089,295.35245389,192.96508309,155,미지정,1
276410,1117000000000001686,청파동1가 202-19도,도,국유지,40.30007543344982,126.96428811600549,37.54884638898352,269.73282182,190.45048991,307.17952718,183.29142292,155,미지정,1
276411,1117000000000001687,청파동1가 203-5도,도,국유지,61.808833772083744,126.96399730053948,37.5484868673437,310.32880431,143.47462668,348.52297011,137.16632022,155,미지정,1
276412,1117000000000001688,청파동1가 200-14도,도,국유지,3009.4551378968754,126.96411111909887,37.548749930166984,280.62630057,172.28109015,318.59972326,168.03125317,155,미지정,1
276413,1117000000000001689,청파동1가 59-3도,도,국유지,230.17624733876437,126.96790352994024,37.549572696464836,151.77936491,83.92553645,386.11881176,460.18674183,155,미지정,1
276414,1117000000000001690,청파동1가 31-5도,도,국유지,303.94445988722146,126.96847755323405,37.549571057071255,112.40440799,134.01388791,475.18943929,503.32656145,155,미지정,1
276415,1117000000000001691,청파동1가 141-9도,도,국유지,404.55277229094645,126.96998887484801,37.549387722317185,116.22300635,266.60627713,438.8003422,607.6267771,155,미지정,1
276416,1117000000000001692,청파동1가 1-75도,도,국유지,5471.037182874221,126.96687987527582,37.550241379721186,218.76012152,91.0257347,269.41700153,439.45744057,155,미지정,1
276417,1117000000000001693,청파동1가 1-74도,도,국유지,93.30908957717475,126.96538527680258,37.55041501242029,139.34429421,178.18370284,160.69795942,381.61496469,155,미지정,1
276418,1117000000000001694,청파동1가 151-3 도,도,국유지,32.43426795210689,126.96986236800726,37.54885244400766,167.34270272,263.17152228,379.26209716,584.17571742,155,미지정,1
276419,1117000000000001695,청파동1가 149-4 도,도,국유지,19.777319544460624,126.96983271344739,37.54901527679974,149.24797351,256.82485637,397.34671655,587.26136688,155,미지정,1
276420,1117000000000001696,청파동1가 146-1도,도,국유지,87.62219389213715,126.96986869231772,37.549165509626135,134.38289305,257.56467008,414.00823773,595.84203101,155,미지정,1
276421,1117000000000001697,청파동1가 146-4도,도,국유지,52.01031376689207,126.96978603793453,37.549218205481175,126.50285149,249.70346348,419.91992326,591.07186949,155,미지정,1
276422,1117000000000001698,청파동1가 150-3 도,도,국유지,25.490334304515272,126.96984789585737,37.54893232583045,158.46292682,259.92361794,388.1318724,585.62670047,155,미지정,1
276423,1117000000000001699,청파동1가 137-1도,도,국유지,165.58335942949634,126.96949007924147,37.54932790897155,109.09702399,222.75623335,433.32421648,571.41582529,155,미지정,1
276424,1117000000000001700,청파동1가 128-3도,도,국유지,116.59969012986403,126.96961494929273,37.54878772289747,169.95756023,243.99438987,372.75195932,561.16642049,155,미지정,1
276425,1117000000000001701,청파동1가 155-1도,도,국유지,47.744225093571,126.96977845679267,37.54879274544646,171.96730703,257.70537564,372.7206593,575.15542834,155,미지정,1
276426,1117000000000001702,청파동1가 138-1도,도,국유지,67.40338385198265,126.96930510377106,37.54941877191709,98.44520683,206.15300924,444.9107539,560.56676195,155,미지정,1
276427,1117000000000001703,청파동1가 52-5도,도,국유지,50.244828608469106,126.96924681072291,37.54938913120568,102.08136658,201.03928088,442.25203751,554.51221999,155,미지정,1
276428,1117000000000001704,청파동1가 123-4도,도,국유지,63.063990951515734,126.96947954377919,37.54874939836704,172.99691512,233.89563888,369.42656003,548.47990341,155,미지정,1
276429,1117000000000001705,청파동1가 64-1도,도,국유지,30.943489934317768,126.96864312836767,37.54885024791337,173.24551371,160.82578497,394.18085655,482.15019878,155,미지정,1
276430,1117000000000001706,청파동1가 64-2도,도,국유지,188.73562671389664,126.96865217116604,37.54885598632439,172.36292747,161.30953187,394.57487162,483.12367533,155,미지정,1
276431,1117000000000001707,청파동1가 65-1도,도,국유지,19.282058196607977,126.96858179552392,37.54882145133944,178.23218556,157.19868142,392.64376034,475.94913656,155,미지정,1
276432,1117000000000001708,청파동1가 65-2도,도,국유지,17.389183138962835,126.96846471818012,37.54874126941155,190.5142454,152.13786327,387.32282444,463.1482485,155,미지정,1
276433,1117000000000001709,청파동1가 121-19도,도,국유지,62.6815849901177,126.9684385337193,37.5485977194753,206.03044314,158.78051667,373.0420765,455.71222141,155,미지정,1
276434,1117000000000001710,청파동1가 97-81도,도,국유지,36.24003487767186,126.96735679413624,37.54811137379342,300.70673916,58.39884472,370.78080512,348.62860462,155,미지정,1
276435,1117000000000001711,청파동1가 98-7도,도,국유지,1110.8227511418518,126.96779298290474,37.54746008513785,344.56520537,119.75890223,290.06864345,375.88469931,155,미지정,1
276436,1117000000000001712,청파동1가 67-7도,도,국유지,531.2863471006858,126.96825750612116,37.54815488504294,257.55424413,138.12709371,333.72594179,427.08660685,155,미지정,1
276437,1117000000000001713,청파동1가 77-2도,도,국유지,26.054625246673822,126.9682778418972,37.5480204089968,270.80431257,139.99733212,319.49537764,425.80549906,155,미지정,1
276438,1117000000000001714,청파동1가 81-1도,도,국유지,79.52719613933004,126.96802372473329,37.54793000702966,288.61685479,118.70661966,321.30607842,401.91232937,155,미지정,1
276439,1117000000000001715,청파동1가 91-68도,도,국유지,253.8038151850924,126.96727551418195,37.54935889421517,211.57678344,27.77563394,358.84813136,400.88559346,155,미지정,1
276440,1117000000000001716,청파동1가 18-1도,도,국유지,103.8292535264045,126.96667139139473,37.54928366170752,262.77319011,30.83926865,329.25344534,353.00656927,155,미지정,1
276441,1117000000000001717,청파동1가 97-46도,도,국유지,1857.1574564770563,126.96697220475968,37.54770610741841,357.07301538,49.47601381,359.19992845,306.21221643,155,미지정,1
276442,1117000000000001718,청파동1가 89-72도,도,국유지,3823.579316019721,126.96640084647827,37.54848937472607,329.71672661,51.06156105,390.63393162,284.64205008,155,미지정,1
276443,1117000000000001719,청파동1가 1-136도,도,국유지,79.6134971305728,126.9647230066112,37.54976169803922,173.48535313,202.24631016,207.94130966,291.90469085,155,미지정,1
276444,1117000000000001720,청파동1가 100-6도,도,국유지,271.17075044545345,126.96851990047506,37.54722682553288,349.49381246,220.61929237,231.8133347,536.86688217,155,미지정,1
276445,1117000000000001721,청파동1가 101-8 도,도,국유지,60.27022475458216,126.96904105475994,37.546931189937624,288.23754423,182.98361446,181.4113661,517.30183685,155,미지정,1
276446,1117000000000001722,청파동1가 102-3 도,도,국유지,20.989132610266097,126.96883931199373,37.54698817204049,306.58892882,190.12937881,194.87143718,518.10707572,155,미지정,1
276447,1117000000000001723,청파동1가 102-13도,도,국유지,129.37255681841634,126.96895878847154,37.54693597572749,294.58254744,183.65188467,184.93958921,515.59193948,155,미지정,1
276448,1117000000000001724,청파동1가 196-2도,도,국유지,343.8439799080952,126.97023640405529,37.54700939382444,215.96988304,218.92898761,177.70643101,566.91453393,155,미지정,1
276449,1117000000000001725,청파동1가 195-2도,도,국유지,54.851052084821276,126.97019481555652,37.54727821719565,242.21404509,243.91150952,206.56549713,591.76687023,155,미지정,1
276450,1117000000000001726,청파동1가 195-3도,도,국유지,25.04951224080287,126.97017591836334,37.547376205951444,252.17391857,253.16127264,217.12447928,600.80043758,155,미지정,1
276451,1117000000000001727,청파동1가 180-3도,도,국유지,765.0963567679864,126.97011017523958,37.54713311224348,233.6586194,226.15453251,189.64404675,574.01589449,155,미지정,1
276452,1117000000000001728,청파동1가 194-1도,도,국유지,69.28378809872083,126.96986029728197,37.54689589052472,229.09157386,193.21218923,162.10946598,540.6699253,155,미지정,1
276453,1117000000000001729,청파동1가 107-1도,도,국유지,87.77683361200616,126.96945972721005,37.546887897256816,255.43178697,182.01457641,165.21623145,525.53358495,155,미지정,1
276454,1117000000000001730,청파동1가 101-4도,도,국유지,50.67787210288225,126.96922176320884,37.547130753370745,288.68737634,205.76680421,196.66006758,543.3848326,155,미지정,1
276455,1117000000000001731,청파동1가 100-35도,도,국유지,67.76310928212479,126.9684833184735,37.54741561465721,329.78103963,174.94805043,251.57499977,436.66403211,155,미지정,1
276456,1117000000000001732,청파동1가 113-12도,도,국유지,427.5951373501448,126.96884655760721,37.54775467163644,286.57741209,193.71220766,272.80105342,471.24393672,155,미지정,1
276457,1117000000000001733,청파동1가 118-1도,도,국유지,35.61727658426389,126.9694324666575,37.54803147253201,252.41785355,241.89116037,290.70759187,526.57926743,155,미지정,1
276458,1117000000000001734,청파동1가 119-5도,도,국유지,83.10686094051925,126.96935120036981,37.54817516004798,236.37565065,234.7828272,307.50692468,522.19650488,155,미지정,1
276459,1117000000000001735,청파동1가 116-21도,도,국유지,133.47998687555082,126.96870921498463,37.54816114456813,244.66239153,178.03463669,319.40781023,466.24223954,155,미지정,1
276460,1117000000000001736,청파동1가 118-2도,도,국유지,129.8954199909349,126.96930964101983,37.548011504001806,254.5698039,231.11910924,290.15978777,515.51423029,155,미지정,1
276461,1117000000000001737,청파동1가 160-6도,도,국유지,92.2178758350201,126.96950427873796,37.548564452805095,193.62341568,243.26580325,348.7856106,544.94794223,155,미지정,1
276462,1117000000000001738,청파동1가 165-9도,도,국유지,109.97501103079412,126.96927997727342,37.54846099403966,204.75644915,230.27211031,339.81750246,522.87924056,155,미지정,1
276463,1117000000000001739,청파동1가 121-14도,도,국유지,121.8379384339787,126.96868679923529,37.548230510391114,237.66598527,176.54898073,327.33572224,465.93964898,155,미지정,1
276464,1117000000000001740,청파동1가 132-38도,도,국유지,24.568463660776615,126.96855481077846,37.548682234730535,193.45451092,162.31463601,378.6052125,468.45239141,155,미지정,1
276465,1117000000000001741,청파동1가 176-2도,도,국유지,38.34389590867795,126.96923794517633,37.54792404813064,264.44551727,225.39280421,281.78364141,507.84924138,155,미지정,1
276466,1117000000000001742,청파동1가 116-22도,도,국유지,31.699047663481906,126.96913606652231,37.54801197184407,255.21639788,215.79124741,293.21062616,500.36770035,155,미지정,1
276467,1117000000000001743,청파동1가 186-2도,도,국유지,78.1059290599078,126.96983846790567,37.547099207530195,246.45459811,213.64779591,184.69255896,560.30866578,155,미지정,1
276468,1117000000000001744,청파동1가 105-6도,도,국유지,18.64499397785403,126.96950986919167,37.54706739014554,264.7767342,202.42136162,183.89230006,545.66688095,155,미지정,1
276469,1117000000000001745,청파동1가 177-14 도,도,국유지,29.585678691975772,126.96939439549148,37.54749335095862,312.06830205,247.3772456,232.22779611,586.40466628,155,미지정,1
276470,1117000000000001746,청파동1가 108-1도,도,국유지,80.7394483255921,126.96954098809528,37.546997477324275,257.58701226,195.43972915,175.78040581,539.50910906,155,미지정,1
276471,1117000000000001747,청파동1가 107-2도,도,국유지,39.10451239766553,126.96926991430482,37.546973961040045,274.55492765,188.83546037,178.77515789,528.40704247,155,미지정,1
276472,1117000000000001748,청파동1가 171-4도,도,국유지,12.907177062879782,126.96963218693011,37.54791967730496,265.86828534,297.34921088,276.52486006,638.01065149,155,미지정,1
276473,1117000000000001749,청파동1가 171-5도,도,국유지,43.743167084641755,126.96980659103139,37.547904013004484,269.45158619,298.75564136,274.05174889,641.70209644,155,미지정,1
276474,1117000000000001750,청파동1가 175-1도,도,국유지,101.96803351707058,126.9697947234807,37.547655981083395,296.56411997,271.75809605,246.55474191,615.67073673,155,미지정,1
276475,1117000000000001751,청파동1가 140-1도,도,국유지,46.905252410448156,126.96975547238195,37.54944817564035,101.48257446,245.9637387,445.49254919,598.23421559,155,미지정,1
276476,1117000000000001752,청파동1가 142-2도,도,국유지,321.6826778942486,126.96983769798877,37.54934620051425,114.66154481,253.36519421,434.07122999,600.54787587,155,미지정,1
276477,1117000000000001753,청파동1가 148-1도,도,국유지,63.00487194210291,126.96987346658368,37.54909303606268,142.11401439,259.00380603,405.9647907,593.50011205,155,미지정,1
276478,1117000000000001754,청파동1가 149-1도,도,국유지,52.59400878706947,126.9698758289044,37.549017823030304,150.10283856,260.52654475,397.61734465,590.95900239,155,미지정,1
276479,1117000000000001755,청파동1가 150-1도,도,국유지,30.320657045114785,126.96988258660843,37.5489381441048,158.71685242,262.78803976,388.77542267,588.74206398,155,미지정,1
276480,1117000000000001756,청파동1가 154-54 도,도,국유지,35.34232564846752,126.96987225169974,37.548732318856665,180.44128568,267.53897976,365.9294359,581.23635879,155,미지정,1
276481,1117000000000001757,청파동1가 163-1도,도,국유지,20.748450024751946,126.96982476593398,37.54831083045773,225.19025016,280.75041707,319.17243674,566.15164538,155,미지정,1
276482,1117000000000001758,청파동1가 158-2도,도,국유지,641.7841928572743,126.96995197145306,37.54844392277188,213.19379094,284.92195155,334.00244492,580.21408126,155,미지정,1
276483,1117000000000001759,청파동1가 180-2도,도,국유지,648.1759409838123,126.97006091574742,37.547645549351614,282.84446857,277.3783402,245.90018637,623.6911029,155,미지정,1
276484,1117000000000001760,청파동1가 172-7도,도,국유지,504.3449074984528,126.97000414564312,37.548064134882594,255.24368691,320.28913605,292.0154062,664.60342371,155,미지정,1
276485,1117000000000001761,청파동1가 172-6도,도,국유지,155.48426481103525,126.97009536223432,37.547963177295586,268.02823114,311.82036768,281.2798208,657.2838097,155,미지정,1
276486,1117000000000001762,청파동1가 182-6도,도,국유지,24.01968762424076,126.97002525330065,37.54735484524296,257.81128086,245.96043949,213.49676049,592.97553413,155,미지정,1
276487,1117000000000001763,청파동1가 154-1도,도,국유지,808.4431140494999,126.9699774663529,37.5489314024514,162.08594163,271.14902863,388.14484193,596.49788756,155,미지정,1
276488,1117000000000001764,청파동1가 154-50도,도,국유지,302.2326551991864,126.97011939495273,37.548457693866176,215.88063461,298.09469708,336.18171547,573.71921263,155,미지정,1
276489,1117000000000001765,청파동1가 154-55도,도,국유지,175.549252435565,126.970126931309,37.54881806132558,178.59085285,286.78696,376.14013275,579.87748217,155,미지정,1
276490,1117000000000001766,청파동1가 180-6도,도,국유지,606.2068415404065,126.97046144211288,37.54838625884518,234.34902087,366.69355414,331.68716968,542.70686473,155,미지정,1
276491,1117000000000001767,청파동1가 1-194도,도,국유지,103.36202674463857,126.96808341098146,37.55027385930038,112.34751422,136.11686199,360.67295701,519.13530806,155,미지정,1
276492,1117000000000001768,청파동1가 37-6도,도,국유지,15.211582303978503,126.9686781271223,37.55002383698689,67.39594985,164.76939882,420.00754858,544.89425245,155,미지정,1
276493,1117000000000001769,청파동1가 37-9도,도,국유지,20.65482408949174,126.96866855903768,37.55009141967395,65.05565764,167.17905084,416.1394201,548.38524746,155,미지정,1
276494,1117000000000001770,청파동1가 34-1도,도,국유지,82.18819892313331,126.96853095869133,37.549694721260934,99.39039586,140.96909613,487.29438681,514.36102866,155,미지정,1
276495,1117000000000001771,청파동1가 30-1도,도,국유지,69.07517145876773,126.96833424267595,37.54985675225995,102.94352811,129.56679162,401.31323441,509.32378834,155,미지정,1
276496,1117000000000001772,청파동1가 35-1도,도,국유지,61.87632576818578,126.96848843807788,37.54989572972473,88.96759109,143.82955878,411.25254364,523.06939182,155,미지정,1
276497,1117000000000001773,청파동2가 36-2도,도,국유지,25.163016051519662,126.96912542097057,37.54528867264341,232.39729498,7.65896036,67.64521724,352.21556482,150,미지정,1
276498,1117000000000001774,청파동2가 68-10도,도,국유지,67.33355389139615,126.96730113913577,37.54514730080115,290.68039241,154.31863213,229.11467635,293.69753621,150,미지정,1
276499,1117000000000001775,청파동2가 66-18도,도,국유지,40.92007118137553,126.96737592102107,37.544998559803446,272.89829296,150.31950522,268.1193967,277.44661035,150,미지정,1
276500,1117000000000001776,청파동2가 68-9도,도,국유지,42.31761422182899,126.96741463174567,37.54520919774405,293.56879319,143.78801754,218.29156268,300.97517004,150,미지정,1
276501,1117000000000001777,청파동2가 68-12도,도,국유지,314.2900359192863,126.96770085352723,37.545214184488785,286.652021,118.50647468,193.11603676,304.03008165,150,미지정,1
276502,1117000000000001778,청파동2가 54-10 잡,잡,국유지,15.345045043155551,126.96746260381377,37.544938088100565,263.8600975,144.46769032,258.93876088,271.2443912,150,미지정,1
276503,1117000000000001779,청파동2가 71-152 잡,잡,국유지,57.324409265071154,126.96753972937518,37.54488193945876,255.64615072,139.76243531,250.59383027,265.67369322,150,미지정,1
276504,1117000000000001780,청파동2가 70-3도,도,국유지,71.83543248474598,126.96789900919349,37.545265185986715,288.26949475,100.77048241,175.06001705,312.52683013,150,미지정,1
276505,1117000000000001781,청파동2가 134-3도,도,국유지,473.99590136297047,126.96307704815955,37.54389675868159,136.69141417,46.05816426,502.62561609,344.48951121,150,미지정,1
276506,1117000000000001782,청파동2가 80-3 도,도,국유지,55.073577081551775,126.96938072840605,37.54477088780054,240.3064594,64.3107565,85.41169921,316.10382026,150,미지정,1
276507,1117000000000001783,청파동2가 90-35도,도,국유지,119.34223732259125,126.96946193404563,37.54485218345319,251.16214698,60.64152435,74.01891207,327.62964055,150,미지정,1
276508,1117000000000001784,청파동2가 90-34도,도,국유지,31.327664479147643,126.96957422886662,37.54486872380505,203.35970873,65.92059645,68.04486627,335.1645792,150,미지정,1
276509,1117000000000001785,청파동2가 90-38도,도,국유지,81.59502204880118,126.96968488852825,37.54488253383819,193.63583513,72.30252782,63.45759436,342.50530432,150,미지정,1
276510,1117000000000001786,청파동2가 71-62 도,도,국유지,17.21836135420017,126.96815170008546,37.545158296686616,273.05475868,79.6239438,154.79203613,306.13790412,150,미지정,1
276511,1117000000000001787,청파동2가 104-32도,도,국유지,109.03141896962188,126.96987333394802,37.546467338490835,198.47973733,150.75696827,114.54461721,498.73213518,150,미지정,1
276512,1117000000000001788,청파동2가 79-2도,도,국유지,122.45139134320198,126.96928559822182,37.54491846107842,253.54302846,45.903059,77.09151883,324.49562798,150,미지정,1
276513,1117000000000001789,청파동2가 90-21도,도,국유지,75.12633352633566,126.96955572258851,37.545009019170095,200.30280335,54.82481632,54.79006503,346.5258588,150,미지정,1
276514,1117000000000001790,청파동2가 104-8도,도,국유지,30.96910796035081,126.96996254996043,37.546153252995516,174.38415108,126.48838232,80.11728982,472.25617377,150,미지정,1
276515,1117000000000001791,청파동2가 13-3 도,도,국유지,13.760657442791853,126.96913070254216,37.54685915371822,277.2067851,175.17552165,170.94890111,512.26821689,150,미지정,1
276516,1117000000000001792,청파동2가 10-154 도,도,국유지,60.55483722873032,126.96868463475869,37.54664013816003,299.57738862,153.90184948,169.77952985,477.21256878,150,미지정,1
276517,1117000000000001793,청파동2가 106-17도,도,국유지,91.22003051778302,126.96950444393673,37.54636889147536,221.26357346,127.39500226,108.49439012,474.34480627,150,미지정,1
276518,1117000000000001794,청파동2가 25-1도,도,국유지,89.24891812022543,126.96958715211464,37.54615766258222,205.01597699,108.53651536,83.93763091,456.54705113,150,미지정,1
276519,1117000000000001795,청파동2가 11-12 도,도,국유지,29.12487663788488,126.96901242813045,37.54689285873044,287.996366,178.74477307,178.58291476,512.47254111,150,미지정,1
276520,1117000000000001796,청파동2가 11-10도,도,국유지,42.16484887711704,126.968673840428,37.54666188671784,301.48268976,156.45992874,172.27003674,479.27939482,150,미지정,1
276521,1117000000000001797,청파동2가 1-5도,도,국유지,183.00119490968063,126.96610382301185,37.54756527470947,443.65930293,78.64354075,408.11787384,228.05741077,150,미지정,1
276522,1117000000000001798,청파동2가 1-11도,도,국유지,49.387996225152165,126.9660841803859,37.547301948399706,470.3126497,103.21746585,393.38855376,224.47484634,150,미지정,1
276523,1117000000000001799,청파동2가 1-63도,도,국유지,66.45370069617638,126.96614454131307,37.54747606065973,454.1891842,84.14939567,399.49421194,230.60125204,150,미지정,1
276524,1117000000000001800,청파동2가 1-178도,도,국유지,18.899711042176932,126.96470739240615,37.54822334051202,341.37662354,176.83756978,377.47250695,144.78327849,150,미지정,1
276525,1117000000000001801,청파동2가 1-179도,도,국유지,39.97677350207232,126.96480992852467,37.54820612929342,344.48506945,167.1599753,380.20715726,150.07251132,150,미지정,1
276526,1117000000000001802,청파동2가 2-18 도,도,국유지,176.5005803781096,126.96689524281071,37.54669901517047,464.90940912,155.82140951,297.83378624,303.64384614,150,미지정,1
276527,1117000000000001803,청파동2가 2-24도,도,국유지,41.90971442114096,126.96720494094703,37.54677500577267,435.3850514,153.13751712,278.40500345,328.78370033,150,미지정,1
276528,1117000000000001804,청파동2가 3도,도,국유지,107.18200105900178,126.96619952923686,37.5468946142783,406.86126087,140.1691056,362.42622322,239.00811743,150,미지정,1
276529,1117000000000001805,청파동2가 4-1도,도,국유지,51.84039313852554,126.96625014073096,37.546683122662635,398.8777957,161.47760974,348.45394455,248.84442115,150,미지정,1
276530,1117000000000001806,청파동2가 4-8도,도,국유지,15.668381078634411,126.96627161251956,37.54656833427231,394.61004186,173.43953286,341.82442211,254.46093278,150,미지정,1
276531,1117000000000001807,청파동2가 5-6도,도,국유지,39.01149667467689,126.96654234087575,37.54663899912004,469.30422419,162.05964331,322.86426453,275.02432954,150,미지정,1
276532,1117000000000001808,청파동2가 6-21도,도,국유지,29.938902883208357,126.96654558962601,37.54704757810538,438.51814555,116.90132806,343.86771136,266.76159966,150,미지정,1
276533,1117000000000001809,청파동2가 7-3도,도,국유지,126.63186570489779,126.96666391252938,37.546556172114215,456.81318635,170.70432591,309.30491528,287.90050446,150,미지정,1
276534,1117000000000001810,청파동2가 8-4도,도,국유지,28.55122186196968,126.96712216454829,37.546533268979736,441.41141371,177.26320957,271.56524323,327.54309922,150,미지정,1
276535,1117000000000001811,청파동2가 8-16도,도,국유지,22.117237237165682,126.96678803045086,37.546283197634885,424.5994558,201.14060943,288.02389858,308.21502322,150,미지정,1
276536,1117000000000001812,청파동2가 10-60도,도,국유지,71.18656867038226,126.96768063116562,37.54690852606319,404.9293126,157.72723508,253.2076807,368.16737104,150,미지정,1
276537,1117000000000001813,청파동2가 45-6도,도,국유지,77.8906993761193,126.96691588471953,37.54651542676657,444.99327064,176.27387964,287.13986614,310.53344202,150,미지정,1
276538,1117000000000001814,청파동2가 46-7도,도,국유지,77.40531293849926,126.96677693843988,37.54641208063017,438.31234456,186.80870756,293.92032642,302.32680826,150,미지정,1
276539,1117000000000001815,청파동2가 46-9도,도,국유지,30.94442333932966,126.96668702123613,37.54653782715267,454.18016424,172.71834654,306.61812178,290.44563595,150,미지정,1
276540,1117000000000001816,청파동2가 133-1도,도,국유지,66.2534836519626,126.9669788373304,37.546519430175174,443.67066099,176.5328022,282.28338595,315.75275724,150,미지정,1
276541,1117000000000001817,청파동2가 33-7도,도,국유지,145.35705136455363,126.96936167944213,37.54571028940618,212.13577425,55.37902601,54.19156924,403.31633898,150,미지정,1
276542,1117000000000001818,청파동2가 93-2도,도,국유지,40.98367400304414,126.97017019995214,37.545260428104186,141.19761217,99.98764115,32.98514269,402.2015641,150,미지정,1
276543,1117000000000001819,청파동2가 131도,도,국유지,1232.6361182900146,126.9705175320286,37.545440261828226,108.50193182,131.81981632,57.36763175,437.42452535,150,미지정,1
276544,1117000000000001820,청파동2가 35-54도,도,국유지,17.326205419376493,126.96880519369753,37.54544016605341,303.36887251,27.08240891,93.95904403,354.96995547,150,미지정,1
276545,1117000000000001821,청파동2가 8-9도,도,국유지,657.4815312006976,126.96737417797296,37.54620956013942,400.83629244,179.53924226,236.57682436,411.73434068,150,미지정,1
276546,1117000000000001822,청파동2가 8-50도,도,국유지,207.69103720784187,126.96726601151491,37.5463933177729,423.00780247,195.35395157,253.36704798,344.06519242,150,미지정,1
276547,1117000000000001823,청파동2가 2-27도,도,국유지,247.75989551085513,126.9668974851154,37.547008116444324,425.45912108,121.82422524,315.2792267,298.14984047,150,미지정,1
276548,1117000000000001824,청파동2가 81도,도,국유지,1244.1866946538212,126.96887942191132,37.54477437731161,230.60404765,58.13516292,114.10221143,291.80619865,150,미지정,1
276549,1117000000000001825,청파동2가 71-11도,도,국유지,343.4235434602015,126.96858570496143,37.54454989408372,203.61301258,90.64752263,150.02056235,257.40786568,150,미지정,1
276550,1117000000000001826,청파동2가 71-128도,도,국유지,44.49535101617221,126.9685813438407,37.54470064528453,220.32982087,76.20375629,139.94718102,272.12498485,150,미지정,1
276551,1117000000000001827,청파동2가 2-25도,도,국유지,238.93251591402804,126.96651410711108,37.547116044100534,433.87808034,109.72890659,350.23398379,263.28740861,150,미지정,1
276552,1117000000000001828,청파동2가 48-7도,도,국유지,286.1503041908145,126.9662071532705,37.54649758305055,385.99949228,151.49819862,344.36081967,251.75231679,150,미지정,1
276553,1117000000000001829,청파동2가 47-39도,도,국유지,97.53156100591877,126.96660346743421,37.5463795049276,440.60551959,190.46500522,306.96818931,289.14610589,150,미지정,1
276554,1117000000000001830,청파동2가 1-36 잡,잡,국유지,28.291082152165473,126.96539794227768,37.54723209360374,372.9978144,149.38256791,494.76992987,164.02171371,150,미지정,1
276555,1117000000000001831,청파동2가 3-24도,도,국유지,227.4924755555112,126.96591446216416,37.5467434214505,376.60810792,159.36047565,378.37654475,218.49365867,150,미지정,1
276556,1117000000000001832,청파동2가 1-170도,도,국유지,869.3703445468564,126.9652551798466,37.54666701309439,323.45790256,133.50601867,429.9855228,166.88513035,150,미지정,1
276557,1117000000000001833,청파동2가 16-1도,도,국유지,67.68057840527035,126.96920034806656,37.54651121619207,252.37196272,137.11398868,133.21014218,478.20228063,150,미지정,1
276558,1117000000000001834,청파동2가 22-1도,도,국유지,78.65116511913948,126.96936817387868,37.54625398071248,226.96043758,111.67436374,101.04624625,457.70981799,150,미지정,1
276559,1117000000000001835,청파동2가 36-14도,도,국유지,31.27352722606156,126.96907925456065,37.54534091187078,236.0156864,7.38966551,70.52072426,355.41206084,150,미지정,1
276560,1117000000000001836,청파동2가 24-1도,도,국유지,76.51302476413548,126.96948722646668,37.546199865786434,214.9532495,109.24587113,91.29880601,456.77088537,150,미지정,1
276561,1117000000000001837,청파동2가 117-4도,도,국유지,229.0477299001068,126.97032507348092,37.54651488318417,170.21385132,177.82891839,126.43442499,523.19257487,150,미지정,1
276562,1117000000000001838,청파동2가 53-25 도,도,국유지,51.83654752932489,126.96510318621887,37.54520685181331,250.06531924,29.61569142,408.94575564,270.39785056,150,미지정,1
276563,1117000000000001839,청파동2가 53-40도,도,국유지,41.22404018417001,126.96510132579903,37.545173872234116,249.52299004,33.25232143,406.67370726,273.47090928,150,미지정,1
276564,1117000000000001840,청파동2가 117-2도,도,국유지,24.677085098810494,126.97036510943296,37.54658191322204,172.81544914,185.82318354,134.61764534,531.38288458,150,미지정,1
276565,1117000000000001841,청파동2가 53-24도,도,국유지,25.4573112456128,126.96540586855454,37.54518712380402,276.45497191,43.13697056,387.67618619,286.74942153,150,미지정,1
276566,1117000000000001842,청파동2가 53-17도,도,국유지,149.93799208360724,126.9655524390986,37.54544695810165,293.30562364,42.3066372,399.22384599,271.92195866,150,미지정,1
276567,1117000000000001843,청파동2가 116-2도,도,국유지,109.42345162667334,126.97030218518354,37.54666837619325,183.56198548,190.04727728,142.12394168,536.7396185,150,미지정,1
276568,1117000000000001844,청파동2가 53-15도,도,국유지,81.6337810024852,126.96562520873886,37.54531628809725,297.34009406,51.64680881,384.19814886,287.14360644,150,미지정,1
276569,1117000000000001845,청파동2가 1-174도,도,국유지,458.3285413910635,126.96477625296748,37.546944047699554,311.21698897,165.41598268,519.51640626,115.95673304,150,미지정,1
276570,1117000000000001846,청파동2가 1-182 도,도,국유지,67.17657169158338,126.96509768832436,37.54683301309193,323.81791165,150.98852083,534.50453594,146.87825009,150,미지정,1
276571,1117000000000001847,청파동2가 1-181 도,도,국유지,84.64215352479368,126.96515493344921,37.54682853348783,327.3934393,150.64432495,535.63404003,151.78953943,150,미지정,1
276572,1117000000000001848,청파동2가 35-32도,도,국유지,39.87035186588764,126.96894832058221,37.545394623534236,299.65029074,14.80515141,81.43436855,355.58262539,150,미지정,1
276573,1117000000000001849,청파동2가 115-2도,도,국유지,131.2657945516985,126.97028164039052,37.54677520857773,193.4797057,198.75642155,153.13180089,546.08595025,150,미지정,1
276574,1117000000000001850,청파동2가 115-3도,도,국유지,553.644558908185,126.97017352119354,37.54665490402672,190.60358361,182.34915875,138.02076696,529.75605431,150,미지정,1
276575,1117000000000001851,청파동2가 112-3 도,도,국유지,30.086089156160597,126.96967777636515,37.54687608823689,239.64017231,185.65502858,160.79491483,531.89729492,150,미지정,1
276576,1117000000000001852,청파동2가 114-10도,도,국유지,47.23056051088497,126.9696170055377,37.54679364929222,238.03841989,175.32127772,152.38842202,521.35324611,150,미지정,1
276577,1117000000000001853,청파동2가 114-11도,도,국유지,11.141900901740883,126.96960666079812,37.546875106220654,244.39432757,183.73713645,161.46636932,529.26081829,150,미지정,1
276578,1117000000000001854,청파동2가 111-4 도,도,국유지,42.566811434866395,126.96950293410137,37.546866095161285,250.93189558,180.475196,162.05188675,524.74991789,150,미지정,1
276579,1117000000000001855,청파동2가 35-31도,도,국유지,10.48990685842,126.96831019354839,37.545306333333336,288.115804,64.46916858,138.44362589,325.85927603,150,미지정,1
276580,1117000000000001856,청파동2가 53-43도,도,국유지,72.22812830610201,126.9639933751132,37.545111499388916,151.42054794,103.63671774,481.38252869,227.24168982,150,미지정,1
276581,1117000000000001857,청파동2가 14-1도,도,국유지,73.60443499742541,126.96936940984295,37.54671646207832,250.87806658,161.80604352,148.8740193,504.90142108,150,미지정,1
276582,1117000000000001858,청파동2가 113-1도,도,국유지,131.91816271760035,126.96974896303595,37.546690595501865,221.82092939,168.40075646,139.72184865,515.87085353,150,미지정,1
276583,1117000000000001859,청파동2가 15-1도,도,국유지,41.537117794388905,126.96924219598577,37.54661291641086,254.47643803,148.74579092,141.93354861,490.06044071,150,미지정,1
276584,1117000000000001860,청파동2가 13-4 도,도,국유지,48.083815695892554,126.96931084086351,37.54685135811661,263.58822243,175.771302,164.70784835,516.928928,150,미지정,1
276585,1117000000000001861,청파동2가 134-2도,도,국유지,1785.6578704162966,126.96365966916325,37.544779959534466,122.55442322,139.4340108,488.78499587,253.19991306,150,미지정,1
276586,1117000000000001862,청파동2가 71-141도,도,국유지,17.203627954469994,126.96823124116304,37.54532169004181,290.35494445,71.52440894,145.22728181,325.5010704,150,미지정,1
276587,1117000000000001863,청파동2가 1-169도,도,국유지,2357.410389055207,126.96355069093961,37.547196945483066,272.35438425,67.93177377,495.42309023,11.79669712,150,미지정,1
276588,1117000000000001864,청파동2가 71-73도,도,국유지,56.35315671074204,126.9681697869057,37.54531120360861,289.7320868,76.88891812,150.74023539,322.92639804,150,미지정,1
276589,1117000000000001865,청파동2가 40-30도,도,국유지,47.33925507217646,126.96787858883248,37.54545869905729,309.70380858,104.40424831,175.86241874,333.30853712,150,미지정,1
276590,1117000000000001866,청파동2가 76-5도,도,국유지,13.211769353947602,126.96893380821578,37.54471969289781,225.31527366,63.1551023,114.58430847,289.06738991,150,미지정,1
276591,1117000000000001867,청파동2가 1-8도,도,국유지,797.6995380906155,126.96557330524266,37.54746534677618,439.1259574,121.31134384,472.60961387,180.21955304,150,미지정,1
276592,1117000000000001868,청파동2가 104-16 도,도,국유지,14.113897552713752,126.96989795042852,37.54611285244383,177.73129067,119.38837873,75.24545084,465.48448779,150,미지정,1
276593,1117000000000001869,청파동2가 104-17 도,도,국유지,22.215364293195307,126.96981353421634,37.54611693598234,184.77733562,115.15460216,75.80855705,462.12806465,150,미지정,1
276594,1117000000000001870,청파동2가 53-42 도,도,국유지,34.31860594311729,126.96332597770792,37.54612961446128,159.03833736,159.79630583,615.5167454,100.80591332,150,미지정,1
276595,1117000000000001871,청파동2가 101-5도,도,국유지,111.60166900174227,126.96988739239207,37.54608604029528,177.43550588,116.50403951,72.24379703,462.44834843,150,미지정,1
276596,1117000000000001872,청파동2가 104-18도,도,국유지,29.002602342749014,126.96970781400066,37.546120748619096,193.59355267,110.21633428,77.38878971,457.93521614,150,미지정,1
276597,1117000000000001873,청파동2가 103-5 도,도,국유지,18.767881456762552,126.96966420642802,37.54590865856633,189.93892577,88.77604741,55.54963987,435.51033657,150,미지정,1
276598,1117000000000001874,청파동2가 103-4 도,도,국유지,30.12564042734448,126.96965272760323,37.54603521791742,194.91137601,99.59804338,69.25775159,447.27096387,150,미지정,1
276599,1117000000000001875,청파동2가 26-2 도,도,국유지,33.61245967447758,126.969606,37.545929666666666,195.50621267,87.57198122,59.56753818,435.01849263,150,미지정,1
276600,1117000000000001876,청파동2가 35-49도,도,국유지,335.87236076628324,126.9686091614687,37.54535944801037,293.48716686,38.94227757,111.59926928,340.12272726,150,미지정,1
276601,1117000000000001877,청파동2가 40-29도,도,국유지,112.82871357211843,126.96771491602553,37.54540349077816,306.72912362,117.78855212,190.34012113,325.01215039,150,미지정,1
276602,1117000000000001878,청파동2가 103-6 도,도,국유지,33.548794734699186,126.96967900243628,37.54581652083029,186.34667188,81.91827029,45.50111627,427.32603091,150,미지정,1
276603,1117000000000001879,청파동2가 104-19도,도,국유지,34.54908204724779,126.96960885256684,37.54613558396025,202.33742842,107.23610518,81.03677169,455.25722407,150,미지정,1
276604,1117000000000001880,청파동2가 32-1도,도,국유지,111.6362217736314,126.96962807308323,37.54593741914133,193.84588684,89.40047995,59.63885568,436.71885753,150,미지정,1
276605,1117000000000001881,청파동2가 33-17도,도,국유지,117.32511505129514,126.96945163769989,37.54583388896782,206.42672974,71.23261862,57.56296373,419.16129067,150,미지정,1
276606,1117000000000001882,청파동2가 118-3도,도,국유지,27.546017199754715,126.9704180135897,37.54632880921013,150.51130569,168.32821741,110.42411613,510.23278907,150,미지정,1
276607,1117000000000001883,청파동2가 124-1 도,도,국유지,149.0395681313239,126.97044814126986,37.5459444235245,125.70091881,144.57546533,76.27432228,476.89606913,150,미지정,1
276608,1117000000000001884,청파동2가 134-1도,도,국유지,77.24836221628357,126.9631854238192,37.54648402450482,186.96907777,118.68777611,578.7581053,59.56520899,150,미지정,1
276609,1117000000000001885,청파동2가 120-4도,도,국유지,573.3232043037424,126.97037922521127,37.54617304004574,143.18962102,154.25419872,93.49973806,493.9876367,150,미지정,1
276610,1117000000000001886,청파동2가 118-5도,도,국유지,102.85243144701235,126.97035113139114,37.546392327977244,159.54651896,169.16232702,114.46491125,512.90215724,150,미지정,1
276611,1117000000000001887,청파동2가 104-33도,도,국유지,531.535197903635,126.97021736068285,37.54624848454151,159.75294423,149.45312094,95.37667765,493.08376666,150,미지정,1
276612,1117000000000001888,청파동2가 104-15 도,도,국유지,63.72334792994661,126.970068556385,37.546099325509196,163.35917007,128.43290526,75.79169979,472.06081995,150,미지정,1
276613,1117000000000001889,청파동2가 10-83도,도,국유지,23.56881304894341,126.96890381502286,37.54641882181995,271.87271195,126.68225122,138.4984497,459.52695711,150,미지정,1
276614,1117000000000001890,청파동2가 1-145 도,도,국유지,102.34930365456967,126.9633918255953,37.54855053726862,311.63593545,121.1452123,350.64309448,138.90232962,150,미지정,1
276615,1117000000000001891,청파동2가 10-142 도,도,국유지,17.350558932637796,126.96888260618051,37.546126264367814,262.93268811,94.6621842,116.06185121,428.29082346,150,미지정,1
276616,1117000000000001892,청파동2가 10-150도,도,국유지,19.78789123718161,126.96891112862455,37.546063427757126,258.67035863,87.40710783,109.61987581,422.63278327,150,미지정,1
276617,1117000000000001893,청파동2가 106-7도,도,국유지,34.05852591525763,126.96967812479004,37.54646857758579,213.13568549,143.24068006,115.90747437,490.97711656,150,미지정,1
276618,1117000000000001894,청파동2가 71-148도,도,국유지,59.89431677584071,126.96807878825841,37.54474923019187,229.06814871,103.46612052,175.52829923,260.74815441,150,미지정,1
276619,1117000000000001895,청파동2가 71-17도,도,국유지,51.341564532602206,126.96813929830927,37.54467090339733,219.61797061,104.5508056,174.77666928,254.10611211,150,미지정,1
276620,1117000000000001896,청파동2가 71-15도,도,국유지,314.6159013955621,126.96823640463165,37.544705510087866,222.26937042,95.56698917,165.41149318,260.5835591,150,미지정,1
276621,1117000000000001897,청파동2가 71-13도,도,국유지,122.86856621369952,126.96832541222962,37.5447034035816,221.27473956,90.04987595,158.7195658,263.18458573,150,미지정,1
276622,1117000000000001898,청파동2가 71-41도,도,국유지,78.39294813293964,126.96833761686999,37.54459516071317,209.21343111,98.29930186,164.30172671,252.49110545,150,미지정,1
276623,1117000000000001899,청파동2가 36-27도,도,국유지,79.04931440204382,126.96900994875615,37.54535519657962,296.05015409,8.46867049,76.38212524,354.03793392,150,미지정,1
276624,1117000000000001900,청파동2가 71-101 도,도,국유지,10.995085650589317,126.96763264079688,37.544800574487056,244.4048814,135.31291246,239.20203083,257.73302237,150,미지정,1
276625,1117000000000001901,청파동2가 71-54도,도,국유지,30.08692225255072,126.96773025846238,37.54475242021191,236.65282934,129.76850745,231.23322722,253.8370798,150,미지정,1
276626,1117000000000001902,청파동2가 71-112 도,도,국유지,20.47972696647048,126.96774197246167,37.54477274976053,238.5066767,127.83214132,233.03019254,256.2424311,150,미지정,1
276627,1117000000000001903,청파동2가 71-111 도,도,국유지,44.17164534237236,126.96781743303356,37.54475510303097,234.77179702,122.80934614,229.10058946,255.61276274,150,미지정,1
276628,1117000000000001904,청파동2가 71-146도,도,국유지,16.090498707839288,126.96789859930912,37.54474152605912,231.50306301,117.31788384,225.61423525,255.7281477,150,미지정,1
276629,1117000000000001905,청파동2가 71-21도,도,국유지,87.11239767633379,126.96804534260352,37.54469285381598,223.4472902,109.52388686,180.95822293,253.90322815,150,미지정,1
276630,1117000000000001906,청파동2가 71-25도,도,국유지,41.06727174995467,126.96773508641827,37.54483763474246,245.58010039,125.37110331,199.8550644,263.22271784,150,미지정,1
276631,1117000000000001907,청파동2가 71-147도,도,국유지,69.37898412626237,126.96795507115763,37.54473486194953,229.64083552,113.45385239,186.10031238,256.23090466,150,미지정,1
276632,1117000000000001908,청파동2가 8-35도,도,국유지,10.298513331450522,126.96739596666666,37.54625735333334,405.49203531,181.0832264,236.7767795,417.10373347,150,미지정,1
276633,1117000000000001909,청파동2가 66-20도,도,국유지,49.61507545202039,126.96696259141378,37.544991351850015,287.77628925,175.1743643,284.02574143,277.22512169,150,미지정,1
276634,1117000000000001910,청파동2가 63-10도,도,국유지,48.26152604538947,126.96692638383631,37.54501850540257,291.95841561,171.21836411,288.24758765,280.50554802,150,미지정,1
276635,1117000000000001911,청파동2가 66-19도,도,국유지,103.12900479929522,126.96717869217115,37.54497991953968,277.975175,167.80338079,273.71678699,275.05292675,150,미지정,1
276636,1117000000000001912,청파동2가 1-176도,도,국유지,23.578103354782797,126.96494231253466,37.548175914309475,349.69412137,155.26391161,384.91874526,156.89690142,150,미지정,1
276637,1117000000000001913,청파동2가 1-177도,도,국유지,664.2889561771299,126.96501444933064,37.547796086704544,392.31383682,152.25685805,427.54867199,140.92323433,150,미지정,1
276638,1117000000000001914,청파동2가 10-19도,도,국유지,2102.114583958115,126.96833872428235,37.54663798201336,327.33851047,162.67527015,189.97673679,469.60270116,150,미지정,1
276639,1117000000000001915,청파동2가 67-11도,도,국유지,140.10568386135856,126.9669941989686,37.545230530353415,310.10380607,171.73783912,255.01351313,303.49461327,150,미지정,1
276640,1117000000000001916,청파동2가 67-4도,도,국유지,22.87281567044556,126.9672269810606,37.54514464772728,292.90901644,160.87008238,235.64599061,293.31381203,150,미지정,1
276641,1117000000000001917,청파동2가 67-10도,도,국유지,119.59166825562716,126.96733693526338,37.54531279007081,306.71051823,150.46124003,224.12320974,312.14932069,150,미지정,1
276642,1117000000000001918,청파동2가 60-2도,도,국유지,20.611933148931712,126.96698919890555,37.545482893885314,335.71163584,169.18261439,254.4950378,331.4757586,150,미지정,1
276643,1117000000000001919,청파동2가 60-10도,도,국유지,141.7969100313494,126.9669761443015,37.54558580017753,346.64364889,168.49307181,256.13892757,342.94661095,150,미지정,1
276644,1117000000000001920,청파동2가 41-22도,도,국유지,40.532291874988005,126.96704823520871,37.54564558144787,350.32861519,175.44782596,250.31319679,349.2359423,150,미지정,1
276645,1117000000000001921,청파동2가 42-2도,도,국유지,129.91877841204405,126.96713135920277,37.54584644536715,368.5950628,179.83377592,246.14348095,371.28438608,150,미지정,1
276646,1117000000000001922,청파동2가 42-19도,도,국유지,56.39691205101553,126.96701207565216,37.545739598434785,361.20409707,173.74351779,254.66753274,359.8093383,150,미지정,1
276647,1117000000000001923,청파동2가 41-21도,도,국유지,44.38194446731359,126.96710050099448,37.545727789834245,357.16007155,178.30326204,246.74860885,358.18723571,150,미지정,1
276648,1117000000000001924,청파동2가 42-27도,도,국유지,174.55629334633704,126.966495033058,37.54558201800863,365.14951211,126.09321791,298.55475781,347.7879384,150,미지정,1
276649,1117000000000001925,청파동2가 42-26도,도,국유지,112.48971974523738,126.96667457402565,37.54582803542884,382.11574995,146.77143917,285.58956732,372.28046534,150,미지정,1
276650,1117000000000001926,청파동2가 42-25도,도,국유지,124.07753516663797,126.96662768238409,37.54613366515157,414.68948897,155.60609097,296.69046554,301.83734601,150,미지정,1
276651,1117000000000001927,청파동2가 123-4도,도,국유지,73.94353584363125,126.9705429723438,37.54597876858116,119.83345468,153.73331022,84.80578514,484.9854227,150,미지정,1
276652,1117000000000001928,청파동2가 55-13도,도,국유지,26.64416596153751,126.96596630701266,37.544924294680655,333.40950408,99.55949697,331.91002244,290.74992981,150,미지정,1
276653,1117000000000001929,청파동2가 59-6도,도,국유지,83.38461686100345,126.96598783136312,37.545276365719786,361.92079604,83.57789172,359.68031959,326.58284101,150,미지정,1
276654,1117000000000001930,청파동2가 56-9 도,도,국유지,32.65158610092476,126.96573615550214,37.545251149193945,306.20538318,63.40862227,372.23054505,298.98955341,150,미지정,1
276656,1117000000000001932,청파동2가 54-1도,도,국유지,2619.7813549912535,126.96617450094999,37.545004011558724,328.02154829,110.2306766,325.95928698,292.63752546,150,미지정,1
276657,1117000000000001933,청파동2가 54-11 도,도,국유지,12.000417791772634,126.96666128102439,37.544870614766396,290.31764255,155.31310722,287.50115368,267.47562516,150,미지정,1
276658,1117000000000001934,청파동2가 60-20도,도,국유지,148.0456580715254,126.96660958002077,37.54511579971071,315.53907706,141.29851636,312.37079694,295.06459995,150,미지정,1
276659,1117000000000001935,청파동2가 63-22도,도,국유지,85.97393337311223,126.96617465499207,37.54531202855892,355.13880043,98.81919508,352.49486491,325.25395053,150,미지정,1
276660,1117000000000001936,청파동2가 60-14도,도,국유지,135.25028340530116,126.96647496925199,37.54540149079614,348.7518574,123.98788806,345.38937094,328.46432046,150,미지정,1
276661,1117000000000001937,청파동2가 97-16도,도,국유지,128.61476286844118,126.96968452229345,37.54557052577594,182.32364459,65.38409409,22.12017563,404.32320609,150,미지정,1
276662,1117000000000001938,청파동2가 98-6도,도,국유지,101.05841023498215,126.96992394930527,37.545744066271986,163.56158735,93.48147312,34.61913248,432.01487215,150,미지정,1
276663,1117000000000001939,청파동2가 97-20 도,도,국유지,18.12065831455402,126.96972267442489,37.54542945593143,178.74518167,62.57166133,12.89436141,393.11358155,150,미지정,1
276664,1117000000000001940,청파동2가 97-18 도,도,국유지,16.924025542568415,126.96971919801024,37.54559679039892,179.45456885,69.49027013,22.25087998,408.4314453,150,미지정,1
276665,1117000000000001941,청파동2가 97-19 도,도,국유지,30.091541428118944,126.96972858322468,37.54550779791395,178.17174584,65.86190151,14.74488609,400.61905475,150,미지정,1
276666,1117000000000001942,청파동2가 93-1도,도,국유지,730.8201927274931,126.97037269053114,37.54532216385949,122.4501127,117.93420469,46.30033705,419.1225339,150,미지정,1
276667,1117000000000001943,청파동2가 90-27도,도,국유지,20.611995815765113,126.97027128408281,37.54523786509636,132.88499054,109.0033074,41.80663376,406.17582736,150,미지정,1
276668,1117000000000001944,청파동2가 95-1도,도,국유지,726.6961087406962,126.9702614828454,37.54580254662508,135.90455881,122.47668906,53.55424046,454.42479198,150,미지정,1
276669,1117000000000001945,청파동2가 129-3 도,도,국유지,40.2086622947827,126.97042875557996,37.54558541110705,116.87398779,127.32482301,52.24714195,444.51595668,150,미지정,1
276670,1117000000000001946,청파동2가 124-2도,도,국유지,387.64264967443887,126.97042707143181,37.54584612165222,123.37147698,137.68748456,67.20476838,467.06796783,150,미지정,1
276671,1117000000000001947,청파동2가 35-36도,도,국유지,151.8754260665737,126.96935502365804,37.54530430046174,212.03316314,28.02336217,47.64087605,363.84239118,150,미지정,1
276672,1117000000000001948,청파동2가 35-7도,도,국유지,45.15216678287834,126.9694758273777,37.545324356576515,201.20308626,38.87292212,36.81278522,371.37018837,150,미지정,1
276673,1117000000000001949,청파동2가 97-15도,도,국유지,57.51543039176613,126.96959312193039,37.545310345497946,191.02225617,49.05740164,28.0023058,375.74799999,150,미지정,1
276674,1117000000000001950,청파동2가 97-1도,도,국유지,36.07463272602763,126.96982843755664,37.54526252256661,170.99976774,69.79062753,19.49868371,383.49100113,150,미지정,1
276675,1117000000000001951,청파동2가 91-3도,도,국유지,23.711397902690805,126.9699840440538,37.545252788900385,157.56345579,83.57175661,22.68851579,391.07090957,150,미지정,1
276676,1117000000000001952,청파동2가 90-5도,도,국유지,40.40014647814678,126.97006607125518,37.54511796965285,153.60924058,92.57474317,39.31397231,384.2120987,150,미지정,1
276677,1117000000000001953,청파동2가 90-26도,도,국유지,30.79784073261544,126.97013950573248,37.54522311380042,144.62402961,97.46830287,33.59464093,397.29047025,150,미지정,1
276678,1117000000000001954,청파동2가 97-21 도,도,국유지,66.45555548556149,126.96968321235822,37.54533750734264,182.81834145,57.24783927,19.63748334,382.72639702,150,미지정,1
276679,1117000000000001955,청파동2가 91-6도,도,국유지,65.73968933941796,126.96985576943929,37.54522402767624,169.26772901,72.46205011,23.47522055,381.55659818,150,미지정,1
276680,1117000000000001956,청파동2가 91-5도,도,국유지,111.80892650969326,126.96998966029214,37.545243216793146,157.24610924,84.11608123,23.86061116,390.55305957,150,미지정,1
276681,1117000000000001957,청파동2가 89-2도,도,국유지,107.34149266639724,126.96902944281496,37.54510019531249,268.36027278,20.25271132,82.94624039,329.79819798,150,미지정,1
276682,1117000000000001958,청파동2가 84-6도,도,국유지,37.06547154625878,126.96904932680603,37.54491878808326,248.85156237,40.37884216,92.33455791,313.24955078,150,미지정,1
276683,1117000000000001959,청파동2가 89-1도,도,국유지,108.3319359018933,126.96919721000451,37.54523177028822,226.75456379,15.06468098,63.47025251,349.81021964,150,미지정,1
276684,1117000000000001960,청파동2가 71-2도,도,국유지,60.43837792426348,126.96851015530672,37.5451807504598,273.56012666,48.08900354,123.31082614,318.46964809,150,미지정,1
276685,1117000000000001961,청파동2가 36-22도,도,국유지,100.17146000207867,126.96869610455624,37.54520915024968,277.12710742,31.38570692,106.5953191,327.60944663,150,미지정,1
276686,1117000000000001962,청파동3가 132-169도,도,국유지,38.822213371284306,126.96457751675932,37.54275949688394,316.76895177,138.79729862,354.64960114,232.24816917,130,미지정,1
276687,1117000000000001963,청파동3가 132-173도,도,국유지,82.73496167943813,126.96459343054732,37.54291895712309,304.28841004,129.57499952,353.54541147,246.60304329,130,미지정,1
276688,1117000000000001964,청파동3가 132-227 도,도,국유지,149.56978804897517,126.96468099580298,37.54314182179159,291.92450947,125.31562441,347.75754779,264.7585353,130,미지정,1
276689,1117000000000001965,청파동3가 132-76도,도,국유지,345.6318321953295,126.96434798026277,37.54309206040831,275.51772106,101.05599718,376.47066764,274.27960499,130,미지정,1
276690,1117000000000001966,청파동3가 132-84 도,도,국유지,112.9895008909516,126.96453267825571,37.542826296309144,308.5362137,131.09123886,358.63049785,240.62793914,130,미지정,1
276691,1117000000000001967,청파동3가 132-228 도,도,국유지,101.00812862697057,126.96456382404352,37.54299766417428,296.06931214,122.81501466,356.63140955,255.47543575,130,미지정,1
276692,1117000000000001968,청파동3가 132-177도,도,국유지,11.456388836493716,126.96476492979453,37.54273635273972,329.50034247,153.51347128,338.11866864,221.47810349,130,미지정,1
276693,1117000000000001969,청파동3가 132-121도,도,국유지,44.678308618604206,126.96217294968898,37.54214288144896,303.00502033,123.62568103,541.93858113,136.61518841,130,미지정,1
276694,1117000000000001970,청파동3가 132-77 도,도,국유지,151.49805757921422,126.96462906775437,37.54270994556128,323.91045292,145.80622976,350.18134479,225.15950559,130,미지정,1
276695,1117000000000001971,청파동3가 132-225 도,도,국유지,52.41657155007124,126.96467611246257,37.543214176771464,286.1220193,122.25207038,349.19120352,272.1770179,130,미지정,1
276696,1117000000000001972,청파동3가 132-172 도,도,국유지,16.895177765749395,126.96465481277211,37.54304087276244,298.14229047,127.67578735,348.96606938,255.81370897,130,미지정,1
276697,1117000000000001973,청파동3가 132-175도,도,국유지,10.392136668320745,126.96466594966179,37.54282876655655,316.02268447,140.45084293,346.85739235,234.72771465,130,미지정,1
276698,1117000000000001974,청파동3가 132-113도,도,국유지,39.8427007192513,126.96217696110291,37.542060537666174,294.33529824,116.07320514,536.2112725,127.80128146,130,미지정,1
276699,1117000000000001975,청파동3가 132-209도,도,국유지,57.581339374301024,126.96310833818809,37.542453500241315,287.13942146,123.33732563,485.87146557,202.13021247,130,미지정,1
276700,1117000000000001976,청파동3가 133-28도,도,국유지,195.59386664466,126.96478984210921,37.54202185422832,338.88147015,182.11171535,346.38551458,155.88708983,130,미지정,1
276701,1117000000000001977,청파동3가 132-137도,도,국유지,82.3583973380737,126.96218388790966,37.54192561503802,280.20465988,104.23030737,527.05970841,113.48170509,130,미지정,1
276702,1117000000000001978,청파동3가 132-182도,도,국유지,18.24402228463441,126.96478366666668,37.54226233333333,371.48816899,190.30273804,341.38204915,176.59053472,130,미지정,1
276703,1117000000000001979,청파동3가 132-213도,도,국유지,51.22012629033998,126.96482308122694,37.5429035038619,319.43973623,147.91025828,333.19697336,235.48157848,130,미지정,1
276704,1117000000000001980,청파동3가 132-201도,도,국유지,642.572734921705,126.96293798647334,37.5439079974534,129.7530931,40.55273622,514.84829313,343.218603,130,미지정,1
276705,1117000000000001981,청파동3가 132-157도,도,국유지,226.4960218805354,126.96347395504934,37.54377317660518,167.94658638,27.14115652,465.27914577,360.57919451,130,미지정,1
276706,1117000000000001982,청파동3가 132-64도,도,국유지,3146.8840912251035,126.96235046892967,37.543067115651915,209.86577161,66.84149708,552.34213178,240.23933148,130,미지정,1
276707,1117000000000001983,청파동3가 118-114도,도,국유지,72.73486354481429,126.96700649003215,37.54316885107768,143.21854703,282.92602236,146.32370987,76.36437881,130,미지정,1
276708,1117000000000001984,청파동3가 118-115도,도,국유지,138.87853438174352,126.96713169233941,37.54316216345316,132.63539672,274.30738585,135.54595228,73.68444874,130,미지정,1
276709,1117000000000001985,청파동3가 122-1도,도,국유지,250.34069091978017,126.96936796951054,37.54215594385998,97.09213866,77.35308608,97.94669251,193.77622462,130,미지정,1
276710,1117000000000001986,청파동3가 70-1도,도,국유지,22.034946576692164,126.97086915557534,37.54266054477335,116.2211825,187.29306015,201.85675896,323.08108626,130,미지정,1
276711,1117000000000001987,청파동3가 56-4도,도,국유지,274.19418827281334,126.97083790869853,37.543819287569306,110.0746951,227.25295101,198.77114729,351.67349533,130,미지정,1
276712,1117000000000001988,청파동3가 132-171도,도,국유지,34.06027805642225,126.96462512186224,37.54260031226302,333.15536632,153.59024912,351.0294528,215.19980905,130,미지정,1
276713,1117000000000001989,청파동3가 66-2도,도,국유지,2614.4404924210976,126.9706788482429,37.54229649938941,86.91863681,147.62947601,192.35949597,306.63183282,130,미지정,1
276714,1117000000000001990,청파동3가 121-125도,도,국유지,22.898048003204167,126.96930365345895,37.54282790461912,70.01231341,152.07768422,63.21502135,187.76827734,130,미지정,1
276715,1117000000000001991,청파동3가 79-4도,도,국유지,194.31936300935922,126.97095539647171,37.54190974599971,38.08430183,147.85700691,230.47035168,371.45561142,130,미지정,1
276716,1117000000000001992,청파동3가 105-24도,도,국유지,143.30330778064672,126.96962685304585,37.54258091793293,98.61114088,126.39299176,94.35034769,212.99292959,130,미지정,1
276717,1117000000000001993,청파동3가 100-10도,도,국유지,22.04959063557908,126.9693445308422,37.542876441874256,74.66878365,157.34404307,67.41790729,192.4058832,130,미지정,1
276718,1117000000000001994,청파동3가 9-5 도,도,국유지,104.92966401739977,126.97081817492364,37.54434021245403,101.39169579,188.82878323,147.70658328,377.9032484,130,미지정,1
276719,1117000000000001995,청파동3가 56-5도,도,국유지,473.6708857390331,126.97077608337732,37.54412708771893,115.60222482,200.01946799,165.87988266,362.44399803,130,미지정,1
276720,1117000000000001996,청파동3가 24-27도,도,국유지,28.346014806535095,126.96945320403692,37.544634287197226,228.19395985,80.71732335,96.1768331,308.22721755,130,미지정,1
276721,1117000000000001997,청파동3가 64-1도,도,국유지,216.35968367743772,126.970872030744,37.543528141389174,113.39533456,253.28140267,229.50252751,342.35572303,130,미지정,1
276722,1117000000000001998,청파동3가 121-127도,도,국유지,112.965206952882,126.96936068613066,37.54266548429858,74.15445685,133.90933865,69.35015937,190.15834743,130,미지정,1
276723,1117000000000001999,청파동3가 121-133도,도,국유지,19.180692478024866,126.96939683533625,37.54254512085571,79.43424893,120.54654928,76.07155517,192.54423628,130,미지정,1
276724,1117000000000002000,청파동3가 105-52도,도,국유지,10.951285344082862,126.96964825645618,37.542466746678606,103.13579713,114.30664898,99.93068737,214.73944144,130,미지정,1
276725,1117000000000002001,청파동3가 93-3도,도,국유지,55.90404880116694,126.9694744362371,37.54244507208232,89.21517299,109.74532777,86.74976701,199.44236095,130,미지정,1
276726,1117000000000002002,청파동3가 121-135도,도,국유지,73.338824576349,126.96941372720788,37.54244494561098,84.18836692,109.45841115,81.95753847,194.08039472,130,미지정,1
276727,1117000000000002003,청파동3가 94-1도,도,국유지,75.27603047399316,126.96973510819382,37.54241087106652,112.26183643,110.17627964,109.34575647,222.60901053,130,미지정,1
276728,1117000000000002004,청파동3가 90-8도,도,국유지,405.7020900398493,126.96936821254208,37.542606628205476,75.5884563,127.370007,71.52712618,190.31014348,130,미지정,1
276729,1117000000000002005,청파동3가 125-1도,도,국유지,123.58345316397026,126.96914186352632,37.542381498273734,66.02947319,104.5368875,66.17226245,170.47600923,130,미지정,1
276730,1117000000000002006,청파동3가 130-11도,도,국유지,42.088779802434146,126.9687673659986,37.54223757399208,57.28986127,102.01316329,62.71669727,139.96432055,130,미지정,1
276731,1117000000000002007,청파동3가 119-12 도,도,국유지,245.0176949086599,126.96830480620496,37.542723429083274,19.38880142,169.52253908,26.14231109,99.07528199,130,미지정,1
276732,1117000000000002008,청파동3가 121-54도,도,국유지,43.87376871914603,126.96894555477307,37.54251380143827,43.49204101,123.22550535,43.4717488,152.60817647,130,미지정,1
276733,1117000000000002009,청파동3가 121-70도,도,국유지,12.196862075477839,126.96921829647498,37.543204480498595,81.87886437,194.25224592,72.44862461,193.14581393,130,미지정,1
276734,1117000000000002010,청파동3가 121-60도,도,국유지,23.45703563373536,126.96922586507773,37.54314971656561,78.51476015,188.14140324,69.24013669,191.39275598,130,미지정,1
276735,1117000000000002011,청파동3가 100-8도,도,국유지,59.861294650589116,126.96928476246654,37.543124763531594,81.10739371,185.06725072,72.03641801,195.22856934,130,미지정,1
276736,1117000000000002012,청파동3가 121-33도,도,국유지,21.019682579673827,126.96920568455435,37.54294187704153,65.25183733,165.30124546,57.10208464,182.25469735,130,미지정,1
276737,1117000000000002013,청파동3가 100-9도,도,국유지,20.17614129022695,126.96931369040676,37.54297174226219,75.34019662,167.99356452,67.20377063,192.33985713,130,미지정,1
276738,1117000000000002014,청파동3가 121-155도,도,국유지,15.683845474384725,126.9692781713571,37.54291444684177,70.19480189,161.78454835,62.46172425,187.66843675,130,미지정,1
276739,1117000000000002015,청파동3가 118-144도,도,국유지,157.2840136041632,126.96767425547483,37.54324209098562,95.12496667,256.57957572,95.55684552,91.48285321,130,미지정,1
276740,1117000000000002016,청파동3가 118-140도,도,국유지,101.00760491704568,126.96792668571568,37.543413451802934,93.69426852,229.55801247,91.15205277,118.95067624,130,미지정,1
276741,1117000000000002017,청파동3가 118-43도,도,국유지,141.71718054020312,126.96785836158311,37.54367125491691,121.24781433,207.04599322,117.74972818,141.5576176,130,미지정,1
276742,1117000000000002018,청파동3가 118-374도,도,국유지,20.156266589765437,126.96784311873478,37.54390851711273,145.39100769,185.54258296,141.12462236,165.58018625,130,미지정,1
276743,1117000000000002019,청파동3가 121-121도,도,국유지,15.992735953768715,126.96915130757434,37.5432467733824,80.89316524,199.44900375,71.31727089,189.74242496,130,미지정,1
276744,1117000000000002020,청파동3가 105-50도,도,국유지,252.29790950927418,126.96882044216798,37.54350628897528,91.541306,198.08376781,82.61689345,180.17091665,130,미지정,1
276745,1117000000000002021,청파동3가 121-27도,도,국유지,390.5244190199883,126.96863709472149,37.54335122082133,71.206719,217.27382235,63.00112227,156.83191775,130,미지정,1
276746,1117000000000002022,청파동3가 121-145도,도,국유지,56.20705976849422,126.96811210353955,37.54382486254835,128.34068722,181.34018265,122.92989811,166.70998118,130,미지정,1
276747,1117000000000002023,청파동3가 108-47 도,도,국유지,27.811762905213982,126.96834007206255,37.54377369887733,118.5117163,178.4907053,111.96310008,172.46368269,130,미지정,1
276748,1117000000000002024,청파동3가 108-48도,도,국유지,18.949883217457682,126.96842672049691,37.54373949792961,113.92068604,179.60296295,106.94266235,173.96194263,130,미지정,1
276749,1117000000000002025,청파동3가 108-42도,도,국유지,241.69397630705498,126.96814164824919,37.54383042647566,128.22029126,179.62145076,122.64092833,168.50226981,130,미지정,1
276750,1117000000000002026,청파동3가 106-4도,도,국유지,107.2305811420083,126.96949768857382,37.54375734357801,144.09158478,174.05873016,134.46249092,244.89918289,130,미지정,1
276751,1117000000000002027,청파동3가 106-7도,도,국유지,41.95559307001531,126.96954967808298,37.543616457938825,134.92324121,190.33713361,125.32730691,240.27978253,130,미지정,1
276752,1117000000000002028,청파동3가 106-6도,도,국유지,34.69735792581923,126.96940432782098,37.54359765078916,125.0109271,189.76396562,115.38205302,228.24396307,130,미지정,1
276753,1117000000000002029,청파동3가 107-66도,도,국유지,47.76215049403254,126.96934802789474,37.54368809306225,130.16742363,179.05450167,120.55678934,229.65264895,130,미지정,1
276754,1117000000000002030,청파동3가 107-75도,도,국유지,50.47425275412388,126.96924682199769,37.54358736044178,115.90271598,189.03447605,106.29925078,215.95276091,130,미지정,1
276755,1117000000000002031,청파동3가 106-5도,도,국유지,104.09209050796926,126.96950813003534,37.54358890421672,130.19297266,192.48553022,120.59294877,235.55873604,130,미지정,1
276756,1117000000000002032,청파동3가 107-20도,도,국유지,33.1181034068577,126.96919347677576,37.54382377530974,136.44432946,162.47565272,127.03446097,227.98808808,130,미지정,1
276757,1117000000000002033,청파동3가 107-67도,도,국유지,209.25789900915697,126.96917110258815,37.5437077431078,124.04077267,175.16889605,114.57177672,218.35631746,130,미지정,1
276758,1117000000000002034,청파동3가 105-51도,도,국유지,162.60474446887383,126.96923002063983,37.54342126721158,100.10093253,207.26326072,90.47231717,204.94824939,130,미지정,1
276759,1117000000000002035,청파동3가 57-1 도,도,국유지,81.5816939859651,126.9707733123735,37.54362599228534,122.76256184,239.35316944,216.148802,337.99714346,130,미지정,1
276760,1117000000000002036,청파동3가 60-1도,도,국유지,39.567314956802875,126.97050005639562,37.543541634564534,148.63074739,232.38249422,217.46055169,312.09786857,130,미지정,1
276761,1117000000000002037,청파동3가 101-6도,도,국유지,102.01763949985616,126.97040225050475,37.54355109407749,156.18026758,226.80351711,214.37959444,304.48361443,130,미지정,1
276762,1117000000000002038,청파동3가 50-3 도,도,국유지,908.2743428121903,126.97066455844481,37.543772140121916,126.23673648,220.7601677,197.54503221,335.56895478,130,미지정,1
276763,1117000000000002039,청파동3가 61-4도,도,국유지,242.76964708359446,126.97067990943803,37.54331802963517,136.05662083,236.10561178,193.91158711,319.0051531,130,미지정,1
276764,1117000000000002040,청파동3가 61-1도,도,국유지,126.48991305491654,126.97068145201354,37.54344825635856,131.76781089,248.89805542,231.94738159,323.53496126,130,미지정,1
276765,1117000000000002041,청파동3가 48-11도,도,국유지,24.001257126918063,126.9703746913227,37.54359094265087,156.84870494,221.7628109,209.53403097,303.96602199,130,미지정,1
276766,1117000000000002042,청파동3가 8-1도,도,국유지,435.48017540294677,126.9706716381412,37.54443621299278,110.34886776,172.15362428,131.66081623,373.09676165,130,미지정,1
276767,1117000000000002043,청파동3가 23도,도,국유지,231.8444753945805,126.97055904377228,37.54443748026795,119.97547545,163.82429681,126.45073027,365.08633456,130,미지정,1
276768,1117000000000002044,청파동3가 1도,도,국유지,351.18501438136445,126.9706007359726,37.544943419955295,117.20322446,143.04485193,84.66874775,403.43000193,130,미지정,1
276769,1117000000000002045,청파동3가 56-6도,도,국유지,196.21586901607225,126.97037745556942,37.544390302382716,136.80331478,154.25469597,124.40106749,349.06877909,130,미지정,1
276770,1117000000000002046,청파동3가 2-4도,도,국유지,652.1135837321053,126.97051754853902,37.544821264822666,121.3896698,140.32505963,89.08098922,388.91081778,130,미지정,1
276771,1117000000000002047,청파동3가 107-59도,도,국유지,108.97584510815796,126.96826033807358,37.54419012114666,165.2604469,139.41294887,158.67761322,208.75967296,130,미지정,1
276772,1117000000000002048,청파동3가 107-40도,도,국유지,41.99449494550936,126.968202146483,37.54431945766672,180.22301785,129.98267601,173.74991811,219.64916208,130,미지정,1
276773,1117000000000002049,청파동3가 107-58도,도,국유지,120.20120603509713,126.968106776105,37.54439686100911,190.16402307,128.25980481,183.95317008,224.48098244,130,미지정,1
276774,1117000000000002050,청파동3가 21-11도,도,국유지,137.24763777537737,126.96991064956288,37.54463632440031,174.16584479,105.24165222,88.75518008,335.72429805,130,미지정,1
276775,1117000000000002051,청파동3가 118-372도,도,국유지,128.3085869057104,126.96761698109287,37.54394770973003,158.47201929,194.27312445,155.10997243,164.28033142,130,미지정,1
276776,1117000000000002052,청파동3가 104-1도,도,국유지,31.372247317805886,126.96998080172999,37.54361440800375,162.84229615,202.98330153,153.54667947,273.54418312,130,미지정,1
276777,1117000000000002053,청파동3가 113-17도,도,국유지,61.68003084685188,126.96754030569026,37.54404582714479,171.29382816,190.74358348,167.93008165,173.69676603,130,미지정,1
276778,1117000000000002054,청파동3가 108-9도,도,국유지,22.1081158046145,126.9681479409938,37.54390388886425,135.96546527,172.08824034,130.214885,175.94021233,130,미지정,1
276779,1117000000000002055,청파동3가 113-20도,도,국유지,56.0991344138165,126.96757357755631,37.54397500078678,163.03479513,194.50598065,159.76490433,166.47541685,130,미지정,1
276780,1117000000000002056,청파동3가 108-41도,도,국유지,64.39206607104279,126.96771725013963,37.54404534602692,163.86437398,180.27743743,159.77411053,176.87679439,130,미지정,1
276781,1117000000000002057,청파동3가 113-22도,도,국유지,42.91168926144019,126.96734763440001,37.54401435866667,177.68842573,205.31565963,175.17215116,168.25021998,130,미지정,1
276782,1117000000000002058,청파동3가 107-61도,도,국유지,91.42401342862286,126.96868130170229,37.54399611368595,142.75553778,146.23381737,134.68090518,210.25636627,130,미지정,1
276783,1117000000000002059,청파동3가 24-95도,도,국유지,204.06260092183948,126.96851321754384,37.54433060045662,179.20357755,115.42012994,171.70061709,232.98066396,130,미지정,1
276784,1117000000000002060,청파동3가 107-4도,도,국유지,29.43001147126779,126.96852720779874,37.544151559740044,159.32994848,133.42461254,151.79649482,216.54784445,130,미지정,1
276785,1117000000000002061,청파동3가 24-39도,도,국유지,41.082327431067824,126.9687720775934,37.54418534598704,164.54661784,124.03724663,156.2705793,231.84684687,130,미지정,1
276786,1117000000000002062,청파동3가 107-62도,도,국유지,197.24675171636045,126.96902610977955,37.543969180863584,145.99468431,145.76813375,136.97545584,228.10240787,130,미지정,1
276787,1117000000000002063,청파동3가 24-40도,도,국유지,92.43909078044817,126.97059175668028,37.544071169398904,132.7270047,192.10022495,164.34400704,345.23697651,130,미지정,1
276788,1117000000000002064,청파동3가 51-1 도,도,국유지,168.38574388623238,126.97073783677493,37.543908677238974,116.58850673,213.97767655,186.04384002,347.98684981,130,미지정,1
276789,1117000000000002065,청파동3가 24-41도,도,국유지,13.133420186582953,126.97055062882745,37.54410902937515,133.79988936,186.56384043,159.06840037,344.26191041,130,미지정,1
276790,1117000000000002066,청파동3가 24-2도,도,국유지,176.8006576456246,126.97060858834246,37.544200817,124.60096244,183.44156453,151.82635344,353.97293219,130,미지정,1
276791,1117000000000002067,청파동3가 26-1도,도,국유지,1181.5429140095948,126.96986181097101,37.54432629520545,182.79231896,128.64383702,123.08747091,309.12343187,130,미지정,1
276792,1117000000000002068,청파동3가 26-28도,도,국유지,446.6731363746803,126.96920772162196,37.544159547467416,171.23149148,125.5228927,153.15843458,254.44670698,130,미지정,1
276793,1117000000000002069,청파동3가 29-23도,도,국유지,11.519968911539763,126.96921697658578,37.54390029132965,145.00858641,154.21277773,135.62493118,235.09928592,130,미지정,1
276794,1117000000000002070,청파동3가 29-13도,도,국유지,73.93548575183377,126.96946256089153,37.544172727027494,181.71378933,128.731847,144.64716527,271.49181403,130,미지정,1
276795,1117000000000002071,청파동3가 26-22도,도,국유지,29.61632703896612,126.9697182296738,37.54419710752332,195.34816178,134.58886271,138.06365314,290.15478201,130,미지정,1
276796,1117000000000002072,청파동3가 39-4도,도,국유지,54.54458177322522,126.96987664856444,37.54381646871065,170.90214915,178.75657341,179.67212751,276.51153401,130,미지정,1
276797,1117000000000002073,청파동3가 50-14도,도,국유지,20.146411978639662,126.97009173945152,37.54409319287569,171.19283436,161.48536008,150.25953156,309.28114614,130,미지정,1
276798,1117000000000002074,청파동3가 26-2도,도,국유지,31.50444236258045,126.96996850498131,37.54420624896223,177.13557154,144.96466844,136.69633005,307.94942495,130,미지정,1
276799,1117000000000002075,청파동3가 118-120도,도,국유지,73.16173468530178,126.96769830660946,37.543004707825,79.69604199,227.03030186,82.53019073,70.07152893,130,미지정,1
276800,1117000000000002076,청파동3가 118-118도,도,국유지,76.58974986686371,126.9675149831807,37.543047927600256,96.48199087,241.43856182,99.425486,66.0135904,130,미지정,1
276801,1117000000000002077,청파동3가 118-121도,도,국유지,70.26824310189113,126.96786381795552,37.54297378482691,64.98118601,215.03624951,67.55056455,77.41044845,130,미지정,1
276802,1117000000000002078,청파동3가 118-66도,도,국유지,12.888402706943452,126.96824340296803,37.54302219748858,42.06962063,200.51330402,40.430446,107.39577764,130,미지정,1
276803,1117000000000002079,청파동3가 111-51도,도,국유지,19.577341375988908,126.96733821776886,37.54476370875083,250.26668357,160.96242787,245.93723836,251.25504479,130,미지정,1
276804,1117000000000002080,청파동3가 118-94도,도,국유지,49.312367354519665,126.96795410644788,37.54299472613956,59.10624106,212.01738285,60.86814755,84.93875805,130,미지정,1
276805,1117000000000002081,청파동3가 118-76도,도,국유지,26.924402745440602,126.96821827231331,37.542986982695815,40.4296958,198.28322897,39.81309379,103.4430435,130,미지정,1
276806,1117000000000002082,청파동3가 118-105도,도,국유지,85.62340813316405,126.96830347816793,37.54310070170113,46.9345995,205.58541388,43.26951691,116.64356446,130,미지정,1
276807,1117000000000002083,청파동3가 110-1도,도,국유지,821.4155250164913,126.967710859776,37.54470734618552,232.40406976,133.6153473,227.09560898,248.61037115,130,미지정,1
276808,1117000000000002084,청파동3가 111-76 도,도,국유지,17.30178667837754,126.96741234353742,37.544867272108846,258.1862085,150.96666802,253.49439876,263.08418419,130,미지정,1
276809,1117000000000002085,청파동3가 21-10도,도,국유지,185.3026949511841,126.96997408189316,37.5449544015703,166.89594251,90.29537338,54.18483613,365.2142564,130,미지정,1
276810,1117000000000002086,청파동3가 111-15도,도,국유지,45.6872188039124,126.96748273797766,37.544419489051094,210.27115342,167.60636885,206.15343631,214.10346547,130,미지정,1
276811,1117000000000002087,청파동3가 24-21도,도,국유지,57.4865509425872,126.96979073272476,37.54455842137293,185.21443539,104.26236641,97.56463062,322.11691496,130,미지정,1
276812,1117000000000002088,청파동3가 13-2도,도,국유지,1214.6916950861341,126.96996716102984,37.54484121304442,172.23323184,95.52666324,66.51157394,355.53182374,130,미지정,1
276813,1117000000000002089,청파동3가 24-96도,도,국유지,67.87854640418664,126.96865039563616,37.54441173812104,188.53752343,102.56830467,156.49785062,246.85442406,130,미지정,1
276814,1117000000000002090,청파동3가 113-19도,도,국유지,76.83354865154251,126.96767464328421,37.54451944294804,213.77159101,147.35071629,208.84232566,227.51761748,130,미지정,1
276815,1117000000000002091,청파동3가 113-18도,도,국유지,106.03811193600995,126.96759123859951,37.54426426209416,190.58706554,170.71471619,186.43843794,198.35069521,130,미지정,1
276816,1117000000000002092,청파동3가 108-43도,도,국유지,96.82325697061606,126.96785559411778,37.54418566014959,173.48072086,160.49574674,168.49473493,195.16659537,130,미지정,1
276817,1117000000000002093,청파동3가 109-22도,도,국유지,57.11876820703037,126.9679746110014,37.54449172364843,202.97605307,128.65700087,197.10904171,230.72608798,130,미지정,1
276818,1117000000000002094,청파동3가 118-25도,도,국유지,237.37391162855783,126.96729171819345,37.54365864292109,151.01473599,237.33655501,150.26141846,128.54603394,130,미지정,1
276819,1117000000000002095,청파동3가 118-185도,도,국유지,66.79039448167896,126.96761141393152,37.54380654879212,145.4455861,206.76922539,142.63654729,148.89920859,130,미지정,1
276820,1117000000000002096,청파동3가 25-2도,도,국유지,250.558668974787,126.96893468653315,37.544483016708746,199.44746157,89.2125404,134.08736682,267.09895688,130,미지정,1
276821,1117000000000002097,청파동3가 24-98도,도,국유지,101.11880983691663,126.96907310978548,37.544572210162144,211.65488035,78.89194663,118.80958775,282.22837332,130,미지정,1
276822,1117000000000002098,청파동3가 140-1 도,도,국유지,372.77479562489316,126.96542170038107,37.54356155786223,289.78142207,214.32083732,293.0023114,197.62362779,130,미지정,1
276823,1117000000000002099,청파동3가 115-20도,도,국유지,533.0345630904776,126.9656477855963,37.54357863708685,271.61764096,216.23381085,274.57202075,183.1866138,130,미지정,1
276824,1117000000000002100,청파동3가 117-7도,도,국유지,48.21349803544581,126.96558386115348,37.54344954572271,272.29004114,229.01107324,275.75465788,178.71433528,130,미지정,1
276825,1117000000000002101,청파동3가 117-6도,도,국유지,90.04158195573837,126.96573700288673,37.54351692959333,261.85030263,224.82021333,264.93640538,172.74301705,130,미지정,1
276826,1117000000000002102,청파동3가 118-258도,도,국유지,60.14024217892438,126.9673820245182,37.54382889146211,159.50449115,217.88413972,157.58328108,147.98464435,130,미지정,1
276827,1117000000000002103,청파동3가 117-19 도,도,국유지,77.22198707144707,126.96588089322157,37.543595185147545,253.14581031,220.2245913,255.78631567,169.42174307,130,미지정,1
276828,1117000000000002104,청파동3가 111-21도,도,국유지,125.859975558531,126.96724730908403,37.544770953008104,254.45599723,168.21603974,250.36288223,251.84993736,130,미지정,1
276829,1117000000000002105,청파동3가 111-40도,도,국유지,16.21311428048648,126.9668694228675,37.54477384694495,271.19259235,176.54752959,268.07863592,254.04180797,130,미지정,1
276830,1117000000000002106,청파동3가 111-24도,도,국유지,167.5402086665854,126.96698623348848,37.544816220277305,269.82117575,183.9630163,266.32917165,257.68241007,130,미지정,1
276831,1117000000000002107,청파동3가 118-117도,도,국유지,71.23920529149473,126.96734199531876,37.5430791711414,111.96642973,254.56546578,115.06343047,64.98853794,130,미지정,1
276832,1117000000000002108,청파동3가 118-403도,도,국유지,28.027712256880477,126.96714539247593,37.54331688206474,138.89263725,274.95667252,140.69563366,90.68544498,130,미지정,1
276833,1117000000000002109,청파동3가 118-113도,도,국유지,57.031391713768244,126.96702144151115,37.543337827070246,149.65223367,279.96180603,151.63423826,94.40294707,130,미지정,1
276834,1117000000000002110,청파동3가 37-1도,도,국유지,18.54282862955006,126.96985054315441,37.543724248699654,162.06735063,187.22531329,152.55727159,269.25509242,130,미지정,1
276835,1117000000000002111,청파동3가 105-3도,도,국유지,96.86830865312368,126.96978069734712,37.543532801015914,143.36201972,204.95706801,134.00562463,253.67585638,130,미지정,1
276836,1117000000000002112,청파동3가 118-213도,도,국유지,63.26906824950129,126.96694060124535,37.54387456197194,190.04042384,242.17778521,189.43753845,154.31983885,130,미지정,1
276837,1117000000000002113,청파동3가 118-208도,도,국유지,25.992230764124542,126.96700994088049,37.54396992610063,193.05941364,231.03997288,191.85827026,163.97522217,130,미지정,1
276838,1117000000000002114,청파동3가 44-2도,도,국유지,93.92559875082225,126.97012906068991,37.54361611953494,173.49609449,208.52894716,164.32647231,285.37932141,130,미지정,1
276839,1117000000000002115,청파동3가 105-61도,도,국유지,10.230206467444077,126.9698229290508,37.54362223330138,152.62296299,196.8600678,143.18945171,261.58214781,130,미지정,1
276840,1117000000000002116,청파동3가 107-88도,도,국유지,52.57815414480865,126.96884309112954,37.54363779516836,106.12329106,183.36341475,97.27024187,191.04783949,130,미지정,1
276841,1117000000000002117,청파동3가 37-2도,도,국유지,124.37581303855404,126.96979361782526,37.54365757012736,153.3300206,192.28029792,143.84036846,261.20937372,130,미지정,1
276842,1117000000000002118,청파동3가 107-65도,도,국유지,52.75963572319597,126.96911626699514,37.543598479271246,111.05284257,187.03135654,101.56469988,207.20002066,130,미지정,1
276843,1117000000000002119,청파동3가 107-79도,도,국유지,55.22146006976254,126.96898184635882,37.54361375429247,107.5419126,185.28074652,98.29264989,198.75726292,130,미지정,1
276844,1117000000000002120,청파동3가 107-64도,도,국유지,76.39800147293136,126.96887838323276,37.54359366086789,102.32054343,187.9791073,93.31154166,190.24549977,130,미지정,1
276845,1117000000000002121,청파동3가 107-63도,도,국유지,101.30134076997638,126.96888480278527,37.543795173654125,123.94672347,165.63851444,115.11784949,205.6219552,130,미지정,1
276846,1117000000000002122,청파동3가 107-86 도,도,국유지,30.612136634532362,126.9686340631208,37.543662207946184,105.46707287,183.36154914,97.45804219,179.52060767,130,미지정,1
276847,1117000000000002123,청파동3가 108-40도,도,국유지,21.004739472758956,126.96850513183905,37.54370979375827,110.31163677,180.81839372,102.93925414,175.77092825,130,미지정,1
276848,1117000000000002124,청파동3가 118-47도,도,국유지,337.3265266070375,126.9666589097257,37.5436853635879,196.83196254,242.79802186,197.80518436,140.36068251,130,미지정,1
276849,1117000000000002125,청파동3가 107-84도,도,국유지,57.114481144584715,126.96871820404715,37.54364341152899,104.35244764,184.11711739,95.96244458,183.3304498,130,미지정,1
276850,1117000000000002126,청파동3가 107-60도,도,국유지,183.7064650444663,126.96854783010762,37.543898546695495,131.26521315,159.62074423,123.66959023,194.48240219,130,미지정,1
276851,1117000000000002127,청파동3가 116-5 도,도,국유지,63.64572173845954,126.96511497059126,37.54511128106539,250.15327247,40.27321835,401.25508409,280.09159575,130,미지정,1
276852,1117000000000002128,청파동3가 132-220도,도,국유지,147.8721994367661,126.96446224688243,37.54351031903908,250.23351391,97.72435008,373.60455026,268.08993657,130,미지정,1
276853,1117000000000002129,청파동3가 132-221도,도,국유지,89.75726020522416,126.96480875598297,37.54354447113248,272.21940339,128.26252315,344.67257254,242.38986446,130,미지정,1
276854,1117000000000002130,청파동3가 132-74도,도,국유지,114.22927603847347,126.9648858606532,37.54344489674566,284.20169579,135.55025113,335.48433256,231.21685486,130,미지정,1
276855,1117000000000002131,청파동3가 117-12도,도,국유지,66.11407620320097,126.96485419971319,37.54336802425637,287.11060293,133.76045701,336.47050732,230.0211647,130,미지정,1
276856,1117000000000002132,청파동3가 132-224 도,도,국유지,51.96524540241808,126.96484307899208,37.54342245318988,282.65419031,132.02045766,338.64562303,233.49376287,130,미지정,1
276857,1117000000000002133,청파동3가 117-13도,도,국유지,89.20806733844802,126.964892080722,37.54337851764706,289.05162502,136.908099,333.41414379,227.47977929,130,미지정,1
276858,1117000000000002134,청파동3가 86-13도,도,국유지,34.384099979070015,126.96987903960445,37.54224269452765,130.76727277,97.47597597,128.80071032,236.85351931,130,미지정,1
276859,1117000000000002135,청파동3가 132-51도,도,국유지,62.289014662615955,126.96235130876832,37.54296728037162,220.94474364,77.04252447,551.75064704,229.38689861,130,미지정,1
276860,1117000000000002136,청파동3가 134-55 도,도,국유지,49.75462918524863,126.96733705224248,37.54159567718088,162.678937,181.27203066,172.29979545,101.12117774,130,미지정,1
276861,1117000000000002137,청파동3가 133-9도,도,국유지,30.33338923228439,126.96574808967932,37.54162989970358,273.33898996,200.90934836,282.00533416,73.37040312,130,미지정,1
276862,1117000000000002138,청파동3가 118-18도,도,국유지,37.232941155612934,126.96716924069194,37.54341825662978,142.86129098,264.79719776,143.93359249,101.7987104,130,미지정,1
276863,1117000000000002139,청파동3가 132-174도,도,국유지,193.02331923879683,126.96470605360197,37.54239139800464,355.89891582,175.08165843,346.04554985,192.15865143,130,미지정,1
276864,1117000000000002140,청파동3가 114-11도,도,국유지,207.91324767813785,126.96712229945352,37.54402982179501,191.33164682,219.14425334,189.54524765,169.79506247,130,미지정,1
276865,1117000000000002141,청파동3가 114-6도,도,국유지,150.21483599953353,126.9669847602242,37.54432619837849,224.59299735,211.38165262,222.26538282,203.52862375,130,미지정,1
276866,1117000000000002142,청파동3가 115-17도,도,국유지,70.39909831155092,126.96679510665271,37.54467041660283,265.32482925,176.18657826,262.62214418,243.57422197,130,미지정,1
276867,1117000000000002143,청파동3가 115-3도,도,국유지,140.2392568870564,126.96680881989326,37.54460140344803,258.38749819,181.2028682,255.81239458,235.81934818,130,미지정,1
276868,1117000000000002144,청파동3가 111-17도,도,국유지,130.20060549094342,126.9672426813691,37.54453582468897,231.55454471,179.08307719,227.93545475,225.75080723,130,미지정,1
276869,1117000000000002145,청파동3가 111-43도,도,국유지,21.764669527416117,126.96683016809372,37.544495216764304,247.79483743,189.30036859,245.43025751,223.88399211,130,미지정,1
276870,1117000000000002146,청파동3가 111-55도,도,국유지,22.971110355341807,126.96692067200398,37.544476685881015,241.37874211,197.05460474,238.81995758,220.75511652,130,미지정,1
276871,1117000000000002147,청파동3가 111-42도,도,국유지,27.041523293126374,126.96683856208439,37.54457869725546,254.80549911,184.77205928,252.20897125,232.93580645,130,미지정,1
276872,1117000000000002148,청파동3가 111-41도,도,국유지,43.916678418405354,126.96684892774987,37.54467770470873,263.28315314,179.90858592,260.4284375,243.69007778,130,미지정,1
276873,1117000000000002149,청파동3가 132-62도,도,국유지,94.42109767708462,126.962660036306,37.54348238454614,166.92849647,14.78842465,529.78120017,291.26233909,130,미지정,1
276874,1117000000000002150,청파동3가 132-53 도,도,국유지,49.880809063557535,126.96305990390981,37.54349317412251,176.1498377,26.95941624,495.03817175,303.2026488,130,미지정,1
276875,1117000000000002151,청파동3가 65-4도,도,국유지,25.075425799703225,126.97093519629702,37.54319519505836,121.12912141,236.63214774,212.16768931,337.32947489,130,미지정,1
276876,1117000000000002152,청파동3가 10-1도,도,국유지,52.81313643360045,126.97095759488657,37.544197102423624,97.91610789,207.98311457,167.78148132,380.22657699,130,미지정,1
276877,1117000000000002153,청파동3가 135-39도,도,국유지,97.36094667669386,126.96486507535766,37.541665134058704,383.4441481,173.14556645,351.90036859,124.53882806,130,미지정,1
276878,1117000000000002154,청파동3가 24-47도,도,국유지,59.22758048976539,126.9691247456322,37.54445884747867,200.58824577,91.72934497,126.74358252,274.85542626,130,미지정,1
276879,1117000000000002155,청파동3가 134-14도,도,국유지,174.54084236733615,126.96814403752097,37.54164650243053,123.35946495,111.28004017,132.35253536,125.29751076,130,미지정,1
276880,1117000000000002156,청파동3가 118-410도,도,국유지,430.3584871866624,126.9663450585279,37.54386083077502,230.70582832,211.20399619,231.59735688,169.44174301,130,미지정,1
276881,1117000000000002157,청파동3가 115-19도,도,국유지,171.48942692566197,126.96665255841533,37.54420684510601,233.94826075,197.94071055,232.89165129,195.73306448,130,미지정,1
276882,1117000000000002158,청파동3가 118-373도,도,국유지,64.19093485339545,126.96672429722157,37.54409251689713,220.53745405,211.45977356,219.68815867,181.86776024,130,미지정,1
276883,1117000000000002159,청파동3가 114-2도,도,국유지,161.70049769245088,126.96675261635127,37.54428341833475,234.02945466,198.51602681,232.4713975,201.97339676,130,미지정,1
276884,1117000000000002160,청파동3가 130-4도,도,국유지,493.54027607059106,126.96909804702187,37.54199605760148,94.64928821,64.63255063,98.36731944,175.31226686,130,미지정,1
276885,1117000000000002161,청파동3가 118-124도,도,국유지,55.64869316481054,126.96816629570223,37.54291535874387,38.58629064,194.03209069,40.18377581,95.48475504,130,미지정,1
276886,1117000000000002162,청파동3가 118-92도,도,국유지,25.12458473443985,126.96804939156743,37.54288905615199,46.13209868,197.58089397,49.19184875,85.05572096,130,미지정,1
276887,1117000000000002163,청파동3가 134-70 도,도,국유지,247.38485738629242,126.96789705706885,37.54171389725493,124.25794174,134.16056063,133.72211544,106.02833925,130,미지정,1
276888,1117000000000002164,청파동3가 67-10도,도,국유지,141.00697622005828,126.97070548984418,37.54315176224263,141.30253886,221.34986822,191.30626023,316.46488739,130,미지정,1
276889,1117000000000002165,청파동3가 85-21도,도,국유지,68.05670114490204,126.97045720621652,37.54265325058252,130.73027426,163.13414936,165.62387719,286.68738678,130,미지정,1
276890,1117000000000002166,청파동3가 85-22도,도,국유지,161.1991343795089,126.97001571547658,37.542497499061945,143.33379654,128.17854167,129.93580595,247.17873539,130,미지정,1
276891,1117000000000002167,청파동3가 85-6 도,도,국유지,26.213459155289456,126.97006866223889,37.54245275684441,136.55185404,125.92294195,135.74008303,251.91656707,130,미지정,1
276892,1117000000000002168,청파동3가 66-1 도,도,국유지,94.1421817720402,126.97078046641663,37.542978426616656,152.28781566,209.12326168,194.73620861,319.17477939,130,미지정,1
276893,1117000000000002169,청파동3가 81-4도,도,국유지,328.60029163677245,126.97008328953363,37.54168433977592,102.96621057,66.91245053,179.79006986,268.9224672,130,미지정,1
276894,1117000000000002170,청파동3가 92-7도,도,국유지,34.22712510963902,126.96957344925254,37.54234245073316,101.59028301,99.50876322,99.78980584,208.84420398,130,미지정,1
276895,1117000000000002171,청파동3가 91-1도,도,국유지,155.46661329391645,126.96956414045214,37.542239188422705,106.06766462,88.08342484,105.22572098,209.3113699,130,미지정,1
276896,1117000000000002172,청파동3가 118-255도,도,국유지,13.962388928979635,126.96687881348791,37.543179094836674,154.21045547,300.3671907,157.4642746,80.94358245,130,미지정,1
277061,1117000000000002337,원효로2가 65-19 도,도,국유지,51.92691556084901,126.96277284169263,37.534933770630644,370.60152653,308.49207546,136.99118113,197.34264075,141,미지정,1
277062,1117000000000002338,원효로2가 86-14도,도,국유지,124.09595922380686,126.96196677863853,37.53487925033266,268.40434437,303.90759826,174.69590148,219.93511343,141,미지정,1
277063,1117000000000002339,원효로2가 86-39도,도,국유지,1477.7256584317074,126.96182183912464,37.53501830240117,262.07096205,284.69740089,186.85212654,226.48279481,141,미지정,1
277064,1117000000000002340,원효로2가 61-10도,도,국유지,67.16614762676181,126.96294438498612,37.534867772430765,361.01023461,311.02520161,124.46950899,187.05198847,141,미지정,1
277065,1117000000000002341,원효로2가 90-34 도,도,국유지,711.7901499792933,126.9606822646256,37.53508277219396,178.59999937,202.346854,141.40849895,205.73320887,141,미지정,1
277066,1117000000000002342,원효로2가 88-13도,도,국유지,1004.731318029575,126.96067747785445,37.53556587163878,215.78605829,166.82608064,193.86466845,259.30137728,141,미지정,1
277067,1117000000000002343,원효로2가 90-31도,도,국유지,299.3714744076133,126.96129266213934,37.535346546346204,239.29114208,225.68473821,188.13499454,242.99696658,141,미지정,1
277068,1117000000000002344,원효로2가 1-41도,도,국유지,117.62173082504887,126.96593545392379,37.53797176411476,245.57879746,48.84681666,512.42485334,273.9562179,141,미지정,1
277069,1117000000000002345,원효로2가 71-1도,도,국유지,53.10833718650974,126.96268819492673,37.535794531707914,280.97377273,223.58279651,229.32691259,187.42290743,141,미지정,1
277070,1117000000000002346,원효로2가 85-20도,도,국유지,85.69049828161951,126.96208298456489,37.53575339978632,292.06998236,256.97503044,245.72524002,240.5944647,141,미지정,1
277071,1117000000000002347,원효로2가 69-12도,도,국유지,1081.6702418753412,126.96229941904423,37.5356701825114,297.75079044,253.16658916,228.76200318,221.30170118,141,미지정,1
277072,1117000000000002348,원효로2가 85-18도,도,국유지,90.89468780509196,126.96209307730771,37.53553110432405,316.04909074,276.21112322,223.93751565,240.05873256,141,미지정,1
277073,1117000000000002349,원효로2가 86-20도,도,국유지,121.10778412269428,126.96153912086238,37.535601442491505,273.71353318,232.06033538,223.38364808,276.27965804,141,미지정,1
277074,1117000000000002350,원효로2가 84-7도,도,국유지,27.996173876337707,126.96146619329595,37.535792347290354,304.28511599,218.52899386,239.27104765,294.76275602,141,미지정,1
277075,1117000000000002351,원효로2가 69-8도,도,국유지,817.4303163676523,126.96188624327885,37.535886110083084,282.08733517,257.25879767,267.1255914,258.89774345,141,미지정,1
277076,1117000000000002352,원효로2가 86-37도,도,국유지,1069.968250529375,126.96144095253878,37.53562871256781,268.85459693,222.89115765,221.97936637,276.66910608,141,미지정,1
277077,1117000000000002353,원효로2가 72-5도,도,국유지,345.5370217190357,126.96276305739298,37.535993518003316,258.76632076,201.06139986,248.96839606,183.79038001,141,미지정,1
277078,1117000000000002354,원효로2가 1-78도,도,국유지,13.796575879212469,126.96569201161275,37.53806278540111,222.40738398,38.13975195,512.74140531,276.52425784,141,미지정,1
277079,1117000000000002355,원효로2가 81-21도,도,국유지,43.09280327981105,126.96207854791713,37.53598770035662,266.80711599,237.42269348,268.99016252,243.33590487,141,미지정,1
277080,1117000000000002356,원효로2가 29-9도,도,국유지,359.9255332601024,126.96310679327918,37.53632657299958,223.61363313,154.10972307,280.44144862,166.54856413,141,미지정,1
277081,1117000000000002357,원효로2가 78-39도,도,국유지,1139.8466072466108,126.96223775817818,37.536897750056994,165.61230796,163.87611249,358.04639153,264.3508509,141,미지정,1
277082,1117000000000002358,원효로2가 29-1도,도,국유지,766.9626327874139,126.96309427664409,37.536224836171634,234.68616116,164.74416668,269.3231514,162.97771533,141,미지정,1
277083,1117000000000002359,원효로2가 76-23 도,도,국유지,23.10090791992843,126.963611355414,37.53690835562632,176.18524816,77.14575112,344.06242681,172.85598391,141,미지정,1
277084,1117000000000002360,원효로2가 22-2 도,도,국유지,59.993741454556584,126.96367361974059,37.53685771203946,182.81257032,81.01470146,338.76855977,165.04823589,141,미지정,1
277085,1117000000000002361,원효로2가 90-2도,도,국유지,981.9385917447507,126.9613252685235,37.53519325031677,232.1639998,237.44010997,174.70373872,227.40807674,141,미지정,1
277086,1117000000000002362,원효로2가 1-125 도,도,국유지,20.55510948318988,126.96580964996421,37.53800620186113,233.89061758,43.39301536,511.17708933,273.706994,141,미지정,1
277087,1117000000000002363,원효로2가 74-5도,도,국유지,88.37716320902109,126.9633748556524,37.5367600900161,181.34215551,100.48101579,327.21353179,174.60279623,141,미지정,1
277088,1117000000000002364,원효로2가 21-1도,도,국유지,151.8288320209831,126.96376102879358,37.536751509282,196.05349266,91.22114678,327.6290521,150.99249792,141,미지정,1
277089,1117000000000002365,원효로2가 39-1도,도,국유지,981.5132404305041,126.96338973605845,37.5354798091131,320.27036684,235.83447384,185.11301672,126.76943229,141,미지정,1
277090,1117000000000002366,원효로2가 22-4 도,도,국유지,61.11207601428032,126.96373312552168,37.53680466498128,189.73617061,85.73704531,333.29002417,157.17967539,141,미지정,1
277091,1117000000000002367,원효로2가 21-3도,도,국유지,1540.9136668569408,126.96354749694113,37.53646992596942,216.64071344,125.47128106,295.20105006,141.89742543,141,미지정,1
277092,1117000000000002368,원효로2가 60도,도,국유지,390.03719348367304,126.96395403293425,37.53505750428394,205.71776745,183.70698394,146.06881398,101.52126463,141,미지정,1
277093,1117000000000002369,원효로2가 80-9도,도,국유지,188.61916359129827,126.96238444560593,37.53654495590747,200.69859872,174.8859566,316.81313877,234.65215938,141,미지정,1
277094,1117000000000002370,원효로2가 80-23도,도,국유지,98.46592919714749,126.9623068979046,37.53683807244136,170.3414433,161.66365366,349.950064,255.71717645,141,미지정,1
277095,1117000000000002371,원효로2가 77-43 도,도,국유지,11.947720021940768,126.9635269626437,37.53702465229885,162.15379035,68.22763925,356.67870528,187.64481257,141,미지정,1
277096,1117000000000002372,원효로2가 77-41 도,도,국유지,11.192387553630397,126.96351211656444,37.53712025562373,151.47188393,59.80351441,367.25433494,196.98384822,141,미지정,1
277097,1117000000000002373,원효로2가 52-13도,도,국유지,163.96474582655355,126.96389272563567,37.53588576712533,229.26601168,186.58632373,233.91692915,83.8606425,141,미지정,1
277098,1117000000000002374,원효로2가 76-10도,도,국유지,243.38262396206846,126.96372352420589,37.53721500798019,145.61459875,41.75500507,378.6332636,195.89022616,141,미지정,1
277099,1117000000000002375,원효로2가 77-40 도,도,국유지,21.91391712706536,126.96350870277527,37.537162620710234,146.78600691,56.14853853,371.94868806,201.0059472,141,미지정,1
277100,1117000000000002376,원효로2가 76-33 도,도,국유지,32.93462022091262,126.96356180436834,37.5372141616282,142.05475551,48.75683899,377.79473462,203.16065548,141,미지정,1
277101,1117000000000002377,원효로2가 77-39 도,도,국유지,10.62343107839115,126.96350426131117,37.53721493998154,140.99803381,51.88365636,377.74623605,206.02454713,141,미지정,1
277102,1117000000000002378,원효로2가 1-22도,도,국유지,149.73739760369062,126.96559266703794,37.53776628752047,223.03573113,72.19283892,479.04828594,242.47974798,141,미지정,1
277103,1117000000000002379,원효로2가 16-16도,도,국유지,54.284791361540556,126.96432580785445,37.53682268302011,206.63127783,91.11683511,343.59991312,134.3221286,141,미지정,1
277104,1117000000000002380,원효로2가 1-133도,도,국유지,2557.7964841926005,126.96483668762583,37.53733354418384,189.83437823,87.53601635,410.41117837,184.23097155,141,미지정,1
277105,1117000000000002381,원효로2가 3-39도,도,국유지,172.39754182146862,126.96522088086296,37.53734309917497,215.83769666,127.41472756,422.99611,188.90176835,141,미지정,1
277106,1117000000000002382,원효로2가 3-37도,도,국유지,118.97162669198588,126.96555623124603,37.53728490415137,252.93675846,106.10697669,429.20899413,190.77858996,141,미지정,1
277107,1117000000000002383,원효로2가 1-168 도,도,국유지,159.9783353692619,126.96580436868186,37.53769259854477,292.98031404,78.180078,479.49212577,240.88188888,141,미지정,1
277108,1117000000000002384,원효로2가 24-1도,도,국유지,293.59352099569514,126.96373591279654,37.53649717927943,223.09603754,119.51154162,299.31731783,131.37555758,141,미지정,1
277109,1117000000000002385,원효로2가 91-2도,도,국유지,1667.414487214759,126.96071874881135,37.534944343918,172.14553816,215.93621816,127.40985424,190.55492289,141,미지정,1
277110,1117000000000002386,원효로2가 3-1 도,도,국유지,437.8152075856924,126.9655751112555,37.537549082562236,231.13654567,96.04667808,456.41582892,219.01253257,141,미지정,1
277111,1117000000000002387,원효로2가 23-14도,도,국유지,299.1416837890283,126.96424437803391,37.53638880027109,247.45807875,134.44225527,295.12336822,93.4914812,141,미지정,1
277112,1117000000000002388,원효로2가 16-19도,도,국유지,166.0181775582023,126.9640938468099,37.536671535082284,213.39091047,100.98612079,322.90591759,127.27118923,141,미지정,1
277113,1117000000000002389,원효로2가 35-5도,도,국유지,49.58168940898031,126.96324791008011,37.53611756088633,248.38902295,170.59431569,256.32677363,146.0424742,141,미지정,1
277114,1117000000000002390,원효로2가 34-3도,도,국유지,36.94713701168075,126.96334372808533,37.53617948484447,243.19104755,161.39450377,262.83526478,140.70038509,141,미지정,1
277115,1117000000000002391,원효로2가 34-2도,도,국유지,152.85016512149014,126.96340447806229,37.53616137783982,246.29735192,161.80528383,260.74329542,134.97560029,141,미지정,1
277116,1117000000000002392,원효로2가 27-16도,도,국유지,179.83100968389772,126.96364987099416,37.53637719733625,234.82471639,133.74662662,285.41905801,128.43065387,141,미지정,1
277117,1117000000000002393,원효로2가 40-4도,도,국유지,785.127951071132,126.96275648076329,37.535889454802714,270.32049338,211.4452195,237.89466341,182.48714399,141,미지정,1
277118,1117000000000002394,원효로2가 56-2도,도,국유지,3014.5725147966295,126.96414241413866,37.53566654640255,199.93446204,141.06795667,215.50393662,58.4162395,141,미지정,1
277119,1117000000000002395,원효로2가 4-1도,도,국유지,1841.8402923946269,126.96463148991734,37.53709331475693,196.51760778,83.96811341,379.5960665,158.27888711,141,미지정,1
277120,1117000000000002396,원효로2가 3-46도,도,국유지,222.6905468448531,126.96462641391363,37.53701913973072,202.69251306,89.02430742,371.57628118,150.13276857,141,미지정,1
277121,1117000000000002397,원효로2가 3-45도,도,국유지,40.31611852860078,126.96491084622872,37.53719422615571,205.11215889,99.20527715,397.83723949,169.01081869,141,미지정,1
277122,1117000000000002398,원효로2가 64-1도,도,국유지,788.4508034190512,126.96295675933531,37.53519377948642,347.8529529,276.01717619,158.71324176,171.66522652,141,미지정,1
277123,1117000000000002399,원효로2가 44-4도,도,국유지,38.320583783322945,126.96285731025216,37.53586035718247,273.61373427,210.27346309,232.70101962,173.24032269,141,미지정,1
277124,1117000000000002400,원효로2가 66-6도,도,국유지,1271.6399361475487,126.96233696828864,37.53511242060538,358.73941631,305.06850643,173.16390473,226.70038245,141,미지정,1
277125,1117000000000002401,원효로2가 69-11도,도,국유지,42.38681351346895,126.96221176702923,37.53546354451131,321.59139203,276.61208935,212.11573404,230.22966276,141,미지정,1
277126,1117000000000002402,원효로2가 52-25도,도,국유지,42.47010425652843,126.96362417988986,37.53566814736113,243.74849538,212.05076089,206.78857789,104.21621901,141,미지정,1
277127,1117000000000002403,원효로2가 49-1도,도,국유지,31.512858150759712,126.96321502002596,37.53580680617382,282.05786044,204.27134883,222.12462472,141.15633103,141,미지정,1
277128,1117000000000002404,원효로2가 69-9도,도,국유지,74.96408810047433,126.96239247265112,37.5355644387813,308.33667698,258.70215749,214.63496699,213.41995853,141,미지정,1
277129,1117000000000002405,원효로2가 76-32 도,도,국유지,20.001068994170055,126.96355267287885,37.53729826238352,132.76226226,42.2022865,387.098508,211.49628762,141,미지정,1
277130,1117000000000002406,원효로2가 77-37 도,도,국유지,11.673023233190179,126.9634991904762,37.53726952380952,134.9555862,47.81323966,383.79473864,211.32526662,141,미지정,1
277131,1117000000000002407,원효로2가 70-4도,도,국유지,73.95343938563019,126.96268990197638,37.53575060007958,285.84297288,227.81415777,224.60966476,186.98563913,141,미지정,1
277132,1117000000000002408,원효로2가 1-95도,도,국유지,394.09421758685494,126.96587998737633,37.53775470010703,298.93608557,71.69700683,488.62984111,249.774038,141,미지정,1
277133,1117000000000002409,원효로2가 83-4도,도,국유지,457.4772350486601,126.96126608315018,37.53597078972479,293.73901162,195.92169582,250.78732701,309.99960898,141,미지정,1
277134,1117000000000002410,원효로2가 83-20도,도,국유지,102.54271030705422,126.96124295633044,37.5361017919676,281.86689293,190.75629486,263.86794003,323.90288638,141,미지정,1
277135,1117000000000002411,원효로2가 92-13도,도,국유지,239.62446943763644,126.96071895935594,37.53448107131988,149.80968452,257.05576658,79.51807994,139.27248853,141,미지정,1
277136,1117000000000002412,원효로2가 96-23 도,도,국유지,13.743316524662077,126.96121545110636,37.53422742184155,187.69459182,305.42366782,90.88929207,123.82578536,141,미지정,1
277137,1117000000000002413,원효로2가 92-14도,도,국유지,34.20629173889756,126.96112939064143,37.53420858020267,179.94232619,302.56560297,83.20583621,118.68453508,141,미지정,1
277138,1117000000000002414,원효로2가 93-8도,도,국유지,126.20563839306124,126.96106432526264,37.53448869052894,179.40940299,274.35113827,97.98075431,145.88177991,141,미지정,1
277139,1117000000000002415,원효로2가 86-35도,도,국유지,63.38922131434083,126.96185085654598,37.53509695078923,267.97738837,282.22490299,194.82863299,235.37460177,141,미지정,1
277140,1117000000000002416,원효로2가 1-166 도,도,국유지,408.20330018532695,126.96604083511356,37.537882484246275,311.7317558,61.1649604,507.69752052,268.41348243,141,미지정,1
277141,1117000000000002417,원효로2가 1-167 도,도,국유지,339.9486799414153,126.96608078327466,37.5378079131175,303.24816201,70.15782389,501.99172883,262.37604209,141,미지정,1
277142,1117000000000002418,원효로2가 97 도,도,국유지,544.6134806356858,126.96603570305564,37.537477755579765,266.97053654,94.39730387,467.95162248,227.90769951,141,미지정,1
277143,1117000000000002419,원효로2가 91-22도,도,국유지,158.1988946343772,126.96023581680822,37.534903017744575,135.58462585,194.71979201,117.67105786,188.16960467,141,미지정,1
277144,1117000000000002420,원효로2가 85-2도,도,국유지,978.8850300451741,126.96185822616441,37.53542126794068,332.51186863,265.93109662,222.35275083,267.86994026,141,미지정,1
277145,1117000000000002421,원효로2가 1-150 도,도,국유지,43.71958825690672,126.9660417407823,37.53768151095655,289.47625712,82.39799473,487.99380088,248.24421793,141,미지정,1
277146,1117000000000002422,원효로2가 2-25 도,도,국유지,179.57745907641947,126.96577400238522,37.53719348493289,238.78426698,84.63055442,429.11692253,189.21312572,141,미지정,1
277147,1117000000000002423,원효로2가 1-96도,도,국유지,157.14336645556614,126.96636560629423,37.53779951826883,301.88937557,83.42857703,513.46398665,273.34420726,141,미지정,1
277148,1117000000000002424,원효로2가 65-11도,도,국유지,113.67847996891942,126.96267543751713,37.534698431361555,346.62119046,335.99329366,118.338635,216.97630589,141,미지정,1
277149,1117000000000002425,원효로2가 76-34 도,도,국유지,15.768397466745228,126.96357212700883,37.537107612960085,153.81901713,58.23096972,366.00833348,192.79861959,141,미지정,1
277150,1117000000000002426,원효로2가 77-9 도,도,국유지,15.51828415482305,126.96352080741677,37.53707379013906,156.68493466,63.74610685,362.11667141,192.35037957,141,미지정,1
277151,1117000000000002427,원효로2가 26-4도,도,국유지,211.79751128162025,126.96349093111499,37.536963118279544,168.42461431,75.75317626,349.77983464,184.22334931,141,미지정,1
277152,1117000000000002428,원효로2가 5-1도,도,국유지,318.0487018926069,126.96456832932908,37.53773954330964,143.36776181,62.88825242,447.56259161,230.2106468,141,미지정,1
277153,1117000000000002429,원효로2가 77-15도,도,국유지,129.92906766431406,126.96326289427857,37.537044612195345,148.25246502,80.23790371,359.03558255,204.18536261,141,미지정,1
277154,1117000000000002430,원효로2가 1-134도,도,국유지,47.5452793110162,126.96522303204729,37.537614293377345,200.14089356,100.4005392,451.09169049,218.53321493,141,미지정,1
277155,1117000000000002431,원효로2가 4-5도,도,국유지,13.762355724349618,126.96516913067236,37.537327036350675,213.1722681,130.91196183,419.63819772,186.30648545,141,미지정,1
277156,1117000000000002432,원효로2가 76-42 도,도,국유지,11.722102179774083,126.96358298158995,37.5370631916318,158.84157506,62.16685368,361.1185644,188.19823593,141,미지정,1
277157,1117000000000002433,원효로2가 84-11도,도,국유지,261.22150458715623,126.96185406408931,37.535582523729964,315.29217491,284.43717502,236.48512489,284.06804553,141,미지정,1
277158,1117000000000002434,원효로2가 80-17도,도,국유지,79.29915917245671,126.96222711650584,37.536198763936994,241.07018873,211.36006331,285.09053725,235.03906564,141,미지정,1
277159,1117000000000002435,원효로2가 76-43 도,도,국유지,36.8388309617294,126.96358672622377,37.536988317711796,167.05780222,69.60651095,352.82896534,181.25527457,141,미지정,1
277160,1117000000000002436,원효로2가 76-38 도,도,국유지,15.969538699835539,126.96362432678134,37.536963667485665,170.39817074,70.96810285,350.25137737,177.08425596,141,미지정,1
277161,1117000000000002437,원효로2가 76-41 도,도,국유지,13.772273698821664,126.96358350000001,37.536944500000004,171.78211624,74.22072077,347.95807466,177.53743486,141,미지정,1
277162,1117000000000002438,원효로2가 8-12도,도,국유지,572.8444747422473,126.96416266750565,37.53746754351848,138.27049878,26.45411431,410.98802536,206.98505669,141,미지정,1
277163,1117000000000002439,원효로2가 76-28도,도,국유지,11.319919660745654,126.96358573887926,37.53702989500289,162.51289325,65.40940813,357.43595231,185.04053493,141,미지정,1
277164,1117000000000002440,원효로2가 77-44도,도,국유지,57.923867085482925,126.96301518910532,37.53703070180638,145.08182976,97.61081218,359.00875282,218.33502999,141,미지정,1
277165,1117000000000002441,원효로2가 76-39 도,도,국유지,26.87749011395499,126.96365299099757,37.536926635340635,174.94975697,74.10066402,346.28842325,172.27079584,141,미지정,1
277166,1117000000000002442,원효로2가 19-3도,도,국유지,35.78923780564219,126.964026578731,37.53692570334841,184.98429929,72.173699,349.70856156,154.99203665,141,미지정,1
277167,1117000000000002443,원효로2가 20-1도,도,국유지,53.81381076807156,126.96392217140597,37.5369293206951,181.28167218,70.81958655,348.8107464,159.64652784,141,미지정,1
277168,1117000000000002444,원효로2가 78-37 도,도,국유지,24.0424676486291,126.96245674350605,37.537305241262075,116.82681099,130.01129308,396.92662379,275.34633035,141,미지정,1
277169,1117000000000002445,원효로2가 79-25도,도,국유지,238.2382526534493,126.96250372498312,37.53702964255908,145.8911395,136.30897859,366.16821396,252.9155389,141,미지정,1
277170,1117000000000002446,원효로2가 78-45 도,도,국유지,10.167283033952117,126.96270205643997,37.537347996140866,108.67453561,107.81826463,397.53259065,262.74302856,141,미지정,1
277171,1117000000000002447,원효로2가 78-44 도,도,국유지,11.133492030669004,126.96265581468427,37.53734459412628,109.4010212,111.88650327,397.83301843,265.38347946,141,미지정,1
277172,1117000000000002448,원효로2가 78-18도,도,국유지,32.44415682088584,126.96239264867725,37.53724326963971,124.9525182,137.17728463,391.48592713,275.23314242,141,미지정,1
277173,1117000000000002449,원효로2가 78-55 도,도,국유지,36.48058134550229,126.96343852890563,37.537394092139465,120.4285836,44.32006083,397.55946889,225.85750137,141,미지정,1
277174,1117000000000002450,원효로2가 78-53 도,도,국유지,35.6369871502975,126.96324494219654,37.53738964354528,111.49153259,60.36046523,397.36255116,235.04224441,141,미지정,1
277175,1117000000000002451,원효로2가 7-10 도,도,국유지,125.85220812447369,126.96361645262412,37.537643583372315,97.55226293,25.6803932,425.60186452,242.49670741,141,미지정,1
277176,1117000000000002452,원효로2가 77-35 도,도,국유지,26.793944654986262,126.96348759106719,37.53734122661542,126.94282719,43.54399853,391.7345198,218.58166864,141,미지정,1
277177,1117000000000002453,원효로2가 78-54 도,도,국유지,31.399387971381657,126.96334465385819,37.53739750098927,119.04530696,51.78536385,397.98960114,230.71025357,141,미지정,1
277178,1117000000000002454,원효로2가 78-52 도,도,국유지,24.73891119705513,126.96315037364523,37.53738210719006,109.51996115,68.56200459,396.94019361,239.373773,141,미지정,1
277179,1117000000000002455,원효로2가 78-49 도,도,국유지,18.36291043064557,126.96292638639602,37.53736454522792,107.32509266,88.12847125,396.68009289,250.48338275,141,미지정,1
277180,1117000000000002456,원효로2가 78-48 도,도,국유지,18.470823627198115,126.96285849999998,37.53735900000001,107.40573812,94.09172452,396.77370213,254.05688776,141,미지정,1
277181,1117000000000002457,원효로2가 1-117도,도,국유지,33.06662535131909,126.96532905043016,37.53811865984376,189.73736867,51.31355356,506.88975668,275.29002611,141,미지정,1
277182,1117000000000002458,원효로2가 78-51 도,도,국유지,17.980352639686316,126.96307204664484,37.53737592580469,108.34731497,75.38615856,396.73142888,243.12797904,141,미지정,1
277183,1117000000000002459,원효로2가 78-50 도,도,국유지,19.726392473559827,126.9630064712415,37.53737073993039,107.7030154,81.11696624,396.64921571,246.37717582,141,미지정,1
277184,1117000000000002460,원효로2가 78-47 도,도,국유지,12.943303266307339,126.96279956587092,37.53735494518126,107.66555895,99.25526535,397.01272498,257.28285573,141,미지정,1
277185,1117000000000002461,원효로2가 78-46 도,도,국유지,13.24739000480622,126.9627492083179,37.53735119350858,108.11944382,103.6798411,397.23987597,260.06811793,141,미지정,1
277186,1117000000000002462,원효로2가 1-13도,도,국유지,211.57350503932685,126.96538807698549,37.538146105475455,194.26846209,45.31963046,511.51384505,279.21077654,141,미지정,1
277187,1117000000000002463,원효로2가 1-10도,도,국유지,209.46969907544553,126.96564222871058,37.53805698715337,218.23230694,40.0056748,510.4400043,274.6876394,141,미지정,1
277188,1117000000000002464,원효로2가 1-4도,도,국유지,860.2715518089244,126.9647186573395,37.538310491239166,132.95791963,95.40777931,512.29476889,292.73356444,141,미지정,1
277189,1117000000000002465,원효로2가 1-165 도,도,국유지,1115.3928294515936,126.9651177704736,37.538069095635514,172.81562152,69.87256192,495.7368571,267.29035154,141,미지정,1
277190,1117000000000002466,원효로2가 1-76도,도,국유지,444.3051800230751,126.96417396273313,37.53826070267138,86.73899701,80.97268166,498.21924808,292.45605133,141,미지정,1
277191,1117000000000002467,원효로2가 7-17 도,도,국유지,150.4431729791686,126.96400839323204,37.53797453853425,88.0031021,46.42413262,464.89917177,264.84832164,141,미지정,1
277192,1117000000000002468,원효로2가 7-18 도,도,국유지,84.14796866488177,126.96364925350198,37.537953935983374,67.99024212,47.95968171,460.1392979,272.85870392,141,미지정,1
277193,1117000000000002469,원효로2가 1-99도,도,국유지,60.20826761517674,126.96416959916364,37.53845211887693,83.32122682,101.29443817,519.23146495,313.4074432,141,미지정,1
277194,1117000000000002470,원효로2가 1-79도,도,국유지,88.60564799979329,126.96405742191595,37.53847796505407,73.40474954,102.18520548,520.91091369,318.136952,141,미지정,1
277195,1117000000000002471,원효로2가 63-1도,도,국유지,116.19251807662658,126.96259918567607,37.53599715065429,258.8758199,208.28216296,253.1236933,198.09317928,141,미지정,1
277331,1117000000000002607,청암동 104-7 도,도,국유지,542.0738556798897,126.94618953217214,37.535290157341045,715.96495577,365.53166885,796.66252906,483.13294355,91,미지정,0
277332,1117000000000002608,청암동 5도,도,국유지,240.96847757109208,126.9489139446763,37.534465585587604,518.95777145,112.18938515,562.74780617,299.17765981,91,미지정,0
277333,1117000000000002609,청암동 55-7도,도,국유지,482.7264303746633,126.94802668754679,37.53450135299079,587.87077478,190.7023181,639.79263224,361.46104889,91,미지정,0
277334,1117000000000002610,청암동 10-3도,도,국유지,81.73375405976549,126.94870722011522,37.53447536795888,534.70505388,130.48727632,580.63936233,312.94120789,91,미지정,0
277335,1117000000000002611,청암동 10-5도,도,국유지,100.92626393400133,126.94861354690511,37.534503449725406,540.73564661,138.90279709,588.37633434,317.80116284,91,미지정,0
277336,1117000000000002612,청암동 53-3도,도,국유지,244.95074823941104,126.94824770708766,37.53460877242479,565.19140534,172.12837613,618.93369552,338.57766356,91,미지정,0
277337,1117000000000002613,청암동 51-3도,도,국유지,139.8162694434286,126.94842325511587,37.53462909551205,550.08196811,157.02012682,603.26113726,324.12833474,91,미지정,0
277338,1117000000000002614,청암동 1-8도,도,국유지,51.20135849987855,126.94903769406396,37.53441068186608,512.22380448,101.22172097,552.94856876,294.73764476,91,미지정,0
277339,1117000000000002615,청암동 10-4도,도,국유지,70.02586421190063,126.94852462492116,37.53456388048375,544.93332179,147.26164423,595.25377919,320.48259157,91,미지정,0
277340,1117000000000002616,청암동 52-3도,도,국유지,308.8900179232005,126.94835295002933,37.534527645500205,560.38898833,162.05645245,610.82287866,335.38543816,91,미지정,0
277341,1117000000000002617,청암동 7도,도,국유지,432.73625825857744,126.94872825909681,37.534576369573195,528.08011715,129.527334,577.22812579,304.84964087,91,미지정,0
277342,1117000000000002618,청암동 51-1도,도,국유지,25.867884107632563,126.94851991277969,37.534729683352296,537.7815415,150.60818892,593.57254834,311.03879852,91,미지정,0
277343,1117000000000002619,청암동 179-1 도,도,국유지,25.446021166921128,126.94855169493704,37.53490716184784,527.69562161,153.46590086,589.15389434,298.96341964,91,미지정,0
277344,1117000000000002620,청암동 58-4도,도,국유지,10.241226839425508,126.94763230284161,37.53451796918902,619.20684954,225.60620811,674.13854531,390.99020413,91,미지정,0
277345,1117000000000002621,청암동 81 도,도,국유지,55.905004728469066,126.94780933698895,37.53450380014038,605.38387913,209.90888428,658.80785823,377.98339722,91,미지정,0
277346,1117000000000002622,청암동 1-6도,도,국유지,167.57301795575768,126.94890758868239,37.53439444358263,523.17526159,112.77147468,564.58698306,304.63630706,91,미지정,0
277347,1117000000000002623,청암동 118-2도,도,국유지,161.74569712596713,126.94664461959351,37.53459952969243,697.71549727,313.25140409,759.93883553,466.5348814,91,미지정,0
277348,1117000000000002624,청암동 113-1도,도,국유지,113.04122548550367,126.94670532750467,37.53445741748022,697.96785204,307.3503507,756.28542114,467.70980362,91,미지정,0
277349,1117000000000002625,청암동 106-3도,도,국유지,248.7720615605358,126.94689250376577,37.534464740115666,682.19153832,290.8163118,739.76161032,452.28944455,91,미지정,0
277350,1117000000000002626,청암동 168-19도,도,국유지,199.25810549908783,126.94554344422565,37.53439498514051,797.20102171,410.05239133,859.0977088,565.5305947,91,미지정,0
277351,1117000000000002627,청암동 165-2도,도,국유지,70.28052076720633,126.94583531995718,37.53502874131715,752.97677657,389.88602277,828.3468639,520.08550707,91,미지정,0
277352,1117000000000002628,청암동 112-1도,도,국유지,94.18718063517008,126.94666480593317,37.53434902492667,705.57886474,311.0583164,761.34042082,475.94575705,91,미지정,0
277353,1117000000000002629,청암동 107-1 도,도,국유지,229.72699837759137,126.94685858255222,37.534359766139296,689.19449325,293.90421344,744.20711701,459.96093251,91,미지정,0
277354,1117000000000002630,청암동 108-3도,도,국유지,85.84906624897849,126.94688402256757,37.53428568811061,690.17888932,292.00045069,743.12648193,461.58625595,91,미지정,0
277355,1117000000000002631,청암동 89도,도,국유지,742.4141146548209,126.94714943480398,37.53423671002132,670.67698876,268.96681323,720.75767632,443.36924627,91,미지정,0
277356,1117000000000002632,청암동 84-5도,도,국유지,90.36656712833792,126.94758752435229,37.53417352715662,638.32613085,231.16183651,683.74254336,413.56165247,91,미지정,0
277357,1117000000000002633,청암동 85도,도,국유지,629.9128165636212,126.94742818560225,37.534148998427135,652.22369158,245.47614816,698.0850146,426.9575937,91,미지정,0
277358,1117000000000002634,청암동 58-11도,도,국유지,498.859589506872,126.94745176500041,37.53431176133966,642.85565174,241.73726161,693.07136114,415.97772964,91,미지정,0
277359,1117000000000002635,청암동 88도,도,국유지,162.37960427458165,126.94738202506095,37.534028448448424,661.67807086,251.56161463,704.56721616,437.53189095,91,미지정,0
277360,1117000000000002636,청암동 161-1도,도,국유지,53.849306975957006,126.94591240632117,37.53531508792544,739.37469541,389.91844686,821.17289662,506.63420428,91,미지정,0
277361,1117000000000002637,청암동 168-53도,도,국유지,88.92389089986682,126.9454370072072,37.53479904169885,793.40618926,421.40390065,864.6581776,560.64332373,91,미지정,0
277362,1117000000000002638,청암동 110 도,도,국유지,4437.588011095708,126.94578769752333,37.53447730475872,773.84012073,388.47416937,836.65314609,542.11481443,91,미지정,0
277363,1117000000000002639,청암동 163-1도,도,국유지,176.58080185594736,126.94574648989878,37.53533056603338,753.41617901,404.54922864,835.85185764,520.74444216,91,미지정,0
277364,1117000000000002640,청암동 165-1도,도,국유지,31.532781500776764,126.94553232664492,37.535071875823085,777.92593718,417.0898435,854.9863074,545.02745179,91,미지정,0
277365,1117000000000002641,청암동 105-5 도,도,국유지,58.460372040979564,126.94691675294347,37.53452582554465,677.8074856,288.83628606,736.85654843,447.54919516,91,미지정,0
277366,1117000000000002642,청암동 176도,도,국유지,2185.4818301191553,126.94851392000746,37.53511371135642,522.92059497,165.72722361,591.42782929,292.06275456,91,미지정,0
277367,1117000000000002643,청암동 92-1도,도,국유지,366.8408619442489,126.94728532258354,37.53442325984509,651.56952696,256.07749667,705.8887712,423.04985429,91,미지정,0
277368,1117000000000002644,청암동 78-2 도,도,국유지,456.8197074281634,126.9476503575485,37.534411802119465,622.32625442,223.8238072,674.09228509,395.2332368,91,미지정,0
277369,1117000000000002645,청암동 79-4 도,도,국유지,68.56926450901665,126.94767254153552,37.534493544015255,616.9632347,221.95387395,670.94535171,389.13014125,91,미지정,0
277370,1117000000000002646,청암동 58-6도,도,국유지,100.35729691846063,126.94783420821722,37.53447887815844,604.45627509,207.6255078,656.98508211,377.42541048,91,미지정,0
277371,1117000000000002647,청암동 80-3도,도,국유지,24.484812802576926,126.94776828405448,37.534547765558216,606.83650066,213.77080463,661.80945328,378.82616716,91,미지정,0
277372,1117000000000002648,청암동 59-3도,도,국유지,22.25309902522713,126.94803033333334,37.53459338703989,583.51834482,191.06209574,638.21471657,356.08190365,91,미지정,0
277373,1117000000000002649,청암동 113-2도,도,국유지,209.51887396606617,126.94658523120381,37.53445545483063,708.00501199,317.96282568,766.85308739,477.52367696,91,미지정,0
277374,1117000000000002650,청암동 104-8 도,도,국유지,96.98728319018846,126.94662241375877,37.534816029382014,692.1541711,317.52936874,759.96891409,460.00621054,91,미지정,0
277375,1117000000000002651,청암동 101-8 도,도,국유지,58.01379755139351,126.94662779945892,37.53484618205388,690.72529949,317.52402329,759.28576833,458.47958008,91,미지정,0
277376,1117000000000002652,청암동 173도,도,국유지,12.296163517981768,126.94827666666669,37.53563766666666,527.51097602,215.08942089,613.64482425,294.67880505,91,미지정,0
277410,1117000000000002686,한강로3가 54-17 도,도,국유지,138.5545688085258,126.95653134064946,37.532568310700455,95.19212892,247.98518351,320.60111331,205.1818416,310,미지정,1
277411,1117000000000002687,한강로3가 54-18 도,도,국유지,108.31085635488853,126.95642650513237,37.53251436065573,85.84253596,254.49783525,322.96117966,215.70780882,310,미지정,1
277412,1117000000000002688,한강로3가 54-19 도,도,국유지,75.39877947419882,126.95632793455636,37.53245683359354,76.74277966,261.64920265,326.22467005,226.2198421,310,미지정,1
277413,1117000000000002689,한강로3가 54-20 도,도,국유지,56.215591959655285,126.9562185494285,37.532393359189136,67.27621074,247.5418338,330.18334049,237.88524388,310,미지정,1
277415,1117000000000002691,한강로3가 51-57 도,도,국유지,270.1771797500551,126.95738938187824,37.532929979757824,172.53456113,217.86618933,264.09711231,130.44723388,310,미지정,1
277416,1117000000000002692,한강로3가 51-58 도,도,국유지,276.57825657725334,126.95724117929345,37.53288211902651,159.76616858,219.41725795,276.23810425,141.03857806,310,미지정,1
277417,1117000000000002693,한강로3가 54-14 도,도,국유지,469.89625849947333,126.95702889643462,37.53280581151554,141.25020751,224.03546348,316.24562873,157.90514421,310,미지정,1
277418,1117000000000002694,한강로3가 54-15 도,도,국유지,340.73543015588075,126.95680156546902,37.53270549581103,120.43690229,232.9821294,316.40219431,178.50017683,310,미지정,1
277419,1117000000000002695,한강로3가 54-16 도,도,국유지,151.2386068040505,126.95664181719316,37.53262301669154,105.19139388,241.7160137,318.72738675,194.33769527,310,미지정,1
277487,1117000000000002763,원효로4가 113-8 도,도,국유지,70.6609306531027,126.95423400754315,37.53210065481975,163.39396269,236.29571304,360.5593555,393.99983224,95,미지정,0
277488,1117000000000002764,원효로4가 121-4도,도,국유지,50.28019166260492,126.95213597518939,37.53304811068839,435.47177719,234.89161641,365.45035344,349.44307287,95,미지정,0
277489,1117000000000002765,원효로4가 113-29도,도,국유지,4069.1696116253734,126.95393751818924,37.531338089579975,193.25617511,324.01754977,449.02916057,464.99002075,95,미지정,0
277490,1117000000000002766,원효로4가 113-79 도,도,국유지,1140.4010897427797,126.95400987282791,37.531023161830745,199.59410806,357.48016465,481.51784323,483.25896409,95,미지정,0
277491,1117000000000002767,원효로4가 96-9도,도,국유지,94.69909650756745,126.95325523476805,37.53294753524627,277.32445489,183.43153741,308.70882024,387.38131441,95,미지정,0
277492,1117000000000002768,원효로4가 142-2 도,도,국유지,28.703316719736904,126.95037155878332,37.533452222260195,484.35055698,110.09069933,471.64756213,318.06355707,95,미지정,0
277493,1117000000000002769,원효로4가 142-12도,도,국유지,66.00482373661362,126.95055492284067,37.53350769829829,468.85484622,107.80478451,454.36171252,307.24566528,95,미지정,0
277494,1117000000000002770,원효로4가 1-6도,도,국유지,46.72767374338582,126.9533621555579,37.535240461530385,169.11948331,85.84230147,162.71927429,190.27778098,95,미지정,0
277495,1117000000000002771,원효로4가 113-65도,도,국유지,445.4553773163352,126.95458367272649,37.53190118340179,129.57600783,256.28180614,376.37975459,381.36678838,95,미지정,0
277496,1117000000000002772,원효로4가 16-1도,도,국유지,1514.611412698403,126.95377462549497,37.53320100613566,253.60906248,133.39755668,260.72159845,383.13555053,95,미지정,0
277497,1117000000000002773,원효로4가 114-3도,도,국유지,2315.202443533228,126.95289420877278,37.53241060649683,286.48967169,249.94602496,376.03000746,433.01291748,95,미지정,0
277498,1117000000000002774,원효로4가 109-10도,도,국유지,451.47581928176805,126.95477960149205,37.53235800002172,127.63352771,206.23119317,323.84605128,337.98147907,95,미지정,0
277499,1117000000000002775,원효로4가 113-5도,도,국유지,18.221936429617926,126.9545433877075,37.53212307510094,137.34589019,231.6964121,352.60396398,369.77884035,95,미지정,0
277500,1117000000000002776,원효로4가 113-4 도,도,국유지,115.2224572263658,126.95463941905409,37.53211092167213,128.80073955,233.0360376,352.63540699,363.57374222,95,미지정,0
277501,1117000000000002777,원효로4가 113-2도,도,국유지,76.42463451530784,126.95472843465333,37.53170719040285,116.81201596,278.06417685,396.13527147,385.19077482,95,미지정,0
277502,1117000000000002778,원효로4가 113-21도,도,국유지,2349.7679907934507,126.95450261875057,37.53224687427669,144.90440937,218.06298891,339.69879514,365.2605157,95,미지정,0
277503,1117000000000002779,원효로4가 113-3 도,도,국유지,156.71842861711048,126.95481602638411,37.53216022286209,115.58403314,228.37312536,345.32527112,347.69503154,95,미지정,0
277504,1117000000000002780,원효로4가 114-58도,도,국유지,178.86311360169202,126.9524519863343,37.53265516974716,331.31133905,256.20302171,377.45173673,397.29883019,95,미지정,0
277505,1117000000000002781,원효로4가 107-1도,도,국유지,84.28583991050255,126.95448992655956,37.53306447846832,196.14858775,127.50226108,251.29908232,327.15500847,95,미지정,0
277506,1117000000000002782,원효로4가 113-47도,도,국유지,50.08943429309875,126.95503145528139,37.532228814368715,101.23400942,223.28717346,336.35589087,327.85102776,95,미지정,0
277507,1117000000000002783,원효로4가 128-9도,도,국유지,124.5195144303143,126.95182233853282,37.533852317393425,369.89037813,145.26906107,336.99747578,257.43136148,95,미지정,0
277508,1117000000000002784,원효로4가 113-45 도,도,국유지,15.12694308673963,126.95408620752268,37.53181943125811,173.09869956,269.12545566,394.01686435,422.18155406,95,미지정,0
277509,1117000000000002785,원효로4가 113-17 도,도,국유지,51.28648599085864,126.95403879673552,37.53185000503698,177.35579825,266.52022727,391.81238158,423.7015641,95,미지정,0
277510,1117000000000002786,원효로4가 113-44 도,도,국유지,15.293753656558692,126.95410261577935,37.53184975026727,171.71660858,265.56704492,390.39620235,419.06858878,95,미지정,0
277511,1117000000000002787,원효로4가 113-68 도,도,국유지,13.974271813640371,126.95399134901136,37.53189916508716,181.78554445,261.98002935,387.68795313,424.14969742,95,미지정,0
277512,1117000000000002788,원효로4가 109-9도,도,국유지,73.36317484080791,126.95518585306769,37.5324610571193,105.30871481,201.06069299,310.24125231,301.73074125,95,미지정,0
277513,1117000000000002789,원효로4가 113-70 도,도,국유지,252.3616175504867,126.95408440224162,37.53174114717201,173.38615048,277.72187971,402.47338644,427.35096582,95,미지정,0
277514,1117000000000002790,원효로4가 113-31 도,도,국유지,55.11224223021418,126.95419458241368,37.53205837821882,165.94363833,241.43107652,365.9520622,399.45984658,95,미지정,0
277515,1117000000000002791,원효로4가 127-7도,도,국유지,32.29384981514886,126.95154155305791,37.533127066828676,451.45709964,188.21330541,400.72489088,336.75825209,95,미지정,0
277516,1117000000000002792,원효로4가 113-27 도,도,국유지,23.81359559413977,126.95408377748025,37.53211261661518,176.67228777,237.14446889,362.66488598,404.59102481,95,미지정,0
277517,1117000000000002793,원효로4가 113-1 도,도,국유지,266.6734744408168,126.95405014180524,37.53201184652125,177.79062677,248.69128803,374.23599103,413.00334346,95,미지정,0
277518,1117000000000002794,원효로4가 118-57 도,도,국유지,66.54170322045684,126.9516305767114,37.53087688225465,403.46053258,414.88074559,579.62197498,586.54919336,95,미지정,0
277519,1117000000000002795,원효로4가 115-9도,도,국유지,1122.9935830850154,126.95358652894056,37.53263367265917,235.99509538,196.34511164,324.25642185,431.08705923,95,미지정,0
277520,1117000000000002796,원효로4가 116-3도,도,국유지,1081.2436580272624,126.95226962156615,37.53291670459821,355.80161994,253.45067338,366.94782017,365.75202092,95,미지정,0
277521,1117000000000002797,원효로4가 118-52잡,잡,국유지,118.01442260295153,126.95163868473263,37.53148135051261,391.05723502,351.93480992,524.20548505,519.47784397,95,미지정,0
277522,1117000000000002798,원효로4가 118-35잡,잡,국유지,926.4537013033405,126.95281152595395,37.5313460225806,290.22792314,354.80220138,482.73378618,546.024529,95,미지정,0
277523,1117000000000002799,원효로4가 113-48도,도,국유지,144.85454271407798,126.95351914220733,37.53148304604046,226.02323567,317.25241688,444.44736283,547.7496097,95,미지정,0
277524,1117000000000002800,원효로4가 118도,도,국유지,409.3555467906408,126.95207836322462,37.532649562466545,362.92234517,271.9055513,399.97448324,392.59253214,95,미지정,0
277525,1117000000000002801,원효로4가 114-65 도,도,국유지,126.57764823362231,126.95242679652019,37.532099080678904,321.44184836,302.65920409,427.78843055,457.53421406,95,미지정,0
277526,1117000000000002802,원효로4가 114-68도,도,국유지,142.97962696105242,126.95257114229845,37.53216773676386,309.65579676,288.72874917,414.27303342,452.41066138,95,미지정,0
277527,1117000000000002803,원효로4가 114-62도,도,국유지,212.20294463814935,126.9526620725407,37.532273016711734,303.4769298,274.57858219,400.09133652,442.69152436,95,미지정,0
277528,1117000000000002804,원효로4가 113-72 도,도,국유지,19.629811592400074,126.9539461712477,37.531652328669004,186.22208317,289.62013577,415.13752883,443.02939088,95,미지정,0
277529,1117000000000002805,원효로4가 118-50잡,잡,국유지,119.64278627932072,126.95172233407128,37.53154198278124,383.12696723,348.50040135,514.38685604,512.92156014,95,미지정,0
277530,1117000000000002806,원효로4가 118-48 도,도,국유지,522.9356121616438,126.9519452784057,37.53170583749324,362.48324028,340.39071477,488.05127835,495.75906932,95,미지정,0
277531,1117000000000002807,원효로4가 118-40잡,잡,국유지,41.49613117426634,126.95206035287627,37.53191153081166,352.35522041,325.33254753,463.64737831,473.8593181,95,미지정,0
277532,1117000000000002808,원효로4가 118-58잡,잡,국유지,61.287695810198784,126.95214418914234,37.53185499106309,344.78808128,334.52503129,464.33363323,480.86506625,95,미지정,0
277533,1117000000000002809,원효로4가 114-66 도,도,국유지,273.32477730698884,126.95226222076664,37.531948399803795,334.69537511,331.37418682,449.83727434,471.84962513,95,미지정,0
277534,1117000000000002810,원효로4가 114-64도,도,국유지,124.65932319033891,126.95244713043478,37.53202800800052,318.94050015,307.6948949,433.26050185,465.61343681,95,미지정,0
277535,1117000000000002811,원효로4가 114-61 도,도,국유지,32.81408942490816,126.95248150941703,37.532380249626314,321.36921289,275.90327415,399.69552885,427.72591478,95,미지정,0
277536,1117000000000002812,원효로4가 114-59 도,도,국유지,442.166982954368,126.95296802705211,37.532238785798,276.18523649,261.79514186,388.8289628,453.14340063,95,미지정,0
277537,1117000000000002813,원효로4가 113-33도,도,국유지,836.9435133598745,126.95363424812072,37.53211802044751,215.88206213,247.22911753,374.89707811,485.24772104,95,미지정,0
277538,1117000000000002814,원효로4가 113-43도,도,국유지,465.9750277582789,126.95375477501051,37.531516823743864,204.86609978,308.00883774,434.3289893,465.56186438,95,미지정,0
277539,1117000000000002815,원효로4가 113-49도,도,국유지,40.58389249024913,126.95396131004755,37.53163959205544,185.02290684,290.74555335,416.14484363,442.78284166,95,미지정,0
277540,1117000000000002816,원효로4가 169-14도,도,국유지,84.57403316406999,126.94936612113125,37.53412721597169,503.75476424,79.73053984,530.90021383,296.75125237,95,미지정,0
277541,1117000000000002817,원효로4가 151-3도,도,국유지,5800.655227766547,126.95087428921732,37.53306046909389,489.78798852,164.1087787,453.62912867,349.22239603,95,미지정,0
277542,1117000000000002818,원효로4가 180도,도,국유지,56.77839975943789,126.95020226960953,37.534075424786906,447.77314868,39.68680442,461.01843238,260.16045619,95,미지정,0
277543,1117000000000002819,원효로4가 162-3도,도,국유지,33.81887908023782,126.94938261730722,37.53403920203044,508.03453928,83.10470402,531.88042683,303.32787549,95,미지정,0
277544,1117000000000002820,원효로4가 161 도,도,국유지,340.1704105779063,126.94947344339664,37.533982488042014,505.10697707,80.15607442,525.7776558,303.32823231,95,미지정,0
277545,1117000000000002821,원효로4가 144-2도,도,국유지,22.380835104733706,126.95041682708742,37.53379350902185,454.50329485,73.89698771,453.11735157,281.08206433,95,미지정,0
277546,1117000000000002822,원효로4가 178-7도,도,국유지,94.3144056852907,126.94808417860177,37.534420488151575,586.94229952,185.47354149,636.00273066,361.81078339,95,미지정,0
277547,1117000000000002823,원효로4가 160-1도,도,국유지,427.72286534903105,126.94959836676449,37.533801556977515,508.39786404,87.02122135,521.02111726,313.37107777,95,미지정,0
277548,1117000000000002824,원효로4가 159-3도,도,국유지,104.23779984284192,126.9496073916965,37.53395023084888,497.69184582,73.83506773,515.38015903,299.26014034,95,미지정,0
277549,1117000000000002825,원효로4가 158-5도,도,국유지,40.60736306104809,126.94974316700892,37.53373621451866,503.04304502,86.50609108,511.21597158,312.74908191,95,미지정,0
277550,1117000000000002826,원효로4가 159-6도,도,국유지,12.634873075527139,126.94973296221532,37.53379080124224,499.87681129,81.57379905,510.10330305,308.01873799,95,미지정,0
277551,1117000000000002827,원효로4가 181도,도,국유지,225.21176450606436,126.95032134991435,37.53371777313644,466.41310879,80.28576629,464.03285534,291.97645969,95,미지정,0
277552,1117000000000002828,원효로4가 144-3도,도,국유지,666.0656878474983,126.95039482885234,37.533670823444794,465.45103652,86.61014653,459.96868413,294.51794406,95,미지정,0
277553,1117000000000002829,원효로4가 169 도,도,국유지,125.90220955759287,126.94931800370094,37.53407794579714,510.33034295,85.96235069,536.34112574,303.67179428,95,미지정,0
277554,1117000000000002830,원효로4가 169-7도,도,국유지,4439.132567182416,126.94874343585893,37.53321699220404,607.92563651,185.43110597,614.1651669,410.01194679,95,미지정,0
277555,1117000000000002831,원효로4가 170-4도,도,국유지,1073.831421731622,126.94785250551692,37.53389005206768,631.85712465,214.57034254,667.14129564,412.39442276,95,미지정,0
277556,1117000000000002832,원효로4가 170-9도,도,국유지,55.96421723905951,126.94778901221153,37.534039396085305,628.98925541,216.01303156,669.06488159,407.04039669,95,미지정,0
277557,1117000000000002833,원효로4가 170-8도,도,국유지,70.44819757016376,126.94776016888304,37.534082685372134,629.06964513,217.60152995,670.61195665,406.37562243,95,미지정,0
277558,1117000000000002834,원효로4가 178-8도,도,국유지,16.44093412067741,126.9478734453063,37.53437858920047,605.80819771,204.18251601,655.11022794,380.08923612,95,미지정,0
277559,1117000000000002835,원효로4가 118-60 도,도,국유지,37.5821570889093,126.95111732776472,37.531312356651874,438.89888863,356.03347136,567.46680103,539.49622956,95,미지정,0
277560,1117000000000002836,원효로4가 118-46도,도,국유지,67.32139732869109,126.9514126399514,37.53119573454766,414.91763752,375.34880824,561.55792089,551.23682315,95,미지정,0
277561,1117000000000002837,원효로4가 118-31 잡,잡,국유지,185.37458504363894,126.95160007085967,37.53158285940959,393.59533506,340.20210807,517.33914332,508.16909462,95,미지정,0
277562,1117000000000002838,원효로4가 118-19도,도,국유지,6572.1382064614445,126.95043381014747,37.531739136516535,495.96852366,299.77129022,574.52301029,500.53653278,95,미지정,0
277563,1117000000000002839,원효로4가 118-27도,도,국유지,711.3345167897642,126.95134134837909,37.53235779630498,420.23174549,252.0320016,469.03216493,422.52232641,95,미지정,0
277564,1117000000000002840,원효로4가 118-54 도,도,국유지,535.1076631420292,126.95141240229222,37.53131644850618,412.97253354,362.53981757,550.87629123,537.84263239,95,미지정,0
277565,1117000000000002841,원효로4가 118-61도,도,국유지,14.357008413469885,126.95132728857763,37.53113893007631,423.41558633,379.30596498,571.12296092,557.74965283,95,미지정,0
277566,1117000000000002842,원효로4가 178-14도,도,국유지,18.28519536368549,126.94746292042201,37.534286690450635,643.07984411,240.92396144,692.52380645,416.50347637,95,미지정,0
277567,1117000000000002843,원효로4가 178-13 도,도,국유지,100.00932129152352,126.94755591226088,37.53428763921857,635.53667695,232.71683785,684.38925561,409.35046246,95,미지정,0
277568,1117000000000002844,원효로4가 178-15도,도,국유지,45.99748217314482,126.94761228986282,37.534203966659554,634.90210841,228.59031473,681.0001586,409.91144741,95,미지정,0
277569,1117000000000002845,원효로4가 97-4도,도,국유지,121.8968398560537,126.95358733083857,37.532927707736455,250.48595264,167.87755461,295.27711631,401.71214394,95,미지정,0
277570,1117000000000002846,원효로4가 122-3도,도,국유지,87.48874538578093,126.95186322083316,37.53298971247034,451.49028248,229.67256622,387.84620811,353.12248937,95,미지정,0
277571,1117000000000002847,원효로4가 113-64도,도,국유지,179.30206338502467,126.95461190525693,37.531644246021976,127.84820776,284.80128864,404.28450824,397.54116165,95,미지정,0
277572,1117000000000002848,원효로4가 136-2 도,도,국유지,28.57565226854058,126.95057725437692,37.533865582389296,438.77285318,71.95829525,437.01965233,268.77395821,95,미지정,0
277573,1117000000000002849,원효로4가 142-11도,도,국유지,50.627998407231644,126.95060546231352,37.5336601402183,453.37472383,93.53210095,443.29791565,289.75552494,95,미지정,0
277574,1117000000000002850,원효로4가 116-2도,도,국유지,52.330507818609476,126.95265632571,37.532941128346934,325.01097057,221.76188994,341.60634342,370.6399082,95,미지정,0
277575,1117000000000002851,원효로4가 89-6도,도,국유지,51.43754722934682,126.95272318139918,37.53330941575284,389.76470123,193.24687866,307.78864142,333.20085402,95,미지정,0
277576,1117000000000002852,원효로4가 87-9도,도,국유지,119.4874813600909,126.95225088054681,37.53359810675534,375.7793069,191.28513137,319.30482099,291.23366483,95,미지정,0
277577,1117000000000002853,원효로4가 87-7도,도,국유지,99.28454529959708,126.952521418898,37.533449440980796,381.24523691,201.72807748,310.47461815,313.09938429,95,미지정,0
277578,1117000000000002854,원효로4가 85-5도,도,국유지,284.00944319041446,126.95205689471658,37.53412776778231,332.95876246,138.6999818,304.98283861,230.17757639,95,미지정,0
277579,1117000000000002855,원효로4가 84-1 도,도,국유지,62.82624670024961,126.95232989025943,37.53389982717881,342.71179633,173.28400482,295.22067267,260.3946346,95,미지정,0
277580,1117000000000002856,원효로4가 83도,도,국유지,170.6350302536739,126.95221295735243,37.53377657890904,359.62062623,174.65403889,311.15467748,271.16889188,95,미지정,0
277581,1117000000000002857,원효로4가 80-3도,도,국유지,299.51552944193827,126.9522735761019,37.53364878372773,369.84444907,188.52084869,314.44251191,286.18662305,95,미지정,0
277582,1117000000000002858,원효로4가 77-3도,도,국유지,260.89339723746525,126.95316741418034,37.534014197044584,303.42809385,127.97063761,226.66548169,278.13076691,95,미지정,0
277583,1117000000000002859,원효로4가 91-2도,도,국유지,31.460007418645546,126.9526653637356,37.53313423739736,333.20697094,208.1504854,325.23933256,350.24406852,95,미지정,0
277584,1117000000000002860,원효로4가 71-3 도,도,국유지,32.023624307708815,126.95282704171134,37.53418635554195,295.29966915,185.84859178,241.25614612,246.73443539,95,미지정,0
277585,1117000000000002861,원효로4가 70-1도,도,국유지,34.093431213870645,126.9527349230806,37.53430391612718,286.65282049,172.80626198,242.40835871,231.40832902,95,미지정,0
277586,1117000000000002862,원효로4가 69-3도,도,국유지,63.1936581262853,126.95274420490534,37.53438517282418,278.15434177,163.77190425,237.86399843,223.8384597,95,미지정,0
277587,1117000000000002863,원효로4가 69-2도,도,국유지,24.705594989238307,126.95284957104097,37.53429306664019,283.61241104,174.06538655,233.87919762,237.27296432,95,미지정,0
277588,1117000000000002864,원효로4가 69-1도,도,국유지,38.53226964967325,126.95275493711813,37.53431233460625,285.05913544,171.83891186,240.40903646,231.43011506,95,미지정,0
277589,1117000000000002865,원효로4가 67-1 도,도,국유지,182.59717385447584,126.95292695422808,37.53410472303106,300.49928929,147.82465324,238.34309802,258.90348695,95,미지정,0
277590,1117000000000002866,원효로4가 60-2도,도,국유지,74.4108570581302,126.95269890521392,37.53450802836552,267.77716317,150.28068476,236.39956509,209.95017206,95,미지정,0
277591,1117000000000002867,원효로4가 59-2 도,도,국유지,41.092495169257745,126.95266027627913,37.53448326458182,271.80513104,153.22680098,240.5656538,210.74272902,95,미지정,0
277592,1117000000000002868,원효로4가 58-4도,도,국유지,89.1103965130169,126.9526746479708,37.53464200082562,255.77012922,135.56333947,233.6442823,195.97880299,95,미지정,0
277593,1117000000000002869,원효로4가 54-1도,도,국유지,17.52972391108051,126.95293132064914,37.53470907964932,238.5902991,128.47329171,209.77384868,202.45163396,95,미지정,0
277594,1117000000000002870,원효로4가 35-3도,도,국유지,43.83951862750109,126.95300755866336,37.533910352353246,318.56063464,144.13219773,244.89120069,281.27326357,95,미지정,0
277595,1117000000000002871,원효로4가 34-1도,도,국유지,25.77503564185463,126.95300423615606,37.53377323393595,333.16817556,148.66518065,254.6845158,294.74447173,95,미지정,0
277596,1117000000000002872,원효로4가 32-1 도,도,국유지,184.47671436914243,126.95281962999297,37.53370557963538,345.3930956,166.5481864,272.03090708,294.9056418,95,미지정,0
277597,1117000000000002873,원효로4가 31-1도,도,국유지,43.17260439606616,126.9529379438385,37.53365802673635,347.11598696,158.702359,267.48630086,303.87341526,95,미지정,0
277598,1117000000000002874,원효로4가 26-1 도,도,국유지,26.28026165533811,126.95278714949609,37.53365097169342,352.06262644,171.35584255,278.10360641,299.45183111,95,미지정,0
277599,1117000000000002875,원효로4가 22-1도,도,국유지,39.22918031079462,126.95271752300576,37.53350333895976,369.56199763,183.49188889,293.45362775,312.66145924,95,미지정,0
277600,1117000000000002876,원효로4가 8-1도,도,국유지,118.42348050675355,126.95369003909875,37.533371835666564,271.32153404,122.66119687,248.25168807,363.04376053,95,미지정,0
277601,1117000000000002877,원효로4가 3-2도,도,국유지,44.37940002931282,126.95388660193785,37.533322436892114,254.57277865,116.71023763,244.14650818,376.97465543,95,미지정,0
277602,1117000000000002878,원효로4가 61-1도,도,국유지,199.5030258046463,126.9530890520058,37.534526582962506,251.63504475,150.51878973,203.64607135,227.01724063,95,미지정,0
277603,1117000000000002879,원효로4가 90-1도,도,국유지,35.477085560094565,126.95282171371952,37.53318011263192,323.25394722,193.94730309,312.0896698,349.57498852,95,미지정,0
277604,1117000000000002880,원효로4가 16-2 도,도,국유지,170.55763540195767,126.9528112460243,37.53326236807297,328.47297833,189.47826953,306.04935795,340.64181974,95,미지정,0
277605,1117000000000002881,효창동 239-1도,도,국유지,30.142921641701832,126.96023889933832,37.53960450840654,67.84842643,182.63183126,247.8571905,204.54279787,90,미지정,0
277606,1117000000000002882,효창동 254도,도,국유지,50.80575352534652,126.96308848278638,37.546571906048904,192.55341065,107.55115285,570.79700486,48.15236374,90,미지정,0
277607,1117000000000002883,효창동 3-24도,도,국유지,38.909363983199,126.95790339143771,37.54503185240736,255.00821982,453.63705057,679.46409561,394.8011538,90,미지정,0
277608,1117000000000002884,효창동 288-7 도,도,국유지,76.1542977191275,126.96220653508489,37.54695401762294,221.7246711,88.90078309,551.1803245,70.30398893,90,미지정,0
277609,1117000000000002885,효창동 255-10도,도,국유지,319.86293065187056,126.9620905479932,37.542476840409265,275.88187237,136.13196834,561.91900439,171.84128259,90,미지정,0
277610,1117000000000002886,효창동 3-19도,도,국유지,23.578912096098065,126.9583763937881,37.54548329118136,298.93465783,502.40241335,732.39891393,442.33343064,90,미지정,0
277611,1117000000000002887,효창동 255-2도,도,국유지,2618.2494216854684,126.95863788736759,37.54547761238957,297.97400957,470.66954075,734.3791318,442.13499243,90,미지정,0
277612,1117000000000002888,효창동 3-367 도,도,국유지,58.30853084498085,126.9622596501822,37.54704714600504,231.95185795,78.29943413,539.85920579,65.63360435,90,미지정,0
277613,1117000000000002889,효창동 3-151도,도,국유지,2614.6341256641317,126.96206088017922,37.54681585512874,207.26411202,108.88112353,570.0612779,85.46967092,90,미지정,0
277614,1117000000000002890,효창동 255-1도,도,국유지,2904.0105219421093,126.9609221191007,37.54662787467576,221.37130695,201.86650405,631.44502015,188.21033278,90,미지정,0
277615,1117000000000002891,효창동 3-152도,도,국유지,61.8002872360521,126.96227861736232,37.54691420316881,217.18308115,87.98440098,553.1732815,64.45589233,90,미지정,0
277616,1117000000000002892,효창동 3-339도,도,국유지,59.15648087952286,126.9617899333499,37.54762684213437,299.5640152,99.1842332,497.53196948,127.57329311,90,미지정,0
277617,1117000000000002893,효창동 3-200도,도,국유지,1981.5860618357547,126.96207885691788,37.547875139968156,324.37444457,82.50244026,461.45917815,126.7294094,90,미지정,0
277618,1117000000000002894,효창동 3-26도,도,국유지,14.771426060702652,126.95746179725543,37.54398104116865,163.42945017,343.77383417,562.28539392,288.14327445,90,미지정,0
277619,1117000000000002895,효창동 3-341도,도,국유지,207.97675755945966,126.95757078576369,37.5440905632585,168.20110004,353.76206212,574.35788472,297.23130289,90,미지정,0
277620,1117000000000002896,효창동 3-328 도,도,국유지,130.0244800169021,126.96094163913403,37.5471157749868,267.58645056,179.5475217,583.67875303,182.35048831,90,미지정,0
277621,1117000000000002897,효창동 288-4 도,도,국유지,250.5077733695507,126.96224566065025,37.547938379108494,330.87568944,73.87099026,448.81194139,123.65513089,90,미지정,0
277622,1117000000000002898,효창동 137-1도,도,국유지,11.235990752931684,126.96054423817837,37.54075059319075,149.24650859,91.27207211,332.44100635,115.74704202,90,미지정,0
277623,1117000000000002899,효창동 126-29 도,도,국유지,227.64057123370003,126.96085900963027,37.54149891762179,222.03956222,16.55004734,408.21249976,105.87294199,90,미지정,0
277624,1117000000000002900,효창동 136-3 도,도,국유지,79.42175265192054,126.96059118169278,37.5409027794039,163.38435099,73.98300121,346.23638006,109.7265188,90,미지정,0
277625,1117000000000002901,효창동 133-4도,도,국유지,106.86188769206638,126.96034070114887,37.54088606053512,170.56707217,81.42322014,328.23439467,131.92267798,90,미지정,0
277626,1117000000000002902,효창동 130-10도,도,국유지,33.70788924739463,126.96030752359474,37.54097445734516,180.64228178,73.74498868,332.71380793,134.76081558,90,미지정,0
277627,1117000000000002903,효창동 130-11도,도,국유지,11.853913633269258,126.96020439401465,37.540967878775355,184.26994886,78.96319798,325.63797673,143.85526032,90,미지정,0
277628,1117000000000002904,효창동 127-26도,도,국유지,64.90446334838634,126.96048907747723,37.54128658107907,206.58812778,35.64281528,368.44025691,124.67414777,90,미지정,0
277629,1117000000000002905,효창동 127-27도,도,국유지,81.42264428269118,126.96045312488457,37.54105262080874,183.27675168,60.58659903,348.03410041,122.46586564,90,미지정,0
277630,1117000000000002906,효창동 130-19도,도,국유지,94.97355149214854,126.96038163570016,37.540962853533,176.63402198,72.16482859,336.63394512,128.18326952,90,미지정,0
277631,1117000000000002907,효창동 5-58도,도,국유지,92.37368510430679,126.96148749438103,37.54135732896204,205.30127332,74.06420614,439.58784967,55.21008529,90,미지정,0
277632,1117000000000002908,효창동 5-768도,도,국유지,84.67369102715747,126.96121571109178,37.541510939357075,221.02327117,46.76203254,432.10914085,83.35786245,90,미지정,0
277633,1117000000000002909,효창동 130-21도,도,국유지,11.785246197134256,126.96040320599252,37.54097379026218,176.9458665,70.33151378,338.86005011,126.30588288,90,미지정,0
277634,1117000000000002910,효창동 31-5도,도,국유지,55.25459055847023,126.96386986277295,37.53858593200781,58.35463794,113.11381299,531.32735013,333.57912253,90,미지정,0
277635,1117000000000002911,효창동 31-3도,도,국유지,34.03756994684227,126.9638884454851,37.538544458933714,59.10357532,108.49612735,526.8639851,328.71319554,90,미지정,0
277636,1117000000000002912,효창동 139-1 도,도,국유지,20.90256821899675,126.96035873212894,37.54073924034101,155.46561138,96.19579104,318.83953831,132.10695049,90,미지정,0
277637,1117000000000002913,효창동 126-9도,도,국유지,88.41609209595481,126.960553447674,37.5411937503513,195.03122316,42.91706877,365.23744835,116.38116246,90,미지정,0
277638,1117000000000002914,효창동 286-4 도,도,국유지,30.206250604765955,126.96040358229148,37.540712872219515,150.98168976,97.88448379,320.0801396,128.74733656,90,미지정,0
277639,1117000000000002915,효창동 135-1도,도,국유지,41.83455628255615,126.96017129112933,37.540785061821026,172.45319109,97.95273277,309.60520777,147.77474012,90,미지정,0
277640,1117000000000002916,효창동 5-57 도,도,국유지,53.73717353469692,126.96164722807337,37.54130141471206,201.27843466,89.42312904,447.08385899,43.06839716,90,미지정,0
277641,1117000000000002917,효창동 5-665도,도,국유지,54.28624554380076,126.96094411955308,37.54158776628421,230.87498602,22.52559983,420.49625603,106.24411318,90,미지정,0
277642,1117000000000002918,효창동 5-789 도,도,국유지,110.34187473962083,126.96132945476094,37.54237824946295,298.59931937,106.48612311,507.95273783,165.44215191,90,미지정,0
277643,1117000000000002919,효창동 5-33도,도,국유지,4002.282982145727,126.96196003271294,37.54067246577693,146.95213689,109.75874903,434.13250629,31.9378233,90,미지정,0
277644,1117000000000002920,효창동 126-19도,도,국유지,80.24526771297678,126.96064453526465,37.54132443010228,206.75780954,26.97122645,381.1186594,113.18194372,90,미지정,0
277645,1117000000000002921,효창동 286-5 도,도,국유지,451.0270124699455,126.9606674138441,37.54021096856345,91.13882566,150.25314187,309.10912342,131.00971816,90,미지정,0
277646,1117000000000002922,효창동 199-7 도,도,국유지,650.6246924533043,126.95924580017235,37.540574500152005,201.73665346,88.88279154,236.22645571,126.14730834,90,미지정,0
277647,1117000000000002923,효창동 5-400도,도,국유지,82.25556520005921,126.9620343880873,37.541775155735756,260.39743535,103.04747534,506.27639492,94.1520201,90,미지정,0
277648,1117000000000002924,효창동 3-346도,도,국유지,254.3131225213874,126.96337456275026,37.548034908161235,354.73573612,69.69684413,406.69283068,82.39240014,90,미지정,0
277649,1117000000000002925,효창동 288-5 도,도,국유지,609.5334480050369,126.96335963809727,37.54754398884899,302.21558014,40.14446749,460.30514873,31.13355715,90,미지정,0
277650,1117000000000002926,효창동 3-364 도,도,국유지,102.82684435293777,126.96267876530905,37.546770313366395,204.10893321,86.6627333,557.78843256,38.15386733,90,미지정,0
277651,1117000000000002927,효창동 288-8 도,도,국유지,266.13560170773417,126.96291509822679,37.54688991582057,221.4643794,71.04092109,539.67296312,14.33776467,90,미지정,0
277653,1117000000000002929,효창동 127-1도,도,국유지,300.82389771495946,126.96020459200389,37.54135364682034,222.59943554,48.94292895,356.91175393,150.88869115,90,미지정,0
277654,1117000000000002930,효창동 5-25도,도,국유지,554.6003389611142,126.96197433160302,37.542071545998255,290.9076117,128.71557495,523.56366338,125.96196911,90,미지정,0
277655,1117000000000002931,효창동 5-2도,도,국유지,13516.536318857106,126.96346697032573,37.54132295902767,272.50393801,43.96729584,480.97850847,150.55167879,90,미지정,0
277656,1117000000000002932,효창동 130-24도,도,국유지,169.55004676175304,126.96007776466791,37.54081122286502,178.4983493,99.64025767,305.51306092,155.68964353,90,미지정,0
277657,1117000000000002933,효창동 5-56도,도,국유지,23.45761977415532,126.96174077677887,37.54126860903199,199.43266356,98.4292997,451.65687305,37.09980764,90,미지정,0
277658,1117000000000002934,효창동 5-463도,도,국유지,14.183435773011297,126.96183310926696,37.54124429737206,198.86035543,101.55021216,456.80689159,33.51708773,90,미지정,0
277659,1117000000000002935,효창동 5-405 도,도,국유지,42.647838852368295,126.96144816314015,37.542321708678315,301.86250078,107.42180765,510.20712434,156.80763038,90,미지정,0
277660,1117000000000002936,효창동 89-1 도,도,국유지,15.046852455474436,126.96100974554541,37.54012327096914,69.62473831,162.43501172,332.14119101,116.29824062,90,미지정,0
277661,1117000000000002937,효창동 127-5도,도,국유지,188.90620073030004,126.95974545598594,37.541406485772875,186.44884581,85.3784527,336.67953951,118.13324601,90,미지정,0
277662,1117000000000002938,효창동 126-22도,도,국유지,483.5594613866415,126.96157937287182,37.540005114054644,62.39101774,133.68980579,374.30840218,106.29485362,90,미지정,0
277663,1117000000000002939,효창동 5-664도,도,국유지,245.01754965237342,126.96160722029178,37.53974195161936,39.77848029,129.86707232,368.30184457,134.60656736,90,미지정,0
277664,1117000000000002940,효창동 5-745도,도,국유지,26.983442937023938,126.95858340306559,37.54243440694293,39.95000892,165.82735587,400.65881869,105.00851842,90,미지정,0
277665,1117000000000002941,효창동 5-464도,도,국유지,134.29613503499422,126.962181115607,37.54139886253028,229.90676072,73.10747392,491.88333603,59.33065778,90,미지정,0
277666,1117000000000002942,효창동 87-3도,도,국유지,117.87896816071589,126.96123674713265,37.53972800406352,23.1667885,162.64160107,336.27160527,144.58641186,90,미지정,0
277667,1117000000000002943,효창동 5-786 도,도,국유지,38.925141741055995,126.9609968939986,37.54251176909831,218.01522809,108.54462289,500.96451758,189.17744307,90,미지정,0
277668,1117000000000002944,효창동 273도,도,국유지,59.40084968833253,126.95878095728754,37.54241546218624,46.46528437,167.27872123,402.88717633,106.87682345,90,미지정,0
277669,1117000000000002945,효창동 5-639도,도,국유지,300.3681771560805,126.9616467852361,37.540042753232974,73.33718825,128.5549805,381.30164808,101.08119828,90,미지정,0
277670,1117000000000002946,효창동 4-2도,도,국유지,217.52837700326927,126.96212851180655,37.54132993598473,221.40059605,76.18089898,483.76075706,50.37883001,90,미지정,0
277671,1117000000000002947,효창동 5-343도,도,국유지,53.16782653005794,126.95990038378994,37.54194364299111,151.74643845,81.55022216,394.10704787,140.38974012,90,미지정,0
277672,1117000000000002948,효창동 126-20도,도,국유지,314.9708461398259,126.96183826474835,37.54071243652226,143.10578411,116.50472903,426.60060045,25.42967182,90,미지정,0
277673,1117000000000002949,효창동 85-1도,도,국유지,91.32587325503118,126.96106546102074,37.53999533311854,54.62873297,177.28951554,331.25531393,124.95883306,90,미지정,0
277674,1117000000000002950,효창동 75-5도,도,국유지,114.48054439900443,126.96142227651161,37.539473854896755,16.72140399,150.84186955,345.94877355,166.86312244,90,미지정,0
277675,1117000000000002951,효창동 271도,도,국유지,181.95962311769836,126.95952183272242,37.542265778385705,103.56582628,129.34628488,409.8485211,129.81742175,90,미지정,0
277676,1117000000000002952,효창동 246-1도,도,국유지,1285.5147555099684,126.96101451248967,37.539493698534976,16.47891975,185.49296953,311.00753937,176.17585963,90,미지정,0
277677,1117000000000002953,효창동 199-5도,도,국유지,489.56915944302455,126.95905776086758,37.54049097247767,208.64919125,69.92521778,218.70587313,125.42508273,90,미지정,0
277678,1117000000000002954,효창동 5-53도,도,국유지,1124.885088160343,126.96204809312462,37.54101342863933,185.57202878,86.10688042,459.08425768,20.6727688,90,미지정,0
277679,1117000000000002955,효창동 5-101도,도,국유지,126.91259044781327,126.96167559455628,37.53997669901199,66.33125,124.81125637,381.38069308,107.96735784,90,미지정,0
277680,1117000000000002956,효창동 5-100도,도,국유지,325.62005838606274,126.96182870692698,37.5403122556846,105.39117364,122.96594598,406.95205875,69.83897854,90,미지정,0
277681,1117000000000002957,효창동 5-79도,도,국유지,322.7401670849649,126.96190851405647,37.540546115024966,132.26053126,121.80201531,423.8958319,44.40355079,90,미지정,0
277682,1117000000000002958,효창동 127-20도,도,국유지,41.574342699721456,126.95990288329206,37.541288478392524,205.15234416,76.08784085,334.40026921,133.64723059,90,미지정,0
277683,1117000000000002959,효창동 5-640도,도,국유지,22.383400288410485,126.95797323320187,37.54177324773591,124.39659718,95.17731637,319.14802103,49.48418475,90,미지정,0
277684,1117000000000002960,효창동 5-697도,도,국유지,83.74788376968354,126.95864846378933,37.540529438998206,251.43632977,42.62545542,202.84741032,109.48018503,90,미지정,0
277685,1117000000000002961,효창동 5-698도,도,국유지,70.94241871498525,126.95859039679686,37.54054121689135,250.01388646,40.52722309,201.65866317,107.33112411,90,미지정,0
277686,1117000000000002962,효창동 5-696도,도,국유지,68.34798251837492,126.95873713679201,37.54052147959721,252.6958386,47.53992882,205.87628121,112.08574406,90,미지정,0
277687,1117000000000002963,효창동 5-277 도,도,국유지,1223.7932607046096,126.95751732983075,37.540914088841674,227.89546801,69.64267063,221.85894677,102.34847374,90,미지정,0
277688,1117000000000002964,효창동 5-700도,도,국유지,55.82691679894924,126.9584110387127,37.540663113385456,236.81023703,33.97636422,207.66989001,92.66031625,90,미지정,0
277689,1117000000000002965,효창동 5-701도,도,국유지,189.6878608064726,126.95828139881583,37.5406701812619,236.92302947,31.8954655,204.60240307,92.61658606,90,미지정,0
277690,1117000000000002966,효창동 5-703도,도,국유지,219.3980684299022,126.95783410776053,37.540937949949715,215.60387134,41.53750067,225.65558832,80.54301974,90,미지정,0
277691,1117000000000002967,효창동 5-704 도,도,국유지,27.02804845618084,126.95767770785703,37.54103833532933,209.69771915,56.03721105,235.78566905,82.66393209,90,미지정,0
277692,1117000000000002968,효창동 170-10 도,도,국유지,108.04473968135426,126.959147073521,37.54024209033136,186.4963094,71.9998386,202.66263517,153.72029547,90,미지정,0
277693,1117000000000002969,효창동 190-9 도,도,국유지,775.5475737589877,126.95883760144693,37.54033547967522,215.27832836,45.90596822,193.2902585,134.35222441,90,미지정,0
277694,1117000000000002970,효창동 286-2 도,도,국유지,123.19426341215149,126.95935742353066,37.5405200105365,190.37214189,95.79567746,237.97043765,136.88557725,90,미지정,0
277695,1117000000000002971,효창동 3-48도,도,국유지,101.28025024983799,126.963039735212,37.54855633696478,319.91994286,114.53069129,358.93020268,145.86494117,90,미지정,0
277696,1117000000000002972,효창동 172-7 도,도,국유지,16.709409070783295,126.95919806418159,37.54033488161628,188.417247,77.23697247,213.27493425,146.52442715,90,미지정,0
277697,1117000000000002973,효창동 156-1도,도,국유지,250.93233530491125,126.96002535568631,37.53973489286739,91.13386092,159.75258644,235.18586039,208.38000697,90,미지정,0
277698,1117000000000002974,효창동 5-270도,도,국유지,578.4670479551423,126.95713370109964,37.541087322975734,227.27701609,104.3900012,244.11627427,121.95884581,90,미지정,0
277699,1117000000000002975,효창동 165-1도,도,국유지,853.5888923603343,126.95937907007806,37.54016455747588,164.57134334,92.87424066,211.5278805,170.82467495,90,미지정,0
277700,1117000000000002976,효창동 69-2도,도,국유지,1242.7239147543442,126.96204670576284,37.53914912268337,35.92416487,117.21223862,396.39073651,199.83661778,90,미지정,0
277701,1117000000000002977,효창동 191-1도,도,국유지,12.055093232775107,126.95887061187958,37.54041593300786,217.45630999,51.44582653,202.27887326,126.70108166,90,미지정,0
277702,1117000000000002978,효창동 74-13도,도,국유지,32.78656501183286,126.96147842692595,37.53929710944901,12.89570381,152.34970575,347.90436898,185.1600578,90,미지정,0
277703,1117000000000002979,효창동 287-4 도,도,국유지,683.2717455141246,126.96338234124367,37.538908677962766,51.01395617,104.48828189,565.66610359,263.97360175,90,미지정,0
277704,1117000000000002980,효창동 252-1도,도,국유지,23.306138180894777,126.9611628613216,37.53942748512909,11.54444761,174.32692775,322.4723563,178.13366968,90,미지정,0
277705,1117000000000002981,효창동 112-3 도,도,국유지,61.55590528418543,126.96018667936157,37.539857074389836,86.72802368,194.68523356,253.67400445,188.74564191,90,미지정,0
277706,1117000000000002982,효창동 62-4도,도,국유지,108.81180314021185,126.9628006443703,37.53888387226178,31.02394375,106.38685493,565.55615001,243.89584853,90,미지정,0
277707,1117000000000002983,효창동 74-14도,도,국유지,34.86119049973786,126.96145673944852,37.53925983520915,17.31799857,155.72250748,345.52017967,189.56480252,90,미지정,0
277708,1117000000000002984,효창동 190-4도,도,국유지,35.875918523874134,126.95896829642287,37.540295922579176,203.10028492,56.54900348,196.76291307,142.13219341,90,미지정,0
277709,1117000000000002985,효창동 91-1도,도,국유지,118.01606266200542,126.96085481664798,37.53985312895317,49.33287306,190.50622529,308.2935124,148.48189205,90,미지정,0
277710,1117000000000002986,효창동 96-4도,도,국유지,43.282001785351895,126.96069689756376,37.539686048423036,42.39251876,208.49920415,289.17818663,171.68496168,90,미지정,0
277711,1117000000000002987,효창동 247-3도,도,국유지,34.47357699868735,126.9611550865936,37.539607718167595,11.51403143,171.14591048,325.92254982,159.65819634,90,미지정,0
277712,1117000000000002988,효창동 95-2 도,도,국유지,31.437674442189746,126.96066290556423,37.53967442537701,42.9334809,209.80313467,285.92711842,174.49512957,90,미지정,0
277713,1117000000000002989,효창동 247-2도,도,국유지,94.16601198597346,126.9606671935764,37.539582478645855,34.79164692,220.00348663,283.45522441,182.60557221,90,미지정,0
277714,1117000000000002990,효창동 98-6도,도,국유지,1036.1878551664995,126.96043598695685,37.539684385371594,57.53545983,209.89563332,267.17833847,186.23774308,90,미지정,0
277715,1117000000000002991,효창동 75-4도,도,국유지,20.19665742153302,126.96129723498463,37.53951155552857,6.55892601,160.62179357,335.88104016,165.58892109,90,미지정,0
277716,1117000000000002992,효창동 5-574도,도,국유지,14.585767388809472,126.96192541717103,37.540413617350374,118.35381978,121.14095936,419.20070599,59.16983807,90,미지정,0
277717,1117000000000002993,효창동 5-250도,도,국유지,577.0394680118188,126.9584069430775,37.540504965518416,254.35738119,30.20830641,191.23959114,110.21411955,90,미지정,0
277718,1117000000000002994,효창동 178-1도,도,국유지,93.71402127458714,126.95905041799247,37.540240393465226,193.71512366,63.4570806,196.74923601,150.49299734,90,미지정,0
277719,1117000000000002995,효창동 49-11도,도,국유지,70.56141008232953,126.96323984499898,37.5388939735641,47.51339362,103.54233031,564.2484151,259.09119071,90,미지정,0
277720,1117000000000002996,효창동 5-813 도,도,국유지,18.067819034215063,126.95809139630836,37.54085334455302,219.22359603,21.9950945,219.92497712,77.00828678,90,미지정,0
277721,1117000000000002997,효창동 77-1도,도,국유지,37.877248939475976,126.96110569938276,37.5396884147352,21.4499782,211.43809317,323.93771414,153.167905,90,미지정,0
277722,1117000000000002998,효창동 29도,도,국유지,479.4777002854389,126.9639592554844,37.538653406142814,67.97707846,120.74033253,539.43638633,339.01365119,90,미지정,0
277723,1117000000000002999,효창동 74-12도,도,국유지,67.22595769976033,126.96151886396247,37.539329342817545,7.8566513,147.69944005,351.90073247,181.05456138,90,미지정,0
277724,1117000000000003000,효창동 74-3도,도,국유지,20.59888019412756,126.96144361261905,37.53936800928572,11.7201502,152.44819321,345.90479584,177.97615036,90,미지정,0
277725,1117000000000003001,효창동 5-35도,도,국유지,128.5528127073776,126.96212977224171,37.541608647464265,245.30458824,86.02610711,501.64582448,78.50093444,90,미지정,0
277726,1117000000000003002,효창동 62-6도,도,국유지,568.1589933621581,126.96267724829947,37.5390038491103,33.48533642,96.8560119,451.37618086,227.66615065,90,미지정,0
277727,1117000000000003003,효창동 12-25도,도,국유지,16.28305797558278,126.96413914919681,37.53866712951808,83.64928585,124.07100789,542.58636569,306.73511986,90,미지정,0
277728,1117000000000003004,효창동 5-280 도,도,국유지,287.3343894309364,126.95787575709626,37.54074734911044,234.92715916,44.39124398,205.07584032,95.92142541,90,미지정,0
277729,1117000000000003005,효창동 2-16 도,도,국유지,282.6126430716831,126.96319620981272,37.54306825738381,224.41844873,55.00349069,477.74745276,264.97556921,90,미지정,0
277730,1117000000000003006,효창동 75-7도,도,국유지,65.28849428519607,126.9612957146936,37.53952165995594,6.36896236,160.52000361,335.97202056,164.55301076,90,미지정,0
277731,1117000000000003007,효창동 71-1도,도,국유지,54.008458629250526,126.96181511877951,37.53916428078459,16.22826339,132.76270416,376.08908354,197.25514465,90,미지정,0
277732,1117000000000003008,효창동 74-16도,도,국유지,21.403239063743968,126.96167788756492,37.53929143751909,13.78368011,136.46939101,365.33541278,183.64126017,90,미지정,0
277733,1117000000000003009,효창동 73-6도,도,국유지,38.127612738870084,126.9615174762027,37.5392093501415,15.29012094,153.19655152,350.28988655,194.24414894,90,미지정,0
277734,1117000000000003010,효창동 12-14도,도,국유지,1320.041024653241,126.96294161209386,37.53888318916023,42.08742726,104.34560706,564.41143957,248.61324887,90,미지정,0
277735,1117000000000003011,효창동 252-4 도,도,국유지,25.110982694663107,126.96127242662764,37.539382323893236,15.82539865,166.34985326,331.1877821,179.97245909,90,미지정,0
277736,1117000000000003012,효창동 155-4도,도,국유지,174.9765885695233,126.95992699983182,37.539827848838186,103.72600916,148.14338622,231.51638087,208.84545145,90,미지정,0
277737,1117000000000003013,효창동 11-1 도,도,국유지,38.461077108746395,126.96238303379239,37.53931696357222,65.33377301,82.52513045,427.59322964,186.76930787,90,미지정,0
277738,1117000000000003014,효창동 167-8도,도,국유지,202.95133971003816,126.95957579923156,37.53995308235664,137.58898213,114.38996363,211.29653517,199.87032163,90,미지정,0
277739,1117000000000003015,효창동 152-12도,도,국유지,1029.1319535796647,126.95990160807489,37.5399249330779,111.39127731,143.00649427,234.45340881,218.57015108,90,미지정,0
277740,1117000000000003016,효창동 170-11도,도,국유지,21.08906690136064,126.95920514728682,37.540307953488366,186.19602735,77.50661752,211.50405486,149.45614541,90,미지정,0
277741,1117000000000003017,효창동 5-584도,도,국유지,71.06076110433787,126.96169257652933,37.53982924374814,50.45140512,122.05974918,378.09479267,124.05855492,90,미지정,0
277742,1117000000000003018,효창동 25-1도,도,국유지,19.66722330637276,126.96417457040731,37.538669477472986,86.73778988,124.91862405,543.22077167,304.84698675,90,미지정,0
277743,1117000000000003019,효창동 74-10도,도,국유지,64.53340033814311,126.96161382231342,37.53926197669351,14.03237666,142.98696167,359.34654889,187.39939684,90,미지정,0
277744,1117000000000003020,효창동 74-4도,도,국유지,11.09398901835084,126.96142038815209,37.53931129442971,15.86658473,156.53642955,343.01162756,184.55014432,90,미지정,0
277745,1117000000000003021,효창동 74-6도,도,국유지,69.3642835104838,126.9613851068373,37.53932447983689,18.02304653,158.9410656,340.11152586,183.76018319,90,미지정,0
277746,1117000000000003022,효창동 36도,도,국유지,1105.6583412600448,126.96336864092984,37.5387733294771,36.33434733,118.78204047,550.65293223,276.32565883,90,미지정,0
277747,1117000000000003023,효창동 6-4 도,도,국유지,22.580382661661133,126.96433068737326,37.53907596206196,118.7342002,138.26011628,589.74500885,259.55096272,90,미지정,0
277748,1117000000000003024,효창동 166-9 도,도,국유지,29.73569865722675,126.95960001874761,37.54002211682886,139.60966584,114.59455182,217.33026588,194.48281717,90,미지정,0
277749,1117000000000003025,효창동 5-335도,도,국유지,156.43731185840443,126.96175031880742,37.54002057193466,72.28524353,119.10246948,389.17415913,102.46513532,90,미지정,0
277750,1117000000000003026,효창동 22-7 도,도,국유지,27.99493242672179,126.96431002733009,37.53906663536556,116.64410013,137.42243828,588.47262177,261.44208588,90,미지정,0
277751,1117000000000003027,효창동 6-74도,도,국유지,164.85938138887286,126.96154099151147,37.53950891676087,14.1256691,139.71141454,356.97326428,161.06305533,90,미지정,0
277752,1117000000000003028,효창동 74-11도,도,국유지,78.82022937765578,126.9615535138863,37.53926484064463,13.40973892,147.68163899,354.08222781,187.70694349,90,미지정,0
277753,1117000000000003029,효창동 252-8 도,도,국유지,112.50910528446548,126.96105839870677,37.53938491031677,10.82022611,184.45751027,312.56666725,185.79241468,90,미지정,0
277754,1117000000000003030,효창동 83-1도,도,국유지,12.064993100240827,126.96115702710027,37.53977452845529,28.90861622,202.90420557,330.93968259,142.58911641,90,미지정,0
277755,1117000000000003031,효창동 286-9 도,도,국유지,33.806445781781804,126.96085351327436,37.539916834131255,54.90740798,183.44792797,310.6435201,142.85863183,90,미지정,0
277756,1117000000000003032,효창동 252-5 도,도,국유지,62.699099575635046,126.96120063754172,37.53935465808823,18.4119334,173.31615259,324.44741481,184.74250959,90,미지정,0
277757,1117000000000003033,효창동 252-3 도,도,국유지,40.64842054829933,126.96121845258206,37.539398212676964,13.47272458,170.43028789,326.76156328,179.65870932,90,미지정,0
277758,1117000000000003034,효창동 155-3도,도,국유지,24.502648195950314,126.95987355337604,37.54000383046438,118.53183925,138.68965727,236.62577797,210.10954493,90,미지정,0
277759,1117000000000003035,효창동 158-1 도,도,국유지,72.82629370607901,126.95967459200396,37.53995011361037,129.83288799,122.88716796,218.49577122,204.77034494,90,미지정,0
277760,1117000000000003036,효창동 5-654도,도,국유지,277.7350020496524,126.95694593535816,37.54113424291011,232.71231592,121.57917985,252.36660078,135.85308006,90,미지정,0
277761,1117000000000003037,효창동 74-15도,도,국유지,94.37718396034325,126.96154929584782,37.539377952571485,2.35111536,143.275236,355.30634321,175.3215456,90,미지정,0
277762,1117000000000003038,효창동 74-8도,도,국유지,66.18137461389415,126.96168113838252,37.53920263751791,10.38858582,140.71611112,364.62811242,193.45129157,90,미지정,0
277763,1117000000000003039,효창동 68도,도,국유지,292.0003803849686,126.96247645509514,37.53897795504196,26.94629762,107.08193369,433.57921216,225.2537581,90,미지정,0
277764,1117000000000003040,효창동 57-2도,도,국유지,271.5733077877667,126.96298135655202,37.53890462066267,53.303018,101.64037139,566.53237746,247.84834128,90,미지정,0
277765,1117000000000003041,효창동 42-3도,도,국유지,14.635129074566066,126.96371109696157,37.5387912207328,55.97672693,127.07207805,553.21995782,290.76061164,90,미지정,0
277766,1117000000000003042,효창동 287-3 도,도,국유지,1149.856090043264,126.96418242762354,37.539542443484784,146.30007693,102.63996088,530.33942936,227.97566835,90,미지정,0
277767,1117000000000003043,효창동 190-7도,도,국유지,31.3197190919891,126.95893129335003,37.540326872690265,207.67344167,53.81315782,197.44125138,137.79298657,90,미지정,0
277768,1117000000000003044,효창동 33-1도,도,국유지,156.88151117030066,126.96371218391849,37.53867465737123,48.73450213,123.95346401,540.30180167,301.52291513,90,미지정,0
277769,1117000000000003045,효창동 102-2 도,도,국유지,17.06749388022581,126.96023565363987,37.539890154885065,85.93146525,190.15039864,259.13506823,183.07032155,90,미지정,0
277770,1117000000000003046,효창동 252-6 도,도,국유지,55.32270971219987,126.96117228546099,37.53932006270685,22.59995049,176.87145281,321.41167351,189.16353464,90,미지정,0
277771,1117000000000003047,효창동 74-5도,도,국유지,16.49873994803056,126.96140199524375,37.53926538921918,20.18511891,159.93659728,340.78167417,189.86637826,90,미지정,0
277772,1117000000000003048,효창동 268-2도,도,국유지,279.08604594215285,126.95716779692245,37.54091789102497,241.62576401,100.46410738,225.07149943,127.55049686,90,미지정,0
277773,1117000000000003049,효창동 6-3도,도,국유지,300.9254052871838,126.96421775375808,37.53933098294136,129.93711847,114.6305123,544.31612902,243.15408926,90,미지정,0
277774,1117000000000003050,효창동 21-23 도,도,국유지,15.135337173938751,126.96427500000001,37.53915533333333,120.13417819,129.12847506,597.83071116,255.26129631,90,미지정,0
277775,1117000000000003051,효창동 6-8도,도,국유지,229.44122064299881,126.96410778612146,37.53963897816825,151.6840092,93.52168372,528.05902783,225.35301605,90,미지정,0
277776,1117000000000003052,효창동 12-32 도,도,국유지,427.48633855301887,126.96294590643045,37.53875650362942,40.70312816,118.2916452,550.36235465,261.73468631,90,미지정,0
277777,1117000000000003053,효창동 5-375도,도,국유지,25.650357659440488,126.96276355143405,37.53983037399618,123.62298252,27.43913329,469.99203793,148.28709107,90,미지정,0
277778,1117000000000003054,효창동 287-1 도,도,국유지,236.52050841553137,126.96385063542488,37.54051518889534,234.01803385,103.50360244,488.79041892,184.58664054,90,미지정,0
277779,1117000000000003055,효창동 5-350도,도,국유지,55.3762108621886,126.96272937838397,37.53995470764325,136.72951001,34.02286515,470.2360302,135.23184943,90,미지정,0
277780,1117000000000003056,효창동 5-466 도,도,국유지,58.14598215930164,126.96467486895523,37.54222566230878,369.20335932,187.24545211,351.55681575,179.49915503,90,미지정,0
277781,1117000000000003057,효창동 5-725도,도,국유지,86.71325499098748,126.96347519578453,37.54209358203722,334.63807634,104.85743536,458.52151539,193.43828876,90,미지정,0
277782,1117000000000003058,효창동 1-8도,도,국유지,63.79436202161014,126.96382123728986,37.54329839140017,228.46083256,49.4085252,425.31034488,315.10191077,90,미지정,0
277783,1117000000000003059,효창동 1-2도,도,국유지,33.78534493967891,126.96366613035275,37.543249696956494,225.15359735,42.81001599,438.22903303,303.08407196,90,미지정,0
277784,1117000000000003060,효창동 2-42도,도,국유지,29.793021809426136,126.96391346480108,37.543211104581616,241.09510757,61.67787864,416.02214267,306.96417421,90,미지정,0
277785,1117000000000003061,효창동 2-31도,도,국유지,70.57240414479747,126.9639645428307,37.54318577438036,246.04764291,66.97509992,411.22407592,302.01105594,90,미지정,0
277786,1117000000000003062,효창동 246-2도,도,국유지,58.15742392541142,126.96074346444031,37.53945176932591,20.36741708,234.54665782,286.60813045,191.28380549,90,미지정,0
277787,1117000000000003063,효창동 239도,도,국유지,114.26933965459466,126.96017278991947,37.53968182196662,76.85845193,174.02311559,245.14901978,202.5929221,90,미지정,0
277788,1117000000000003064,효창동 2-8도,도,국유지,24.64874646998942,126.9636685145908,37.543162561480294,233.46291657,50.75278436,436.98636417,295.07380724,90,미지정,0
277789,1117000000000003065,효창동 166-10 도,도,국유지,18.764430016104598,126.959546554452,37.53993818600801,139.08690987,112.38992461,208.22845404,199.9841032,90,미지정,0
277790,1117000000000003066,효창동 240-1도,도,국유지,396.03220264194533,126.96015864039593,37.539525854541026,71.6315806,179.77983198,238.49549618,215.75951718,90,미지정,0
277791,1117000000000003067,효창동 169-4 도,도,국유지,57.57334162265761,126.9593535558111,37.54006278836925,160.66998496,92.35058046,202.54563136,179.64464738,90,미지정,0
277792,1117000000000003068,효창동 169-11도,도,국유지,20.039645738899708,126.95967321879586,37.53977380763583,121.20866659,129.27369388,208.76969995,221.38217164,90,미지정,0
277793,1117000000000003069,효창동 278 도,도,국유지,330.8156818157295,126.95954524255271,37.53980102248018,132.82477039,117.71182189,200.23702512,213.2442977,90,미지정,0
277794,1117000000000003070,효창동 179-3도,도,국유지,130.62985556246713,126.95907028724109,37.54014637567111,187.09659106,66.02421417,190.29660727,160.84358398,90,미지정,0
277795,1117000000000003071,효창동 166-5도,도,국유지,51.7272567297332,126.95949863566256,37.54003281764166,147.89058566,105.58765585,210.69566248,188.7786524,90,미지정,0
277796,1117000000000003072,효창동 169-14도,도,국유지,107.57917796180118,126.95933499465085,37.540025757708364,160.15946378,91.72350273,198.6980951,182.56126653,90,미지정,0
277797,1117000000000003073,효창동 169-15 도,도,국유지,13.276363854703959,126.95943332360545,37.53997863354267,150.03635956,101.50893416,202.49506564,191.19578246,90,미지정,0
277798,1117000000000003074,효창동 234-2도,도,국유지,36.65607493976131,126.9596830236821,37.53963543604495,115.38604569,136.89663608,203.02164906,235.19633443,90,미지정,0
277799,1117000000000003075,효창동 184-16도,도,국유지,16.483840024098754,126.95895004026579,37.54016051760388,197.25489859,55.28241276,184.23095903,155.82624926,90,미지정,0
277800,1117000000000003076,효창동 188-1 도,도,국유지,17.106651229725685,126.95862932004967,37.54032272668196,274.32219892,27.82539515,182.03127516,131.82338442,90,미지정,0
277801,1117000000000003077,효창동 5-662 도,도,국유지,36.523218758404255,126.95818945181503,37.540505132178495,256.05162319,32.09105217,184.68648135,111.96199147,90,미지정,0
277802,1117000000000003078,효창동 179-2 도,도,국유지,129.84011786442716,126.95894162538092,37.54021192553701,200.55336075,53.92801655,188.06806472,150.16826221,90,미지정,0
277803,1117000000000003079,효창동 5-660 도,도,국유지,106.56306523032254,126.9579517833671,37.54061734201644,247.36833868,48.86204714,191.84418405,105.9227323,90,미지정,0
277804,1117000000000003080,효창동 277 도,도,국유지,668.6192709148745,126.95731579500716,37.54056187997994,270.84967125,97.68828337,184.10594965,142.15855987,90,미지정,0
277805,1117000000000003081,도원동 282 도,도,국유지,190.96374255325645,126.95689233985671,37.54037845150714,305.71292734,128.20258606,173.08940157,183.07592638,50,미지정,0
277806,1117000000000003082,효창동 5-587도,도,국유지,36.66977755946573,126.9622138478891,37.54169392394455,256.70643875,84.92598831,513.26223141,89.99063545,90,미지정,0
277807,1117000000000003083,효창동 2-45도,도,국유지,47.11989893036662,126.9635408199417,37.54331084887593,213.53753066,30.81075911,450.05805006,303.17410819,90,미지정,0
277808,1117000000000003084,효창동 2-24도,도,국유지,121.20866892166669,126.96358247705173,37.543088232733155,236.78302706,54.65769427,443.85360256,284.00770424,90,미지정,0
277809,1117000000000003085,효창동 2-72 도,도,국유지,35.4333491428406,126.96317979797004,37.54284887183391,246.85477027,79.04982653,478.21444422,242.83071597,90,미지정,0
277810,1117000000000003086,효창동 255-12도,도,국유지,226.66722490650136,126.96201916547308,37.54392157533337,117.44634295,66.24620059,594.2757748,331.07610912,90,미지정,0
277811,1117000000000003087,효창동 3-340도,도,국유지,104.48235603468493,126.95797119887347,37.54502354937024,252.81898143,452.28974049,678.8290946,393.24461672,90,미지정,0
277812,1117000000000003088,효창동 3-180도,도,국유지,33.86778717441484,126.95799226295972,37.54525792692345,277.99506347,478.14020088,704.9039871,418.96713923,90,미지정,0
277813,1117000000000003089,효창동 2-5도,도,국유지,32.8044940889813,126.96402738506006,37.54315726934768,251.92712663,73.32199424,405.36870684,296.17305375,90,미지정,0
277814,1117000000000003090,효창동 2-6도,도,국유지,68.21319066826254,126.96375850988572,37.54318376722507,235.73829057,53.67655881,429.30673521,301.46169738,90,미지정,0
277815,1117000000000003091,효창동 2-37도,도,국유지,204.02577577222837,126.96397592050062,37.54347301987885,222.07375563,55.27330241,414.89454102,327.61926341,90,미지정,0
277816,1117000000000003092,효창동 5-713 도,도,국유지,12501.75394180644,126.9593555531248,37.54164998752358,145.29858416,120.66489459,342.00993752,84.9301216,90,미지정,0
277817,1117000000000003093,효창동 3-65도,도,국유지,115.2689178599976,126.95760759829533,37.54352651880532,116.76143189,291.73916917,511.76590536,236.14506908,90,미지정,0
277818,1117000000000003094,효창동 3-81도,도,국유지,56.30057881306857,126.95780919721255,37.54335878188154,91.01553542,270.12207922,493.58739186,213.32411514,90,미지정,0
277819,1117000000000003095,효창동 3-87도,도,국유지,49.939955486159306,126.95763022508098,37.54318842266523,92.76874153,254.70599929,474.25991989,199.98725619,90,미지정,0
277820,1117000000000003096,효창동 3-97도,도,국유지,54.57454962050542,126.95816190414571,37.54319012511982,56.0898475,248.16319165,477.28381153,189.12123853,90,미지정,0
277821,1117000000000003097,효창동 3-110도,도,국유지,44.1383261148585,126.95799211855548,37.542999456444434,54.77750465,228.34979413,454.78222612,170.75972512,90,미지정,0
277822,1117000000000003098,효창동 3-136도,도,국유지,83.95618299976923,126.958334010242,37.5428617626419,20.98242218,211.4204404,443.13396322,151.52702936,90,미지정,0
277823,1117000000000003099,효창동 5-736도,도,국유지,13.030662626959383,126.95877619320036,37.54271104767281,21.55196072,199.10742425,434.5010953,138.39460056,90,미지정,0
277824,1117000000000003100,효창동 5-762도,도,국유지,11.554685284383595,126.95761733333335,37.54139833333333,175.663193,77.95153546,275.5832559,71.24378748,90,미지정,0
277825,1117000000000003101,효창동 3-124도,도,국유지,137.8929367423989,126.95842414206125,37.543014432134804,27.11284746,228.59647594,461.12340567,168.3102659,90,미지정,0
277826,1117000000000003102,효창동 3-312도,도,국유지,53.0883954023011,126.95804816434179,37.5433300512702,74.52695559,264.34249945,491.76023366,205.88774037,90,미지정,0
277827,1117000000000003103,효창동 5-711도,도,국유지,74.77699731453322,126.95703130209222,37.541304416344204,213.22561529,118.86037098,269.38887029,124.04609836,90,미지정,0
277828,1117000000000003104,효창동 255-3도,도,국유지,3465.803542892332,126.95817501993591,37.54358820324994,94.37668563,292.24998333,521.34032568,232.94633522,90,미지정,0
277829,1117000000000003105,효창동 260-5도,도,국유지,164.23846963467076,126.95869819356605,37.543155995779706,42.14464639,246.53959705,481.05606165,185.72920976,90,미지정,0
277830,1117000000000003106,효창동 260-6도,도,국유지,21.107938691508025,126.9586376832404,37.5430057761772,24.63612393,229.296945,463.64099765,168.51366912,90,미지정,0
277831,1117000000000003107,효창동 255-7도,도,국유지,62.95501453173347,126.96199651424268,37.544147706733135,93.55714519,83.39513219,602.0420826,328.75625291,90,미지정,0
277832,1117000000000003108,효창동 261-1도,도,국유지,35.38901831628755,126.95943217387286,37.54326097075942,93.23327245,218.68160775,509.55524037,215.37968846,90,미지정,0
277833,1117000000000003109,도원동 8-89 도,도,국유지,13.860093910014257,126.95811506676105,37.53946194904458,250.02319781,79.13907263,77.37806404,227.51062063,50,미지정,0
277834,1117000000000003110,도원동 7-4도,도,국유지,49.035102732945234,126.95813114696276,37.539412473394684,248.40756958,74.32587308,74.09594255,232.80889436,50,미지정,0
277835,1117000000000003111,도원동 9-296 도,도,국유지,59.43255530076567,126.95806946877923,37.539499667216816,254.27462182,82.17835735,78.36717363,223.86510839,50,미지정,0
277836,1117000000000003112,도원동 19도,도,국유지,4106.638994027278,126.95551537204157,37.53771642186959,69.57280766,69.36504989,225.22645169,390.83771122,50,미지정,0
277837,1117000000000003113,도원동 1-123 도,도,국유지,591.27144576516,126.95691025938278,37.539960200039246,346.46713127,129.44819508,129.82174825,216.2969591,50,미지정,0
277838,1117000000000003114,도원동 7-2도,도,국유지,1332.7671830281615,126.95795568838082,37.539077406441635,265.66124256,34.25448465,38.43446825,271.68642892,50,미지정,0
277839,1117000000000003115,도원동 18도,도,국유지,1113.4034777898341,126.95399171983934,37.5386579092747,187.92873999,118.59832146,317.64354169,351.2725722,50,미지정,0
277840,1117000000000003116,도원동 26도,도,국유지,912.2015293485019,126.95495809398787,37.53912052523941,213.49909677,46.54567756,232.06203295,403.6027937,50,미지정,0
277841,1117000000000003117,도원동 27도,도,국유지,2451.4394533914165,126.95719106250488,37.53976009146628,340.44960041,124.17235946,99.56748957,221.0882087,50,미지정,0
277842,1117000000000003118,도원동 8-94 도,도,국유지,65.35234050825238,126.95800738083803,37.53944341963727,259.44654535,74.97927173,70.12735289,230.84127344,50,미지정,0
277843,1117000000000003119,도원동 9-303 도,도,국유지,37.44573316536844,126.95828297371752,37.5395216932984,235.62141006,79.76971227,92.09925544,219.64776976,50,미지정,0
277844,1117000000000003120,도원동 8-5도,도,국유지,55.553246814757586,126.95766488222829,37.53934304526058,289.54437198,65.153991,48.15826521,248.15847052,50,미지정,0
277846,1117000000000003122,용문동 2-44 도,도,국유지,65.3294715625234,126.9635256357357,37.53749265548047,111.20682118,33.29214929,408.60259674,231.32222706,51,미지정,0
277847,1117000000000003123,용문동 1-115도,도,국유지,286.4048203994753,126.96296354298025,37.537556919850445,86.69392727,81.94185004,417.57868473,264.82410313,51,미지정,0
277848,1117000000000003124,용문동 1-133 도,도,국유지,20.334571384242736,126.96259657388646,37.53738049790962,106.13197289,116.22395447,402.67362374,271.91442648,51,미지정,0
277849,1117000000000003125,용문동 1-33도,도,국유지,308.0139202281134,126.96252572164984,37.53770050087843,72.98689619,121.5371754,438.73699601,301.87888352,51,미지정,0
277850,1117000000000003126,용문동 4-6도,도,국유지,171.29734524339437,126.96243281145848,37.538089570692314,40.61562994,141.29728123,482.69185923,320.95511201,51,미지정,0
277851,1117000000000003127,용문동 2-46 도,도,국유지,31.727734085405245,126.96359124238676,37.53804323919204,56.9027378,59.11756631,469.84803948,283.97036461,51,미지정,0
277852,1117000000000003128,용문동 2-47 도,도,국유지,52.35655354894698,126.96359714363777,37.53780655425448,80.16860803,37.14976668,443.61153444,259.61797958,51,미지정,0
277853,1117000000000003129,용문동 1-46도,도,국유지,146.55378578603268,126.96201671540446,37.538038542462886,74.94915414,173.69093213,485.1948188,322.60702205,51,미지정,0
277854,1117000000000003130,용문동 1-77 도,도,국유지,49.526637798175216,126.96214708496733,37.53775634838582,84.60550727,155.52141438,451.98099614,354.60937013,51,미지정,0
277855,1117000000000003131,용문동 2-48 도,도,국유지,54.127015316393226,126.96360611380936,37.537951180741814,66.23813247,49.50903266,459.68135148,274.02514969,51,미지정,0
277856,1117000000000003132,용문동 2-40도,도,국유지,47.814904814818874,126.96330912585907,37.537805576127475,73.6574586,57.81634065,443.33339635,270.97448841,51,미지정,0
277857,1117000000000003133,용문동 2-8도,도,국유지,340.9522246962297,126.96316551862138,37.53792303799071,60.50661576,75.29255473,456.81523063,288.58327371,51,미지정,0
277858,1117000000000003134,용문동 3-5도,도,국유지,187.70791909005493,126.96296173792851,37.538100791666665,29.38910456,101.24441351,477.70882406,314.73639564,51,미지정,0
277859,1117000000000003135,용문동 5-11도,도,국유지,695.470392616,126.96188988173328,37.53847783993059,61.27651449,181.79763767,384.7641137,273.48435173,51,미지정,0
277860,1117000000000003136,용문동 5-274 도,도,국유지,193.35703369649127,126.96370062713066,37.53848806379363,41.93075795,103.60628537,519.56704749,327.20674598,51,미지정,0
277861,1117000000000003137,용문동 5-226도,도,국유지,80.81225753575563,126.96344888454614,37.538507261819504,20.13779813,111.42993772,521.11056973,305.64209101,51,미지정,0
277862,1117000000000003138,용문동 5-223도,도,국유지,242.4168727104552,126.96322730937207,37.53863935075296,19.23983172,131.45841013,536.03420841,283.71927112,51,미지정,0
277863,1117000000000003139,용문동 38-93도,도,국유지,2158.536520508118,126.9579559408247,37.53765076344836,259.85801649,86.42464692,144.44088075,405.20859261,51,미지정,0
277864,1117000000000003140,용문동 38-141도,도,국유지,270.65112152695656,126.95819703855658,37.537638235664375,280.55129877,76.13288302,152.17962594,404.17480715,51,미지정,0
277865,1117000000000003141,용문동 104-3도,도,국유지,12.12922212400008,126.95848988246394,37.53681974174417,282.38879542,71.53555209,246.37774274,315.93758099,51,미지정,0
277866,1117000000000003142,용문동 38-184도,도,국유지,75.23728064494208,126.95847185530202,37.537020478878745,299.52916085,88.25654343,224.89364216,337.82012077,51,미지정,0
277867,1117000000000003143,용문동 38-273도,도,국유지,36.92713939957321,126.95844268375615,37.536953693274896,291.96377002,84.57306299,230.96853589,330.15023859,51,미지정,0
277868,1117000000000003144,용문동 38-176도,도,국유지,21.732479410246015,126.958521164297,37.537140216429684,312.98098462,96.26500459,214.18700437,351.55612016,51,미지정,0
277869,1117000000000003145,용문동 38-192도,도,국유지,57.68363762134686,126.95839397585242,37.53691130295043,285.64475314,84.54755614,234.03614587,324.98966515,51,미지정,0
277870,1117000000000003146,용문동 36-3도,도,국유지,33.12038748781197,126.95866098682065,37.53854211668889,220.88373167,32.71252338,104.85643305,328.79188503,51,미지정,0
277871,1117000000000003147,용문동 37-5도,도,국유지,541.1730615729466,126.95886916232412,37.53847458219521,207.66743307,35.81182278,124.72002816,337.96594054,51,미지정,0
277872,1117000000000003148,용문동 38-140도,도,국유지,436.7634553721873,126.95833264493403,37.53791589312237,280.59511622,43.24462591,129.76861908,397.63241989,51,미지정,0
277873,1117000000000003149,용문동 36-17도,도,국유지,314.1841868837364,126.95862135271099,37.53882250535436,213.42697202,63.00491824,93.38542227,297.51158456,51,미지정,0
277874,1117000000000003150,용문동 41-12도,도,국유지,154.0502478275448,126.95959381524403,37.53695139493988,292.36337332,72.61256598,281.92262181,356.57355579,51,미지정,0
277875,1117000000000003151,용문동 54-7도,도,국유지,137.70789856056217,126.95880866531327,37.53692119656659,316.145226,62.4715596,246.89901251,332.00143844,51,미지정,0
277876,1117000000000003152,용문동 48-1도,도,국유지,410.86403819033876,126.95962912625046,37.53667608774422,291.67090417,53.36117664,319.94658545,330.07461419,51,미지정,0
277877,1117000000000003153,용문동 56-21도,도,국유지,20.727074642200023,126.95854497704683,37.536976656412676,324.97213798,80.37831359,231.77026967,333.8650854,51,미지정,0
277878,1117000000000003154,용문동 56-16 도,도,국유지,419.5149020819226,126.95861391155955,37.536860129819715,311.29458727,66.60273414,246.04242334,322.04315284,51,미지정,0
277879,1117000000000003155,용문동 38-14도,도,국유지,375.41384205780923,126.95900780454127,37.53751800823938,266.19952685,90.58352881,200.45353307,400.48676127,51,미지정,0
277880,1117000000000003156,용문동 38-20도,도,국유지,46.34372279327363,126.95888491533493,37.53749510946486,275.20091044,88.92307074,195.79709369,395.72022414,51,미지정,0
277881,1117000000000003157,용문동 40-20도,도,국유지,19.446866208687425,126.95921126801177,37.53731368339639,273.52086157,99.91686121,229.39245288,383.042725,51,미지정,0
277882,1117000000000003158,용문동 40-21도,도,국유지,38.256145171355456,126.95915224025639,37.53724028465812,283.19195749,91.4935919,232.59159447,373.77289483,51,미지정,0
277883,1117000000000003159,용문동 56-20도,도,국유지,83.35928372526541,126.95854105946499,37.53709000815878,309.35279899,90.65964983,220.00353399,346.2708865,51,미지정,0
277884,1117000000000003160,용문동 56-2 도,도,국유지,97.66129523003474,126.95864282459488,37.53705194027052,332.07226958,82.24290161,227.4958044,343.45962307,51,미지정,0
277885,1117000000000003161,용문동 66-1도,도,국유지,35.362527838442475,126.95907342598244,37.537009139898295,324.86597543,65.93272741,249.79825972,347.19147226,51,미지정,0
277887,1117000000000003163,용문동 32-181 도,도,국유지,22.658839899115264,126.95914599581529,37.5390907414863,161.37499348,105.65141219,140.53044769,274.90092262,51,미지정,0
277888,1117000000000003164,용문동 32-200도,도,국유지,57.93235855828971,126.9592319079467,37.53871907354103,166.83078524,77.79749316,148.38468763,316.78821157,51,미지정,0
277889,1117000000000003165,용문동 32-152도,도,국유지,20.55009702173993,126.95931555210822,37.53844302402547,175.87746786,69.0081194,162.84355514,348.30495389,51,미지정,0
277890,1117000000000003166,용문동 32-72도,도,국유지,1184.3571550312336,126.95942820051465,37.53874008774705,150.22538429,92.87488366,165.27302314,318.95358942,51,미지정,0
277891,1117000000000003167,용문동 5-62도,도,국유지,48.06424959376454,126.96140728309523,37.53908720965986,21.01193883,168.09634991,339.56543738,209.19541413,51,미지정,0
277892,1117000000000003168,용문동 32-162 도,도,국유지,17.460160072892904,126.95952222284645,37.5387280571161,143.52499236,99.0582896,173.68249991,322.66035182,51,미지정,0
277893,1117000000000003169,용문동 32-11 도,도,국유지,482.60172639158554,126.95961487968374,37.53867967525076,139.25395567,103.55315491,182.50789772,330.32068583,51,미지정,0
277894,1117000000000003170,용문동 38-3도,도,국유지,40.76196812838316,126.95909065122527,37.53802815184695,220.2350131,52.4583181,166.53835794,389.72807826,51,미지정,0
277895,1117000000000003171,용문동 32-201도,도,국유지,563.873892783653,126.95946147768828,37.53815450483465,186.86277769,79.5244324,187.20445973,382.46431347,51,미지정,0
277896,1117000000000003172,용문동 32-176도,도,국유지,407.6267316117883,126.95941954649402,37.53764613714992,232.69705795,101.05640371,215.72433809,423.67939352,51,미지정,0
277897,1117000000000003173,용문동 37-6도,도,국유지,330.40211030910723,126.95918068859169,37.53801987996419,215.02524597,59.94781643,173.54325073,391.93290706,51,미지정,0
277898,1117000000000003174,용문동 41-52 도,도,국유지,211.87044342048466,126.9595330788771,37.537203030202015,269.53373755,94.60511289,257.27998138,380.44450943,51,미지정,0
277899,1117000000000003175,용문동 41-6도,도,국유지,32.03219919744879,126.95958777420506,37.53714790639514,272.8219126,91.07432743,265.05836859,376.50893326,51,미지정,0
277900,1117000000000003176,용문동 41-50도,도,국유지,17.367328556254506,126.95948819834324,37.53710973152593,280.55329683,83.52174523,262.4440608,369.35578153,51,미지정,0
277901,1117000000000003177,용문동 27-30도,도,국유지,383.0762092290679,126.95965568959731,37.53725344093634,259.66312412,104.23574825,260.71567943,389.61709003,51,미지정,0
277902,1117000000000003178,용문동 40-14도,도,국유지,351.201658109203,126.95932748174272,37.5371163272817,286.69642632,79.80688962,252.9280826,365.23221829,51,미지정,0
277903,1117000000000003179,용문동 32-14 도,도,국유지,16.724509984254837,126.96005742473118,37.538579582795705,116.39466649,136.20040357,222.87423411,305.46837814,51,미지정,0
277904,1117000000000003180,용문동 32-17 도,도,국유지,456.1953785283258,126.96001398417461,37.53871575271371,108.54299665,137.36618074,217.02883104,294.67689269,51,미지정,0
277905,1117000000000003181,용문동 27-5도,도,국유지,685.4310509669594,126.95994395940906,37.53736731623401,237.78830473,128.17994381,271.11913164,411.33268027,51,미지정,0
277906,1117000000000003182,용문동 27-9도,도,국유지,90.51519414153881,126.95990432858304,37.53707344127156,269.52543045,100.55513519,290.38338543,380.37820327,51,미지정,0
277907,1117000000000003183,용문동 26-1도,도,국유지,351.0410351376049,126.95989486335162,37.536849450807786,293.28973381,83.59379289,335.5141496,357.86093939,51,미지정,0
277908,1117000000000003184,용문동 25-10도,도,국유지,306.7430583429523,126.96042244311728,37.536593635002106,299.81800724,116.68768448,305.31409345,373.52423705,51,미지정,0
277909,1117000000000003185,용문동 25-45도,도,국유지,412.2044052751735,126.96014819202077,37.53641995762882,275.51791645,90.77784876,286.20896059,356.07712967,51,미지정,0
277910,1117000000000003186,용문동 44-1도,도,국유지,424.43284648493864,126.96011421753954,37.53624718694339,256.47531806,89.75867471,267.2323903,337.37967237,51,미지정,0
277911,1117000000000003187,용문동 48-2도,도,국유지,28.73654217645526,126.95979236809465,37.536425283211,267.1656481,59.33671458,290.04055782,312.33288185,51,미지정,0
277912,1117000000000003188,용문동 28-4도,도,국유지,67.23656703851884,126.96021362999976,37.53841032431249,123.19874644,146.19708809,240.17633892,315.23604433,51,미지정,0
277913,1117000000000003189,용문동 29-41 도,도,국유지,135.99880977673456,126.96026954462837,37.538187496676166,142.74797615,150.32950033,251.79925629,335.39805837,51,미지정,0
277914,1117000000000003190,용문동 28-7 도,도,국유지,722.3005130293895,126.95990128402741,37.53824884710047,153.54947375,117.59147701,218.82519957,344.12537214,51,미지정,0
277915,1117000000000003191,용문동 28-38 도,도,국유지,24.047161323018372,126.96009766510299,37.53802257937317,165.82643034,137.41477166,244.29837449,358.38792794,51,미지정,0
277916,1117000000000003192,용문동 28-40 도,도,국유지,70.4101778732147,126.96002935525213,37.537975589579275,173.22561226,132.61827491,241.00435301,365.69827046,51,미지정,0
277917,1117000000000003193,용문동 28-2도,도,국유지,244.00789140572306,126.95993137646141,37.53801264213784,173.87680697,123.25078376,231.41813748,365.89409156,51,미지정,0
277918,1117000000000003194,용문동 7-11 도,도,국유지,19.64782995946007,126.96025422948908,37.53783247495424,179.78695444,156.0400658,265.85775116,372.16674448,51,미지정,0
277919,1117000000000003195,용문동 7-13 도,도,국유지,93.8494789598044,126.96030754650293,37.53773881590454,188.14864246,180.39100846,274.85392649,380.12930464,51,미지정,0
277920,1117000000000003196,용문동 1-134 도,도,국유지,404.63866684486857,126.96015854889173,37.53784943759342,181.07381757,147.41150379,257.47297617,373.68683265,51,미지정,0
277921,1117000000000003197,용문동 42-82도,도,국유지,227.27976630313788,126.96046307836451,37.53593188735191,238.04808797,130.22424391,232.10891022,299.995332,51,미지정,0
277922,1117000000000003198,용문동 42-2도,도,국유지,37.83011855860241,126.96037412511345,37.5358712654393,228.29067659,126.19012583,225.04736923,293.66793206,51,미지정,0
277923,1117000000000003199,용문동 21-3도,도,국유지,154.87580836191773,126.96036394576223,37.53611047882953,251.32339464,114.97057897,251.56902954,320.22200182,51,미지정,0
277924,1117000000000003200,용문동 42-83도,도,국유지,308.4579814533936,126.96028317256061,37.5358486246197,222.21312437,120.4923571,222.46500244,291.787567,51,미지정,0
277925,1117000000000003201,용문동 7-9 도,도,국유지,101.65282797068357,126.96026336701082,37.537649534851546,198.77227549,170.07792881,276.32959998,390.77906772,51,미지정,0
277926,1117000000000003202,용문동 8-190도,도,국유지,16.719824355095625,126.960387,37.53758266666667,202.95172808,171.10119537,289.51335056,394.05170409,51,미지정,0
277927,1117000000000003203,용문동 1-9 도,도,국유지,174.8196316678077,126.96015271377136,37.537687582117606,197.97608509,167.99200562,265.76484168,390.44485616,51,미지정,0
277928,1117000000000003204,용문동 8-231도,도,국유지,37.289776514749974,126.96047719080185,37.53750852996624,209.23983729,170.47059044,300.58484336,399.38351108,51,미지정,0
277929,1117000000000003205,용문동 28-29 도,도,국유지,43.72466442966834,126.96010197326606,37.53742627773416,226.78034912,141.7064718,278.12149281,419.03098199,51,미지정,0
277930,1117000000000003206,용문동 28-98도,도,국유지,99.73549319291487,126.96018584006227,37.53740508784526,226.71255613,144.56525184,285.49137152,418.58836448,51,미지정,0
277931,1117000000000003207,용문동 8-232도,도,국유지,17.86753594316542,126.9605247429774,37.53738125995059,222.37492625,163.89078095,311.67159718,411.68215354,51,미지정,0
277932,1117000000000003208,용문동 8-119 도,도,국유지,32.355779657140374,126.96047892688597,37.53743718003133,216.98197459,165.04487215,304.90364188,406.90015048,51,미지정,0
277933,1117000000000003209,용문동 28-99도,도,국유지,41.39992596954107,126.96025452335823,37.537360618884016,229.75691021,144.98115539,293.30341163,421.17188412,51,미지정,0
277934,1117000000000003210,용문동 1-127 도,도,국유지,128.90311700222082,126.96019092651493,37.53755813610072,210.39610692,158.11625678,276.23578463,402.54166835,51,미지정,0
277935,1117000000000003211,용문동 28-18도,도,국유지,224.66663486370817,126.96017202097933,37.53717675246869,251.37033192,125.50169696,300.13661366,401.45454408,51,미지정,0
277936,1117000000000003212,용문동 8-87도,도,국유지,52.01782324491069,126.96082248758565,37.53825416980955,122.87563469,199.0049885,296.57766813,311.31409876,51,미지정,0
277937,1117000000000003213,용문동 6-4도,도,국유지,65.35828801989555,126.96043422647458,37.53817753609485,138.38234196,164.92191058,265.96342417,330.69877084,51,미지정,0
277938,1117000000000003214,용문동 1-13도,도,국유지,20.726750129833817,126.96053551474995,37.53806438807383,147.89922831,174.94328316,278.49981802,339.25350579,51,미지정,0
277939,1117000000000003215,용문동 8-97 도,도,국유지,20.339306590380147,126.96072085555826,37.53798210529701,153.85937255,192.44366741,297.02254586,342.81755331,51,미지정,0
277940,1117000000000003216,용문동 8-101도,도,국유지,34.866712174378335,126.96070510146762,37.53793283190322,159.46177565,192.01583214,297.67820991,348.45606065,51,미지정,0
277941,1117000000000003217,용문동 8-224도,도,국유지,20.746422434807755,126.96070281954295,37.53788465657998,164.78987444,214.7130746,299.49240273,353.64012512,51,미지정,0
277942,1117000000000003218,용문동 6-2 도,도,국유지,1826.5307510483544,126.96063576987643,37.53798420014248,154.76096243,184.9840711,289.90385613,344.82515306,51,미지정,0
277943,1117000000000003219,용문동 8-167 도,도,국유지,11.148272547870874,126.9608701580877,37.536793887226864,266.42262099,160.16548779,331.13550569,396.26662943,51,미지정,0
277944,1117000000000003220,용문동 24도,도,국유지,389.5451153209433,126.96058974876294,37.53634892637733,283.96736184,130.01808956,279.10693743,346.08490778,51,미지정,0
277945,1117000000000003221,용문동 22-9도,도,국유지,58.44936253502965,126.9606155953959,37.536203685575224,270.91196165,134.17871654,263.28304596,329.97517171,51,미지정,0
277947,1117000000000003223,용문동 8-19도,도,국유지,2602.8632431902224,126.96106089641017,37.53752671214148,183.54022532,211.14269858,344.79754941,385.07495804,51,미지정,0
277948,1117000000000003224,용문동 31도,도,국유지,388.0519299248699,126.96066610691635,37.53869799828954,77.09686295,191.56347909,274.59097201,269.4720935,51,미지정,0
277949,1117000000000003225,용문동 29-15 도,도,국유지,50.56585656944662,126.96059121238278,37.53855653378596,94.09305693,181.64769634,269.86666903,286.51079194,51,미지정,0
277950,1117000000000003226,용문동 8-12 도,도,국유지,16.170332742854953,126.96085070619759,37.538334134263465,113.83339509,201.68399869,296.94011337,302.09658585,51,미지정,0
277951,1117000000000003227,용문동 26도,도,국유지,391.0435423683375,126.96025188782419,37.53686839568205,282.86678462,111.83044679,335.67226574,375.45161824,51,미지정,0
277952,1117000000000003228,용문동 23-18 도,도,국유지,80.51561115775257,126.96082151480263,37.536095186058326,270.32489842,154.45527665,253.93217671,318.60341685,51,미지정,0
277953,1117000000000003229,용문동 13도,도,국유지,474.74716916366015,126.96161293262388,37.5366981063829,208.15026681,223.2070084,337.12504399,304.04606448,51,미지정,0
277954,1117000000000003230,용문동 5-39도,도,국유지,142.5454826373607,126.96112624928894,37.53869372942472,65.27219785,212.54429862,315.15757307,257.14980776,51,미지정,0
277955,1117000000000003231,용문동 5-26도,도,국유지,365.2369174407795,126.96104792586175,37.538511296047126,85.08824353,230.36129503,310.53147407,278.47777116,51,미지정,0
277956,1117000000000003232,용문동 29-38 도,도,국유지,144.8410353534855,126.96093009513979,37.53856359056842,88.09176321,211.28633215,299.41811351,275.68804923,51,미지정,0
277957,1117000000000003233,용문동 12-5도,도,국유지,92.65880055911839,126.96161409792506,37.53683663423672,194.90880459,216.91272683,351.64336829,310.03131084,51,미지정,0
277958,1117000000000003234,용문동 17도,도,국유지,272.1660103853792,126.96175079026028,37.53638003888917,234.40482772,230.47513083,309.02903673,280.95883953,51,미지정,0
277959,1117000000000003235,용문동 11-1도,도,국유지,252.2132642325014,126.96111519473128,37.5365298579948,247.92201463,176.69299024,306.51197694,369.1411124,51,미지정,0
277960,1117000000000003236,용문동 11-2도,도,국유지,308.32883739471436,126.96135494303577,37.536226506357636,264.97257317,198.55339956,280.16125188,339.37235117,51,미지정,0
277961,1117000000000003237,용문동 5-224도,도,국유지,183.85228982567787,126.96145486184174,37.538356272288325,85.74253516,216.2569246,348.80614669,288.85610764,51,미지정,0
277962,1117000000000003238,용문동 5-225도,도,국유지,114.7031238079071,126.96193572555974,37.5382434792406,74.16139161,201.56977284,392.88339072,299.58816916,51,미지정,0
277963,1117000000000003239,용문동 12-18도,도,국유지,55.662803071551025,126.96179367597726,37.53705668772578,165.78633316,193.78768346,379.98982546,307.12631059,51,미지정,0
277964,1117000000000003240,용문동 1-98도,도,국유지,422.80612687044777,126.96171050546361,37.53769712622477,117.76446095,193.22030107,445.25501293,360.24536706,51,미지정,0
277965,1117000000000003241,용문동 5-241도,도,국유지,11.62866111844778,126.96270928595528,37.53875293701673,18.35373286,122.45663763,551.95403748,254.98307803,51,미지정,0
277966,1117000000000003242,용문동 5-240도,도,국유지,18.36255443142727,126.96262986823362,37.5387742514245,12.01145589,122.24353226,555.14327774,250.6658212,51,미지정,0
277967,1117000000000003243,용문동 5-222도,도,국유지,344.9405323350802,126.96255878704505,37.53882496597044,11.04158389,119.18030437,440.91564621,243.53746322,51,미지정,0
277968,1117000000000003244,용문동 32-188 도,도,국유지,456.84617234021425,126.95941199763101,37.53898210760653,141.4010174,109.62261481,162.8561352,292.83804124,51,미지정,0
277969,1117000000000003245,용문동 32-99도,도,국유지,51.67893262882717,126.95901978143687,37.539004001423564,174.26343657,91.98880552,128.40028794,281.93620321,51,미지정,0
277970,1117000000000003246,용문동 5-221도,도,국유지,974.0703487102874,126.96169079251821,37.53909813226457,4.61791782,145.9768166,364.65041532,204.97050113,51,미지정,0
277971,1117000000000003247,용문동 5-230도,도,국유지,52.70382060064003,126.96120464917179,37.53922247627024,27.68914785,177.88647595,322.92307936,198.67853668,51,미지정,0
277972,1117000000000003248,용문동 5-63 도,도,국유지,170.02955826371908,126.96128279843083,37.53910966835892,31.80300633,176.69181551,328.73531177,209.02035909,51,미지정,0
277973,1117000000000003249,용문동 5-229도,도,국유지,445.3971778014675,126.96094602668823,37.53931145319003,5.10226355,196.23973588,301.48329136,197.12576599,51,미지정,0
277974,1117000000000003250,용문동 5-228도,도,국유지,44.527782306075096,126.95958183650913,37.53963060091052,123.89334046,129.45257607,194.61270924,231.54496187,51,미지정,0
277975,1117000000000003251,용문동 5-227도,도,국유지,27.749509802320972,126.9595027207494,37.53965900035348,131.45131376,121.84700922,189.60006736,225.65830349,51,미지정,0
277976,1117000000000003252,용문동 38-37도,도,국유지,365.2695370800793,126.95703344564994,37.536806941742526,178.8195163,225.30257925,238.81231384,323.03648487,51,미지정,0
277977,1117000000000003253,용문동 38-9도,도,국유지,3436.8422384032165,126.95723702823014,37.53660210739259,209.51280135,167.79085194,258.4623224,296.57029403,51,미지정,0
277978,1117000000000003254,용문동 38-35도,도,국유지,434.0172903193161,126.9574058913072,37.53698247542688,207.75620356,174.89040559,215.0500152,335.15701912,51,미지정,0
277979,1117000000000003255,용문동 38-236도,도,국유지,1408.9292962367763,126.95728861414688,37.5382870414594,230.21023536,74.46415525,74.09808116,369.98660967,51,미지정,0
277980,1117000000000003256,용문동 93 도,도,국유지,229.46088534779847,126.95862191883266,37.53656017293661,278.2508437,46.91963577,277.42728675,289.41553846,51,미지정,0
277981,1117000000000003257,용문동 94 도,도,국유지,1105.5405071942369,126.959585736674,37.53641222970359,262.15158624,41.06822889,292.04319144,302.19401629,51,미지정,0
277982,1117000000000003258,용문동 16도,도,국유지,30.271722291770857,126.96195143173469,37.536443016634266,221.47346051,211.97457701,319.53656234,266.13726464,51,미지정,0
277983,1117000000000003259,용문동 1-83 도,도,국유지,52.18996978015639,126.96213605262666,37.53752985436832,105.23130668,155.12343848,427.93703545,313.09264501,51,미지정,0
277984,1117000000000003260,용문동 1-87도,도,국유지,500.31476222357014,126.96200704529993,37.53751964966488,112.74786377,166.55335308,430.01620052,321.04096636,51,미지정,0
277985,1117000000000003261,용문동 2-42 도,도,국유지,59.76257535838522,126.96358996389003,37.5377038418821,90.46857486,30.60988699,432.19647394,249.54036144,51,미지정,0
277986,1117000000000003262,용문동 2-43 도,도,국유지,62.141393537283875,126.96358127858457,37.537601379373854,100.94138631,27.60455157,420.80472263,239.66769861,51,미지정,0
277987,1117000000000003263,문배동 8-1 도,도,국유지,129.79942587035475,126.97082705562066,37.538199428452664,99.569847,262.80959157,545.96104645,61.04802442,123,미지정,1
277988,1117000000000003264,문배동 6-14 도,도,국유지,50.44806394446641,126.96993460000645,37.53870958895586,42.1571217,188.15961982,467.63963955,38.81322248,123,미지정,1
277989,1117000000000003265,문배동 1-6 도,도,국유지,64.19959434191696,126.97071633333334,37.53959866666666,70.66580919,125.06205216,400.43554562,115.69400044,123,미지정,1
277990,1117000000000003266,문배동 40-11도,도,국유지,243.17408273229375,126.96757455029143,37.53796263445674,144.7760118,163.94578699,542.67934591,255.28191189,123,미지정,1
277991,1117000000000003267,문배동 11-20도,도,국유지,151.5186953805387,126.96978835850625,37.53727054734083,72.24991883,123.3378683,530.41637991,155.46172229,123,미지정,1
277992,1117000000000003268,문배동 1-2 도,도,국유지,1639.8682841566042,126.9708656927981,37.539532766378265,71.24581825,139.62737255,413.16988767,113.31778959,123,미지정,1
277993,1117000000000003269,문배동 1-4 도,도,국유지,834.7503221496008,126.97088888827656,37.54025933960819,104.53935689,104.72588677,346.16208513,190.4512931,123,미지정,1
277994,1117000000000003270,문배동 2-13 도,도,국유지,92.97974030964542,126.97050554348209,37.53910741192812,14.76906754,159.11478971,441.84811721,58.19810069,123,미지정,1
277995,1117000000000003271,문배동 10-18 도,도,국유지,152.28789334278554,126.97053041169082,37.5376600984219,105.95945466,226.40354761,542.17792101,105.27291127,123,미지정,1
277996,1117000000000003272,문배동 11-27 도,도,국유지,487.8863016040996,126.96993815547962,37.53759523858926,87.79274497,154.69357282,556.29519636,117.08812253,123,미지정,1
277997,1117000000000003273,문배동 40-76 도,도,국유지,26.150960220955312,126.96985920467617,37.538697851962986,38.45585185,188.89356782,467.25600173,44.83657634,123,미지정,1
277998,1117000000000003274,문배동 2-2 도,도,국유지,489.176634861622,126.97078469747677,37.53900415834837,36.05113921,181.04340045,462.25069191,59.20986801,123,미지정,1
277999,1117000000000003275,문배동 1-5 도,도,국유지,1059.5594033953967,126.97082163484541,37.53992683669382,107.82749539,110.69007089,373.49538269,153.27163165,123,미지정,1
278000,1117000000000003276,문배동 10-1 도,도,국유지,2925.916592685622,126.97073475320349,37.53737908036201,117.56522289,190.4804455,506.65724632,139.4513654,123,미지정,1
278001,1117000000000003277,문배동 34-10도,도,국유지,3146.9608437577263,126.97019657537898,37.53684278076827,42.3845165,143.83785113,471.48501442,195.25580755,123,미지정,1
278002,1117000000000003278,문배동 11-33 도,도,국유지,112.33003595843911,126.96919004843615,37.537646546303975,50.78465844,116.30567945,572.74056475,147.20012335,123,미지정,1
278003,1117000000000003279,문배동 40-77 도,도,국유지,50.81590925541241,126.96946686355885,37.53873217926198,46.45701639,185.973805,456.41248186,79.52544426,123,미지정,1
278004,1117000000000003280,문배동 15-23 도,도,국유지,37.667369989678264,126.96823209192709,37.53765937343749,98.98747614,108.66486145,569.74049438,214.25923833,123,미지정,1
278005,1117000000000003281,문배동 15-11 도,도,국유지,69.74830233771354,126.9683083330286,37.537726856315786,89.46726277,114.28874237,561.92323906,204.75600082,123,미지정,1
278006,1117000000000003282,문배동 14-5 도,도,국유지,45.7747300171759,126.96830165159469,37.53760610211079,96.95228355,101.35593279,575.33847823,211.9176779,123,미지정,1
278007,1117000000000003283,문배동 40-30도,도,국유지,516.5541980578564,126.9685064817842,37.5382046124926,62.56321027,164.9454077,508.39903193,168.73161111,123,미지정,1
278008,1117000000000003284,문배동 11-16 도,도,국유지,129.21222383435816,126.96911380169544,37.53742135279307,76.17450886,91.23062509,597.07171836,170.28735332,123,미지정,1
278009,1117000000000003285,문배동 11-40 도,도,국유지,76.19361965171993,126.96881189531166,37.537432075614205,82.19675945,81.77781401,594.40948171,187.70767275,123,미지정,1
278010,1117000000000003286,문배동 18-5도,도,국유지,3644.570245728013,126.96763194944586,37.53762025696627,148.86932519,130.24459328,579.426233,263.64116769,123,미지정,1
278012,1117000000000003288,문배동 40-89 도,도,국유지,39.49171709571965,126.96840579582712,37.53795890809736,72.2742037,138.38398326,535.86353204,185.94059456,123,미지정,1
278013,1117000000000003289,문배동 40-83 도,도,국유지,89.78333303402178,126.96835000704687,37.537963014894935,76.99480277,139.45904657,535.58085499,190.33877324,123,미지정,1
278014,1117000000000003290,문배동 15-25 도,도,국유지,13.723031451925635,126.96840532761495,37.53788728043841,74.48916121,130.48924806,543.81093652,189.15257916,123,미지정,1
278015,1117000000000003291,문배동 8-3 도,도,국유지,248.23004830966238,126.9707395077254,37.53821533487446,95.07790496,258.36426372,541.55393281,54.60997628,123,미지정,1
278016,1117000000000003292,문배동 9-2 도,도,국유지,316.15425450576004,126.97076531952655,37.538013875314796,117.02425427,255.22668543,563.32225617,74.44606899,123,미지정,1
278017,1117000000000003293,문배동 7-39 도,도,국유지,80.7636845940724,126.97016222244488,37.538092092285574,49.23516608,207.00068385,539.04030884,58.54175245,123,미지정,1
278018,1117000000000003294,문배동 7-25 도,도,국유지,177.68282578582875,126.97018982387473,37.538175348432155,46.23424589,215.49884456,530.76177276,48.99004862,123,미지정,1
278019,1117000000000003295,문배동 7-37 도,도,국유지,40.830509232357144,126.97008575299297,37.53826370714715,33.83654172,217.17886119,518.89737477,43.85022422,123,미지정,1
278020,1117000000000003296,문배동 15-26 도,도,국유지,22.70827460696455,126.96838602836574,37.5378538888409,77.35672939,127.02369079,547.56893699,192.26634831,123,미지정,1
278021,1117000000000003297,문배동 15-20 도,도,국유지,56.34396179486066,126.96833865018571,37.53785574979689,81.20873291,127.84985206,547.51666897,195.96931306,123,미지정,1
278022,1117000000000003298,문배동 15-19 도,도,국유지,15.807519336696714,126.96830239590444,37.53780185406971,86.37178145,122.54643863,553.63160018,201.43197663,123,미지정,1
278023,1117000000000003299,문배동 15-27 도,도,국유지,19.961703330511227,126.9683814070434,37.537785265192454,80.771758,119.53698497,555.19467119,196.02041144,123,미지정,1
278024,1117000000000003300,문배동 15-22 도,도,국유지,26.401438165456057,126.96827846256737,37.537738385039326,91.23250269,116.11107613,560.76853606,206.49290016,123,미지정,1
278025,1117000000000003301,문배동 9-8 도,도,국유지,20.22648069402203,126.9703840727449,37.5381026871969,65.1901886,221.56101023,543.29791689,55.02501838,123,미지정,1
278026,1117000000000003302,문배동 5-5 도,도,국유지,28.6476109304931,126.97032084694402,37.53813654168807,58.51343376,220.23362726,538.09037466,51.2564284,123,미지정,1
278027,1117000000000003303,문배동 7-28 도,도,국유지,113.17816147609847,126.97012088322643,37.537990933726235,54.49226004,196.32585805,548.98452784,70.34528665,123,미지정,1
278028,1117000000000003304,문배동 11-37 도,도,국유지,171.71957051072968,126.9700609379451,37.53784294546633,65.3621371,180.99686294,563.67258332,87.60096076,123,미지정,1
278029,1117000000000003305,문배동 7-22 도,도,국유지,29.682422040845267,126.97002099999999,37.538273333333336,28.10963774,214.5693449,516.43352828,46.31985272,123,미지정,1
278030,1117000000000003306,문배동 12-1도,도,국유지,4466.281757456018,126.96894829257417,37.53722201024608,100.44511686,64.73275173,618.21142351,196.66436355,123,미지정,1
278031,1117000000000003307,문배동 24-36 도,도,국유지,439.5566103621386,126.96901460123479,37.53680892784348,73.13897846,39.97217392,525.56070539,231.00066588,123,미지정,1
278032,1117000000000003308,문배동 7-31 도,도,국유지,578.7709621385438,126.96974322922082,37.53855168870491,20.44398501,204.70753019,480.7439074,53.9310752,123,미지정,1
278033,1117000000000003309,문배동 3-2 도,도,국유지,281.50061873643426,126.97078161975861,37.53876768658095,45.52963534,203.77150707,486.09124107,42.49905922,123,미지정,1
278034,1117000000000003310,문배동 2-11도,도,국유지,49.16774948150851,126.97052400229428,37.539136383674155,18.13950601,156.9660294,439.51129884,61.7126347,123,미지정,1
278035,1117000000000003311,문배동 7-23 도,도,국유지,51.370401807595044,126.96999553179299,37.53832098485138,24.38609871,231.61661205,510.75545325,43.91909091,123,미지정,1
278036,1117000000000003312,문배동 7-34 도,도,국유지,13.75730606354773,126.96993986559715,37.53834470326798,19.0775169,228.52166559,507.02269049,45.90378036,123,미지정,1
278037,1117000000000003313,문배동 11-25 도,도,국유지,152.01792419340927,126.96973892455773,37.53781519984944,61.36467977,159.19692123,560.82707988,102.30825112,123,미지정,1
278038,1117000000000003314,문배동 11-41 도,도,국유지,102.04003609495703,126.96945640536731,37.53791516109909,30.67340328,153.81166662,545.8626797,109.48259804,123,미지정,1
278039,1117000000000003315,문배동 11-35 도,도,국유지,168.42853821720928,126.96938022580395,37.537874300991035,29.92110435,146.53709943,549.45739774,117.48940305,123,미지정,1
278040,1117000000000003316,문배동 18-4도,도,국유지,330.279138404876,126.96713403526826,37.537891444974086,184.37188197,140.37292446,558.14594807,320.93373308,123,미지정,1
278041,1117000000000003317,문배동 4-2 도,도,국유지,307.28441673656926,126.97077996331113,37.53859077066274,59.63653178,221.30960411,504.10580199,37.94616122,123,미지정,1
278042,1117000000000003318,문배동 2-4도,도,국유지,89.93406307313126,126.97064220134155,37.539013439857484,23.42226378,173.89672076,456.16496881,52.84218979,123,미지정,1
278043,1117000000000003319,문배동 44 도,도,국유지,1126.5398666110123,126.97046380764199,37.53925590783431,27.06080519,142.73788284,425.22097493,73.72829122,123,미지정,1
278044,1117000000000003320,문배동 3-9 도,도,국유지,123.62321700947359,126.97010146529928,37.538864953542806,29.97561488,173.29954484,455.09004333,36.94184017,123,미지정,1
278045,1117000000000003321,문배동 40-40 도,도,국유지,111.58783927746117,126.97000551060712,37.538826801116386,39.36527905,176.02403535,456.74531219,39.71139637,123,미지정,1
278046,1117000000000003322,문배동 24-35 도,도,국유지,87.95042477012612,126.96992300068781,37.53674939067961,17.65214452,119.05280016,474.3712191,208.59876545,123,미지정,1
278047,1117000000000003323,문배동 5-2 도,도,국유지,283.3607775797718,126.97077492576375,37.538409588674455,76.51331613,239.4926987,522.56666768,42.91685079,123,미지정,1
278048,1117000000000003324,문배동 34-11도,도,국유지,439.9017770852661,126.97053466513174,37.53632161487716,72.30236094,112.7073949,406.38381379,194.74052799,123,미지정,1
278049,1117000000000003325,문배동 36-5도,도,국유지,107.61927197792102,126.97026759326101,37.535959868349906,83.77908699,122.77677062,384.0802772,205.41011418,123,미지정,1
278050,1117000000000003326,문배동 19-11 도,도,국유지,1854.6829997652676,126.96805399471016,37.536792236386916,177.50737424,46.88041172,526.46917474,285.23505734,123,미지정,1
278051,1117000000000003327,문배동 12-2 도,도,국유지,25.896360990591347,126.96853503333332,37.537514015151515,88.16438115,88.25756298,585.0132427,200.54447804,123,미지정,1
278052,1117000000000003328,문배동 23-3 도,도,국유지,1578.2337726487895,126.96879603209887,37.53584238069622,124.22762372,99.26424018,460.52234745,335.26250425,123,미지정,1
278053,1117000000000003329,문배동 24-39 도,도,국유지,334.31331236148253,126.96871929356043,37.53631172793247,102.05683899,46.98440362,501.3488307,291.8280093,123,미지정,1
278054,1117000000000003330,문배동 30-2도,도,국유지,22.512703705579042,126.96937775250544,37.535619771241834,117.2990314,141.11271131,405.96471097,341.52202345,123,미지정,1
278055,1117000000000003331,문배동 29-9도,도,국유지,24.518742586951703,126.96940505014337,37.535685746349266,109.58989971,136.11188498,409.34810071,333.8283947,123,미지정,1
278056,1117000000000003332,문배동 31-2도,도,국유지,773.2117979432805,126.9697228477463,37.53613558831229,54.25192019,120.27092174,428.13011797,278.84682522,123,미지정,1
278057,1117000000000003333,문배동 32-2도,도,국유지,266.2909234839026,126.96981932196907,37.536194714475165,47.18568954,124.33050499,428.21794448,270.81080119,123,미지정,1
278058,1117000000000003334,문배동 33-2도,도,국유지,100.11421327153221,126.97004586160102,37.536586967666075,21.39624197,130.69580942,453.32643401,224.79256701,123,미지정,1
278059,1117000000000003335,문배동 30-3 도,도,국유지,34.93169847084209,126.96897752723953,37.53527773673125,166.02301744,163.89642923,408.54765355,317.99148757,123,미지정,1
278060,1117000000000003336,문배동 29-6 도,도,국유지,120.62754890229553,126.96895684120788,37.53533306829579,161.3798529,157.50590507,413.68701504,382.70905471,123,미지정,1
278061,1117000000000003337,문배동 34-12도,도,국유지,28.221514564822428,126.97044515896187,37.53655959842429,56.76934972,133.92443767,433.45204974,226.36384502,123,미지정,1
278062,1117000000000003338,문배동 29-2도,도,국유지,496.81623842567205,126.96918926147906,37.53551561593595,134.16832725,144.17479916,410.47630554,357.14857767,123,미지정,1
278063,1117000000000003339,문배동 30-47도,도,국유지,25.485304860863835,126.96887943341028,37.53477429304593,220.63041498,217.54794379,385.56192337,337.57411093,123,미지정,1
278064,1117000000000003340,문배동 14-3 도,도,국유지,52.91575021110475,126.96833825260295,37.537702585133005,88.46456702,111.12363279,564.50383822,203.72877942,123,미지정,1
278153,1117000000000003429,한강로1가 11-13도,도,국유지,2631.7998497502413,126.97406749517793,37.537266705132666,37.9774216,267.28145558,479.30177925,227.25162685,332,미지정,1
278154,1117000000000003430,한강로1가 3도,도,국유지,54.82854959368706,126.97436743387897,37.5376077237976,76.9831029,311.51610228,522.87741304,273.45284824,332,미지정,1
278155,1117000000000003431,한강로1가 11-14 도,도,국유지,261.2935714065097,126.97428319630848,37.53744493893947,61.78485224,294.42996239,503.44629472,254.4982541,332,미지정,1
278156,1117000000000003432,한강로1가 11-7도,도,국유지,314.8624926239718,126.97444425093067,37.5372889262219,71.34617426,295.96599704,491.13836269,250.18340375,332,미지정,1
278157,1117000000000003433,한강로1가 10-15도,도,국유지,39.56578921806067,126.974861994587,37.537026562662696,108.5975945,314.00422386,477.18355116,257.54952125,332,미지정,1
278158,1117000000000003434,한강로1가 10-4도,도,국유지,164.45234407356475,126.9746386560791,37.53724066818769,88.19150663,307.6949119,491.79618292,258.21504468,332,미지정,1
278159,1117000000000003435,한강로1가 31-3도,도,국유지,55.45679017947987,126.97392401217536,37.537072392264385,30.2082065,244.39864717,455.27759871,202.37205388,332,미지정,1
278160,1117000000000003436,한강로1가 11-19 도,도,국유지,350.1274013360962,126.97435570203724,37.537149097277286,63.72577103,281.03441809,473.95076865,233.45734516,332,미지정,1
278161,1117000000000003437,한강로1가 1-12도,도,국유지,1272.8334839036688,126.9733165591527,37.5400022569081,259.20007563,321.16170795,519.4546701,304.96948051,332,미지정,1
278162,1117000000000003438,한강로1가 1-11도,도,국유지,1365.0995522057638,126.97350876326334,37.53924439889918,224.43305871,413.78921184,585.95334949,288.18796357,332,미지정,1
278163,1117000000000003439,한강로1가 1-10도,도,국유지,1640.9286840611603,126.97374663561305,37.53833898929677,123.99115645,335.23854587,590.0648848,320.44020706,332,미지정,1
278164,1117000000000003440,한강로1가 1-2도,도,국유지,3007.406375239836,126.97342970709504,37.538997155762225,197.57209387,385.85997287,658.94878658,275.70865193,332,미지정,1
278165,1117000000000003441,한강로1가 50-9 도,도,국유지,431.1949299108237,126.97268406472075,37.536255935392994,90.26108476,103.50739216,351.49194032,72.2781645,332,미지정,1
278166,1117000000000003442,한강로1가 40 도,도,국유지,84.98382355994545,126.9740615350224,37.53609887341528,34.0374426,215.6453831,355.25297883,143.99998467,332,미지정,1
278167,1117000000000003443,한강로1가 34-1 도,도,국유지,103.51286362484097,126.97399337810945,37.536793217247094,45.3561173,233.68744349,426.861808,182.77306031,332,미지정,1
278168,1117000000000003444,한강로1가 12도,도,국유지,297.76122537546325,126.97458874266736,37.53698046139571,87.7772096,290.02404171,463.23421018,235.51829118,332,미지정,1
278169,1117000000000003445,한강로1가 14-17도,도,국유지,303.01086602179566,126.97462265498008,37.53656232841805,64.09234162,275.538774,421.50364689,211.25663041,332,미지정,1
278170,1117000000000003446,한강로1가 16-1도,도,국유지,51.97516752965748,126.97461097338872,37.53610998200749,33.90028945,263.95257801,375.66934194,190.25864972,332,미지정,1
278171,1117000000000003447,한강로1가 36-1 도,도,국유지,105.7791407648474,126.97405283504122,37.53656615553083,22.53880781,228.10185637,404.17735476,169.73288057,332,미지정,1
278172,1117000000000003448,한강로1가 14-37 도,도,국유지,47.173035389743745,126.97444574381369,37.5367861411936,63.42609669,269.49613127,438.57479782,212.12264423,332,미지정,1
278173,1117000000000003449,한강로1가 97도,도,국유지,10577.382377496397,126.97397672822692,37.535647411963936,59.62713213,206.9088153,305.74905187,126.10245802,332,미지정,1
278174,1117000000000003450,한강로1가 120-1 도,도,국유지,127.93599849427119,126.97420982078414,37.535122594668515,10.04112189,239.57786408,262.47262704,134.44861239,332,미지정,1
278175,1117000000000003451,한강로1가 104-2 도,도,국유지,589.1858769324608,126.9745634885772,37.53505980718142,11.89547121,271.42817136,274.13101283,174.71118242,332,미지정,1
278176,1117000000000003452,한강로1가 116-1도,도,국유지,16.244597075041384,126.97453519806763,37.53512186956521,10.82557756,266.96293655,278.18793686,181.49869001,332,미지정,1
278177,1117000000000003453,한강로1가 271-1 도,도,국유지,226.57620980218053,126.97324754360864,37.534980796089044,25.59663352,169.66790431,215.59084182,48.58853709,332,미지정,1
278178,1117000000000003454,한강로1가 273-4도,도,국유지,246.54668101435527,126.97339712312913,37.535417827169574,11.41186872,161.18121283,265.83716017,77.99636884,332,미지정,1
278179,1117000000000003455,한강로1가 268-2 도,도,국유지,180.5248414091766,126.97342497740408,37.53515994250939,17.52800678,173.6275241,238.75667374,67.0011,332,미지정,1
278180,1117000000000003456,한강로1가 263 도,도,국유지,300.29840041766874,126.97361021471815,37.535376557753246,20.71977629,180.54663134,266.49242821,91.38434606,332,미지정,1
278181,1117000000000003457,한강로1가 94-2 도,도,국유지,53.53006223915145,126.9735884542789,37.5359575385743,21.81349578,172.30223938,328.04098761,99.36158054,332,미지정,1
278182,1117000000000003458,한강로1가 98 도,도,국유지,524.3383873517159,126.97396147186134,37.53597239009089,29.75513618,205.29365461,339.06185411,130.90680098,332,미지정,1
278183,1117000000000003459,한강로1가 133-1 도,도,국유지,271.99891027540434,126.97400312352737,37.53510830116969,13.16375307,222.93963232,252.22376033,116.11714057,332,미지정,1
278184,1117000000000003460,한강로1가 43-2도,도,국유지,22.10061729233712,126.9739906967007,37.536076297973075,27.02550828,209.09898781,350.80279397,137.25636248,332,미지정,1
278185,1117000000000003461,한강로1가 121-3 도,도,국유지,75.05772319989046,126.97413660116753,37.5350720590516,1.99519696,235.39632173,254.36056711,127.49125034,332,미지정,1
278186,1117000000000003462,한강로1가 120-3 도,도,국유지,35.53016974742059,126.97424100207068,37.535058825050626,9.33061501,244.55251038,257.86265177,136.60509955,332,미지정,1
278187,1117000000000003463,한강로1가 102도,도,국유지,207.81526280427352,126.97479239265202,37.53506604518921,32.05464784,290.51427898,287.30903938,162.27206393,332,미지정,1
278188,1117000000000003464,한강로1가 25 도,도,국유지,95.52989513147622,126.97478784790607,37.53537087967003,18.85992093,282.18482382,313.67165644,190.55899616,332,미지정,1
278189,1117000000000003465,한강로1가 278-2 도,도,국유지,349.00059653259814,126.97301162134309,37.534732832679836,13.64434422,145.36964529,184.59235752,39.72180102,332,미지정,1
278190,1117000000000003466,한강로1가 135-7 도,도,국유지,110.4948630562867,126.973962221295,37.535001168383054,16.41144267,224.14087945,240.01040049,111.75400352,332,미지정,1
278191,1117000000000003467,한강로1가 228-1 도,도,국유지,7283.852693141438,126.973221481084,37.534652749493944,17.68073746,158.06100944,179.70972415,59.45662019,332,미지정,1
278192,1117000000000003468,한강로1가 285-1도,도,국유지,230.53655553236604,126.972391577096,37.5342554569451,31.69939916,74.14570467,132.19297706,85.80851333,332,미지정,1
278193,1117000000000003469,한강로1가 285-2도,도,국유지,172.13503160700202,126.97244807118771,37.534155118820344,38.31643865,77.15813517,120.30599693,95.15897142,332,미지정,1
278194,1117000000000003470,한강로1가 281-2 도,도,국유지,628.6257611731999,126.9726711360304,37.53438838252513,9.53335486,102.07151116,144.22959999,66.71419597,332,미지정,1
278195,1117000000000003471,한강로1가 240-7도,도,국유지,1268.7638662597165,126.9726817553645,37.53405935531451,35.62835157,97.52448272,107.70291233,103.20007782,332,미지정,1
278196,1117000000000003472,한강로1가 193도,도,국유지,14.15053541958332,126.9742063948007,37.533589912998266,132.61724281,238.7500229,144.77481701,95.95240488,332,미지정,1
278197,1117000000000003473,한강로1가 194-5도,도,국유지,28.565905502298847,126.97433380769228,37.53369088553113,130.00176467,247.47045753,159.59001342,96.67933794,332,미지정,1
278198,1117000000000003474,한강로1가 193-1도,도,국유지,419.23815371003,126.97482986143935,37.533673254615444,98.32470408,251.35224592,199.60690456,58.67600021,332,미지정,1
278199,1117000000000003475,한강로1가 161-4 도,도,국유지,24.038694139337167,126.97478711582669,37.53377416017139,91.67022864,255.8128845,200.02133496,69.45828614,332,미지정,1
278200,1117000000000003476,한강로1가 165도,도,국유지,10.712228134507313,126.97545191620878,37.53360095192307,89.35085931,196.18125467,250.29624632,35.99974706,332,미지정,1
278201,1117000000000003477,한강로1가 32-15 도,도,국유지,21.923630786128342,126.973643,37.53749333333333,29.78223494,255.88609983,495.97066082,229.90096025,332,미지정,1
278202,1117000000000003478,한강로1가 30-9 도,도,국유지,137.99708406813443,126.97359046624727,37.53709691687991,14.900748,222.46777848,451.83091219,188.5619019,332,미지정,1
278203,1117000000000003479,한강로1가 32-19 도,도,국유지,48.77652391139418,126.9735421804927,37.53729281598793,11.52958758,233.7950596,472.55596118,205.96540529,332,미지정,1
278204,1117000000000003480,한강로1가 32-17 도,도,국유지,36.490383929573,126.97351966523297,37.5373873297491,20.96656664,239.84908495,482.61094224,214.70295671,332,미지정,1
278205,1117000000000003481,한강로1가 32-16 도,도,국유지,52.04779820237309,126.97350709636889,37.537470838296265,29.7410612,245.89306252,491.61116824,222.80874443,332,미지정,1
278206,1117000000000003482,한강로1가 60-4 도,도,국유지,262.9678839459084,126.97296493160006,37.536911516120796,69.1437273,167.79898113,424.92751364,148.65166067,332,미지정,1
278207,1117000000000003483,한강로1가 26-5 도,도,국유지,332.40984726231545,126.97285519115205,37.53683385467109,81.9029643,154.8643548,415.87688752,138.10033562,332,미지정,1
278208,1117000000000003484,한강로1가 224-2도,도,국유지,60.095930892042816,126.97288847562304,37.53176081986615,186.02018263,283.18048652,148.41038876,231.83389121,332,미지정,1
278209,1117000000000003485,한강로1가 221-1도,도,국유지,60.80236321128905,126.97318087124881,37.53162629649349,210.35152292,307.86664399,167.94877038,221.58082968,332,미지정,1
278210,1117000000000003486,한강로1가 216-4도,도,국유지,579.772840327525,126.97389798154008,37.53257956556009,198.17481591,264.75114586,120.50408891,108.00438656,332,미지정,1
278211,1117000000000003487,한강로1가 215-1도,도,국유지,22.282976980437525,126.97372434529315,37.53317415422996,131.90446077,215.11528176,91.55757139,114.39534081,332,미지정,1
278212,1117000000000003488,한강로1가 138도,도,국유지,7819.430574724218,126.97368489674925,37.5332031875573,127.43618835,210.52350786,88.49393438,118.40463072,332,미지정,1
278213,1117000000000003489,한강로1가 215-2도,도,국유지,28.99282187409699,126.97373761574465,37.53315405436193,134.42485061,217.2072763,92.52356065,112.88008553,332,미지정,1
278214,1117000000000003490,한강로1가 187-5도,도,국유지,119.47851227270439,126.9744174829837,37.5330455275805,176.66493839,276.34308713,152.40890937,51.7339948,332,미지정,1
278215,1117000000000003491,한강로1가 80-8 도,도,국유지,60.479578140191734,126.97197587981509,37.53643702911362,162.47653583,74.02771377,376.97170719,104.57366581,332,미지정,1
278216,1117000000000003492,한강로1가 80-15 도,도,국유지,28.383404635824263,126.97205007326767,37.536449781925,158.32601718,78.10178503,377.32234226,102.82625231,332,미지정,1
278217,1117000000000003493,한강로1가 77-3도,도,국유지,1663.6953760921024,126.97170418338467,37.536375994087166,178.15423664,61.49180229,375.1588366,112.95705807,332,미지정,1
278218,1117000000000003494,한강로1가 306-2 도,도,국유지,139.60734543058788,126.9714256912474,37.53622395932874,149.63076651,48.49262768,365.55399979,120.31769663,332,미지정,1
278219,1117000000000003495,한강로1가 80-13 도,도,국유지,39.77695416752249,126.9719258327168,37.53648831812576,169.49501512,77.77573152,383.34274626,111.70345336,332,미지정,1
278220,1117000000000003496,한강로1가 80-14 도,도,국유지,19.383310113102198,126.97199461403511,37.536467105263156,163.30965954,77.74834794,379.98967993,106.73134091,332,미지정,1
278221,1117000000000003497,한강로1가 50-6도,도,국유지,1216.9886100199074,126.97226412629955,37.53620018543326,126.24588729,68.75350629,347.38727159,69.87050645,332,미지정,1
278222,1117000000000003498,한강로1가 306-1 도,도,국유지,77.10166038293391,126.97160165250214,37.536266003350285,163.37694408,49.22796291,365.58697754,110.81481319,332,미지정,1
278223,1117000000000003499,한강로1가 30-1도,도,국유지,192.62449919432402,126.9738782201287,37.53724177246185,21.04835501,252.35057168,472.64144442,215.4757094,332,미지정,1
278224,1117000000000003500,한강로1가 77-7 도,도,국유지,469.18462951120455,126.97156993525745,37.5367297211542,156.26294671,100.76294758,416.10954631,151.20171408,332,미지정,1
278225,1117000000000003501,한강로1가 1-8도,도,국유지,302.40281227696687,126.97390023356095,37.53776231546026,63.88517592,293.21214891,529.52383498,266.66503549,332,미지정,1
278226,1117000000000003502,한강로1가 2-2도,도,국유지,37.01013338100165,126.97376922926053,37.53768702182171,52.51618261,279.22808718,519.09699078,254.09801181,332,미지정,1
278227,1117000000000003503,한강로1가 24-7 도,도,국유지,49.802943002665415,126.97505098276542,37.53523195384414,41.23102865,295.20140756,316.17516297,165.78560713,332,미지정,1
278228,1117000000000003504,한강로1가 26-9 도,도,국유지,135.4811541615054,126.97391197685504,37.53695859314097,38.05040999,236.56452543,442.76311311,191.74603669,332,미지정,1
278229,1117000000000003505,한강로1가 42 도,도,국유지,5655.403883078834,126.97420915991131,37.53644683715272,25.40743764,236.83847202,396.00880732,173.33154754,332,미지정,1
278230,1117000000000003506,한강로1가 26-1도,도,국유지,3101.9803873539786,126.9729738948638,37.537201821547896,59.01587621,192.76617238,457.14244346,180.21684426,332,미지정,1
278231,1117000000000003507,한강로1가 17-3 도,도,국유지,1140.0640499901492,126.97482454507747,37.535472886842975,8.07514934,283.60117721,324.75169884,198.77183587,332,미지정,1
278232,1117000000000003508,한강로1가 94-3 도,도,국유지,261.8085549864918,126.9736654212081,37.536017848898126,13.26719461,179.75874294,336.21382849,108.27307609,332,미지정,1
278233,1117000000000003509,한강로1가 80-11 도,도,국유지,138.63652169238776,126.97349862856434,37.53602395905563,21.22732389,165.22240681,333.41710506,95.37649757,332,미지정,1
278234,1117000000000003510,한강로1가 27-2 도,도,국유지,435.38897242804524,126.97377244021509,37.53725231590648,12.00597388,245.86434739,471.80537636,211.53606571,332,미지정,1
278235,1117000000000003511,한강로1가 50-4 도,도,국유지,1129.3839876535349,126.97278334432352,37.536135691869404,87.8217332,106.29564206,338.23748136,61.50548333,332,미지정,1
278236,1117000000000003512,한강로1가 77-5 도,도,국유지,211.11915698926896,126.97220879898559,37.53736927702018,127.58883267,178.58219123,476.98976404,197.20392745,332,미지정,1
278237,1117000000000003513,한강로1가 79-5 도,도,국유지,57.28153231710894,126.97147312150017,37.53681262014443,148.77688276,110.79907084,427.13095719,163.65490968,332,미지정,1
278238,1117000000000003514,한강로1가 293-1도,도,국유지,919.3811160231126,126.97216161083132,37.53415766764297,53.92896095,52.04796873,127.6021598,103.74055863,332,미지정,1
278239,1117000000000003515,한강로1가 294-1 도,도,국유지,356.6070424951613,126.97218634384157,37.533886554097606,55.25733248,58.21191652,99.24133082,130.45483536,332,미지정,1
278240,1117000000000003516,한강로1가 299-1도,도,국유지,15.729895257099997,126.97185472830266,37.53370605217752,21.57702117,49.03600837,100.9597869,160.72414461,332,미지정,1
278241,1117000000000003517,한강로1가 300-2도,도,국유지,29.919673390686512,126.97180706251366,37.53364316153006,13.48260515,53.47599488,99.64099636,168.86271638,332,미지정,1
278242,1117000000000003518,한강로1가 293-4도,도,국유지,354.3032641876489,126.97171383400014,37.53360693859395,8.99463256,54.86172889,103.97012926,176.34450955,332,미지정,1
278243,1117000000000003519,한강로1가 303-1도,도,국유지,391.5126926153898,126.97167062544946,37.5333553050158,20.67624781,81.88139686,95.15880907,202.79262847,332,미지정,1
278244,1117000000000003520,한강로1가 296-1 도,도,국유지,4387.118372526253,126.97204129973096,37.53352727323434,24.15106271,74.58250043,75.46013079,172.31153853,332,미지정,1
278245,1117000000000003521,한강로2가 24-3 도,도,국유지,27.070445090532303,126.97232181802262,37.53207621157214,138.85184087,232.88964185,117.12167033,257.96701576,326,미지정,1
278246,1117000000000003522,한강로2가 420-4 도,도,국유지,27.656189357861876,126.96507533333332,37.526600333333334,240.87881825,290.5906743,604.30708431,152.52982336,326,미지정,1
278247,1117000000000003523,한강로2가 420-3 도,도,국유지,466.4652639357373,126.96558636137635,37.52708981349991,211.00945195,288.32300827,472.70400638,211.27263803,326,미지정,1
278248,1117000000000003524,한강로2가 424-3 도,도,국유지,563.7283886249643,126.96922210670544,37.529585082255124,47.57300644,100.51685718,72.29388347,478.26462008,326,미지정,1
278249,1117000000000003525,한강로2가 313-4도,도,국유지,263.2024472884368,126.96855935264668,37.53009721140287,9.3993618,119.67619618,57.91661473,518.75452662,326,미지정,1
278250,1117000000000003526,한강로2가 100-2도,도,국유지,44.875921121332794,126.97101299606511,37.53150155547055,222.98414904,291.54744415,213.69424948,414.73419861,326,미지정,1
278251,1117000000000003527,한강로2가 422-3 도,도,국유지,619.7059801444411,126.96731833101681,37.528901317597516,32.27361871,72.01421078,222.12998278,377.84529581,326,미지정,1
278252,1117000000000003528,한강로2가 2-394 도,도,국유지,85.4653479740955,126.96785232598718,37.53059452911694,81.18390524,123.06580725,124.8373525,566.28638324,326,미지정,1
278253,1117000000000003529,한강로2가 422-1 도,도,국유지,3340.684564490395,126.96761587026357,37.529900450623025,33.59106327,43.79912847,144.12000976,488.50265243,326,미지정,1
278254,1117000000000003530,한강로2가 310-8 도,도,국유지,978.7905218906817,126.96912979155049,37.5309652713282,111.34274581,244.65201854,81.12291011,546.72421045,326,미지정,1
278255,1117000000000003531,한강로2가 156-8도,도,국유지,44.27344986656681,126.9699816857597,37.52991292418199,42.98326225,169.81124134,78.54949714,536.66030927,326,미지정,1
278256,1117000000000003532,한강로2가 72도,도,국유지,175.72429068014026,126.97166669982786,37.53033557800418,193.99336151,325.14864527,219.10543502,417.43548966,326,미지정,1
278257,1117000000000003533,한강로2가 153-6도,도,국유지,46.64277532149572,126.97008104231078,37.52972219935501,59.62912659,161.60496727,97.16360874,521.19795243,326,미지정,1
278258,1117000000000003534,한강로2가 181-2도,도,국유지,711.9624472854193,126.96829778110236,37.529826541207626,29.27361915,85.62874005,91.09551714,485.34255376,326,미지정,1
278259,1117000000000003535,한강로2가 55-1 도,도,국유지,501.22241427376866,126.97201509594268,37.53113882426817,241.61107067,329.74252596,224.60947085,335.07556589,326,미지정,1
278260,1117000000000003536,한강로2가 242-4도,도,국유지,1232.2751683226088,126.96950099683679,37.53082537000416,90.60982145,237.30047814,70.92182378,541.66359464,326,미지정,1
278261,1117000000000003537,한강로2가 310-7 도,도,국유지,245.76836651627673,126.96895854778963,37.53051144710774,73.17116859,192.59784707,36.83595967,570.95465861,326,미지정,1
278262,1117000000000003538,한강로2가 312-3도,도,국유지,500.27852196991444,126.96876024069863,37.53030772094544,38.28553429,168.522941,38.89835357,545.10094502,326,미지정,1
278263,1117000000000003539,한강로2가 154-1도,도,국유지,12.086151029448956,126.97030371590908,37.53014480303031,71.70525973,208.06319854,98.87199832,577.80275721,326,미지정,1
278264,1117000000000003540,한강로2가 424-2 도,도,국유지,548.7826165303122,126.96834520389883,37.52932293127992,68.36719919,65.88788168,125.92970161,430.82505435,326,미지정,1
278265,1117000000000003541,한강로2가 242-2도,도,국유지,119.63388438522816,126.96938242736096,37.530950342271424,105.08867375,247.68693585,81.07070998,535.54122236,326,미지정,1
278266,1117000000000003542,한강로2가 282도,도,국유지,44.59666358679533,126.96906724318085,37.530860406291254,102.29812701,232.2910162,70.16155498,559.4248488,326,미지정,1
278267,1117000000000003543,한강로2가 239-2도,도,국유지,581.0720859233406,126.96918694489185,37.530746506361986,86.70818873,221.71099731,56.66323499,563.93552337,326,미지정,1
278268,1117000000000003544,한강로2가 281도,도,국유지,43.42933906055987,126.96894492831863,37.53072918899178,86.101912,189.69004763,58.90285393,594.26225086,326,미지정,1
278269,1117000000000003545,한강로2가 310-1 도,도,국유지,957.726915842155,126.97058320780468,37.53238728894225,163.47708999,208.41411616,202.16934746,343.98010866,326,미지정,1
278270,1117000000000003546,한강로2가 310-6 도,도,국유지,147.4445959427394,126.96981080984696,37.53140529545354,157.22577877,307.03050503,140.86895105,472.57581719,326,미지정,1
278271,1117000000000003547,한강로2가 2-398 도,도,국유지,35.72718627075665,126.96693922620352,37.533348938907196,200.76533227,310.16933331,240.48500458,319.67959059,326,미지정,1
278272,1117000000000003548,한강로2가 2-12도,도,국유지,680.2926957309246,126.96906826349567,37.53116021715831,133.61791183,232.22306933,103.15094765,532.45598694,326,미지정,1
278273,1117000000000003549,한강로2가 245-3도,도,국유지,62.96574270160636,126.96963243291526,37.53121345252006,134.11124829,281.86694801,115.29050508,499.01367487,326,미지정,1
278274,1117000000000003550,한강로2가 284도,도,국유지,51.77736120298505,126.96956524232661,37.53138829038777,153.15921213,298.81690834,132.10082186,486.19052376,326,미지정,1
278275,1117000000000003551,한강로2가 244-2도,도,국유지,225.0034072913695,126.96954377001224,37.53113187673672,124.65878091,270.92072408,104.20781582,510.87452441,326,미지정,1
278276,1117000000000003552,한강로2가 283도,도,국유지,143.73696705326438,126.96931713841114,37.531125420738924,125.08214081,265.24219039,99.34452164,522.66310363,326,미지정,1
278277,1117000000000003553,한강로2가 310-5 도,도,국유지,15.401534110307693,126.97058644596603,37.532364824628445,165.24219763,210.55737023,202.88005294,345.92136049,326,미지정,1
278278,1117000000000003554,한강로2가 255-5도,도,국유지,459.83045442728326,126.97047747608482,37.532095727734635,194.93418483,241.74911154,235.65783308,376.34994442,326,미지정,1
278279,1117000000000003555,한강로2가 286도,도,국유지,112.6128355753608,126.96998422062515,37.531827791410784,206.1573493,287.88446526,190.07483145,425.01271305,326,미지정,1
278280,1117000000000003556,한강로2가 254-2도,도,국유지,161.09411709476262,126.97030579458838,37.53192162405991,223.6101102,265.6175713,211.44796984,400.76128243,326,미지정,1
278281,1117000000000003557,한강로2가 253-2도,도,국유지,133.20456872414798,126.97023281794748,37.53183756402892,212.74979357,276.80771593,200.1920492,412.0902315,326,미지정,1
278282,1117000000000003558,한강로2가 287도,도,국유지,112.46489429287612,126.97028853286233,37.53214957270996,200.40848646,243.64786365,233.49147091,380.35574265,326,미지정,1
278283,1117000000000003559,한강로2가 252-2도,도,국유지,79.89240511879325,126.97017369728225,37.53177694867387,204.78575765,285.13405704,191.82101653,420.5643116,326,미지정,1
278284,1117000000000003560,한강로2가 102-1도,도,국유지,5576.497962655965,126.97038910887728,37.53170111180403,203.22237056,285.17636277,194.05465735,418.10720033,326,미지정,1
278285,1117000000000003561,한강로2가 285도,도,국유지,57.1676938701421,126.96977225096526,37.531605625339616,178.70732673,327.09834126,160.46080116,455.94453463,326,미지정,1
278286,1117000000000003562,한강로2가 248-4도,도,국유지,66.78655684739351,126.9698728478261,37.5314615762828,164.36569487,314.74163277,148.7793459,464.35903959,326,미지정,1
278287,1117000000000003563,한강로2가 247 도,도,국유지,82.47295295447111,126.96976035395106,37.53131736255501,146.87935407,296.35125048,130.14374258,483.20071123,326,미지정,1
278288,1117000000000003564,한강로2가 246-4 도,도,국유지,147.40558145241812,126.96968704705175,37.53129145867163,143.18781294,291.58102617,125.08143446,489.12268941,326,미지정,1
278289,1117000000000003565,한강로2가 38-2도,도,국유지,23.86745519330725,126.97167432004382,37.53250583025073,97.3297135,175.96295318,110.95950421,290.08090964,326,미지정,1
278290,1117000000000003566,한강로2가 256-3 도,도,국유지,194.04410693142563,126.9709191987395,37.53257027723431,129.39947258,178.40872438,167.09982807,311.1044618,326,미지정,1
278291,1117000000000003567,한강로2가 421-1 도,도,국유지,37.67683788272552,126.96653452710152,37.52819692262292,53.11763639,168.05870903,326.11524523,311.25321862,326,미지정,1
278292,1117000000000003568,한강로2가 422-4 도,도,국유지,1476.8010226819897,126.96634196320103,37.52844830752411,49.37383626,153.41727596,320.59947515,342.86246473,326,미지정,1
278293,1117000000000003569,한강로2가 181-1도,도,국유지,3371.430428575026,126.96805499456151,37.52926996183659,47.21587119,65.9840348,146.89394378,421.28491893,326,미지정,1
278294,1117000000000003570,한강로2가 412 도,도,국유지,18889.836255517555,126.97097882820415,37.530931567791725,165.30583801,312.8808926,175.87493495,475.27795795,326,미지정,1
278295,1117000000000003571,한강로2가 16-17도,도,국유지,20.336000250652432,126.96554524537706,37.5319859803827,184.51784018,316.19778254,68.67595478,414.4765031,326,미지정,1
278296,1117000000000003572,한강로2가 140-1도,도,국유지,3548.8283868911676,126.96891838607318,37.53016859218117,35.26765351,154.41288542,25.23033994,533.10800069,326,미지정,1
278297,1117000000000003573,한강로2가 292도,도,국유지,27.001442033797503,126.97123224523162,37.53316091280654,61.41001867,107.51585449,129.44549075,240.73251537,326,미지정,1
278298,1117000000000003574,한강로2가 290도,도,국유지,50.85889740008861,126.97102684164336,37.532940040441055,91.50356753,136.58561189,148.27884412,271.17238043,326,미지정,1
278299,1117000000000003575,한강로2가 257-1 도,도,국유지,3282.8356983278645,126.97126447512649,37.53274006995281,97.65483982,152.321711,132.15262495,279.92644982,326,미지정,1
278300,1117000000000003576,한강로2가 310-4 도,도,국유지,49.07879065349698,126.97044687740689,37.53245144899726,166.12057717,207.5159761,210.84428358,344.83317706,326,미지정,1
278301,1117000000000003577,한강로2가 2-7 도,도,국유지,145.36249835416675,126.97025764259683,37.53261705689027,166.31071931,200.85996208,221.62048259,340.33687446,326,미지정,1
278302,1117000000000003578,한강로2가 2-395 도,도,국유지,132.31055442802608,126.97023370125424,37.532584802607346,170.17792145,205.00317286,224.54251313,344.4476863,326,미지정,1
278303,1117000000000003579,한강로2가 2-87도,도,국유지,19.58527417946607,126.97083166942153,37.533037227397955,97.84710833,134.16869732,164.70503483,272.28265884,326,미지정,1
278304,1117000000000003580,한강로2가 249-2도,도,국유지,479.3897674824111,126.97001678406235,37.531615600736686,183.83912826,307.33062994,169.62769434,443.10766167,326,미지정,1
278305,1117000000000003581,한강로2가 289도,도,국유지,38.11119548417628,126.97088011505791,37.53278492329472,112.91878629,157.41190873,163.83673709,292.67812082,326,미지정,1
278306,1117000000000003582,한강로2가 288도,도,국유지,72.69592614471912,126.97069449189212,37.532586871173784,140.22255642,184.1818048,185.3087002,320.06199235,326,미지정,1
278307,1117000000000003583,한강로2가 426-2 도,도,국유지,936.4635097300052,126.97121926866566,37.53544581802579,165.36000613,56.43127727,292.25422028,119.12938486,326,미지정,1
278308,1117000000000003584,한강로2가 426-3 도,도,국유지,467.7897746665403,126.97120143893164,37.53476314104823,145.07526907,81.88120329,227.87726669,134.62026783,326,미지정,1
278309,1117000000000003585,한강로2가 16-9도,도,국유지,903.9216907983646,126.9661875804737,37.5324367966679,293.51566123,337.98040113,132.71930838,379.48538372,326,미지정,1
278310,1117000000000003586,한강로2가 15-52 도,도,국유지,15.891701361630112,126.96668366666668,37.53392166666667,133.42076313,242.72875114,268.69925077,255.77216519,326,미지정,1
278311,1117000000000003587,한강로2가 415도,도,국유지,526.4536867691204,126.96419411513904,37.53436821930609,200.70035429,221.09037363,92.1655524,154.53956415,326,미지정,1
278312,1117000000000003588,한강로2가 424-4 도,도,국유지,916.3082715378259,126.96905220385291,37.52827650503293,99.02763735,21.53595884,217.8231651,337.32219439,326,미지정,1
278313,1117000000000003589,한강로2가 54도,도,국유지,424.7253165736329,126.97248639630443,37.53127362357471,229.09819258,322.64785057,202.31819039,293.38215221,326,미지정,1
278314,1117000000000003590,한강로2가 2-396 도,도,국유지,101.45164627442136,126.96758792626795,37.530303110735076,59.83887437,85.6055689,141.89101797,533.14220462,326,미지정,1
278315,1117000000000003591,한강로2가 416도,도,국유지,259.7101033506915,126.96465938152973,37.53438824508027,162.64223736,197.18530209,126.86331859,143.20023063,326,미지정,1
278316,1117000000000003592,한강로2가 331-6도,도,국유지,22.97111453441903,126.96676486781975,37.52818785671578,40.93092204,160.82552938,312.50715023,305.31383644,326,미지정,1
278317,1117000000000003593,한강로2가 421-2 도,도,국유지,83.92828458547592,126.96652407594,37.52806898418079,63.93843835,181.22652793,336.77079685,297.88952583,326,미지정,1
278318,1117000000000003594,한강로2가 408-2 도,도,국유지,344.98465604148805,126.96659311078253,37.528025957723116,64.15924643,183.11463987,335.99820555,291.58568149,326,미지정,1
278319,1117000000000003595,한강로2가 226-4도,도,국유지,1248.8640181629453,126.96701377809421,37.52814452506622,40.74397179,159.29090143,301.52620516,296.63938657,326,미지정,1
278320,1117000000000003596,한강로2가 352-2도,도,국유지,258.7023294046521,126.96642718242953,37.52785228461636,88.33043737,206.65289672,360.10190507,277.76361405,326,미지정,1
278321,1117000000000003597,한강로2가 424-5 도,도,국유지,383.78602267615497,126.96716988847135,37.52777066852847,83.7328844,198.18388168,326.77612508,253.69959609,326,미지정,1
278322,1117000000000003598,한강로2가 427-5 도,도,국유지,195.58040213794447,126.9672779358029,37.52766204358948,97.65442178,175.95470792,331.97048408,240.76140618,326,미지정,1
278323,1117000000000003599,한강로2가 352-4도,도,국유지,1583.7162941140123,126.96664312408188,37.52780376828179,84.20762887,204.59724893,351.55360543,266.6722949,326,미지정,1
278324,1117000000000003600,한강로2가 430-1 도,도,국유지,239.1032746322453,126.96661820877785,37.52725526752012,143.15580185,249.04811906,401.44724734,209.82733073,326,미지정,1
278325,1117000000000003601,한강로2가 409-2 도,도,국유지,1317.797225520946,126.96525663278639,37.52816244280085,88.47720079,243.5993207,432.46793994,326.18592676,326,미지정,1
278326,1117000000000003602,한강로2가 353-3도,도,국유지,325.0169648639858,126.96626666695845,37.52768450536028,111.71290591,229.53570562,383.41468933,265.83568244,326,미지정,1
278327,1117000000000003603,한강로2가 355-4도,도,국유지,162.02070445474237,126.96613232875164,37.527544725784644,131.23202869,248.69901137,402.88183818,257.13175656,326,미지정,1
278328,1117000000000003604,한강로2가 356-1도,도,국유지,147.83487159572542,126.96603881414386,37.52745390386445,144.23666589,261.43196638,415.90275593,260.82247725,326,미지정,1
278329,1117000000000003605,한강로2가 408-3 도,도,국유지,49.56278295023367,126.96598575669701,37.52739186470704,152.56567329,269.70327633,424.15821119,252.81208253,326,미지정,1
278330,1117000000000003606,한강로2가 357-3도,도,국유지,2084.9620399326086,126.96618299623647,37.527309301472386,151.16864047,270.49878992,419.76717562,232.11466294,326,미지정,1
278331,1117000000000003607,한강로2가 357-2도,도,국유지,1100.7519684969448,126.96567724777073,37.527068271653576,197.64477245,280.97460405,469.11592518,210.73432454,326,미지정,1
278332,1117000000000003608,한강로2가 429-3 도,도,국유지,58.30976252164692,126.96549839404392,37.52632304775526,228.32956818,242.80319651,543.26803002,126.74570762,326,미지정,1
278333,1117000000000003609,한강로2가 410-2 도,도,국유지,452.3000051914714,126.96525771388701,37.5266278336117,257.58708702,278.54039977,530.3231296,156.19533232,326,미지정,1
278334,1117000000000003610,한강로2가 218-1도,도,국유지,2458.8471943477634,126.9656314004113,37.52671274449089,232.83721052,257.35225262,501.90311562,171.56210568,326,미지정,1
278335,1117000000000003611,한강로2가 429 도,도,국유지,3287.4410596248927,126.96588143536712,37.526404947183615,253.38745954,219.05735874,516.1120702,147.96977928,326,미지정,1
278336,1117000000000003612,한강로2가 425-1 도,도,국유지,124.2889162171632,126.96905756373826,37.52795017375748,100.81746349,26.108266,253.97013703,304.80525005,326,미지정,1
278337,1117000000000003613,한강로2가 418 도,도,국유지,1659.849888256751,126.96869660485503,37.5278061481674,130.28801844,59.98812598,273.19889462,276.94794512,326,미지정,1
278338,1117000000000003614,한강로2가 427-4 도,도,국유지,237.32274264283478,126.96685211550675,37.52709894446166,157.1850571,224.45746394,404.924985,186.47482984,326,미지정,1
278339,1117000000000003615,한강로2가 427-2 도,도,국유지,119.82598591595888,126.96652602448009,37.52726451754817,144.24771198,253.74920163,405.28277657,213.92814561,326,미지정,1
278340,1117000000000003616,한강로2가 423-6 도,도,국유지,140.21715672779828,126.96626858703284,37.5278012986648,101.23194024,217.85510891,373.82547593,277.64236761,326,미지정,1
278341,1117000000000003617,한강로2가 320-1도,도,국유지,36.818114660680294,126.96767836903813,37.529119595656816,11.06525838,53.68600378,182.28729262,402.03933378,326,미지정,1
278342,1117000000000003618,한강로2가 417-2 도,도,국유지,39.06234927335754,126.97048456726098,37.53362970002511,112.28625253,109.36487409,204.2959183,247.04866128,326,미지정,1
278343,1117000000000003619,한강로2가 318-1 도,도,국유지,289.04089969582856,126.96775473071308,37.529252475986816,22.81842078,45.6455628,167.4278827,417.08634538,326,미지정,1
278345,1117000000000003621,한강로2가 320-7 도,도,국유지,137.79573780298233,126.96759039439459,37.52907234124781,6.59420775,55.48103486,191.56118085,396.56591004,326,미지정,1
278346,1117000000000003622,한강로2가 320-6도,도,국유지,128.47606599330902,126.967512632865,37.52899181877419,15.092582,62.5276801,202.67241118,387.55001954,326,미지정,1
278347,1117000000000003623,한강로2가 321-4도,도,국유지,132.48867464321665,126.9674409117611,37.52890520570159,26.22556354,71.38257152,213.87967825,377.97152414,326,미지정,1
278348,1117000000000003624,한강로2가 321-5도,도,국유지,18.870153365889564,126.96737423724112,37.528914551858584,28.1127697,70.2515874,217.47923339,379.13575179,326,미지정,1
278349,1117000000000003625,한강로2가 322-3도,도,국유지,305.4357154467143,126.96730024326564,37.52876984109012,33.33845286,86.69237621,233.25883004,363.34093903,326,미지정,1
278350,1117000000000003626,한강로2가 408-4 도,도,국유지,46.143048704601824,126.96720151036463,37.52866819134687,25.70381491,99.05426913,247.39003926,352.61827858,326,미지정,1
278351,1117000000000003627,한강로2가 188-1 도,도,국유지,1953.4439617651515,126.96741172499163,37.52858052437809,13.06457414,107.31175268,241.85299946,341.98887046,326,미지정,1
278352,1117000000000003628,한강로2가 326-3도,도,국유지,466.0819284953177,126.96706176911744,37.52852018267065,6.60763187,117.73549704,267.74114793,337.43349562,326,미지정,1
278353,1117000000000003629,한강로2가 330-3도,도,국유지,124.25876735895872,126.96689773882834,37.52832919801042,21.69975274,142.15257938,293.04533487,318.48655366,326,미지정,1
278354,1117000000000003630,한강로2가 422-2 도,도,국유지,3349.2410766760586,126.96652689908348,37.529300845581396,54.81745882,81.43716154,257.33869111,430.5266145,326,미지정,1
278355,1117000000000003631,한강로2가 331-11도,도,국유지,18.512267070182133,126.96667243101926,37.52819043746689,45.20830759,163.56956293,317.96488672,307.43483706,326,미지정,1
278356,1117000000000003632,한강로2가 317 도,도,국유지,495.6883646082133,126.96798116136428,37.52948649860967,42.78364,52.27522306,135.48117834,444.49122283,326,미지정,1
278357,1117000000000003633,한강로2가 2-402 도,도,국유지,309.34338226984255,126.96701772521908,37.53042313906065,105.7988372,102.7585348,193.21488443,548.06761306,326,미지정,1
278358,1117000000000003634,한강로2가 423-5 도,도,국유지,297.61844442319125,126.965615120414,37.52835191088989,82.28780958,205.78045344,416.04721907,349.90060626,326,미지정,1
278359,1117000000000003635,한강로2가 420-5 도,도,국유지,1034.7000862165587,126.96611758678057,37.52907847640425,55.55288203,124.30071081,349.54786242,415.53935814,326,미지정,1
278360,1117000000000003636,한강로2가 420-7 도,도,국유지,13.52861184347421,126.96543866666669,37.52802066666666,107.88856462,242.07985614,449.95413168,311.60077433,326,미지정,1
278361,1117000000000003637,한강로2가 428-1 도,도,국유지,485.7272481191321,126.96578197627154,37.528519404714054,79.75437474,182.58146622,400.80029831,370.45443556,326,미지정,1
278362,1117000000000003638,한강로2가 420-8 도,도,국유지,69.2229157058755,126.96582338754251,37.52772259566326,141.95833676,245.57135707,407.94795138,284.36683006,326,미지정,1
278363,1117000000000003639,한강로2가 408-5 도,도,국유지,672.2486328855739,126.9660201997281,37.52837023178497,74.83047429,178.40359299,348.46977434,344.3695712,326,미지정,1
278364,1117000000000003640,한강로2가 420-1 도,도,국유지,1154.322442618024,126.9653049480959,37.528022552537976,104.55233131,250.51667928,448.34931045,310.8949882,326,미지정,1
278365,1117000000000003641,한강로2가 420-2 도,도,국유지,1695.0750233501894,126.9656414319026,37.527717954456094,145.56761127,255.42228218,420.16997418,280.6766631,326,미지정,1
278366,1117000000000003642,한강로2가 11-25 도,도,국유지,10.089252199977636,126.96679233706045,37.53406515961757,121.38341095,231.795704,287.1326541,250.54053346,326,미지정,1
278367,1117000000000003643,한강로2가 410도,도,국유지,579.7518444363959,126.96493243805172,37.52763406490961,145.66318949,304.07191413,489.18516957,267.65352246,326,미지정,1
278368,1117000000000003644,용산동3가 5-44도,도,국유지,74.47220920259133,126.97363422268327,37.53200549239281,198.77063121,294.09918137,146.1769126,163.57241314,343,미지정,1
278369,1117000000000003645,용산동3가 1-5도,도,국유지,339.30816924758255,126.97511596790451,37.53484364335034,57.07698806,265.70089568,289.39527817,125.58254442,343,미지정,1
278370,1117000000000003646,용산동3가 6-45 도,도,국유지,1650.3035948295146,126.97642505640958,37.530789255392094,410.4669101,329.03562978,417.0177246,275.80693451,343,미지정,1
278371,1117000000000003647,용산동3가 6-4도,도,국유지,1268.0874330828665,126.9750090044867,37.532266768340776,240.67992975,276.96458024,224.04391099,81.38355156,343,미지정,1
278372,1117000000000003648,용산동3가 6-40도,도,국유지,3509.7342062350945,126.97516540933499,37.534313481999845,27.5865641,235.87321472,257.26305607,79.50805019,343,미지정,1
278373,1117000000000003649,용산동3가 6-43 도,도,국유지,477.27139814622933,126.97540811046255,37.53151917486272,320.42887749,304.09715289,296.48804038,168.26521109,343,미지정,1
278374,1117000000000003650,용산동3가 6-44 도,도,국유지,903.7922422044212,126.97524939017211,37.53096776438652,382.03461107,360.64409111,326.25558392,226.62759282,343,미지정,1
278375,1117000000000003651,용산동3가 5-41 도,도,국유지,72.64791331451852,126.97358272885019,37.53156645538226,234.16058511,331.32576292,186.34898262,202.50166232,343,미지정,1
278376,1117000000000003652,용산동3가 6-21도,도,국유지,174.23651148250792,126.97277187333668,37.531039503481395,259.41365553,354.54515904,227.57289742,293.48037967,343,미지정,1
278377,1117000000000003653,용산동3가 6-13도,도,국유지,54.46546093886718,126.97332872121157,37.531105541906825,268.17579303,365.5063074,227.17548776,256.96532849,343,미지정,1
278378,1117000000000003654,용산동3가 1-95도,도,국유지,351.0366568113677,126.9752384415165,37.534614083079504,30.00098465,243.60355113,281.47306827,98.4897116,343,미지정,1
278379,1117000000000003655,용산동3가 1-92도,도,국유지,2923.566558948951,126.97561983581691,37.533561381251836,94.86629593,181.34477622,263.86439305,40.50583401,343,미지정,1
278380,1117000000000003656,용산동3가 6-42 도,도,국유지,12229.28369506041,126.97584001006618,37.52968696754369,524.85806802,461.6940846,468.92718741,375.12673038,343,미지정,1
278381,1117000000000003657,용산동3가 1-7도,도,국유지,5365.978810889646,126.97817889509204,37.534599752632,241.70044086,121.45755381,512.96360791,123.88288841,343,미지정,1
278382,1117000000000003658,용산동3가 1-6도,도,국유지,712.7901569246314,126.9754690122507,37.53462796091978,24.66559795,226.60195277,298.88522064,89.3244028,343,미지정,1
278383,1117000000000003659,용산동3가 1-93도,도,국유지,548.4627470704727,126.97620486509392,37.5342081448416,69.81162141,147.03359805,334.24693404,41.58984108,343,미지정,1
278384,1117000000000003660,용산동3가 5-6도,도,국유지,136.79921662609559,126.9738037230668,37.53216732505079,197.23321255,290.13019174,141.72102121,140.43075206,343,미지정,1
278385,1117000000000003661,용산동5가 19-551도,도,국유지,2267.4856811584905,126.97327327549439,37.52260575569382,9.67421024,120.29641857,356.3202228,82.73592425,328,미지정,1
278386,1117000000000003662,용산동5가 23-1도,도,국유지,89.6543104458251,126.97222698522654,37.52261418796964,81.89691584,40.86636804,338.54683883,162.92494832,328,미지정,1
278387,1117000000000003663,용산동5가 17-108도,도,국유지,375.1698928643018,126.97480742773085,37.52240137189781,91.51497893,266.58431255,402.70507796,83.47949722,328,미지정,1
278388,1117000000000003664,용산동5가 17-97도,도,국유지,16.482803244434763,126.97442525,37.52234914186509,94.92073748,242.63403659,377.72306845,51.08893995,328,미지정,1
278389,1117000000000003665,용산동5가 17-35도,도,국유지,152.6570787166711,126.97421007417756,37.52241029492163,76.18688449,198.89668318,372.77890842,42.48692654,328,미지정,1
278390,1117000000000003666,용산동5가 17-32도,도,국유지,210.21887657837942,126.9737188075825,37.52255184695743,30.81265411,157.44103123,365.63895691,55.19673186,328,미지정,1
278391,1117000000000003667,용산동5가 24-3 도,도,국유지,3615.2749133211328,126.97201384605933,37.52371438399307,135.43574665,155.75060583,363.11145312,248.53582228,328,미지정,1
278392,1117000000000003668,용산동5가 2-60 도,도,국유지,139.33083296008408,126.96964588227007,37.5265313050744,79.72645522,182.56767168,413.1341303,221.54424021,328,미지정,1
278393,1117000000000003669,용산동5가 19-394도,도,국유지,210.2565302401781,126.97221704635142,37.52313492776651,117.17134932,94.08331931,327.7753553,192.05914957,328,미지정,1
278394,1117000000000003670,용산동5가 17-105도,도,국유지,139.6814858596772,126.97422064116972,37.52258057612793,75.15109044,201.74919427,389.362788,59.60743626,328,미지정,1
278395,1117000000000003671,용산동5가 19-391도,도,국유지,883.696972290054,126.9726280357163,37.52293609713266,77.43888155,90.85329524,378.1199091,149.84025932,328,미지정,1
278396,1117000000000003672,용산동5가 17-101도,도,국유지,153.41695301700383,126.9739788604485,37.52264797080641,54.52407062,182.02437211,385.42916604,62.06466137,328,미지정,1
278397,1117000000000003673,용산동5가 19-519도,도,국유지,18.773573950398713,126.97332444386377,37.52285200531312,31.99977846,134.42597561,383.6569423,101.02522776,328,미지정,1
278398,1117000000000003674,용산동5가 31-1 도,도,국유지,98.44826694647782,126.9692572599568,37.52777441896695,99.79648642,40.90484913,273.26548035,296.39467364,328,미지정,1
278399,1117000000000003675,용산동5가 19-1도,도,국유지,2582.677723472938,126.97086666900796,37.52350327557914,139.23334943,119.15187234,289.9223898,314.37474043,328,미지정,1
278400,1117000000000003676,용산동5가 17-27도,도,국유지,1501.0895872848923,126.97546316223092,37.52203221568583,27.13672268,249.15284293,413.1517109,155.9091433,328,미지정,1
278401,1117000000000003677,용산동5가 17-12도,도,국유지,707.1272248970345,126.97575546017835,37.522109235826385,11.35134493,224.22143123,438.3207904,167.78672781,328,미지정,1
278402,1117000000000003678,용산동5가 22-1도,도,국유지,17.071632587350905,126.97533181724143,37.521631805364,5.88995134,256.28437533,375.94063591,111.27507301,328,미지정,1
278403,1117000000000003679,용산동5가 19-781 도,도,국유지,3129.1367503574584,126.97453261702758,37.52875528696006,400.39515172,473.78737028,507.7012457,472.91841902,328,미지정,1
278404,1117000000000003680,용산동5가 30-3 도,도,국유지,923.4829521786305,126.96947234905215,37.528693679534925,62.17919848,64.89924469,172.97325068,395.01436888,328,미지정,1
278405,1117000000000003681,용산동5가 30-2 도,도,국유지,853.8202533388976,126.9697862279723,37.528797948277955,45.09627999,87.9210423,168.05182893,418.11265876,328,미지정,1
278406,1117000000000003682,용산동5가 19-568도,도,국유지,1928.1456808929215,126.97308858577259,37.52285253310453,40.40937357,116.1698209,377.65944268,113.79803196,328,미지정,1
278407,1117000000000003683,용산동5가 19-390도,도,국유지,78.02727909944952,126.97166231508022,37.5233818068234,120.80478419,121.7225477,314.90336395,247.81123591,328,미지정,1
278408,1117000000000003684,용산동5가 19-2도,도,국유지,600.5456659796182,126.97184897878924,37.5232097758954,107.44415326,100.1945713,310.78987049,223.38479877,328,미지정,1
278409,1117000000000003685,용산동5가 27 도,도,국유지,48.23327425122261,126.96922133492659,37.52774554842536,104.30451302,44.03189187,276.41998593,292.00327731,328,미지정,1
278410,1117000000000003686,용산동5가 17-4도,도,국유지,338.3959594313055,126.9768287356905,37.521613780065046,119.70217521,135.05569737,486.72942652,169.23431273,328,미지정,1
278411,1117000000000003687,용산동5가 19-517도,도,국유지,20.196174717741087,126.9731078424419,37.5229173125253,45.38513861,121.45715192,385.04328037,118.1691122,328,미지정,1
278412,1117000000000003688,용산동5가 19-3도,도,국유지,15374.91722455807,126.97558163841789,37.52686560036511,518.23005584,414.51136445,736.37024214,549.42223379,328,미지정,1
278413,1117000000000003689,용산동5가 17-69도,도,국유지,4748.8338839890785,126.9744429381846,37.52199763552928,90.31872848,211.41910018,347.60315328,44.90229124,328,미지정,1
278414,1117000000000003690,용산동5가 26 도,도,국유지,519.1589119909331,126.96819756743227,37.527369726762224,142.55207913,125.09560294,330.01537954,216.48352153,328,미지정,1
278415,1117000000000003691,용산동5가 20-1도,도,국유지,44.46421844512224,126.97249457024122,37.522511920785526,77.68152685,51.94273603,329.80046267,136.79286666,328,미지정,1
278416,1117000000000003692,용산동5가 17-2도,도,국유지,4509.118997633283,126.97532709469901,37.522162463593105,32.2929148,249.56690647,414.10866542,122.16356569,328,미지정,1
278417,1117000000000003693,용산동5가 19-389도,도,국유지,235.36311606667005,126.97209220652084,37.5231151223174,108.72697608,89.89932746,318.23119069,199.70169467,328,미지정,1
278418,1117000000000003694,한강로3가 40-1019 도,도,국유지,55.70616293838248,126.96012343636257,37.52480017811437,314.6541755,81.25122309,858.88613052,442.14948556,310,미지정,1
278419,1117000000000003695,한강로3가 40-1024 도,도,국유지,36.923212906345725,126.96001360524335,37.524848998671445,325.40686648,72.64121649,853.73816279,451.30136547,310,미지정,1
278420,1117000000000003696,한강로3가 40-815 도,도,국유지,23.50684240926057,126.9599873393155,37.52483151279911,327.17026512,73.77998928,855.75833321,453.78772397,310,미지정,1
278421,1117000000000003697,한강로3가 40-1016 도,도,국유지,15.42267966689542,126.95988383587787,37.52484059308736,336.2885401,70.69643426,855.13022025,462.81010016,310,미지정,1
278422,1117000000000003698,한강로3가 40-1015 도,도,국유지,14.054055668413639,126.95982947294937,37.524871619546246,341.792514,66.61394704,851.9296217,467.31155509,310,미지정,1
278423,1117000000000003699,한강로3가 40-1023 도,도,국유지,158.43558654206572,126.9599029988957,37.524870985458335,335.48330245,67.69830354,851.68289907,460.83858327,310,미지정,1
278424,1117000000000003700,한강로3가 40-987잡,잡,국유지,109.02892675343901,126.95927976734457,37.52433797159483,380.52303357,89.98214737,914.75874642,523.36664633,310,미지정,1
278425,1117000000000003701,한강로3가 40-73 잡,잡,국유지,380.8950382703333,126.9591581031248,37.52428039880485,390.88513721,78.77617963,922.26783859,535.13078573,310,미지정,1
278426,1117000000000003702,한강로3가 95-1 도,도,국유지,798.2498675321694,126.96458598585414,37.52723832066227,193.64789953,388.28036236,533.15161416,227.88826419,310,미지정,1
278427,1117000000000003703,한강로3가 99-1 도,도,국유지,1184.7414721205132,126.9645304671337,37.52738589271736,178.88426155,348.77636653,516.95964917,244.92105518,310,미지정,1
278428,1117000000000003704,한강로3가 40-981도,도,국유지,24.066258494742215,126.95904135099877,37.524181641935044,400.81378293,68.82083299,934.36735782,547.43322635,310,미지정,1
278429,1117000000000003705,한강로3가 40-979도,도,국유지,58.257332206412684,126.95889321595375,37.524267864881544,414.21049318,55.32511193,926.58212914,558.38649737,310,미지정,1
278430,1117000000000003706,한강로3가 81-15 도,도,국유지,48.87902099196799,126.96149160604844,37.52287706122039,229.13646395,209.53224004,704.6284702,410.47996773,310,미지정,1
278431,1117000000000003707,한강로3가 95-4 도,도,국유지,485.8689169958234,126.96601785593278,37.52907991417891,63.31461366,132.29522421,346.49448709,418.36813783,310,미지정,1
278432,1117000000000003708,한강로3가 81-12 도,도,국유지,138.90608074213378,126.96116372843385,37.522942402128365,249.18209896,231.68535435,733.91527119,429.09763927,310,미지정,1
278433,1117000000000003709,한강로3가 2-29 도,도,국유지,333.5379278920591,126.96637149757105,37.53091555905234,172.20234406,176.75002167,188.61488551,545.94748581,310,미지정,1
278434,1117000000000003710,한강로3가 2-15도,도,국유지,74.33121418673545,126.9665996328362,37.53070158994324,153.86775914,146.12006124,219.49220504,582.77163492,310,미지정,1
278435,1117000000000003711,한강로3가 2-12도,도,국유지,138.53812373895198,126.96640748931927,37.53081763744512,167.21598395,165.80877977,198.28230543,557.26723817,310,미지정,1
278436,1117000000000003712,한강로3가 2-30 도,도,국유지,27.801865899935365,126.96667849141377,37.53065374758881,145.10577411,138.15807394,228.21879767,576.59267975,310,미지정,1
278437,1117000000000003713,한강로3가 2-28 도,도,국유지,163.52497442346066,126.96675363214152,37.53057977310178,134.89783042,127.8351002,218.79083846,567.63851829,310,미지정,1
278438,1117000000000003714,한강로3가 96-1 도,도,국유지,339.48611671314575,126.96715363000104,37.5301594628118,80.86559828,71.2044285,180.2829066,518.04792109,310,미지정,1
278439,1117000000000003715,한강로3가 96 도,도,국유지,1348.2316895173863,126.96682897840495,37.52982812139911,101.03520792,58.921923,213.63016839,484.0156444,310,미지정,1
278440,1117000000000003716,한강로3가 2-14도,도,국유지,624.9137775744312,126.96596572402534,37.53130212521422,184.95490868,232.13330599,133.60358548,495.91495463,310,미지정,1
278441,1117000000000003717,한강로3가 33-1 도,도,국유지,26.384688747115433,126.95456004406023,37.52956762781186,294.8515187,276.82738149,633.92553517,578.31677889,310,미지정,1
278442,1117000000000003718,한강로3가 6-10도,도,국유지,27.982650335878134,126.96459141133508,37.53254802150161,138.94999937,391.25418165,58.60629364,347.3814758,310,미지정,1
278443,1117000000000003719,한강로3가 69-2도,도,국유지,471.9174272082746,126.96068206170762,37.52316080698399,276.36950649,269.09055317,782.77321409,451.63433937,310,미지정,1
278444,1117000000000003720,한강로3가 32-1도,도,국유지,880.8147886308725,126.95458165189429,37.52949096236566,286.40591154,268.38108939,642.23447197,584.58255869,310,미지정,1
278445,1117000000000003721,한강로3가 6-13도,도,국유지,23.11696823593229,126.96480322059551,37.53244956892284,145.58034291,397.7171167,45.57169674,357.80330717,310,미지정,1
278446,1117000000000003722,한강로3가 6-14도,도,국유지,15.058202641666867,126.96469344071663,37.532463892725296,139.07524305,398.20260795,47.57258631,356.34585786,310,미지정,1
278447,1117000000000003723,한강로3가 6-5도,도,국유지,111.23423843458295,126.96471084804656,37.53250506423259,143.24576823,393.40570915,51.91778981,351.73894234,310,미지정,1
278448,1117000000000003724,한강로3가 76-1 도,도,국유지,131.87262778636068,126.95764760010667,37.524933345559155,356.61183911,93.48321709,876.72621389,659.40055189,310,미지정,1
278449,1117000000000003725,한강로3가 76-2 도,도,국유지,62.75994848739356,126.95754553556355,37.525005092725756,344.60039202,105.25697232,871.57427358,668.10048242,310,미지정,1
278450,1117000000000003726,한강로3가 16-69 도,도,국유지,20.958879737532698,126.95611047718228,37.532320286527806,57.67910795,248.92189811,335.58527841,250.29356151,310,미지정,1
278451,1117000000000003727,한강로3가 16-101 도,도,국유지,630.8382102483884,126.95504241095756,37.53140360637373,99.05882817,314.01400219,427.83727246,389.07175992,310,미지정,1
278452,1117000000000003728,한강로3가 16-76도,도,국유지,709.9333459343761,126.95480968573126,37.53121042132803,127.44238957,333.49048239,450.38693693,418.77390837,310,미지정,1
278453,1117000000000003729,한강로3가 16-63도,도,국유지,57.37606510496698,126.95463792499503,37.52841242384087,167.19646512,149.20066354,761.22651542,687.67565075,310,미지정,1
278454,1117000000000003730,한강로3가 37-3도,도,국유지,136.71264964982402,126.95471497105713,37.52857521143841,185.87177867,167.91308022,742.77234616,668.44141116,310,미지정,1
278455,1117000000000003731,한강로3가 29-2 도,도,국유지,168.21841170685366,126.95478074584246,37.530887579948484,151.01544402,369.14597499,486.30892149,447.54035318,310,미지정,1
278456,1117000000000003732,한강로3가 40-1072 도,도,국유지,899.3535584490746,126.96283370993322,37.52723106155097,273.10370377,381.02966449,560.5091191,299.37291175,310,미지정,1
278457,1117000000000003733,한강로3가 40-1071 도,도,국유지,991.5211626990931,126.96132415273249,37.52557462561697,257.1932005,139.8590356,777.64376846,335.9483087,310,미지정,1
278458,1117000000000003734,한강로3가 36-2도,도,국유지,1834.1307773804874,126.95485703849279,37.52812699151409,139.1427962,121.58619005,688.55853275,708.56069262,310,미지정,1
278459,1117000000000003735,한강로3가 40-1002 잡,잡,국유지,243.02110378653742,126.959970151213,37.5322369559332,218.77053053,409.19449318,46.42828716,122.99414552,310,미지정,1
278460,1117000000000003736,한강로3가 40-899도,도,국유지,792.4147094110958,126.96065471824267,37.523338789688495,271.78719529,249.57682189,793.63718929,444.17475099,310,미지정,1
278461,1117000000000003737,한강로3가 40-900도,도,국유지,1229.7514996937243,126.96105702057822,37.52310962819357,248.50035232,233.12034696,750.46701521,426.37728537,310,미지정,1
278462,1117000000000003738,한강로3가 17-1도,도,국유지,230.87125439103693,126.96498284888139,37.532285924847905,148.95070809,371.2589176,33.1120406,376.30055393,310,미지정,1
278463,1117000000000003739,한강로3가 72-4도,도,국유지,191.75462297175545,126.95882550301873,37.524269231781346,420.19706035,49.34929295,927.2749063,564.24033834,310,미지정,1
278464,1117000000000003740,한강로3가 40-941도,도,국유지,547.6505627613515,126.95968492707213,37.52375290194673,346.06027534,136.93635502,976.61325744,505.04441577,310,미지정,1
278465,1117000000000003741,한강로3가 81-16 도,도,국유지,44.72782909683883,126.95810774636249,37.52472751714558,402.78893015,54.73953061,888.84717484,620.30682705,310,미지정,1
278466,1117000000000003742,한강로3가 17-3도,도,국유지,631.5973253007978,126.96511194303406,37.53211140504942,151.41138959,348.85357692,31.14949806,396.27539499,310,미지정,1
278467,1117000000000003743,한강로3가 40-112 도,도,국유지,13416.068679422315,126.96329913981656,37.526285755491806,208.82552727,271.88876247,651.7436946,197.87270251,310,미지정,1
278468,1117000000000003744,한강로3가 81-17도,도,국유지,1969.248008963652,126.9590599229611,37.5240782326943,399.09577909,72.60927501,945.56182322,548.33209375,310,미지정,1
278469,1117000000000003745,한강로3가 40-2 도,도,국유지,10533.164695856452,126.96214969097225,37.52482210329499,148.94637778,163.28995749,833.91108675,264.19167254,310,미지정,1
278470,1117000000000003746,한강로3가 83도,도,국유지,539.6151277832687,126.96379531698736,37.53410122905249,273.78556639,266.1482017,46.17205496,195.91721938,310,미지정,1
278471,1117000000000003747,한강로3가 1-9도,도,국유지,55.87651443760842,126.96159743433988,37.533225086083796,243.04301569,416.35452638,133.19166178,89.39905575,310,미지정,1
278472,1117000000000003748,한강로3가 16-39도,도,국유지,62.45410802675178,126.96159152972591,37.53310727953611,234.16321411,427.26567077,127.73593899,89.92450684,310,미지정,1
278473,1117000000000003749,한강로3가 16-40도,도,국유지,76.08491348125972,126.96157338963381,37.532997154847855,227.06818921,437.01887651,120.68632495,91.03980134,310,미지정,1
278474,1117000000000003750,한강로3가 16-8도,도,국유지,2206.722692793235,126.95947971175661,37.53296972937305,127.95420866,322.7286888,89.66542702,101.98055895,310,미지정,1
278475,1117000000000003751,한강로3가 2-10도,도,국유지,627.1960606249049,126.96554368705733,37.53171092843196,214.22421787,290.57339673,77.42043728,444.62531619,310,미지정,1
278476,1117000000000003752,한강로3가 16-17도,도,국유지,144.2048161253333,126.96143649392289,37.53269792899093,216.72619146,460.64689293,98.87152977,95.64172748,310,미지정,1
278477,1117000000000003753,한강로3가 19-5도,도,국유지,43.119227352086455,126.96142151821937,37.532627429985205,213.74901497,467.09215611,96.44401375,99.68279754,310,미지정,1
278478,1117000000000003754,한강로3가 22-5도,도,국유지,22.76869057607837,126.96143870616112,37.532602782564986,211.05329981,470.2162735,97.71237905,102.65064071,310,미지정,1
278479,1117000000000003755,한강로3가 16-15도,도,국유지,177.89124395651743,126.96144218115145,37.53295462852469,232.9254035,435.54270267,108.18339493,81.64259552,310,미지정,1
278480,1117000000000003756,한강로3가 22-3도,도,국유지,49.76541674241889,126.96137332758396,37.53258450903476,215.07591044,469.56400474,91.81197216,99.93151253,310,미지정,1
278481,1117000000000003757,한강로3가 13-6 도,도,국유지,65.1814859486185,126.96393514917098,37.53265057300524,117.93949282,399.07622384,72.95077913,344.1572223,310,미지정,1
278482,1117000000000003758,한강로3가 16-23도,도,국유지,32.12712406297214,126.96152253394399,37.53299375613231,230.21627232,435.13638215,116.46465807,86.85380334,310,미지정,1
278483,1117000000000003759,한강로3가 16-16도,도,국유지,164.73166981269605,126.96145271510099,37.53281755242916,222.99467822,449.44653433,103.47609462,89.28090198,310,미지정,1
278484,1117000000000003760,한강로3가 40-1073 도,도,국유지,119.0677983649075,126.96171729852098,37.52599335010093,266.15954435,183.60625245,736.43987587,310.85069547,310,미지정,1
278485,1117000000000003761,한강로3가 16-119 도,도,국유지,60.91602749470621,126.95471436983654,37.530562430818364,181.07517387,387.71069097,522.74939155,479.47920338,310,미지정,1
278486,1117000000000003762,한강로3가 16-3도,도,국유지,737.1436314712046,126.95453887298903,37.529963770658526,243.70483902,320.74303021,590.33198484,542.46313348,310,미지정,1
278487,1117000000000003763,한강로3가 85-1도,도,국유지,220.34890057134908,126.96810664826971,37.522297695415986,82.47610979,82.16874685,178.28718316,236.29940224,310,미지정,1
278488,1117000000000003764,한강로3가 87-1도,도,국유지,338.0084183355211,126.97136687300502,37.522716617805706,44.36551911,49.41723427,241.65664847,238.57234221,310,미지정,1
278489,1117000000000003765,한강로3가 65-239도,도,국유지,141.55457433033735,126.97088881697624,37.52303564816099,90.77130297,67.22465582,244.7440832,290.12559444,310,미지정,1
278490,1117000000000003766,한강로3가 1-4도,도,국유지,277.0132026961073,126.96221067184875,37.53329460933359,215.69665621,427.16572218,109.1236435,143.77365779,310,미지정,1
278491,1117000000000003767,한강로3가 65-510도,도,국유지,156.27108511142433,126.97184677251803,37.52310294586053,96.53474904,88.42911638,301.9587121,217.17465178,310,미지정,1
278492,1117000000000003768,한강로3가 65-511도,도,국유지,85.36625778395683,126.97173435668316,37.52312342922269,94.85600891,92.34733653,296.88876241,226.87504743,310,미지정,1
278493,1117000000000003769,한강로3가 16-42도,도,국유지,151.94424568745308,126.96169538482152,37.53297267218672,217.2380342,444.79834176,129.49617942,102.15096371,310,미지정,1
278494,1117000000000003770,한강로3가 1-11도,도,국유지,241.2021799319191,126.96281485855566,37.53347906568244,212.36918751,375.14119415,64.99405624,198.91933121,310,미지정,1
278495,1117000000000003771,한강로3가 1-2도,도,국유지,83.7165056768572,126.96268528325913,37.53340576505742,208.27341057,388.8989343,79.04121556,186.56210218,310,미지정,1
278496,1117000000000003772,한강로3가 3-41 도,도,국유지,24.17134112212807,126.96326659916126,37.533110974634745,163.97275709,382.34050887,56.04811473,237.30061243,310,미지정,1
278497,1117000000000003773,한강로3가 67-3 도,도,국유지,466.72556935006287,126.96407397288938,37.5219897769451,187.91124997,211.24770905,456.34074399,368.23600053,310,미지정,1
278498,1117000000000003774,한강로3가 67-5 도,도,국유지,605.1269149195869,126.9638291657168,37.52209898162185,223.86890018,195.36521936,481.12610958,362.60793093,310,미지정,1
278499,1117000000000003775,한강로3가 16-38도,도,국유지,87.06688063201727,126.96165449946481,37.533099685820524,229.58889022,430.85629962,132.19844345,95.55360797,310,미지정,1
278500,1117000000000003776,한강로3가 16-41도,도,국유지,32.96584702190012,126.96167431289985,37.533027624956596,222.76571317,438.60751071,130.20147628,98.79728247,310,미지정,1
278501,1117000000000003777,한강로3가 13-1도,도,국유지,99.31009134463966,126.96340055846957,37.53269625585684,116.96329664,415.3196437,26.9381078,255.74314106,310,미지정,1
278502,1117000000000003778,한강로3가 13-8도,도,국유지,294.25149974413216,126.96369349365183,37.53267157052446,115.13227184,405.77598567,51.81902835,281.58393611,310,미지정,1
278503,1117000000000003779,한강로3가 2-24 도,도,국유지,278.0155174471438,126.96324445504963,37.53284729039713,135.30982878,407.92840915,27.71234424,238.79364494,310,미지정,1
278504,1117000000000003780,한강로3가 5-5 도,도,국유지,71.89145866036415,126.96345048820814,37.53276560230607,124.39942942,406.44809322,34.03374294,258.39084588,310,미지정,1
278505,1117000000000003781,한강로3가 22-13 도,도,국유지,17.221212904900312,126.9633831350992,37.53274698405013,122.699872,411.17832888,27.8248735,252.99100489,310,미지정,1
278506,1117000000000003782,한강로3가 6-4도,도,국유지,99.7320009288378,126.96410626233215,37.53260780078361,119.41626012,397.8670558,86.19101194,345.7742258,310,미지정,1
278507,1117000000000003783,한강로3가 6-9도,도,국유지,224.42975040560123,126.96438979376113,37.53256332099251,128.59056789,394.44794385,67.17958691,347.10770073,310,미지정,1
278508,1117000000000003784,한강로3가 80도,도,국유지,94.178158772178,126.95694157864125,37.52587422051495,247.05437746,181.6852683,798.03542366,724.69124708,310,미지정,1
278509,1117000000000003785,한강로3가 77-9도,도,국유지,772.9441446972196,126.95717913779698,37.525322814681324,297.48882122,152.99967406,847.91293704,700.19873984,310,미지정,1
278510,1117000000000003786,한강로3가 17-2도,도,국유지,71.39643126353621,126.96493178352567,37.532366562425565,149.59079626,404.70340178,38.94926317,367.19164809,310,미지정,1
278511,1117000000000003787,한강로3가 40-918도,도,국유지,70.3779775861185,126.95743698461932,37.525159914523364,326.56435729,124.77005009,857.92446911,677.34376962,310,미지정,1
278512,1117000000000003788,한강로3가 40-1003 잡,잡,국유지,393.5391744317021,126.9602118866593,37.532229296000395,227.93341656,474.60116881,35.86753998,115.95809312,310,미지정,1
278513,1117000000000003789,한강로3가 40-991 잡,잡,국유지,181.7337098447606,126.95970869627448,37.53219339245904,216.4312785,396.43297253,67.31036397,138.80674386,310,미지정,1
278514,1117000000000003790,한강로3가 65-236도,도,국유지,229.73587838187814,126.97091161239467,37.52330765926433,117.45728291,97.30242586,272.1672536,300.56610405,310,미지정,1
278515,1117000000000003791,한강로3가 65-345 도,도,국유지,16.67884728126228,126.97084930882353,37.523168824509796,105.50186767,82.23884535,255.96322009,298.99399627,310,미지정,1
278516,1117000000000003792,한강로3가 65-248도,도,국유지,68.22616868000478,126.97068577276865,37.52328284668296,123.47648883,97.11109723,261.04451189,317.36291708,310,미지정,1
278517,1117000000000003793,한강로3가 65-267도,도,국유지,97.79194016521797,126.97051591642838,37.523195068823675,123.76748685,92.61895927,246.26336229,306.77817603,310,미지정,1
278518,1117000000000003794,한강로3가 65-235도,도,국유지,871.149100212846,126.9706804617,37.52329795581081,125.1660421,98.85102953,262.39132998,315.70402009,310,미지정,1
278519,1117000000000003795,한강로3가 65-268 도,도,국유지,60.43632814602461,126.97042788246752,37.52309911390693,120.84746018,86.7579854,233.52398607,304.38905241,310,미지정,1
278520,1117000000000003796,한강로3가 65-273도,도,국유지,263.71200544852763,126.97039956547864,37.52319530664584,130.37928764,97.2403645,242.70101485,297.43886849,310,미지정,1
278521,1117000000000003797,한강로3가 63-397 도,도,국유지,22.69738783314824,126.96754923996832,37.52505665261868,203.6275978,37.7432892,468.34535321,49.39815613,310,미지정,1
278522,1117000000000003798,한강로3가 65-555도,도,국유지,1797.6889339778572,126.96714345851898,37.52503602817519,237.59067024,70.81680135,480.59631392,60.37421864,310,미지정,1
278523,1117000000000003799,한강로3가 64도,도,국유지,11244.446920898976,126.96764819087298,37.52487577764749,205.10628965,47.46947778,446.46192598,64.59705616,310,미지정,1
278524,1117000000000003800,한강로3가 65-456도,도,국유지,228.20364011079073,126.96903889178844,37.52389932497133,219.10922319,89.78853757,309.84529987,156.4749892,310,미지정,1
278525,1117000000000003801,한강로3가 63-333도,도,국유지,62.99547838047147,126.96768239417536,37.5249755001817,197.05015086,36.33491446,455.71199634,60.40440138,310,미지정,1
278526,1117000000000003802,한강로3가 63-398 도,도,국유지,11.97416790947318,126.96779283108016,37.524910508807864,192.15796654,39.33509411,445.5782809,70.36061632,310,미지정,1
278527,1117000000000003803,한강로3가 63-335도,도,국유지,71.1042736377567,126.96790448271818,37.52484390730137,187.9376504,45.66590105,435.34327914,73.76323977,310,미지정,1
278528,1117000000000003804,한강로3가 63-399 도,도,국유지,22.869148900732398,126.96803414514513,37.52477214814815,183.56382019,55.00060141,424.18797063,76.51745762,310,미지정,1
278529,1117000000000003805,한강로3가 65-468 도,도,국유지,21.65286295278929,126.96920956690832,37.52376406826763,230.68139394,109.00857327,293.2934715,175.76791385,310,미지정,1
278530,1117000000000003806,한강로3가 63-342도,도,국유지,115.40686706639826,126.9697506591714,37.52379014544193,174.90768162,132.43663459,295.99032782,220.17252674,310,미지정,1
278531,1117000000000003807,한강로3가 65-504도,도,국유지,291.50973308831453,126.96935565893705,37.523702934730046,235.60901515,120.54057953,285.69357914,190.27388079,310,미지정,1
278532,1117000000000003808,한강로3가 65-528도,도,국유지,41.25536704575643,126.969545924455,37.523582772572325,203.58348285,140.30226382,272.13816177,210.93906902,310,미지정,1
278533,1117000000000003809,한강로3가 65-475도,도,국유지,90.7520164186135,126.96961185576576,37.52354603441441,201.98194557,146.79758596,268.22593911,217.91510818,310,미지정,1
278534,1117000000000003810,한강로3가 65-254도,도,국유지,1130.2036691624671,126.97003355464693,37.523419025340644,170.60360323,135.6808021,258.37812375,257.7164132,310,미지정,1
278535,1117000000000003811,한강로3가 65-290 도,도,국유지,12.018559710122645,126.96996678598639,37.52327171183673,163.74428346,126.76739125,241.23483304,259.37706319,310,미지정,1
278536,1117000000000003812,한강로3가 65-276도,도,국유지,449.6170382751152,126.97018735300853,37.52323358010655,146.4420181,111.04604627,241.27573509,278.6968403,310,미지정,1
278538,1117000000000003814,한강로3가 40-519도,도,국유지,433.48891920322785,126.96263216490128,37.52386436008509,87.51323808,79.25192941,676.4605568,264.04859906,310,미지정,1
278539,1117000000000003815,한강로3가 65-523도,도,국유지,2054.3630126459175,126.96274934166289,37.52370188971322,85.62547395,70.6125735,657.26379622,266.46634488,310,미지정,1
278540,1117000000000003816,한강로3가 65-522도,도,국유지,2708.1066470847,126.96335176344618,37.52432391769781,31.20730334,55.62735699,662.3004835,182.86340875,310,미지정,1
278541,1117000000000003817,한강로3가 65-474 도,도,국유지,168.60590716358274,126.96430789029512,37.52421436991457,38.03627795,80.30823738,595.87440771,130.36865613,310,미지정,1
278542,1117000000000003818,한강로3가 65-591 도,도,국유지,380.92455432843417,126.96414434088373,37.524229420983936,35.41299303,69.32802652,606.59314359,137.34374435,310,미지정,1
278543,1117000000000003819,한강로3가 65-521도,도,국유지,1326.4780375185655,126.96384786987291,37.52487150125119,47.58373522,117.61146405,677.9740866,116.67557845,310,미지정,1
278544,1117000000000003820,한강로3가 65-520도,도,국유지,772.0638066781685,126.96415108305271,37.52509652243683,61.27866672,149.63791838,645.52095144,84.69530273,310,미지정,1
278545,1117000000000003821,한강로3가 65-519 도,도,국유지,113.21775245293975,126.96465252953496,37.52461643890815,40.96577736,131.33150938,576.8332421,76.38529628,310,미지정,1
278546,1117000000000003822,한강로3가 40-659 도,도,국유지,443.43367845204193,126.96239060213139,37.52361372960525,118.0558954,103.73450062,677.15958095,297.56806457,310,미지정,1
278547,1117000000000003823,한강로3가 65-8도,도,국유지,2521.5013294902164,126.96537188110278,37.5246902878715,105.02745514,188.16136871,537.37077593,62.04789125,310,미지정,1
278548,1117000000000003824,한강로3가 40-135도,도,국유지,203.03684007935226,126.96495937603184,37.52629906880724,205.92540122,300.53146226,637.36253019,119.71992848,310,미지정,1
278549,1117000000000003825,한강로3가 48-5도,도,국유지,42.117454094812274,126.96508333962264,37.525893563941295,168.84743196,265.89286677,603.41616556,74.08600051,310,미지정,1
278550,1117000000000003826,한강로3가 43-1도,도,국유지,4649.526844611857,126.96476951743641,37.52580912100725,149.06117727,244.26154949,691.52356979,70.96786116,310,미지정,1
278551,1117000000000003827,한강로3가 95-3 도,도,국유지,24.07534321025014,126.96502741795707,37.52649921638142,228.89032406,323.23667293,615.34847173,141.435463,310,미지정,1
278552,1117000000000003828,한강로3가 41도,도,국유지,418.2893204675056,126.96537020840759,37.52607660172937,199.03221511,241.14249197,571.98882826,97.37555906,310,미지정,1
278553,1117000000000003829,한강로3가 45-7도,도,국유지,104.72947840858251,126.9652006507572,37.52594497033567,178.83026862,276.20126411,592.63947362,80.27834031,310,미지정,1
278554,1117000000000003830,한강로3가 98-6 도,도,국유지,184.49719571694732,126.9683297689833,37.527024689939374,182.38483743,147.27456517,364.45240404,184.4335137,310,미지정,1
278555,1117000000000003831,한강로3가 93 도,도,국유지,812.4514567183796,126.9684767036433,37.526973125058134,165.2257102,145.76797196,367.59914798,184.89330725,310,미지정,1
278556,1117000000000003832,한강로3가 98-7 도,도,국유지,544.9927000962198,126.96913744522651,37.526561227878645,94.51768896,175.65553953,407.87928564,186.6091186,310,미지정,1
278557,1117000000000003833,한강로3가 98-9 도,도,국유지,1142.3789578825235,126.96819072159887,37.52502429059335,155.74303359,36.56504326,447.16567374,80.71888679,310,미지정,1
278558,1117000000000003834,한강로3가 63-385 도,도,국유지,3614.784852107521,126.96898815284781,37.5258287768491,58.35355799,130.06444378,489.47325966,136.51283716,310,미지정,1
278559,1117000000000003835,한강로3가 65-556 도,도,국유지,59.74281938932836,126.96645377162876,37.52544482740784,223.00427825,129.19285532,549.00149048,92.68427696,310,미지정,1
278560,1117000000000003836,한강로3가 63-329도,도,국유지,42.642680229619145,126.96716901161854,37.525288544422715,226.72925004,64.35078662,505.09152149,37.50752166,310,미지정,1
278561,1117000000000003837,한강로3가 63-331도,도,국유지,59.45850191824138,126.9674069477491,37.525145074306295,211.51374155,44.91078173,482.15778882,40.24192121,310,미지정,1
278562,1117000000000003838,한강로3가 40-587도,도,국유지,199.13776201289147,126.96473152496964,37.52607743403291,176.43614218,269.85638947,661.75344745,99.91924645,310,미지정,1
278563,1117000000000003839,한강로3가 97 도,도,국유지,405.06222211476415,126.96775220238081,37.52741741930562,126.6212204,153.26774661,337.68878244,213.9741395,310,미지정,1
278564,1117000000000003840,한강로3가 98-5 도,도,국유지,164.04485097387806,126.96766664378195,37.52741675453757,125.86888897,176.67167179,340.67678199,213.24523447,310,미지정,1
278565,1117000000000003841,한강로3가 98-1 도,도,국유지,234.52107303705998,126.96646570323581,37.525740479881755,240.37207141,137.40519147,554.05452027,95.24309479,310,미지정,1
278566,1117000000000003842,한강로3가 101-2 도,도,국유지,122.11426213872619,126.96619528528963,37.52590018647063,231.90702861,166.48791864,549.26312828,122.39346036,310,미지정,1
278567,1117000000000003843,한강로3가 98-3 도,도,국유지,2165.6148667423986,126.96792035246652,37.52645473732094,168.50888592,133.14026848,434.44030189,112.28978497,310,미지정,1
278568,1117000000000003844,한강로3가 65-265도,도,국유지,877.4535989493015,126.96993693938431,37.52323078223845,162.89826932,125.31154832,236.31014426,259.16419674,310,미지정,1
278569,1117000000000003845,한강로3가 65-270도,도,국유지,51.46411865577102,126.97039588596574,37.52302928078036,117.48287453,81.85917127,225.27400758,305.48875926,310,미지정,1
278570,1117000000000003846,한강로3가 65-505잡,잡,국유지,264.99289124039933,126.97057565600377,37.52304585661835,107.64245511,75.35608285,233.05714409,318.71304123,310,미지정,1
278571,1117000000000003847,한강로3가 65-238도,도,국유지,90.6054027773207,126.97094229496484,37.52313378012994,98.52983581,77.97749073,256.53734307,289.90454316,310,미지정,1
278572,1117000000000003848,한강로3가 65-512도,도,국유지,2302.536954195297,126.97134487566017,37.52323478154993,101.90690446,96.17234792,285.13895307,262.91278924,310,미지정,1
278573,1117000000000003849,한강로3가 65-570잡,잡,국유지,27.946908709825948,126.97050170955474,37.52310385501142,116.79432621,84.02070708,236.39935552,309.98758905,310,미지정,1
278574,1117000000000003850,한강로3가 40-331 도,도,국유지,369.1653570034541,126.96216742238168,37.52337374411003,148.5767285,131.08134888,678.91807661,329.40041955,310,미지정,1
278575,1117000000000003851,한강로3가 40-652도,도,국유지,1244.319064912037,126.96316983567111,37.52443116168493,50.83275735,72.57884867,682.10817273,190.9942384,310,미지정,1
278576,1117000000000003852,한강로3가 40-148도,도,국유지,859.8457297855057,126.96380680494431,37.52510212784323,70.77081503,141.91688567,668.51698611,114.83450705,310,미지정,1
278577,1117000000000003853,한강로3가 40-586도,도,국유지,221.46161892591044,126.96484145419042,37.52621020699051,193.31039245,287.24654588,647.03781221,111.57055642,310,미지정,1
278578,1117000000000003854,한강로3가 40-589도,도,국유지,141.10769284889102,126.96459058651415,37.525930254536604,157.5492835,249.98356266,678.2671526,90.16364003,310,미지정,1
278579,1117000000000003855,한강로3가 40-574도,도,국유지,415.9231162373908,126.96414387987826,37.52546308494813,101.93489895,187.87954229,732.03235629,88.46200838,310,미지정,1
278580,1117000000000003856,한강로3가 95-2 도,도,국유지,1373.0962971546687,126.9646512531369,37.526736542937705,246.44474021,336.15510725,588.68676297,172.24961833,310,미지정,1
278581,1117000000000003857,한강로3가 40-145도,도,국유지,420.7289239112288,126.96444173346624,37.52577424950351,138.05492485,229.06506211,696.00337981,84.14230265,310,미지정,1
278582,1117000000000003858,한강로3가 65-567 도,도,국유지,63.10009026754415,126.97070860654588,37.523102395682706,105.40596893,77.19921926,243.7403397,307.65932084,310,미지정,1
278583,1117000000000003859,한강로3가 65-572잡,잡,국유지,27.38272824732121,126.97048010981729,37.5231065845575,118.29503801,85.18017619,235.96736297,308.14222927,310,미지정,1
278584,1117000000000003860,한강로3가 65-272도,도,국유지,28.403149113990366,126.97030407685665,37.523066583765115,126.2950834,90.06181272,226.45206653,296.38096146,310,미지정,1
278585,1117000000000003861,한강로3가 65-524도,도,국유지,1294.9633853805717,126.96235034254867,37.52325500482739,143.62818584,122.87940336,658.2228094,325.44853996,310,미지정,1
278586,1117000000000003862,한강로3가 65-579도,도,국유지,656.7105959283654,126.9624391859352,37.52307972879614,151.80042279,128.22753743,641.40256496,333.11058839,310,미지정,1
278587,1117000000000003863,한강로3가 81-11 도,도,국유지,68.6276790339034,126.95916589935669,37.52413088756254,389.72581303,80.51032788,938.68126402,537.88939865,310,미지정,1
278588,1117000000000003864,한강로3가 40-212도,도,국유지,43.873909316025674,126.961603,37.525337,221.46324701,164.65471901,806.905334,309.31114165,310,미지정,1
278589,1117000000000003865,한강로3가 40-901도,도,국유지,74.84888526983559,126.9613815354568,37.523030059990376,227.67964059,210.11884508,720.84440752,407.80635096,310,미지정,1
278590,1117000000000003866,한강로3가 40-613도,도,국유지,63.79070179903647,126.96264722398239,37.52432470534708,85.50072903,94.47865775,707.95996913,237.78713281,310,미지정,1
278591,1117000000000003867,한강로3가 40-539도,도,국유지,18.12104346230626,126.9611734632738,37.5233366471756,228.77917065,215.61009651,752.84536521,404.30153889,310,미지정,1
278592,1117000000000003868,한강로3가 40-1043 도,도,국유지,32.12631886196323,126.9612093501807,37.52328964544205,227.86227892,213.98704133,747.58724862,404.30101366,310,미지정,1
278593,1117000000000003869,한강로3가 40-1004 도,도,국유지,51.53700759913772,126.96248548838759,37.52401746605114,96.77250371,94.19708425,697.14712181,266.03601402,310,미지정,1
278594,1117000000000003870,한강로3가 40-1045 도,도,국유지,487.4779471307993,126.96110967286558,37.523252572429136,237.58326747,223.61290296,753.47146616,413.9607861,310,미지정,1
278595,1117000000000003871,한강로3가 40-517 도,도,국유지,12.263690603896976,126.96254980346667,37.52409135866667,90.60319549,90.787703,697.83992296,257.06939424,310,미지정,1
278596,1117000000000003872,한강로3가 100-1 도,도,국유지,25.292422712780535,126.96340933333333,37.524814,79.94417624,108.29841355,698.2442755,155.58573083,310,미지정,1
278597,1117000000000003873,한강로3가 40-925도,도,국유지,70.1675909939222,126.96152399641126,37.52453034862043,187.29005012,188.3966988,894.80755751,324.81338057,310,미지정,1
278598,1117000000000003874,한강로3가 40-22도,도,국유지,134.012334712781,126.96144018521906,37.52441431655624,191.75686134,189.91717625,906.77093395,335.16804582,310,미지정,1
278599,1117000000000003875,한강로3가 40-97도,도,국유지,438.9924298222177,126.95988495430028,37.52400300286067,326.35348005,163.07784735,947.99634918,479.87113012,310,미지정,1
278600,1117000000000003876,이촌동 304-18 도,도,국유지,686.0481444135075,126.95870982734674,37.51738764158339,756.42462504,716.77914479,931.76047506,1035.33579774,175,미지정,1
278600,1117000000000003876,이촌동 304-18 도,도,국유지,686.0481444135075,126.95870982734674,37.51738764158339,756.42462504,716.77914479,931.76047506,1035.33579774,87,미지정,0
278601,1117000000000003877,이촌동 302-41도,도,국유지,5491.017955377931,126.97084187581538,37.51823760075448,264.25899083,313.46249377,177.83006899,508.08985829,175,미지정,1
278601,1117000000000003877,이촌동 302-41도,도,국유지,5491.017955377931,126.97084187581538,37.51823760075448,264.25899083,313.46249377,177.83006899,508.08985829,87,미지정,0
278602,1117000000000003878,이촌동 302-42도,도,국유지,428.73516569455387,126.97178993552802,37.51774141990875,328.64604662,322.74012282,203.64757191,450.23348699,175,미지정,1
278602,1117000000000003878,이촌동 302-42도,도,국유지,428.73516569455387,126.97178993552802,37.51774141990875,328.64604662,322.74012282,203.64757191,450.23348699,87,미지정,0
278603,1117000000000003879,이촌동 300-126도,도,국유지,560.3580857291818,126.97181569198577,37.518093364001686,291.46601298,285.26841089,164.52469533,421.61436639,175,미지정,1
278603,1117000000000003879,이촌동 300-126도,도,국유지,560.3580857291818,126.97181569198577,37.518093364001686,291.46601298,285.26841089,164.52469533,421.61436639,87,미지정,0
278604,1117000000000003880,이촌동 300-129도,도,국유지,547.134603059385,126.9719449072661,37.518344623911695,270.70515869,255.13917122,136.17150424,394.70998609,175,미지정,1
278604,1117000000000003880,이촌동 300-129도,도,국유지,547.134603059385,126.9719449072661,37.518344623911695,270.70515869,255.13917122,136.17150424,394.70998609,87,미지정,0
278605,1117000000000003881,이촌동 300-132도,도,국유지,565.0983580239117,126.97206816710215,37.51860836015301,242.74864008,223.90738575,107.3528608,367.87653099,175,미지정,1
278605,1117000000000003881,이촌동 300-132도,도,국유지,565.0983580239117,126.97206816710215,37.51860836015301,242.74864008,223.90738575,107.3528608,367.87653099,87,미지정,0
278606,1117000000000003882,이촌동 300-135도,도,국유지,555.7457199548371,126.97220764807314,37.518865507384156,216.70105578,192.8453763,81.44587006,341.03431117,175,미지정,1
278606,1117000000000003882,이촌동 300-135도,도,국유지,555.7457199548371,126.97220764807314,37.518865507384156,216.70105578,192.8453763,81.44587006,341.03431117,87,미지정,0
278607,1117000000000003883,이촌동 300-164도,도,국유지,585.6547831520438,126.97232996238623,37.519125724308935,191.38762898,162.00704122,59.48937083,358.68173359,175,미지정,1
278607,1117000000000003883,이촌동 300-164도,도,국유지,585.6547831520438,126.97232996238623,37.519125724308935,191.38762898,162.00704122,59.48937083,358.68173359,87,미지정,0
278608,1117000000000003884,이촌동 302-24 도,도,국유지,299.10621115751565,126.97410998798827,37.51682610434436,301.39330586,337.08877951,359.29763582,436.48667865,175,미지정,1
278608,1117000000000003884,이촌동 302-24 도,도,국유지,299.10621115751565,126.97410998798827,37.51682610434436,301.39330586,337.08877951,359.29763582,436.48667865,87,미지정,0
278609,1117000000000003885,이촌동 302-197 도,도,국유지,1351.923304733471,126.97378416638963,37.51685557163506,327.18727777,409.61813852,342.0144023,441.58861772,175,미지정,1
278609,1117000000000003885,이촌동 302-197 도,도,국유지,1351.923304733471,126.97378416638963,37.51685557163506,327.18727777,409.61813852,342.0144023,441.58861772,87,미지정,0
278610,1117000000000003886,이촌동 302-131도,도,국유지,2889.8600292783813,126.97394955949429,37.51708520682484,305.49862857,387.51067329,327.41018216,412.82312571,175,미지정,1
278610,1117000000000003886,이촌동 302-131도,도,국유지,2889.8600292783813,126.97394955949429,37.51708520682484,305.49862857,387.51067329,327.41018216,412.82312571,87,미지정,0
278611,1117000000000003887,이촌동 301-103도,도,국유지,2057.811979969789,126.96902722433488,37.521760216722306,107.87501991,58.97968135,81.06340609,322.26073904,175,미지정,1
278611,1117000000000003887,이촌동 301-103도,도,국유지,2057.811979969789,126.96902722433488,37.521760216722306,107.87501991,58.97968135,81.06340609,322.26073904,87,미지정,0
278612,1117000000000003888,이촌동 415-2도,도,국유지,124.13047211244702,126.97035031150547,37.522702239645916,100.48533173,66.82905601,190.12042585,321.04069733,175,미지정,1
278612,1117000000000003888,이촌동 415-2도,도,국유지,124.13047211244702,126.97035031150547,37.522702239645916,100.48533173,66.82905601,190.12042585,321.04069733,87,미지정,0
278613,1117000000000003889,이촌동 404-1도,도,국유지,143.8779548696475,126.9704625916695,37.52195991171724,90.18493208,27.79717475,125.7140232,308.46037346,175,미지정,1
278613,1117000000000003889,이촌동 404-1도,도,국유지,143.8779548696475,126.9704625916695,37.52195991171724,90.18493208,27.79717475,125.7140232,308.46037346,87,미지정,0
278614,1117000000000003890,이촌동 415-1도,도,국유지,159.7056031562388,126.96884134187246,37.522441569009295,130.42190241,102.10079121,156.43856463,248.31539706,175,미지정,1
278614,1117000000000003890,이촌동 415-1도,도,국유지,159.7056031562388,126.96884134187246,37.522441569009295,130.42190241,102.10079121,156.43856463,248.31539706,87,미지정,0
278615,1117000000000003891,이촌동 399-3도,도,국유지,18.013554208446294,126.96872605800654,37.52144055691722,81.25303241,33.93383618,76.01404971,343.93642399,175,미지정,1
278615,1117000000000003891,이촌동 399-3도,도,국유지,18.013554208446294,126.96872605800654,37.52144055691722,81.25303241,33.93383618,76.01404971,343.93642399,87,미지정,0
278616,1117000000000003892,이촌동 301-5도,도,국유지,37880.29198041069,126.97030717693889,37.52069280203117,53.75833641,74.14373088,86.86042224,357.24160081,175,미지정,1
278616,1117000000000003892,이촌동 301-5도,도,국유지,37880.29198041069,126.97030717693889,37.52069280203117,53.75833641,74.14373088,86.86042224,357.24160081,87,미지정,0
278617,1117000000000003893,이촌동 428 도,도,국유지,732.501683538314,126.97076579140342,37.51982684004722,88.70415518,177.43427286,108.99239507,377.09221225,175,미지정,1
278617,1117000000000003893,이촌동 428 도,도,국유지,732.501683538314,126.97076579140342,37.51982684004722,88.70415518,177.43427286,108.99239507,377.09221225,87,미지정,0
278618,1117000000000003894,이촌동 302-31도,도,국유지,8528.299170004204,126.96813854343839,37.52040791226441,133.96595228,35.01809871,56.86915231,442.00517682,175,미지정,1
278618,1117000000000003894,이촌동 302-31도,도,국유지,8528.299170004204,126.96813854343839,37.52040791226441,133.96595228,35.01809871,56.86915231,442.00517682,87,미지정,0
278619,1117000000000003895,이촌동 303-18 도,도,국유지,1831.249623766751,126.958903653812,37.51763649379324,727.13614684,694.77570077,906.78981269,1002.84066986,175,미지정,1
278619,1117000000000003895,이촌동 303-18 도,도,국유지,1831.249623766751,126.958903653812,37.51763649379324,727.13614684,694.77570077,906.78981269,1002.84066986,87,미지정,0
278620,1117000000000003896,이촌동 171-1도,도,국유지,18017.59289124352,126.95494572388469,37.52720662906509,53.33874084,44.01653508,759.61242354,800.85406227,175,미지정,1
278620,1117000000000003896,이촌동 171-1도,도,국유지,18017.59289124352,126.95494572388469,37.52720662906509,53.33874084,44.01653508,759.61242354,800.85406227,87,미지정,0
278621,1117000000000003897,이촌동 171-12 도,도,국유지,933.5685549974442,126.95464391937777,37.530755084329854,169.87935464,383.50811227,502.01822542,466.58009629,175,미지정,1
278621,1117000000000003897,이촌동 171-12 도,도,국유지,933.5685549974442,126.95464391937777,37.530755084329854,169.87935464,383.50811227,502.01822542,466.58009629,87,미지정,0
278622,1117000000000003898,이촌동 171-13 도,도,국유지,1314.9870530792978,126.95683952440817,37.52446223021943,343.2702777,92.90720259,947.99120912,734.78662958,175,미지정,1
278622,1117000000000003898,이촌동 171-13 도,도,국유지,1314.9870530792978,126.95683952440817,37.52446223021943,343.2702777,92.90720259,947.99120912,734.78662958,87,미지정,0
278623,1117000000000003899,이촌동 172-1도,도,국유지,22193.514390212018,126.95384660874016,37.526758782778224,57.58371803,65.76025863,950.71003298,883.56370131,175,미지정,1
278623,1117000000000003899,이촌동 172-1도,도,국유지,22193.514390212018,126.95384660874016,37.526758782778224,57.58371803,65.76025863,950.71003298,883.56370131,87,미지정,0
278624,1117000000000003900,이촌동 171-11 도,도,국유지,9432.490453271836,126.95931906239524,37.52346374907175,382.86891449,127.56472179,1011.0132751,546.30846524,175,미지정,1
278624,1117000000000003900,이촌동 171-11 도,도,국유지,9432.490453271836,126.95931906239524,37.52346374907175,382.86891449,127.56472179,1011.0132751,546.30846524,87,미지정,0
278625,1117000000000003901,이촌동 172-4 도,도,국유지,474.159841616638,126.95598685699211,37.523979187363146,352.07373184,70.89593757,1024.65910054,816.93403811,175,미지정,1
278625,1117000000000003901,이촌동 172-4 도,도,국유지,474.159841616638,126.95598685699211,37.523979187363146,352.07373184,70.89593757,1024.65910054,816.93403811,87,미지정,0
278626,1117000000000003902,이촌동 172-2 도,도,국유지,14603.154322730377,126.9586477562986,37.522867402156415,456.69659694,157.19955816,1083.52311571,626.56970768,175,미지정,1
278626,1117000000000003902,이촌동 172-2 도,도,국유지,14603.154322730377,126.9586477562986,37.522867402156415,456.69659694,157.19955816,1083.52311571,626.56970768,87,미지정,0
278627,1117000000000003903,이촌동 172-3 도,도,국유지,3108.5476826543454,126.95367902139411,37.53037797940904,262.18080963,373.37831438,557.93944028,554.49688411,175,미지정,1
278627,1117000000000003903,이촌동 172-3 도,도,국유지,3108.5476826543454,126.95367902139411,37.53037797940904,262.18080963,373.37831438,557.93944028,554.49688411,87,미지정,0
278628,1117000000000003904,이촌동 304-16 도,도,국유지,1359.0290599604486,126.95853574634738,37.51730882961155,774.09571488,721.5630324,949.16649838,1051.09363988,175,미지정,1
278628,1117000000000003904,이촌동 304-16 도,도,국유지,1359.0290599604486,126.95853574634738,37.51730882961155,774.09571488,721.5630324,949.16649838,1051.09363988,87,미지정,0
278629,1117000000000003905,이촌동 1-13도,도,국유지,342.4669576573651,126.95536435245502,37.527172692854535,84.26642828,79.25398319,739.99280575,792.74942398,175,미지정,1
278629,1117000000000003905,이촌동 1-13도,도,국유지,342.4669576573651,126.95536435245502,37.527172692854535,84.26642828,79.25398319,739.99280575,792.74942398,87,미지정,0
278630,1117000000000003906,이촌동 395-3도,도,국유지,234.03718371217838,126.95594920072664,37.524582429518595,289.77496896,86.20867801,964.2590297,811.79253295,175,미지정,1
278630,1117000000000003906,이촌동 395-3도,도,국유지,234.03718371217838,126.95594920072664,37.524582429518595,289.77496896,86.20867801,964.2590297,811.79253295,87,미지정,0
278631,1117000000000003907,이촌동 397잡,잡,국유지,853.2700978182256,126.9552727665009,37.52535085736871,187.26849059,34.95609915,914.56291025,989.75242984,175,미지정,1
278631,1117000000000003907,이촌동 397잡,잡,국유지,853.2700978182256,126.9552727665009,37.52535085736871,187.26849059,34.95609915,914.56291025,989.75242984,87,미지정,0
278632,1117000000000003908,이촌동 397-1도,도,국유지,122.89530642516911,126.95520405380591,37.52530374326429,189.95448605,28.65287628,922.09948167,996.31401478,175,미지정,1
278632,1117000000000003908,이촌동 397-1도,도,국유지,122.89530642516911,126.95520405380591,37.52530374326429,189.95448605,28.65287628,922.09948167,996.31401478,87,미지정,0
278633,1117000000000003909,이촌동 203-35도,도,국유지,1984.8077834057622,126.95550050308445,37.525805919657955,152.91799511,89.19625238,860.69590676,935.89208092,175,미지정,1
278633,1117000000000003909,이촌동 203-35도,도,국유지,1984.8077834057622,126.95550050308445,37.525805919657955,152.91799511,89.19625238,860.69590676,935.89208092,87,미지정,0
278634,1117000000000003910,이촌동 395-2도,도,국유지,231.03245547803817,126.95491052773654,37.525408999971674,171.31909925,46.14795741,925.12696743,991.82870295,175,미지정,1
278634,1117000000000003910,이촌동 395-2도,도,국유지,231.03245547803817,126.95491052773654,37.525408999971674,171.31909925,46.14795741,925.12696743,991.82870295,87,미지정,0
278635,1117000000000003911,이촌동 212-12도,도,국유지,312.6720065944828,126.95400102430555,37.529678935021316,309.86879822,292.11873623,628.07061791,595.76526411,175,미지정,1
278635,1117000000000003911,이촌동 212-12도,도,국유지,312.6720065944828,126.95400102430555,37.529678935021316,309.86879822,292.11873623,628.07061791,595.76526411,87,미지정,0
278636,1117000000000003912,이촌동 210-8도,도,국유지,60.83381398557685,126.95406541541686,37.52906598406171,241.71244899,224.01592118,694.36839814,648.71148616,175,미지정,1
278636,1117000000000003912,이촌동 210-8도,도,국유지,60.83381398557685,126.95406541541686,37.52906598406171,241.71244899,224.01592118,694.36839814,648.71148616,87,미지정,0
278637,1117000000000003913,이촌동 212-44 도,도,국유지,170.52911214530468,126.95445449983703,37.53068559759536,187.45259398,391.38992342,511.58839463,483.24377164,175,미지정,1
278637,1117000000000003913,이촌동 212-44 도,도,국유지,170.52911214530468,126.95445449983703,37.53068559759536,187.45259398,391.38992342,511.58839463,483.24377164,87,미지정,0
278638,1117000000000003914,이촌동 209-4도,도,국유지,195.3457729704678,126.95433216726933,37.528101126556855,132.53131168,114.67488824,797.85810047,730.5732499,175,미지정,1
278638,1117000000000003914,이촌동 209-4도,도,국유지,195.3457729704678,126.95433216726933,37.528101126556855,132.53131168,114.67488824,797.85810047,730.5732499,87,미지정,0
278639,1117000000000003915,이촌동 171-9도,도,국유지,26.213883044198155,126.95404481012973,37.52709452170659,42.61803371,38.20687422,911.62348872,842.39035503,175,미지정,1
278639,1117000000000003915,이촌동 171-9도,도,국유지,26.213883044198155,126.95404481012973,37.52709452170659,42.61803371,38.20687422,911.62348872,842.39035503,87,미지정,0
278640,1117000000000003916,이촌동 396잡,잡,국유지,845.4316587205976,126.95443796223746,37.52619001020217,80.17882253,98.20363652,876.37379136,922.2215544,175,미지정,1
278640,1117000000000003916,이촌동 396잡,잡,국유지,845.4316587205976,126.95443796223746,37.52619001020217,80.17882253,98.20363652,876.37379136,922.2215544,87,미지정,0
278641,1117000000000003917,이촌동 396-1도,도,국유지,113.92198039032519,126.95435789688828,37.52615485681479,84.6053856,102.58204583,883.7265273,928.32008569,175,미지정,1
278641,1117000000000003917,이촌동 396-1도,도,국유지,113.92198039032519,126.95435789688828,37.52615485681479,84.6053856,102.58204583,883.7265273,928.32008569,87,미지정,0
278642,1117000000000003918,이촌동 206-12도,도,국유지,972.6965432453435,126.954650922546,37.52640702667253,58.30711646,75.65048587,845.81507652,893.20624754,175,미지정,1
278642,1117000000000003918,이촌동 206-12도,도,국유지,972.6965432453435,126.954650922546,37.52640702667253,58.30711646,75.65048587,845.81507652,893.20624754,87,미지정,0
278643,1117000000000003919,이촌동 395-1도,도,국유지,159.08505204413086,126.95421881029463,37.52619555421254,82.53465159,100.15044097,887.5461834,928.43912722,175,미지정,1
278643,1117000000000003919,이촌동 395-1도,도,국유지,159.08505204413086,126.95421881029463,37.52619555421254,82.53465159,100.15044097,887.5461834,928.43912722,87,미지정,0
278644,1117000000000003920,이촌동 1-45도,도,국유지,41.65139047126286,126.95680332732698,37.526001833038904,229.74140629,179.24075863,789.68157697,893.97693089,175,미지정,1
278644,1117000000000003920,이촌동 1-45도,도,국유지,41.65139047126286,126.95680332732698,37.526001833038904,229.74140629,179.24075863,789.68157697,893.97693089,87,미지정,0
278645,1117000000000003921,이촌동 1-53도,도,국유지,1861.7000480829156,126.95607697024356,37.5264003939089,153.0572463,170.33805195,778.20663442,860.4186268,175,미지정,1
278645,1117000000000003921,이촌동 1-53도,도,국유지,1861.7000480829156,126.95607697024356,37.5264003939089,153.0572463,170.33805195,778.20663442,860.4186268,87,미지정,0
278646,1117000000000003922,이촌동 199-30도,도,국유지,759.6286718539195,126.9563160228062,37.52505002290098,263.3685234,101.49866929,903.74664136,776.60542771,175,미지정,1
278646,1117000000000003922,이촌동 199-30도,도,국유지,759.6286718539195,126.9563160228062,37.52505002290098,263.3685234,101.49866929,903.74664136,776.60542771,87,미지정,0
278647,1117000000000003923,이촌동 199-51도,도,국유지,460.6786036345875,126.95614146923135,37.52476425639933,280.49527254,91.61851942,938.97703988,793.35793991,175,미지정,1
278647,1117000000000003923,이촌동 199-51도,도,국유지,460.6786036345875,126.95614146923135,37.52476425639933,280.49527254,91.61851942,938.97703988,793.35793991,87,미지정,0
278648,1117000000000003924,이촌동 398잡,잡,국유지,1662.4167657122016,126.95608444306151,37.52470126078809,283.89211482,89.66412192,947.39293224,798.84895425,175,미지정,1
278648,1117000000000003924,이촌동 398잡,잡,국유지,1662.4167657122016,126.95608444306151,37.52470126078809,283.89211482,89.66412192,947.39293224,798.84895425,87,미지정,0
278649,1117000000000003925,이촌동 398-1도,도,국유지,237.82767983136,126.95602665145825,37.524649449610166,286.38582232,87.82099235,954.70104132,804.36605808,175,미지정,1
278649,1117000000000003925,이촌동 398-1도,도,국유지,237.82767983136,126.95602665145825,37.524649449610166,286.38582232,87.82099235,954.70104132,804.36605808,87,미지정,0
278650,1117000000000003926,이촌동 309-31 도,도,국유지,115.90410398133099,126.95684059731394,37.52581470992044,242.44355851,170.64924171,807.53259778,914.22756503,175,미지정,1
278650,1117000000000003926,이촌동 309-31 도,도,국유지,115.90410398133099,126.95684059731394,37.52581470992044,242.44355851,170.64924171,807.53259778,914.22756503,87,미지정,0
278651,1117000000000003927,이촌동 309-34도,도,국유지,256.6344343746896,126.95679562601066,37.52567735381742,247.13086839,159.98923505,823.14122072,735.72174953,175,미지정,1
278651,1117000000000003927,이촌동 309-34도,도,국유지,256.6344343746896,126.95679562601066,37.52567735381742,247.13086839,159.98923505,823.14122072,735.72174953,87,미지정,0
278652,1117000000000003928,이촌동 212-27도,도,국유지,442.03228110144846,126.95391658788768,37.530070443168334,269.00373516,336.19484327,586.6911102,566.10679001,175,미지정,1
278652,1117000000000003928,이촌동 212-27도,도,국유지,442.03228110144846,126.95391658788768,37.530070443168334,269.00373516,336.19484327,586.6911102,566.10679001,87,미지정,0
278653,1117000000000003929,이촌동 431 도,도,국유지,88.66757308942033,126.97156523608497,37.519052968960885,183.15834986,202.74232237,67.13576077,397.41871034,175,미지정,1
278653,1117000000000003929,이촌동 431 도,도,국유지,88.66757308942033,126.97156523608497,37.519052968960885,183.15834986,202.74232237,67.13576077,397.41871034,87,미지정,0
278654,1117000000000003930,이촌동 417-1도,도,국유지,368.71393490582705,126.97120037203199,37.52244961037049,21.58618329,23.30076645,210.20893257,246.17552351,175,미지정,1
278654,1117000000000003930,이촌동 417-1도,도,국유지,368.71393490582705,126.97120037203199,37.52244961037049,21.58618329,23.30076645,210.20893257,246.17552351,87,미지정,0
278655,1117000000000003931,이촌동 301-231 도,도,국유지,3642.4510607117554,126.97155800739252,37.521838533416215,55.41133316,63.57727537,198.69739624,213.11708685,175,미지정,1
278655,1117000000000003931,이촌동 301-231 도,도,국유지,3642.4510607117554,126.97155800739252,37.521838533416215,55.41133316,63.57727537,198.69739624,213.11708685,87,미지정,0
278656,1117000000000003932,이촌동 410-1도,도,국유지,94.34093707904685,126.97230492309296,37.521152116409276,67.70039455,94.6719944,178.11504429,178.66543356,175,미지정,1
278656,1117000000000003932,이촌동 410-1도,도,국유지,94.34093707904685,126.97230492309296,37.521152116409276,67.70039455,94.6719944,178.11504429,178.66543356,87,미지정,0
278657,1117000000000003933,이촌동 410-2도,도,국유지,55.5227032485418,126.97209800665604,37.52074209344996,35.20905421,82.87533161,130.52368246,221.60361688,175,미지정,1
278657,1117000000000003933,이촌동 410-2도,도,국유지,55.5227032485418,126.97209800665604,37.52074209344996,35.20905421,82.87533161,130.52368246,221.60361688,87,미지정,0
278658,1117000000000003934,이촌동 300-209도,도,국유지,3391.163448360283,126.97124286333703,37.51936775756893,141.88366293,197.79188179,67.00083122,385.27039678,175,미지정,1
278658,1117000000000003934,이촌동 300-209도,도,국유지,3391.163448360283,126.97124286333703,37.51936775756893,141.88366293,197.79188179,67.00083122,385.27039678,87,미지정,0
278659,1117000000000003935,이촌동 405-3도,도,국유지,98.59415896609426,126.9718215998607,37.52129612113976,58.68712134,113.4057304,191.78128351,207.58242372,175,미지정,1
278659,1117000000000003935,이촌동 405-3도,도,국유지,98.59415896609426,126.9718215998607,37.52129612113976,58.68712134,113.4057304,191.78128351,207.58242372,87,미지정,0
278660,1117000000000003936,이촌동 405-4도,도,국유지,59.967113664606586,126.97161638378053,37.520898672174944,15.57732428,128.83317775,150.33318736,244.85291331,175,미지정,1
278660,1117000000000003936,이촌동 405-4도,도,국유지,59.967113664606586,126.97161638378053,37.520898672174944,15.57732428,128.83317775,150.33318736,244.85291331,87,미지정,0
278661,1117000000000003937,이촌동 301-234도,도,국유지,1066.9188291406026,126.97206681851398,37.5211704098394,54.37174125,110.55634479,177.72761851,195.09315737,175,미지정,1
278661,1117000000000003937,이촌동 301-234도,도,국유지,1066.9188291406026,126.97206681851398,37.5211704098394,54.37174125,110.55634479,177.72761851,195.09315737,87,미지정,0
278662,1117000000000003938,이촌동 300-155도,도,국유지,570.268874062458,126.9727315508997,37.5199077187836,132.55322808,68.30678296,78.03446038,264.94070672,175,미지정,1
278662,1117000000000003938,이촌동 300-155도,도,국유지,570.268874062458,126.9727315508997,37.5199077187836,132.55322808,68.30678296,78.03446038,264.94070672,87,미지정,0
278663,1117000000000003939,이촌동 300-140도,도,국유지,360.8534725867212,126.97360518646309,37.5196288287224,225.91612121,110.4120294,145.90420216,191.24571382,175,미지정,1
278663,1117000000000003939,이촌동 300-140도,도,국유지,360.8534725867212,126.97360518646309,37.5196288287224,225.91612121,110.4120294,145.90420216,191.24571382,87,미지정,0
278664,1117000000000003940,이촌동 300-158도,도,국유지,557.7061534232926,126.9726011280098,37.51964767705218,148.32474004,99.35713852,57.62786457,295.99978856,175,미지정,1
278664,1117000000000003940,이촌동 300-158도,도,국유지,557.7061534232926,126.9726011280098,37.51964767705218,148.32474004,99.35713852,57.62786457,295.99978856,87,미지정,0
278665,1117000000000003941,이촌동 300-143도,도,국유지,360.1106488998048,126.97347911803466,37.51937099714825,221.35282641,131.81593133,136.44776438,217.589303,175,미지정,1
278665,1117000000000003941,이촌동 300-143도,도,국유지,360.1106488998048,126.97347911803466,37.51937099714825,221.35282641,131.81593133,136.44776438,217.589303,87,미지정,0
278666,1117000000000003942,이촌동 300-161도,도,국유지,569.8806744487956,126.97247487258927,37.51938552508932,168.773058,130.51434835,50.27559253,327.13057597,175,미지정,1
278666,1117000000000003942,이촌동 300-161도,도,국유지,569.8806744487956,126.97247487258927,37.51938552508932,168.773058,130.51434835,50.27559253,327.13057597,87,미지정,0
278667,1117000000000003943,이촌동 300-146도,도,국유지,363.3381662289612,126.97335014807216,37.519110805471925,235.34049622,156.55522813,133.40740986,245.31833598,175,미지정,1
278667,1117000000000003943,이촌동 300-146도,도,국유지,363.3381662289612,126.97335014807216,37.519110805471925,235.34049622,156.55522813,133.40740986,245.31833598,87,미지정,0
278668,1117000000000003944,이촌동 300-187도,도,국유지,31.220716504380107,126.97353718918919,37.51869596647811,282.16182724,205.1389547,170.21789134,268.70545283,175,미지정,1
278668,1117000000000003944,이촌동 300-187도,도,국유지,31.220716504380107,126.97353718918919,37.51869596647811,282.16182724,205.1389547,170.21789134,268.70545283,87,미지정,0
278669,1117000000000003945,이촌동 300-152도,도,국유지,1083.7761270510964,126.97309256203056,37.51940577416054,195.54791107,120.77717491,102.118521,242.59294085,175,미지정,1
278669,1117000000000003945,이촌동 300-152도,도,국유지,1083.7761270510964,126.97309256203056,37.51940577416054,195.54791107,120.77717491,102.118521,242.59294085,87,미지정,0
278670,1117000000000003946,이촌동 300-206도,도,국유지,63.638352831825614,126.97279450000002,37.5188095,238.67041036,187.2738768,112.44192722,304.13175644,175,미지정,1
278670,1117000000000003946,이촌동 300-206도,도,국유지,63.638352831825614,126.97279450000002,37.5188095,238.67041036,187.2738768,112.44192722,304.13175644,87,미지정,0
278671,1117000000000003947,이촌동 300-149도,도,국유지,358.56791810970753,126.97321580133625,37.51885100623433,252.101163,183.12739615,137.08346432,274.05883988,175,미지정,1
278671,1117000000000003947,이촌동 300-149도,도,국유지,358.56791810970753,126.97321580133625,37.51885100623433,252.101163,183.12739615,137.08346432,274.05883988,87,미지정,0
278672,1117000000000003948,이촌동 300-186도,도,국유지,37.529582757502794,126.9735609607843,37.51874243137256,279.19003926,200.66328379,169.08656379,263.32591991,175,미지정,1
278672,1117000000000003948,이촌동 300-186도,도,국유지,37.529582757502794,126.9735609607843,37.51874243137256,279.19003926,200.66328379,169.08656379,263.32591991,87,미지정,0
278673,1117000000000003949,이촌동 300-114도,도,국유지,353.2236731130397,126.9730883141484,37.51858841349425,271.97150164,211.30233164,148.05309629,303.11083309,175,미지정,1
278673,1117000000000003949,이촌동 300-114도,도,국유지,353.2236731130397,126.9730883141484,37.51858841349425,271.97150164,211.30233164,148.05309629,303.11083309,87,미지정,0
278674,1117000000000003950,이촌동 299-4도,도,국유지,63.939686972647905,126.97334008777042,37.52214983688814,4.99559115,123.00722277,311.21277767,54.17498085,175,미지정,1
278674,1117000000000003950,이촌동 299-4도,도,국유지,63.939686972647905,126.97334008777042,37.52214983688814,4.99559115,123.00722277,311.21277767,54.17498085,87,미지정,0
278675,1117000000000003951,이촌동 301-240도,도,국유지,408.555107107386,126.97319686090798,37.52186586488239,38.88039335,119.72886514,277.25660278,70.89653129,175,미지정,1
278675,1117000000000003951,이촌동 301-240도,도,국유지,408.555107107386,126.97319686090798,37.52186586488239,38.88039335,119.72886514,277.25660278,70.89653129,87,미지정,0
278676,1117000000000003952,이촌동 406-1도,도,국유지,96.74310344643891,126.97239953856297,37.52233698272569,87.44443699,38.64791016,309.42470763,139.63319403,175,미지정,1
278676,1117000000000003952,이촌동 406-1도,도,국유지,96.74310344643891,126.97239953856297,37.52233698272569,87.44443699,38.64791016,309.42470763,139.63319403,87,미지정,0
278677,1117000000000003953,이촌동 409-2도,도,국유지,66.40830899059074,126.9743725120042,37.52093815530275,71.41020588,132.70614192,261.9750451,94.29095265,175,미지정,1
278677,1117000000000003953,이촌동 409-2도,도,국유지,66.40830899059074,126.9743725120042,37.52093815530275,71.41020588,132.70614192,261.9750451,94.29095265,87,미지정,0
278678,1117000000000003954,이촌동 405-2도,도,국유지,1543.0552480905317,126.97274770815099,37.52110055601479,99.21173082,70.78850839,183.56129914,152.65861013,175,미지정,1
278678,1117000000000003954,이촌동 405-2도,도,국유지,1543.0552480905317,126.97274770815099,37.52110055601479,99.21173082,70.78850839,183.56129914,152.65861013,87,미지정,0
278679,1117000000000003955,이촌동 409-4도,도,국유지,59.53602067765314,126.97396129095254,37.52013662101735,161.62463785,95.1682031,188.01555014,135.72168654,175,미지정,1
278679,1117000000000003955,이촌동 409-4도,도,국유지,59.53602067765314,126.97396129095254,37.52013662101735,161.62463785,95.1682031,188.01555014,135.72168654,87,미지정,0
278680,1117000000000003956,이촌동 301-244도,도,국유지,4971.733902512176,126.97425440047847,37.52094976159689,79.31614666,123.61290051,254.3067849,104.5190918,175,미지정,1
278680,1117000000000003956,이촌동 301-244도,도,국유지,4971.733902512176,126.97425440047847,37.52094976159689,79.31614666,123.61290051,254.3067849,104.5190918,87,미지정,0
278681,1117000000000003957,이촌동 300-190도,도,국유지,37.23536271043122,126.97343007905135,37.51847969301713,297.1392031,226.66429419,177.92804952,293.65528447,175,미지정,1
278681,1117000000000003957,이촌동 300-190도,도,국유지,37.23536271043122,126.97343007905135,37.51847969301713,297.1392031,226.66429419,177.92804952,293.65528447,87,미지정,0
278682,1117000000000003958,이촌동 300-191도,도,국유지,31.421959104016423,126.97340669071038,37.51843346557377,300.50926553,231.37166877,179.98242636,299.03229965,175,미지정,1
278682,1117000000000003958,이촌동 300-191도,도,국유지,31.421959104016423,126.97340669071038,37.51843346557377,300.50926553,231.37166877,179.98242636,299.03229965,87,미지정,0
278683,1117000000000003959,이촌동 300-117도,도,국유지,349.2816656647483,126.9729570711453,37.5183276178678,293.51760691,240.04170376,163.97076849,332.62040353,175,미지정,1
278683,1117000000000003959,이촌동 300-117도,도,국유지,349.2816656647483,126.9729570711453,37.5183276178678,293.51760691,240.04170376,163.97076849,332.62040353,87,미지정,0
278684,1117000000000003960,이촌동 300-120도,도,국유지,345.95275997999124,126.97283042259659,37.518067521578416,316.72654323,269.2276302,183.94193782,362.09799015,175,미지정,1
278684,1117000000000003960,이촌동 300-120도,도,국유지,345.95275997999124,126.97283042259659,37.518067521578416,316.72654323,269.2276302,183.94193782,362.09799015,87,미지정,0
278685,1117000000000003961,이촌동 300-198도,도,국유지,36.494811452925205,126.97316922848051,37.51795835278039,338.55538252,281.51076954,208.69252577,354.43021493,175,미지정,1
278685,1117000000000003961,이촌동 300-198도,도,국유지,36.494811452925205,126.97316922848051,37.51795835278039,338.55538252,281.51076954,208.69252577,354.43021493,87,미지정,0
278686,1117000000000003962,이촌동 300-138도,도,국유지,923.5270351544023,126.97255404393096,37.51833730721204,280.94948166,241.91430589,146.81892604,355.71598096,175,미지정,1
278686,1117000000000003962,이촌동 300-138도,도,국유지,923.5270351544023,126.97255404393096,37.51833730721204,280.94948166,241.91430589,146.81892604,355.71598096,87,미지정,0
278687,1117000000000003963,이촌동 300-199 도,도,국유지,31.441793437406886,126.9731455366932,37.517912358090186,342.4904114,286.49256837,212.04195656,359.84958965,175,미지정,1
278687,1117000000000003963,이촌동 300-199 도,도,국유지,31.441793437406886,126.9731455366932,37.517912358090186,342.4904114,286.49256837,212.04195656,359.84958965,87,미지정,0
278688,1117000000000003964,이촌동 300-103도,도,국유지,220.328109015245,126.97339810499285,37.51788593749861,354.07537017,291.40049997,226.37060477,350.71456778,175,미지정,1
278688,1117000000000003964,이촌동 300-103도,도,국유지,220.328109015245,126.97339810499285,37.51788593749861,354.07537017,291.40049997,226.37060477,350.71456778,87,미지정,0
278689,1117000000000003965,이촌동 300-204도,도,국유지,41.54809333011508,126.97299013622232,37.51759798661787,370.64603883,321.01365592,237.33810299,396.65729621,175,미지정,1
278689,1117000000000003965,이촌동 300-204도,도,국유지,41.54809333011508,126.97299013622232,37.51759798661787,370.64603883,321.01365592,237.33810299,396.65729621,87,미지정,0
278690,1117000000000003966,이촌동 302-103도,도,국유지,482.1079466633382,126.97251868635713,37.5175884676422,361.06767318,324.64738326,225.63704761,421.0648997,175,미지정,1
278690,1117000000000003966,이촌동 302-103도,도,국유지,482.1079466633382,126.97251868635713,37.5175884676422,361.06767318,324.64738326,225.63704761,421.0648997,87,미지정,0
278691,1117000000000003967,이촌동 302-27도,도,국유지,171.05408854945563,126.97252826687128,37.51748342276843,372.66326635,336.11483273,237.20219466,429.97228707,175,미지정,1
278691,1117000000000003967,이촌동 302-27도,도,국유지,171.05408854945563,126.97252826687128,37.51748342276843,372.66326635,336.11483273,237.20219466,429.97228707,87,미지정,0
278692,1117000000000003968,이촌동 300-194도,도,국유지,36.88225779123604,126.97329850000001,37.518219,316.9517834,253.64956321,191.34285694,324.03052163,175,미지정,1
278692,1117000000000003968,이촌동 300-194도,도,국유지,36.88225779123604,126.97329850000001,37.518219,316.9517834,253.64956321,191.34285694,324.03052163,87,미지정,0
278693,1117000000000003969,이촌동 300-195도,도,국유지,32.064746521413326,126.97327530864955,37.518173035903715,320.63295805,258.5055437,194.13230879,329.40141807,175,미지정,1
278693,1117000000000003969,이촌동 300-195도,도,국유지,32.064746521413326,126.97327530864955,37.518173035903715,320.63295805,258.5055437,194.13230879,329.40141807,87,미지정,0
278694,1117000000000003970,이촌동 300-123도,도,국유지,350.6633630466531,126.97269969739408,37.51781171339433,340.61573045,298.32689933,206.0741943,391.64120079,175,미지정,1
278694,1117000000000003970,이촌동 300-123도,도,국유지,350.6633630466531,126.97269969739408,37.51781171339433,340.61573045,298.32689933,206.0741943,391.64120079,87,미지정,0
278695,1117000000000003971,이촌동 300-202도,도,국유지,35.32243485748768,126.97304150000001,37.517702,361.14095426,309.51520348,228.59591134,384.46673296,175,미지정,1
278695,1117000000000003971,이촌동 300-202도,도,국유지,35.32243485748768,126.97304150000001,37.517702,361.14095426,309.51520348,228.59591134,384.46673296,87,미지정,0
278696,1117000000000003972,이촌동 300-203도,도,국유지,35.24396881554276,126.97301732897179,37.517652067093536,365.69598442,315.02703268,232.76851628,390.2943778,175,미지정,1
278696,1117000000000003972,이촌동 300-203도,도,국유지,35.24396881554276,126.97301732897179,37.517652067093536,365.69598442,315.02703268,232.76851628,390.2943778,87,미지정,0
278697,1117000000000003973,이촌동 300-100도,도,국유지,230.49380567949265,126.97327074485807,37.51762845813733,375.8579734,318.66455771,244.96749372,381.13804282,175,미지정,1
278697,1117000000000003973,이촌동 300-100도,도,국유지,230.49380567949265,126.97327074485807,37.51762845813733,375.8579734,318.66455771,244.96749372,381.13804282,87,미지정,0
278698,1117000000000003974,이촌동 300-170도,도,국유지,62.559359822422266,126.97394127472813,37.51844364779381,333.65881959,242.51133862,215.55004978,273.36875046,175,미지정,1
278698,1117000000000003974,이촌동 300-170도,도,국유지,62.559359822422266,126.97394127472813,37.51844364779381,333.65881959,242.51133862,215.55004978,273.36875046,87,미지정,0
278699,1117000000000003975,이촌동 300-109도,도,국유지,224.21682778839022,126.97365538613688,37.51840870940545,314.40696913,238.60950469,198.03175755,289.19447857,175,미지정,1
278699,1117000000000003975,이촌동 300-109도,도,국유지,224.21682778839022,126.97365538613688,37.51840870940545,314.40696913,238.60950469,198.03175755,289.19447857,87,미지정,0
278700,1117000000000003976,이촌동 300-69도,도,국유지,613.8010940520326,126.97456873802179,37.51842476255636,247.73904744,240.71911641,263.69536341,254.64635223,175,미지정,1
278700,1117000000000003976,이촌동 300-69도,도,국유지,613.8010940520326,126.97456873802179,37.51842476255636,247.73904744,240.71911641,263.69536341,254.64635223,87,미지정,0
278701,1117000000000003977,이촌동 300-106도,도,국유지,216.5743508450687,126.97352565493289,37.51814816889412,333.24734248,264.37728087,210.24454521,319.88404289,175,미지정,1
278701,1117000000000003977,이촌동 300-106도,도,국유지,216.5743508450687,126.97352565493289,37.51814816889412,333.24734248,264.37728087,210.24454521,319.88404289,87,미지정,0
278702,1117000000000003978,이촌동 300-88도,도,국유지,607.3225159029244,126.97444840801057,37.51814961393971,252.06875093,290.39186371,271.00015267,286.94153848,175,미지정,1
278702,1117000000000003978,이촌동 300-88도,도,국유지,607.3225159029244,126.97444840801057,37.51814961393971,252.06875093,290.39186371,271.00015267,286.94153848,87,미지정,0
278703,1117000000000003979,이촌동 300-90도,도,국유지,590.5695445309393,126.97432660607522,37.51793323770836,260.68229612,307.73924558,277.43306248,313.04182898,175,미지정,1
278703,1117000000000003979,이촌동 300-90도,도,국유지,590.5695445309393,126.97432660607522,37.51793323770836,260.68229612,307.73924558,277.43306248,313.04182898,87,미지정,0
278704,1117000000000003980,이촌동 300-96도,도,국유지,576.2626883804332,126.97408873952368,37.51742323192835,285.26712636,354.22369005,303.95267602,373.34203767,175,미지정,1
278704,1117000000000003980,이촌동 300-96도,도,국유지,576.2626883804332,126.97408873952368,37.51742323192835,285.26712636,354.22369005,303.95267602,373.34203767,87,미지정,0
278705,1117000000000003981,이촌동 302-21도,도,국유지,1272.8752905707224,126.97326295157065,37.51736255440786,403.1983247,348.03877576,271.01499363,407.49621507,175,미지정,1
278705,1117000000000003981,이촌동 302-21도,도,국유지,1272.8752905707224,126.97326295157065,37.51736255440786,403.1983247,348.03877576,271.01499363,407.49621507,87,미지정,0
278706,1117000000000003982,이촌동 300-112도,도,국유지,877.1269126122352,126.97370239777916,37.517958919986654,359.20611747,288.10839874,236.3465459,330.90148398,175,미지정,1
278706,1117000000000003982,이촌동 300-112도,도,국유지,877.1269126122352,126.97370239777916,37.517958919986654,359.20611747,288.10839874,236.3465459,330.90148398,87,미지정,0
278707,1117000000000003983,이촌동 300-93도,도,국유지,588.9817481076461,126.97419754479299,37.51767768879245,272.47561021,330.184452,288.85376543,343.51443487,175,미지정,1
278707,1117000000000003983,이촌동 300-93도,도,국유지,588.9817481076461,126.97419754479299,37.51767768879245,272.47561021,330.184452,288.85376543,343.51443487,87,미지정,0
278708,1117000000000003984,이촌동 300-175도,도,국유지,29.572041833773255,126.9739264053307,37.519473227051535,227.05036237,140.47671448,174.50327249,180.75994921,175,미지정,1
278708,1117000000000003984,이촌동 300-175도,도,국유지,29.572041833773255,126.9739264053307,37.519473227051535,227.05036237,140.47671448,174.50327249,180.75994921,87,미지정,0
278709,1117000000000003985,이촌동 300-75도,도,국유지,214.12748669367284,126.97417012800894,37.51944875427664,221.31815161,156.27351983,196.18136425,168.39809466,175,미지정,1
278709,1117000000000003985,이촌동 300-75도,도,국유지,214.12748669367284,126.97417012800894,37.51944875427664,221.31815161,156.27351983,196.18136425,168.39809466,87,미지정,0
278710,1117000000000003986,이촌동 300-78도,도,국유지,219.75977142620832,126.97404142998633,37.51919170003274,252.01725411,171.95404371,189.08926224,197.95348658,175,미지정,1
278710,1117000000000003986,이촌동 300-78도,도,국유지,219.75977142620832,126.97404142998633,37.51919170003274,252.01725411,171.95404371,189.08926224,197.95348658,87,미지정,0
278711,1117000000000003987,이촌동 300-182도,도,국유지,37.416619224473834,126.97369011896333,37.51900175949478,263.94353762,176.7173058,165.80573855,233.66184788,175,미지정,1
278711,1117000000000003987,이촌동 300-182도,도,국유지,37.416619224473834,126.97369011896333,37.51900175949478,263.94353762,176.7173058,165.80573855,233.66184788,87,미지정,0
278712,1117000000000003988,이촌동 300-174도,도,국유지,35.81216528825462,126.973949,37.519519,221.60315474,137.66101688,176.25578505,175.75961344,175,미지정,1
278712,1117000000000003988,이촌동 300-174도,도,국유지,35.81216528825462,126.973949,37.519519,221.60315474,137.66101688,176.25578505,175.75961344,87,미지정,0
278713,1117000000000003989,이촌동 300-178도,도,국유지,35.777956956997514,126.97381930782942,37.519261550299376,252.34421141,155.2295118,168.24897045,204.3438808,175,미지정,1
278713,1117000000000003989,이촌동 300-178도,도,국유지,35.777956956997514,126.97381930782942,37.519261550299376,252.34421141,155.2295118,168.24897045,204.3438808,87,미지정,0
278714,1117000000000003990,이촌동 300-179도,도,국유지,29.454383678734303,126.97379550000002,37.519215,257.91704924,158.82199469,167.33516819,209.59990822,175,미지정,1
278714,1117000000000003990,이촌동 300-179도,도,국유지,29.454383678734303,126.97379550000002,37.519215,257.91704924,158.82199469,167.33516819,209.59990822,87,미지정,0
278715,1117000000000003991,이촌동 300-183도,도,국유지,30.16585536301136,126.9736661911422,37.51895546527891,266.41530437,180.81003291,165.90297244,238.98158456,175,미지정,1
278715,1117000000000003991,이촌동 300-183도,도,국유지,30.16585536301136,126.9736661911422,37.51895546527891,266.41530437,180.81003291,165.90297244,238.98158456,87,미지정,0
278716,1117000000000003992,이촌동 300-81도,도,국유지,225.39271759381518,126.97391480606099,37.51893095708543,283.04072799,191.76425242,187.16469633,228.05076739,175,미지정,1
278716,1117000000000003992,이촌동 300-81도,도,국유지,225.39271759381518,126.97391480606099,37.51893095708543,283.04072799,191.76425242,187.16469633,228.05076739,87,미지정,0
278717,1117000000000003993,이촌동 300-63도,도,국유지,603.5713166485075,126.97483147868844,37.518939154745645,265.31167497,192.36130814,263.68505646,193.464268,175,미지정,1
278717,1117000000000003993,이촌동 300-63도,도,국유지,603.5713166485075,126.97483147868844,37.518939154745645,265.31167497,192.36130814,263.68505646,193.464268,87,미지정,0
278718,1117000000000003994,이촌동 300-84도,도,국유지,223.98587726149708,126.97378540201211,37.51867203106497,313.96127715,213.98117436,190.03206174,258.3316964,175,미지정,1
278718,1117000000000003994,이촌동 300-84도,도,국유지,223.98587726149708,126.97378540201211,37.51867203106497,313.96127715,213.98117436,190.03206174,258.3316964,87,미지정,0
278719,1117000000000003995,이촌동 300-66도,도,국유지,589.3493511718698,126.97469830499226,37.51868141735757,294.76238173,215.8636846,261.75824418,224.12420767,175,미지정,1
278719,1117000000000003995,이촌동 300-66도,도,국유지,589.3493511718698,126.97469830499226,37.51868141735757,294.76238173,215.8636846,261.75824418,224.12420767,87,미지정,0
278720,1117000000000003996,이촌동 300-72도,도,국유지,1085.4396458901465,126.97423545053238,37.51903933960661,262.94295382,195.55012002,209.96154223,202.84315847,175,미지정,1
278720,1117000000000003996,이촌동 300-72도,도,국유지,1085.4396458901465,126.97423545053238,37.51903933960661,262.94295382,195.55012002,209.96154223,202.84315847,87,미지정,0
278721,1117000000000003997,이촌동 301-76도,도,국유지,1502.7776171360165,126.97602507264469,37.52027036920413,147.05962833,98.28941638,367.95581205,70.52288133,175,미지정,1
278721,1117000000000003997,이촌동 301-76도,도,국유지,1502.7776171360165,126.97602507264469,37.52027036920413,147.05962833,98.28941638,367.95581205,70.52288133,87,미지정,0
278722,1117000000000003998,이촌동 301-77도,도,국유지,1473.7342903241515,126.9760085971298,37.52079474311694,105.50799684,145.89835563,383.09339103,59.63224235,175,미지정,1
278722,1117000000000003998,이촌동 301-77도,도,국유지,1473.7342903241515,126.9760085971298,37.52079474311694,105.50799684,145.89835563,383.09339103,59.63224235,87,미지정,0
278723,1117000000000003999,이촌동 300-168 도,도,국유지,574.6935150022618,126.97495500141986,37.519198311878625,236.1013165,172.00798456,268.3091804,162.94251738,175,미지정,1
278723,1117000000000003999,이촌동 300-168 도,도,국유지,574.6935150022618,126.97495500141986,37.519198311878625,236.1013165,172.00798456,268.3091804,162.94251738,87,미지정,0
278724,1117000000000004000,이촌동 300-305도,도,국유지,537.28686546674,126.97734281498458,37.51661347010966,136.19931095,191.46767956,578.3947198,478.71875208,175,미지정,1
278724,1117000000000004000,이촌동 300-305도,도,국유지,537.28686546674,126.97734281498458,37.51661347010966,136.19931095,191.46767956,578.3947198,478.71875208,87,미지정,0
278725,1117000000000004001,이촌동 301-4 도,도,국유지,2450.459302556701,126.97726371150549,37.51879364424024,105.91558251,52.40681957,477.06669414,263.87315263,175,미지정,1
278725,1117000000000004001,이촌동 301-4 도,도,국유지,2450.459302556701,126.97726371150549,37.51879364424024,105.91558251,52.40681957,477.06669414,263.87315263,87,미지정,0
278726,1117000000000004002,이촌동 300-1도,도,국유지,1835.3989054074045,126.97685506595752,37.51803311200716,42.74889702,60.10297545,465.51011949,316.7619243,175,미지정,1
278726,1117000000000004002,이촌동 300-1도,도,국유지,1835.3989054074045,126.97685506595752,37.51803311200716,42.74889702,60.10297545,465.51011949,316.7619243,87,미지정,0
278727,1117000000000004003,이촌동 427도,도,국유지,206.4140831634868,126.97640720159723,37.51666232393718,151.40875538,206.2640476,508.99654617,449.79067035,175,미지정,1
278727,1117000000000004003,이촌동 427도,도,국유지,206.4140831634868,126.97640720159723,37.51666232393718,151.40875538,206.2640476,508.99654617,449.79067035,87,미지정,0
278728,1117000000000004004,이촌동 302-128도,도,국유지,232.11558510246687,126.9760103845948,37.516688253172134,169.65215931,221.31161278,480.46993711,441.0934531,175,미지정,1
278728,1117000000000004004,이촌동 302-128도,도,국유지,232.11558510246687,126.9760103845948,37.516688253172134,169.65215931,221.31161278,480.46993711,441.0934531,87,미지정,0
278729,1117000000000004005,이촌동 302-137도,도,국유지,419.9019504748285,126.97604031987773,37.51655207737663,179.68964189,232.57099209,492.60217363,456.42284184,175,미지정,1
278729,1117000000000004005,이촌동 302-137도,도,국유지,419.9019504748285,126.97604031987773,37.51655207737663,179.68964189,232.57099209,492.60217363,456.42284184,87,미지정,0
278730,1117000000000004006,이촌동 302-35 도,도,국유지,2132.5806114752777,126.97542632019231,37.51673428774014,204.19483116,250.28932616,439.61656209,432.33148034,175,미지정,1
278730,1117000000000004006,이촌동 302-35 도,도,국유지,2132.5806114752777,126.97542632019231,37.51673428774014,204.19483116,250.28932616,439.61656209,432.33148034,87,미지정,0
278731,1117000000000004007,이촌동 300-303도,도,국유지,211.2010629400611,126.97735637073171,37.516883943523034,106.29609875,161.42517951,562.9144978,451.36816898,175,미지정,1
278731,1117000000000004007,이촌동 300-303도,도,국유지,211.2010629400611,126.97735637073171,37.516883943523034,106.29609875,161.42517951,562.9144978,451.36816898,87,미지정,0
278732,1117000000000004008,이촌동 300-307도,도,국유지,364.25810851575807,126.97678341428724,37.516565268204744,147.88469676,204.53085641,541.69104505,468.12096105,175,미지정,1
278732,1117000000000004008,이촌동 300-307도,도,국유지,364.25810851575807,126.97678341428724,37.516565268204744,147.88469676,204.53085641,541.69104505,468.12096105,87,미지정,0
278733,1117000000000004009,이촌동 302-39도,도,국유지,223.65349516645074,126.97646757330877,37.51649938562779,164.88792916,220.61739555,524.70130822,468.58649613,175,미지정,1
278733,1117000000000004009,이촌동 302-39도,도,국유지,223.65349516645074,126.97646757330877,37.51649938562779,164.88792916,220.61739555,524.70130822,468.58649613,87,미지정,0
278734,1117000000000004010,이촌동 302-126도,도,국유지,213.43897390086204,126.976392913782,37.516607063853264,157.35192407,212.34492821,511.94079977,455.54277831,175,미지정,1
278734,1117000000000004010,이촌동 302-126도,도,국유지,213.43897390086204,126.976392913782,37.516607063853264,157.35192407,212.34492821,511.94079977,455.54277831,87,미지정,0
278735,1117000000000004011,이촌동 300-14도,도,국유지,1441.6563943629153,126.97511143911207,37.51824096730244,196.22041069,217.108232,315.60393618,266.03657542,175,미지정,1
278735,1117000000000004011,이촌동 300-14도,도,국유지,1441.6563943629153,126.97511143911207,37.51824096730244,196.22041069,217.108232,315.60393618,266.03657542,87,미지정,0
278736,1117000000000004012,이촌동 413-1도,도,국유지,88.33754060789943,126.97911712985693,37.52023042772256,152.66898967,46.46531008,637.24189752,334.47712256,175,미지정,1
278736,1117000000000004012,이촌동 413-1도,도,국유지,88.33754060789943,126.97911712985693,37.52023042772256,152.66898967,46.46531008,637.24189752,334.47712256,87,미지정,0
278737,1117000000000004013,이촌동 301-142도,도,국유지,203.1805612994358,126.97904792610119,37.52028947003243,153.78429269,45.70603798,631.95752221,327.5950967,175,미지정,1
278737,1117000000000004013,이촌동 301-142도,도,국유지,203.1805612994358,126.97904792610119,37.52028947003243,153.78429269,45.70603798,631.95752221,327.5950967,87,미지정,0
278738,1117000000000004014,이촌동 301-193도,도,국유지,67.99362541176379,126.97896249081288,37.519973341269846,153.07237414,25.69497322,620.96582825,326.09574849,175,미지정,1
278738,1117000000000004014,이촌동 301-193도,도,국유지,67.99362541176379,126.97896249081288,37.519973341269846,153.07237414,25.69497322,620.96582825,326.09574849,87,미지정,0
278739,1117000000000004015,이촌동 301-197도,도,국유지,39.65822967514396,126.97669981453079,37.51968985889825,211.53942444,11.31024367,419.54325383,157.34777671,175,미지정,1
278739,1117000000000004015,이촌동 301-197도,도,국유지,39.65822967514396,126.97669981453079,37.51968985889825,211.53942444,11.31024367,419.54325383,157.34777671,87,미지정,0
278740,1117000000000004016,이촌동 301-196도,도,국유지,52.629221234004945,126.97652211965574,37.51933925975639,179.21563078,43.09724721,404.45203736,175.87402459,175,미지정,1
278740,1117000000000004016,이촌동 301-196도,도,국유지,52.629221234004945,126.97652211965574,37.51933925975639,179.21563078,43.09724721,404.45203736,175.87402459,87,미지정,0
278741,1117000000000004017,이촌동 301-7도,도,국유지,7064.8909785511205,126.97900076290401,37.51948151770095,105.70945444,64.83033218,622.82759176,345.5856296,175,미지정,1
278741,1117000000000004017,이촌동 301-7도,도,국유지,7064.8909785511205,126.97900076290401,37.51948151770095,105.70945444,64.83033218,622.82759176,345.5856296,87,미지정,0
278742,1117000000000004018,이촌동 412-1도,도,국유지,238.85497110662982,126.97700136656466,37.52030069674876,213.85209412,74.1908732,453.27722435,149.02987196,175,미지정,1
278742,1117000000000004018,이촌동 412-1도,도,국유지,238.85497110662982,126.97700136656466,37.52030069674876,213.85209412,74.1908732,453.27722435,149.02987196,87,미지정,0
278743,1117000000000004019,이촌동 301-188도,도,국유지,80.23970427270979,126.97838193904377,37.51878963815521,123.1228195,98.94220378,574.63458208,335.7622447,175,미지정,1
278743,1117000000000004019,이촌동 301-188도,도,국유지,80.23970427270979,126.97838193904377,37.51878963815521,123.1228195,98.94220378,574.63458208,335.7622447,87,미지정,0
278744,1117000000000004020,이촌동 301-159 도,도,국유지,66.0036272352445,126.97941669629849,37.517988016847525,90.79692195,180.9625085,682.53811326,462.72802447,175,미지정,1
278744,1117000000000004020,이촌동 301-159 도,도,국유지,66.0036272352445,126.97941669629849,37.517988016847525,90.79692195,180.9625085,682.53811326,462.72802447,87,미지정,0
278745,1117000000000004021,이촌동 300-12도,도,국유지,1414.290580943867,126.97884597198131,37.51767897368452,144.89028694,145.92811024,644.27244134,449.2469795,175,미지정,1
278745,1117000000000004021,이촌동 300-12도,도,국유지,1414.290580943867,126.97884597198131,37.51767897368452,144.89028694,145.92811024,644.27244134,449.2469795,87,미지정,0
278746,1117000000000004022,이촌동 300-314도,도,국유지,134.61903296224773,126.9788885047619,37.5169581462585,173.09796232,200.88670828,678.00739913,512.78190069,175,미지정,1
278746,1117000000000004022,이촌동 300-314도,도,국유지,134.61903296224773,126.9788885047619,37.5169581462585,173.09796232,200.88670828,678.00739913,512.78190069,87,미지정,0
278747,1117000000000004023,이촌동 436-1 도,도,국유지,799.3418898416567,126.97921946919277,37.51747143374371,150.65850899,186.0751103,683.0861098,488.7125166,175,미지정,1
278747,1117000000000004023,이촌동 436-1 도,도,국유지,799.3418898416567,126.97921946919277,37.51747143374371,150.65850899,186.0751103,683.0861098,488.7125166,87,미지정,0
278748,1117000000000004024,이촌동 300-308도,도,국유지,2873.0887940819375,126.97960122645833,37.516412926767885,163.63903448,287.93429418,761.35298074,599.2678452,175,미지정,1
278748,1117000000000004024,이촌동 300-308도,도,국유지,2873.0887940819375,126.97960122645833,37.516412926767885,163.63903448,287.93429418,761.35298074,599.2678452,87,미지정,0
278749,1117000000000004025,이촌동 300-309 도,도,국유지,9275.702442029724,126.97925922817214,37.516310608421634,195.25405631,277.71597644,740.13304954,590.04935382,175,미지정,1
278749,1117000000000004025,이촌동 300-309 도,도,국유지,9275.702442029724,126.97925922817214,37.516310608421634,195.25405631,277.71597644,740.13304954,590.04935382,87,미지정,0
278750,1117000000000004026,이촌동 301-262 도,도,국유지,602.7815509410575,126.9810033979914,37.51967407045542,161.4058563,28.59508955,799.86527907,509.43893822,175,미지정,1
278750,1117000000000004026,이촌동 301-262 도,도,국유지,602.7815509410575,126.9810033979914,37.51967407045542,161.4058563,28.59508955,799.86527907,509.43893822,87,미지정,0
278751,1117000000000004027,이촌동 413-2도,도,국유지,181.876638473419,126.98078698284513,37.51959736370503,129.46045244,42.93992544,780.65834445,492.65214938,175,미지정,1
278751,1117000000000004027,이촌동 413-2도,도,국유지,181.876638473419,126.98078698284513,37.51959736370503,129.46045244,42.93992544,780.65834445,492.65214938,87,미지정,0
278752,1117000000000004028,이촌동 301-198도,도,국유지,65.95822751475498,126.98072114191147,37.519489942952774,116.89437309,48.02046698,774.88600029,489.93441892,175,미지정,1
278752,1117000000000004028,이촌동 301-198도,도,국유지,65.95822751475498,126.98072114191147,37.519489942952774,116.89437309,48.02046698,774.88600029,489.93441892,87,미지정,0
278753,1117000000000004029,이촌동 301-186도,도,국유지,28.885176463867538,126.98059892142213,37.51962077807972,120.62954012,59.75447502,764.04745214,475.88037041,175,미지정,1
278753,1117000000000004029,이촌동 301-186도,도,국유지,28.885176463867538,126.98059892142213,37.51962077807972,120.62954012,59.75447502,764.04745214,475.88037041,87,미지정,0
278754,1117000000000004030,이촌동 301-187도,도,국유지,186.11968148028245,126.98022302853788,37.519160491960555,60.00948232,100.23784333,732.22263276,459.21090341,175,미지정,1
278754,1117000000000004030,이촌동 301-187도,도,국유지,186.11968148028245,126.98022302853788,37.519160491960555,60.00948232,100.23784333,732.22263276,459.21090341,87,미지정,0
278755,1117000000000004031,이촌동 301-163도,도,국유지,7829.323752381955,126.98116839377214,37.517917113798894,76.68839783,178.13766064,834.82293003,594.68975006,175,미지정,1
278755,1117000000000004031,이촌동 301-163도,도,국유지,7829.323752381955,126.98116839377214,37.517917113798894,76.68839783,178.13766064,834.82293003,594.68975006,87,미지정,0
278756,1117000000000004032,이촌동 301-168도,도,국유지,251.65393530763686,126.9828649725515,37.517361248700354,96.64692905,278.35471582,995.0778731,755.61034687,175,미지정,1
278756,1117000000000004032,이촌동 301-168도,도,국유지,251.65393530763686,126.9828649725515,37.517361248700354,96.64692905,278.35471582,995.0778731,755.61034687,87,미지정,0
278757,1117000000000004033,이촌동 301-166도,도,국유지,143.7134665501071,126.98286937903097,37.51760793982841,99.56555953,255.38045967,989.06271814,743.20239886,175,미지정,1
278757,1117000000000004033,이촌동 301-166도,도,국유지,143.7134665501071,126.98286937903097,37.51760793982841,99.56555953,255.38045967,989.06271814,743.20239886,87,미지정,0
278758,1117000000000004034,이촌동 301-167 도,도,국유지,24.730672810866963,126.98286386252725,37.51751438616676,97.90434427,263.81160185,990.92832954,747.51271368,175,미지정,1
278758,1117000000000004034,이촌동 301-167 도,도,국유지,24.730672810866963,126.98286386252725,37.51751438616676,97.90434427,263.81160185,990.92832954,747.51271368,87,미지정,0
278759,1117000000000004035,이촌동 300-312도,도,국유지,200.99781319871545,126.98186715089905,37.51623044362542,127.65033594,369.02576054,951.40102515,754.04711619,175,미지정,1
278759,1117000000000004035,이촌동 300-312도,도,국유지,200.99781319871545,126.98186715089905,37.51623044362542,127.65033594,369.02576054,951.40102515,754.04711619,87,미지정,0
278760,1117000000000004036,이촌동 301-157도,도,국유지,649.0541015781928,126.9824900225138,37.51952150300822,246.71266901,108.47183178,931.22277062,641.59689053,175,미지정,1
278760,1117000000000004036,이촌동 301-157도,도,국유지,649.0541015781928,126.9824900225138,37.51952150300822,246.71266901,108.47183178,931.22277062,641.59689053,87,미지정,0
278761,1117000000000004037,용산동6가 301-265 도,도,국유지,706.8918846568558,126.98178539580874,37.51964281909726,195.54226616,48.13920128,868.95090305,577.88179561,122,미지정,1
278762,1117000000000004038,이촌동 301-6도,도,국유지,319.8066710792482,126.98139648677711,37.51978381824922,163.7487301,31.53089478,834.86623525,541.23121183,175,미지정,1
278762,1117000000000004038,이촌동 301-6도,도,국유지,319.8066710792482,126.98139648677711,37.51978381824922,163.7487301,31.53089478,834.86623525,541.23121183,87,미지정,0
278763,1117000000000004039,이촌동 302-30도,도,국유지,11399.092329644656,126.96679720608445,37.520184904243244,129.91338276,93.80153997,166.05801571,463.99567025,175,미지정,1
278763,1117000000000004039,이촌동 302-30도,도,국유지,11399.092329644656,126.96679720608445,37.520184904243244,129.91338276,93.80153997,166.05801571,463.99567025,87,미지정,0
278764,1117000000000004040,이촌동 302-85도,도,국유지,494.5947200912051,126.96473811179878,37.52116230584237,101.51799612,316.14408655,366.53126391,449.87895678,175,미지정,1
278764,1117000000000004040,이촌동 302-85도,도,국유지,494.5947200912051,126.96473811179878,37.52116230584237,101.51799612,316.14408655,366.53126391,449.87895678,87,미지정,0
278765,1117000000000004041,이촌동 302-159도,도,국유지,14.098742429167032,126.96327207863605,37.52192414091858,243.61241307,214.15267181,517.65046961,398.40485616,175,미지정,1
278765,1117000000000004041,이촌동 302-159도,도,국유지,14.098742429167032,126.96327207863605,37.52192414091858,243.61241307,214.15267181,517.65046961,398.40485616,87,미지정,0
278766,1117000000000004042,이촌동 302-199도,도,국유지,43.512901364068966,126.96323167515972,37.521866445621946,250.38542618,220.91665725,518.52535401,405.70703006,175,미지정,1
278766,1117000000000004042,이촌동 302-199도,도,국유지,43.512901364068966,126.96323167515972,37.521866445621946,250.38542618,220.91665725,518.52535401,405.70703006,87,미지정,0
278767,1117000000000004043,이촌동 302-204도,도,국유지,74.53131710813614,126.96314744919812,37.52175669119551,263.44503316,233.97122594,521.08130178,419.86809993,175,미지정,1
278767,1117000000000004043,이촌동 302-204도,도,국유지,74.53131710813614,126.96314744919812,37.52175669119551,263.44503316,233.97122594,521.08130178,419.86809993,87,미지정,0
278768,1117000000000004044,이촌동 302-84 도,도,국유지,746.9808324412443,126.96350134104777,37.52189592425955,245.35732545,216.09638865,497.76967345,393.54894742,175,미지정,1
278768,1117000000000004044,이촌동 302-84 도,도,국유지,746.9808324412443,126.96350134104777,37.52189592425955,245.35732545,216.09638865,497.76967345,393.54894742,87,미지정,0
278769,1117000000000004045,이촌동 302-202 도,도,국유지,540.082880217582,126.96229976813056,37.522108114943144,248.71676234,221.0494454,604.99354638,423.58601467,175,미지정,1
278769,1117000000000004045,이촌동 302-202 도,도,국유지,540.082880217582,126.96229976813056,37.522108114943144,248.71676234,221.0494454,604.99354638,423.58601467,87,미지정,0
278770,1117000000000004046,이촌동 301-261 도,도,국유지,164.81819973140955,126.96230483266858,37.522559882254896,205.03384575,178.80838739,624.58594931,383.7234992,175,미지정,1
278770,1117000000000004046,이촌동 301-261 도,도,국유지,164.81819973140955,126.96230483266858,37.522559882254896,205.03384575,178.80838739,624.58594931,383.7234992,87,미지정,0
278771,1117000000000004047,이촌동 301-8도,도,국유지,950.0090443779482,126.96265187861829,37.522406433786536,205.49331807,177.25109516,589.56226301,378.57588222,175,미지정,1
278771,1117000000000004047,이촌동 301-8도,도,국유지,950.0090443779482,126.96265187861829,37.522406433786536,205.49331807,177.25109516,589.56226301,378.57588222,87,미지정,0
278772,1117000000000004048,이촌동 309-9도,도,국유지,85.97973355883732,126.96134102158575,37.522870321998454,240.390031,221.43847652,716.32816813,421.36509899,175,미지정,1
278772,1117000000000004048,이촌동 309-9도,도,국유지,85.97973355883732,126.96134102158575,37.522870321998454,240.390031,221.43847652,716.32816813,421.36509899,87,미지정,0
278773,1117000000000004049,이촌동 297-12도,도,국유지,67.78514168225229,126.96160960298162,37.52274062136343,230.5012457,209.12297428,688.72362598,412.31768354,175,미지정,1
278773,1117000000000004049,이촌동 297-12도,도,국유지,67.78514168225229,126.96160960298162,37.52274062136343,230.5012457,209.12297428,688.72362598,412.31768354,87,미지정,0
278774,1117000000000004050,이촌동 191도,도,국유지,2489.645159359381,126.96088646105133,37.52273986572852,281.86873912,263.67312093,747.14242367,462.14436622,175,미지정,1
278774,1117000000000004050,이촌동 191도,도,국유지,2489.645159359381,126.96088646105133,37.52273986572852,281.86873912,263.67312093,747.14242367,462.14436622,87,미지정,0
278775,1117000000000004051,이촌동 191-1도,도,국유지,402.02111818967387,126.96067494155113,37.52274914954282,297.27833407,270.31064673,764.79780979,476.75007268,175,미지정,1
278775,1117000000000004051,이촌동 191-1도,도,국유지,402.02111818967387,126.96067494155113,37.52274914954282,297.27833407,270.31064673,764.79780979,476.75007268,87,미지정,0
278776,1117000000000004052,이촌동 196-13도,도,국유지,13.681517355144024,126.95842758348275,37.52332996928409,463.06026759,103.20078469,1035.68933452,625.4249038,175,미지정,1
278776,1117000000000004052,이촌동 196-13도,도,국유지,13.681517355144024,126.95842758348275,37.52332996928409,463.06026759,103.20078469,1035.68933452,625.4249038,87,미지정,0
278777,1117000000000004053,이촌동 400-1도,도,국유지,279.7957137096673,126.95769446253597,37.52348023468394,475.77693055,99.43171103,1031.94577414,682.00479185,175,미지정,1
278777,1117000000000004053,이촌동 400-1도,도,국유지,279.7957137096673,126.95769446253597,37.52348023468394,475.77693055,99.43171103,1031.94577414,682.00479185,87,미지정,0
278778,1117000000000004054,이촌동 401-1도,도,국유지,195.16185530554503,126.95910340553985,37.523138591494074,409.5621631,143.88187919,1048.77273868,577.54132378,175,미지정,1
278778,1117000000000004054,이촌동 401-1도,도,국유지,195.16185530554503,126.95910340553985,37.523138591494074,409.5621631,143.88187919,1048.77273868,577.54132378,87,미지정,0
278779,1117000000000004055,이촌동 411-1도,도,국유지,270.9269892917946,126.95771452060212,37.52357177150895,468.76633646,89.86116696,1021.64878861,677.51343436,175,미지정,1
278779,1117000000000004055,이촌동 411-1도,도,국유지,270.9269892917946,126.95771452060212,37.52357177150895,468.76633646,89.86116696,1021.64878861,677.51343436,87,미지정,0
278780,1117000000000004056,이태원동 20-58도,도,국유지,40.873746391385794,126.99649813648543,37.530880905676234,436.69644648,317.85838834,68.68156248,189.0659692,70,미지정,0
278780,1117000000000004056,이태원동 20-58도,도,국유지,40.873746391385794,126.99649813648543,37.530880905676234,436.69644648,317.85838834,68.68156248,189.0659692,66,미지정,0
278781,1117000000000004057,이태원동 20-112 도,도,국유지,45.258934669196606,126.99626479708105,37.53070755615766,445.76072785,289.76036931,51.72828061,207.63985033,70,미지정,0
278781,1117000000000004057,이태원동 20-112 도,도,국유지,45.258934669196606,126.99626479708105,37.53070755615766,445.76072785,289.76036931,51.72828061,207.63985033,66,미지정,0
278782,1117000000000004058,이태원동 20-100 도,도,국유지,128.4772647692589,126.99665218249152,37.53118646637144,413.07820106,350.01675999,89.0489758,157.32585991,70,미지정,0
278782,1117000000000004058,이태원동 20-100 도,도,국유지,128.4772647692589,126.99665218249152,37.53118646637144,413.07820106,350.01675999,89.0489758,157.32585991,66,미지정,0
278783,1117000000000004059,이태원동 247-27도,도,국유지,651.7988261221908,126.99267605661109,37.54095686682067,136.65642546,180.09269366,53.25160703,464.0985619,70,미지정,0
278783,1117000000000004059,이태원동 247-27도,도,국유지,651.7988261221908,126.99267605661109,37.54095686682067,136.65642546,180.09269366,53.25160703,464.0985619,66,미지정,0
278784,1117000000000004060,이태원동 247-11도,도,국유지,761.153757261578,126.99250141264068,37.54075564637217,141.66952633,155.06513924,36.16753377,474.00996079,70,미지정,0
278784,1117000000000004060,이태원동 247-11도,도,국유지,761.153757261578,126.99250141264068,37.54075564637217,141.66952633,155.06513924,36.16753377,474.00996079,66,미지정,0
278785,1117000000000004061,이태원동 258-469도,도,국유지,22.751461643376388,126.99274218207944,37.540985447079116,139.25937008,184.61520077,56.35500615,464.95543329,70,미지정,0
278785,1117000000000004061,이태원동 258-469도,도,국유지,22.751461643376388,126.99274218207944,37.540985447079116,139.25937008,184.61520077,56.35500615,464.95543329,66,미지정,0
278786,1117000000000004062,이태원동 214-8도,도,국유지,106.95268383435905,126.99087872426287,37.53908377264181,181.3426839,5.73103046,224.30396688,396.87082919,70,미지정,0
278786,1117000000000004062,이태원동 214-8도,도,국유지,106.95268383435905,126.99087872426287,37.53908377264181,181.3426839,5.73103046,224.30396688,396.87082919,66,미지정,0
278787,1117000000000004063,이태원동 224-65 도,도,국유지,172.41363206971437,126.9901397675087,37.5389159113804,114.64409324,70.97345027,286.17938694,345.49202139,70,미지정,0
278787,1117000000000004063,이태원동 224-65 도,도,국유지,172.41363206971437,126.9901397675087,37.5389159113804,114.64409324,70.97345027,286.17938694,345.49202139,66,미지정,0
278788,1117000000000004064,이태원동 224-48도,도,국유지,509.8794703029562,126.98980933824224,37.53887999092606,87.97065973,100.39294018,312.1656525,328.40295671,70,미지정,0
278788,1117000000000004064,이태원동 224-48도,도,국유지,509.8794703029562,126.98980933824224,37.53887999092606,87.97065973,100.39294018,312.1656525,328.40295671,66,미지정,0
278789,1117000000000004065,이태원동 15-123 도,도,국유지,23.357539147953503,126.99642783508331,37.531761426431466,348.14174806,406.10987754,116.06957396,91.19617405,70,미지정,0
278789,1117000000000004065,이태원동 15-123 도,도,국유지,23.357539147953503,126.99642783508331,37.531761426431466,348.14174806,406.10987754,116.06957396,91.19617405,66,미지정,0
278790,1117000000000004066,이태원동 15-124 도,도,국유지,276.89675733912736,126.99653894376935,37.531636496805554,365.1084065,377.98995021,110.79239954,106.38644883,70,미지정,0
278790,1117000000000004066,이태원동 15-124 도,도,국유지,276.89675733912736,126.99653894376935,37.531636496805554,365.1084065,377.98995021,110.79239954,106.38644883,66,미지정,0
278791,1117000000000004067,이태원동 20-3도,도,국유지,870.5792298850138,126.99658774606546,37.53149545961794,380.67382362,369.51413311,102.63383072,122.57816725,70,미지정,0
278791,1117000000000004067,이태원동 20-3도,도,국유지,870.5792298850138,126.99658774606546,37.53149545961794,380.67382362,369.51413311,102.63383072,122.57816725,66,미지정,0
278792,1117000000000004068,이태원동 228-17 도,도,국유지,371.69288299418986,126.99281700570897,37.54016161390036,211.33026538,102.62760058,36.24695548,472.0834053,70,미지정,0
278792,1117000000000004068,이태원동 228-17 도,도,국유지,371.69288299418986,126.99281700570897,37.54016161390036,211.33026538,102.62760058,36.24695548,472.0834053,66,미지정,0
278793,1117000000000004069,이태원동 223-22도,도,국유지,476.9374579722644,126.99052970611383,37.53860138810962,135.88489512,60.66919196,284.10887729,335.56765354,70,미지정,0
278793,1117000000000004069,이태원동 223-22도,도,국유지,476.9374579722644,126.99052970611383,37.53860138810962,135.88489512,60.66919196,284.10887729,335.56765354,66,미지정,0
278794,1117000000000004070,이태원동 215-102도,도,국유지,41.512034134357236,126.99094173416825,37.53866827859168,173.02506352,42.16995675,254.82280716,364.54694578,70,미지정,0
278794,1117000000000004070,이태원동 215-102도,도,국유지,41.512034134357236,126.99094173416825,37.53866827859168,173.02506352,42.16995675,254.82280716,364.54694578,66,미지정,0
278795,1117000000000004071,이태원동 303-13도,도,국유지,261.81423016707413,126.98865458435432,37.5386320232163,40.37009444,205.94460056,487.46652885,254.3633603,70,미지정,0
278795,1117000000000004071,이태원동 303-13도,도,국유지,261.81423016707413,126.98865458435432,37.5386320232163,40.37009444,205.94460056,487.46652885,254.3633603,66,미지정,0
278796,1117000000000004072,이태원동 203-24 도,도,국유지,72.23498199786991,126.99185871390095,37.53773564776842,279.17308491,167.38657235,313.66690163,364.61440459,70,미지정,0
278796,1117000000000004072,이태원동 203-24 도,도,국유지,72.23498199786991,126.99185871390095,37.53773564776842,279.17308491,167.38657235,313.66690163,364.61440459,66,미지정,0
278797,1117000000000004073,이태원동 293-4도,도,국유지,190.48357674124418,126.98874791180464,37.538214810280316,31.50919488,214.95879271,431.37294619,214.94435343,70,미지정,0
278797,1117000000000004073,이태원동 293-4도,도,국유지,190.48357674124418,126.98874791180464,37.538214810280316,31.50919488,214.95879271,431.37294619,214.94435343,66,미지정,0
278798,1117000000000004074,이태원동 292-6도,도,국유지,26.96540035045473,126.98879853437614,37.537999098460055,48.89527111,190.90460954,442.22886906,205.24809414,70,미지정,0
278798,1117000000000004074,이태원동 292-6도,도,국유지,26.96540035045473,126.98879853437614,37.537999098460055,48.89527111,190.90460954,442.22886906,205.24809414,66,미지정,0
278799,1117000000000004075,이태원동 289-2도,도,국유지,190.71966898458777,126.98938651540402,37.53797726940287,57.9211424,194.6257508,404.50427622,222.10634875,70,미지정,0
278799,1117000000000004075,이태원동 289-2도,도,국유지,190.71966898458777,126.98938651540402,37.53797726940287,57.9211424,194.6257508,404.50427622,222.10634875,66,미지정,0
278800,1117000000000004076,이태원동 219-1도,도,국유지,29.329377882182598,126.9895433513935,37.53801603901895,63.82837518,167.45207241,391.52069546,232.64876576,70,미지정,0
278800,1117000000000004076,이태원동 219-1도,도,국유지,29.329377882182598,126.9895433513935,37.53801603901895,63.82837518,167.45207241,391.52069546,232.64876576,66,미지정,0
278801,1117000000000004077,이태원동 215-45도,도,국유지,183.67693853995297,126.99031595299512,37.53786671489096,129.83618291,141.74561822,359.15526148,261.89226145,70,미지정,0
278801,1117000000000004077,이태원동 215-45도,도,국유지,183.67693853995297,126.99031595299512,37.53786671489096,129.83618291,141.74561822,359.15526148,261.89226145,66,미지정,0
278802,1117000000000004078,이태원동 215-112도,도,국유지,137.78969313390553,126.9903099109181,37.53783043736504,131.27232961,145.67649158,362.72510195,258.69922966,70,미지정,0
278802,1117000000000004078,이태원동 215-112도,도,국유지,137.78969313390553,126.9903099109181,37.53783043736504,131.27232961,145.67649158,362.72510195,258.69922966,66,미지정,0
278803,1117000000000004079,이태원동 215-107도,도,국유지,119.80426355835516,126.99008730916607,37.537964520926295,106.90022977,141.24013869,363.04040654,256.04518034,70,미지정,0
278803,1117000000000004079,이태원동 215-107도,도,국유지,119.80426355835516,126.99008730916607,37.537964520926295,106.90022977,141.24013869,363.04040654,256.04518034,66,미지정,0
278804,1117000000000004080,이태원동 286-5 잡,잡,국유지,134.56143340840936,126.98896212970793,37.53842543382174,4.9301591,186.77398701,402.44767836,244.37302451,70,미지정,0
278804,1117000000000004080,이태원동 286-5 잡,잡,국유지,134.56143340840936,126.98896212970793,37.53842543382174,4.9301591,186.77398701,402.44767836,244.37302451,66,미지정,0
278805,1117000000000004081,이태원동 229-3 도,도,국유지,685.4106278662803,126.99333274205917,37.54019373396157,237.09372611,135.03688887,62.99326726,566.75829769,70,미지정,0
278805,1117000000000004081,이태원동 229-3 도,도,국유지,685.4106278662803,126.99333274205917,37.54019373396157,237.09372611,135.03688887,62.99326726,566.75829769,66,미지정,0
278806,1117000000000004082,이태원동 229-13도,도,국유지,58.112814121413976,126.99304471578476,37.5400681147495,231.40684367,106.99847929,53.99300627,494.71682838,70,미지정,0
278806,1117000000000004082,이태원동 229-13도,도,국유지,58.112814121413976,126.99304471578476,37.5400681147495,231.40684367,106.99847929,53.99300627,494.71682838,66,미지정,0
278807,1117000000000004083,이태원동 210-5도,도,국유지,1393.9553453256376,126.9920578052625,37.53991930377193,208.70739849,61.14665048,85.02597175,426.53933741,70,미지정,0
278807,1117000000000004083,이태원동 210-5도,도,국유지,1393.9553453256376,126.9920578052625,37.53991930377193,208.70739849,61.14665048,85.02597175,426.53933741,66,미지정,0
278808,1117000000000004084,이태원동 230-15도,도,국유지,78.40781889337813,126.99340162755156,37.539701103917764,282.91592665,112.26505697,105.40389205,541.28905332,70,미지정,0
278808,1117000000000004084,이태원동 230-15도,도,국유지,78.40781889337813,126.99340162755156,37.539701103917764,282.91592665,112.26505697,105.40389205,541.28905332,66,미지정,0
278809,1117000000000004085,이태원동 245-13도,도,국유지,43.47281095851213,126.99370965703972,37.54044983006168,243.3454623,178.81467309,87.88207513,564.49346811,70,미지정,0
278809,1117000000000004085,이태원동 245-13도,도,국유지,43.47281095851213,126.99370965703972,37.54044983006168,243.3454623,178.81467309,87.88207513,564.49346811,66,미지정,0
278810,1117000000000004086,이태원동 245-7도,도,국유지,15.851112394593656,126.99387258168318,37.540372045998346,260.06870508,184.54044519,102.90061847,580.36246946,70,미지정,0
278810,1117000000000004086,이태원동 245-7도,도,국유지,15.851112394593656,126.99387258168318,37.540372045998346,260.06870508,184.54044519,102.90061847,580.36246946,66,미지정,0
278811,1117000000000004087,이태원동 245-9도,도,국유지,137.62787447316805,126.9940720262633,37.54050974416173,266.37939952,207.81190471,119.90266348,580.56592435,70,미지정,0
278811,1117000000000004087,이태원동 245-9도,도,국유지,137.62787447316805,126.9940720262633,37.54050974416173,266.37939952,207.81190471,119.90266348,580.56592435,66,미지정,0
278812,1117000000000004088,이태원동 239-9도,도,국유지,39.04443140607327,126.99412875727505,37.53992166553615,308.89594017,180.99720049,139.30417852,633.31455995,70,미지정,0
278812,1117000000000004088,이태원동 239-9도,도,국유지,39.04443140607327,126.99412875727505,37.53992166553615,308.89594017,180.99720049,139.30417852,633.31455995,66,미지정,0
278813,1117000000000004089,이태원동 243-26도,도,국유지,123.46972705144435,126.99519051304864,37.53982434701092,390.54237155,269.10953987,230.42446779,542.13631425,70,미지정,0
278813,1117000000000004089,이태원동 243-26도,도,국유지,123.46972705144435,126.99519051304864,37.53982434701092,390.54237155,269.10953987,230.42446779,542.13631425,66,미지정,0
278814,1117000000000004090,이태원동 15-14 도,도,국유지,249.03070608479902,126.9963417791193,37.531877171193536,333.21803612,391.8991366,123.52379368,77.82491979,70,미지정,0
278814,1117000000000004090,이태원동 15-14 도,도,국유지,249.03070608479902,126.9963417791193,37.531877171193536,333.21803612,391.8991366,123.52379368,77.82491979,66,미지정,0
278815,1117000000000004091,이태원동 225-3 도,도,국유지,27.097219159360975,126.99036652247361,37.53972290461539,188.96827535,89.72909905,223.9139424,328.04681389,70,미지정,0
278815,1117000000000004091,이태원동 225-3 도,도,국유지,27.097219159360975,126.99036652247361,37.53972290461539,188.96827535,89.72909905,223.9139424,328.04681389,66,미지정,0
278816,1117000000000004092,이태원동 230-14도,도,국유지,27.033476797805633,126.99344338987665,37.53969488165215,285.68819429,115.55964816,108.12285655,544.87084792,70,미지정,0
278816,1117000000000004092,이태원동 230-14도,도,국유지,27.033476797805633,126.99344338987665,37.53969488165215,285.68819429,115.55964816,108.12285655,544.87084792,66,미지정,0
278817,1117000000000004093,이태원동 225-182 도,도,국유지,85.85288800718263,126.99033224278776,37.53966197543559,181.82704399,85.97954978,229.31228635,331.39181353,70,미지정,0
278817,1117000000000004093,이태원동 225-182 도,도,국유지,85.85288800718263,126.99033224278776,37.53966197543559,181.82704399,85.97954978,229.31228635,331.39181353,66,미지정,0
278818,1117000000000004094,이태원동 243-69도,도,국유지,56.99026930634864,126.99510502725185,37.53930067033849,419.26156977,257.14048806,248.31646571,566.3956767,70,미지정,0
278818,1117000000000004094,이태원동 243-69도,도,국유지,56.99026930634864,126.99510502725185,37.53930067033849,419.26156977,257.14048806,248.31646571,566.3956767,66,미지정,0
278819,1117000000000004095,이태원동 243-67도,도,국유지,103.11201201833319,126.99515710514966,37.53947588451293,410.57964249,261.81111517,242.7370564,555.73789487,70,미지정,0
278819,1117000000000004095,이태원동 243-67도,도,국유지,103.11201201833319,126.99515710514966,37.53947588451293,410.57964249,261.81111517,242.7370564,555.73789487,66,미지정,0
278820,1117000000000004096,이태원동 207-22도,도,국유지,219.13596359477378,126.9943966180394,37.538284707169524,405.33313025,229.24653426,285.18098249,655.6306484,70,미지정,0
278820,1117000000000004096,이태원동 207-22도,도,국유지,219.13596359477378,126.9943966180394,37.538284707169524,405.33313025,229.24653426,285.18098249,655.6306484,66,미지정,0
278821,1117000000000004097,이태원동 225-181 도,도,국유지,326.41226875502616,126.99066310902926,37.53971273097535,205.77408705,77.33468247,200.32521706,346.17607576,70,미지정,0
278821,1117000000000004097,이태원동 225-181 도,도,국유지,326.41226875502616,126.99066310902926,37.53971273097535,205.77408705,77.33468247,200.32521706,346.17607576,66,미지정,0
278822,1117000000000004098,이태원동 225-79도,도,국유지,24.53214974142611,126.99064751246168,37.53979613881115,228.56513018,86.59159,197.85122891,338.49152383,70,미지정,0
278822,1117000000000004098,이태원동 225-79도,도,국유지,24.53214974142611,126.99064751246168,37.53979613881115,228.56513018,86.59159,197.85122891,338.49152383,66,미지정,0
278823,1117000000000004099,이태원동 225-49도,도,국유지,410.4271479808958,126.99009777734496,37.53950803453868,155.50396288,89.20900019,255.2085403,332.96689655,70,미지정,0
278823,1117000000000004099,이태원동 225-49도,도,국유지,410.4271479808958,126.99009777734496,37.53950803453868,155.50396288,89.20900019,255.2085403,332.96689655,66,미지정,0
278824,1117000000000004100,이태원동 225-189 도,도,국유지,203.9037104609888,126.98981557970735,37.539568925909,147.36521725,113.86389799,275.47287389,313.92476608,70,미지정,0
278824,1117000000000004100,이태원동 225-189 도,도,국유지,203.9037104609888,126.98981557970735,37.539568925909,147.36521725,113.86389799,275.47287389,313.92476608,66,미지정,0
278825,1117000000000004101,이태원동 225-200 도,도,국유지,130.3270281208679,126.98969300613408,37.53946844094884,132.43648194,118.50080454,289.7091526,318.32773243,70,미지정,0
278825,1117000000000004101,이태원동 225-200 도,도,국유지,130.3270281208679,126.98969300613408,37.53946844094884,132.43648194,118.50080454,289.7091526,318.32773243,66,미지정,0
278826,1117000000000004102,이태원동 225-88 도,도,국유지,35.66529446421191,126.99021009075909,37.53967998496517,176.69112,94.43253117,238.51833489,323.19256502,70,미지정,0
278826,1117000000000004102,이태원동 225-88 도,도,국유지,35.66529446421191,126.99021009075909,37.53967998496517,176.69112,94.43253117,238.51833489,323.19256502,66,미지정,0
278827,1117000000000004103,이태원동 225-193 도,도,국유지,153.43706977937836,126.98942308689999,37.53938753218262,114.88629794,138.0255867,315.18234145,316.05376609,70,미지정,0
278827,1117000000000004103,이태원동 225-193 도,도,국유지,153.43706977937836,126.98942308689999,37.53938753218262,114.88629794,138.0255867,315.18234145,316.05376609,66,미지정,0
278828,1117000000000004104,이태원동 278-2 도,도,국유지,51.433202907268424,126.98944216112012,37.539774073042814,156.57701086,153.8828912,299.69313472,277.99035881,70,미지정,0
278828,1117000000000004104,이태원동 278-2 도,도,국유지,51.433202907268424,126.98944216112012,37.539774073042814,156.57701086,153.8828912,299.69313472,277.99035881,66,미지정,0
278829,1117000000000004105,이태원동 225-248 도,도,국유지,35.62140960432589,126.99061220046812,37.53920514470604,166.96464109,32.72378103,233.51283073,386.67443101,70,미지정,0
278829,1117000000000004105,이태원동 225-248 도,도,국유지,35.62140960432589,126.99061220046812,37.53920514470604,166.96464109,32.72378103,233.51283073,386.67443101,66,미지정,0
278830,1117000000000004106,이태원동 225-70 도,도,국유지,54.851812462322414,126.98935802551263,37.53945774618502,120.72088155,145.80523341,317.63775985,306.62403315,70,미지정,0
278830,1117000000000004106,이태원동 225-70 도,도,국유지,54.851812462322414,126.98935802551263,37.53945774618502,120.72088155,145.80523341,317.63775985,306.62403315,66,미지정,0
278831,1117000000000004107,이태원동 225-188 도,도,국유지,82.05214281054214,126.98953774474994,37.539407373420985,120.5103574,128.97092853,304.98604158,318.2284608,70,미지정,0
278831,1117000000000004107,이태원동 225-188 도,도,국유지,82.05214281054214,126.98953774474994,37.539407373420985,120.5103574,128.97092853,304.98604158,318.2284608,66,미지정,0
278832,1117000000000004108,이태원동 225-265 도,도,국유지,62.355902592651546,126.99037628380786,37.5391663817052,147.20503341,50.28588544,252.88353748,380.01976556,70,미지정,0
278832,1117000000000004108,이태원동 225-265 도,도,국유지,62.355902592651546,126.99037628380786,37.5391663817052,147.20503341,50.28588544,252.88353748,380.01976556,66,미지정,0
278833,1117000000000004109,이태원동 225-250 도,도,국유지,113.78461084701121,126.99043299926726,37.53913850033046,149.63342331,44.67054637,250.62517611,379.92695597,70,미지정,0
278833,1117000000000004109,이태원동 225-250 도,도,국유지,113.78461084701121,126.99043299926726,37.53913850033046,149.63342331,44.67054637,250.62517611,379.92695597,66,미지정,0
278834,1117000000000004110,이태원동 225-249 도,도,국유지,62.49814474210143,126.99055250396296,37.53917949823432,160.98322865,36.05097031,239.43749204,389.3511217,70,미지정,0
278834,1117000000000004110,이태원동 225-249 도,도,국유지,62.49814474210143,126.99055250396296,37.53917949823432,160.98322865,36.05097031,239.43749204,389.3511217,66,미지정,0
278835,1117000000000004111,이태원동 225-251 도,도,국유지,57.72598144412041,126.9908136020674,37.53926309572359,185.50384461,25.83927742,215.5233626,392.55995976,70,미지정,0
278835,1117000000000004111,이태원동 225-251 도,도,국유지,57.72598144412041,126.9908136020674,37.53926309572359,185.50384461,25.83927742,215.5233626,392.55995976,66,미지정,0
278836,1117000000000004112,이태원동 225-258 도,도,국유지,12.751708648342174,126.99082901538459,37.5392307378205,184.86914208,22.0003339,216.73867806,396.20369992,70,미지정,0
278836,1117000000000004112,이태원동 225-258 도,도,국유지,12.751708648342174,126.99082901538459,37.5392307378205,184.86914208,22.0003339,216.73867806,396.20369992,66,미지정,0
278837,1117000000000004113,이태원동 225-224 도,도,국유지,39.85397973173531,126.99092765247352,37.53926135376159,194.1298572,23.67931344,207.8819281,399.16804604,70,미지정,0
278837,1117000000000004113,이태원동 225-224 도,도,국유지,39.85397973173531,126.99092765247352,37.53926135376159,194.1298572,23.67931344,207.8819281,399.16804604,66,미지정,0
278838,1117000000000004114,이태원동 225-165 도,도,국유지,13.472661139210686,126.99098486494358,37.53928029523116,199.56929412,26.30927282,202.67913962,400.87855712,70,미지정,0
278838,1117000000000004114,이태원동 225-165 도,도,국유지,13.472661139210686,126.99098486494358,37.53928029523116,199.56929412,26.30927282,202.67913962,400.87855712,66,미지정,0
278839,1117000000000004115,이태원동 225-162 도,도,국유지,42.732892147265375,126.99103703094993,37.539294331497,204.35711648,29.06138292,198.18592022,402.7643785,70,미지정,0
278839,1117000000000004115,이태원동 225-162 도,도,국유지,42.732892147265375,126.99103703094993,37.539294331497,204.35711648,29.06138292,198.18592022,402.7643785,66,미지정,0
278840,1117000000000004116,이태원동 225-166 도,도,국유지,21.22175181400962,126.99090551305753,37.539284646175176,193.71491156,26.32305825,207.715263,395.93124501,70,미지정,0
278840,1117000000000004116,이태원동 225-166 도,도,국유지,21.22175181400962,126.99090551305753,37.539284646175176,193.71491156,26.32305825,207.715263,395.93124501,66,미지정,0
278841,1117000000000004117,이태원동 226-2 도,도,국유지,1592.6324735458475,126.99131819290079,37.53962902113551,235.21046179,73.23132192,155.37046013,394.01148677,70,미지정,0
278841,1117000000000004117,이태원동 226-2 도,도,국유지,1592.6324735458475,126.99131819290079,37.53962902113551,235.21046179,73.23132192,155.37046013,394.01148677,66,미지정,0
278842,1117000000000004118,이태원동 225-228 도,도,국유지,12.99689868837595,126.99104643396227,37.539328855345914,206.95560218,32.95190761,195.03728798,400.47381442,70,미지정,0
278842,1117000000000004118,이태원동 225-228 도,도,국유지,12.99689868837595,126.99104643396227,37.539328855345914,206.95560218,32.95190761,195.03728798,400.47381442,66,미지정,0
278843,1117000000000004119,이태원동 225-246 도,도,국유지,17.68563993833959,126.99064613643925,37.53920298890737,169.38746958,30.09086251,231.27833777,388.66359224,70,미지정,0
278843,1117000000000004119,이태원동 225-246 도,도,국유지,17.68563993833959,126.99064613643925,37.53920298890737,169.38746958,30.09086251,231.27833777,388.66359224,66,미지정,0
278844,1117000000000004120,이태원동 225-252 도,도,국유지,70.88971364102326,126.9907149894839,37.53922801328353,176.02898036,27.29953008,224.77111068,390.16125546,70,미지정,0
278844,1117000000000004120,이태원동 225-252 도,도,국유지,70.88971364102326,126.9907149894839,37.53922801328353,176.02898036,27.29953008,224.77111068,390.16125546,66,미지정,0
278845,1117000000000004121,이태원동 75-10도,도,국유지,37.89505235850811,126.99157418146518,37.533485530071616,209.2866649,158.69654501,466.87662397,424.55388048,70,미지정,0
278845,1117000000000004121,이태원동 75-10도,도,국유지,37.89505235850811,126.99157418146518,37.533485530071616,209.2866649,158.69654501,466.87662397,424.55388048,66,미지정,0
278846,1117000000000004122,이태원동 672 도,도,국유지,59.319464270956814,126.98747157560977,37.539885251123046,213.32213574,319.08427615,349.93247299,239.31227248,70,미지정,0
278846,1117000000000004122,이태원동 672 도,도,국유지,59.319464270956814,126.98747157560977,37.539885251123046,213.32213574,319.08427615,349.93247299,239.31227248,66,미지정,0
278847,1117000000000004123,이태원동 254-12도,도,국유지,69.11821165354922,126.98975129189432,37.54048447089572,207.53895118,190.22883078,262.00615077,228.57791294,70,미지정,0
278847,1117000000000004123,이태원동 254-12도,도,국유지,69.11821165354922,126.98975129189432,37.54048447089572,207.53895118,190.22883078,262.00615077,228.57791294,66,미지정,0
278848,1117000000000004124,이태원동 225-7도,도,국유지,45.07206075126305,126.99052727167211,37.539749827674996,200.48701303,85.47535763,209.63704069,335.04863101,70,미지정,0
278848,1117000000000004124,이태원동 225-7도,도,국유지,45.07206075126305,126.99052727167211,37.539749827674996,200.48701303,85.47535763,209.63704069,335.04863101,66,미지정,0
278849,1117000000000004125,이태원동 225-180 도,도,국유지,58.328863805159926,126.99040001193981,37.539746899240455,192.90478829,90.4084506,220.17667607,327.90620719,70,미지정,0
278849,1117000000000004125,이태원동 225-180 도,도,국유지,58.328863805159926,126.99040001193981,37.539746899240455,192.90478829,90.4084506,220.17667607,327.90620719,66,미지정,0
278850,1117000000000004126,이태원동 255-69도,도,국유지,281.78257009526715,126.98963621868131,37.54076762952455,196.20622708,222.28286337,283.31402513,199.04375492,70,미지정,0
278850,1117000000000004126,이태원동 255-69도,도,국유지,281.78257009526715,126.98963621868131,37.54076762952455,196.20622708,222.28286337,283.31402513,199.04375492,66,미지정,0
278851,1117000000000004127,이태원동 225-82도,도,국유지,42.521692057373,126.99010573487118,37.539924568358316,194.33988806,121.30045905,238.72240458,296.12966176,70,미지정,0
278851,1117000000000004127,이태원동 225-82도,도,국유지,42.521692057373,126.99010573487118,37.539924568358316,194.33988806,121.30045905,238.72240458,296.12966176,66,미지정,0
278852,1117000000000004128,이태원동 252-10도,도,국유지,290.7897565960884,126.99051016752964,37.53998557636629,213.40489604,110.34277039,202.45814823,314.96029881,70,미지정,0
278852,1117000000000004128,이태원동 252-10도,도,국유지,290.7897565960884,126.99051016752964,37.53998557636629,213.40489604,110.34277039,202.45814823,314.96029881,66,미지정,0
278853,1117000000000004129,이태원동 251-72도,도,국유지,133.98440356971696,126.99102980183508,37.54021825661017,174.09279343,130.20977836,151.77921413,332.87185244,70,미지정,0
278853,1117000000000004129,이태원동 251-72도,도,국유지,133.98440356971696,126.99102980183508,37.54021825661017,174.09279343,130.20977836,151.77921413,332.87185244,66,미지정,0
278854,1117000000000004130,이태원동 254-1도,도,국유지,135.81317796185613,126.98970571345512,37.5404384871443,233.81468049,188.24980485,266.06976474,229.69585567,70,미지정,0
278854,1117000000000004130,이태원동 254-1도,도,국유지,135.81317796185613,126.98970571345512,37.5404384871443,233.81468049,188.24980485,266.06976474,229.69585567,66,미지정,0
278855,1117000000000004131,이태원동 254-13 도,도,국유지,52.5167378410697,126.9896739948948,37.54024783302204,212.67878147,173.10941342,270.04920733,244.34658139,70,미지정,0
278855,1117000000000004131,이태원동 254-13 도,도,국유지,52.5167378410697,126.9896739948948,37.54024783302204,212.67878147,173.10941342,270.04920733,244.34658139,66,미지정,0
278856,1117000000000004132,이태원동 255-47도,도,국유지,320.29141845024424,126.98995095551776,37.54088802463238,165.6917278,221.6384347,248.55770605,212.03691521,70,미지정,0
278856,1117000000000004132,이태원동 255-47도,도,국유지,320.29141845024424,126.98995095551776,37.54088802463238,165.6917278,221.6384347,248.55770605,212.03691521,66,미지정,0
278857,1117000000000004133,이태원동 96-91도,도,국유지,239.4815358389169,126.99402305732832,37.531595347486174,309.8030261,277.74879487,169.79291635,229.91598946,70,미지정,0
278857,1117000000000004133,이태원동 96-91도,도,국유지,239.4815358389169,126.99402305732832,37.531595347486174,309.8030261,277.74879487,169.79291635,229.91598946,66,미지정,0
278858,1117000000000004134,이태원동 404-48도,도,국유지,614.0015371688642,126.98840324277403,37.53536544608378,130.25503947,108.40915556,683.57337505,95.52436245,70,미지정,0
278858,1117000000000004134,이태원동 404-48도,도,국유지,614.0015371688642,126.98840324277403,37.53536544608378,130.25503947,108.40915556,683.57337505,95.52436245,66,미지정,0
278859,1117000000000004135,이태원동 254-34 도,도,국유지,29.38239486468956,126.99034150570299,37.540554972180495,166.32503855,175.0368156,210.01665745,261.80880275,70,미지정,0
278859,1117000000000004135,이태원동 254-34 도,도,국유지,29.38239486468956,126.99034150570299,37.540554972180495,166.32503855,175.0368156,210.01665745,261.80880275,66,미지정,0
278860,1117000000000004136,이태원동 256-1도,도,국유지,374.2592809521593,126.99124779890622,37.540977965160096,87.60925705,196.23432144,141.10966264,308.63058338,70,미지정,0
278860,1117000000000004136,이태원동 256-1도,도,국유지,374.2592809521593,126.99124779890622,37.540977965160096,87.60925705,196.23432144,141.10966264,308.63058338,66,미지정,0
278861,1117000000000004137,이태원동 255-79도,도,국유지,71.38309854269028,126.99010740480935,37.541301360334366,131.44930236,260.33580084,259.97461691,201.74141404,70,미지정,0
278861,1117000000000004137,이태원동 255-79도,도,국유지,71.38309854269028,126.99010740480935,37.541301360334366,131.44930236,260.33580084,259.97461691,201.74141404,66,미지정,0
278862,1117000000000004138,이태원동 255-19도,도,국유지,105.34586470387876,126.98991111654254,37.541293024162016,147.99222138,264.80607925,249.0554153,186.23428411,70,미지정,0
278862,1117000000000004138,이태원동 255-19도,도,국유지,105.34586470387876,126.98991111654254,37.541293024162016,147.99222138,264.80607925,249.0554153,186.23428411,66,미지정,0
278863,1117000000000004139,이태원동 255-21도,도,국유지,463.90439519949723,126.990245872668,37.54128188752513,121.0853581,255.1049627,235.81871766,213.88654305,70,미지정,0
278863,1117000000000004139,이태원동 255-21도,도,국유지,463.90439519949723,126.990245872668,37.54128188752513,121.0853581,255.1049627,235.81871766,213.88654305,66,미지정,0
278864,1117000000000004140,이태원동 251-14도,도,국유지,112.31089785834774,126.99135217625908,37.54078308566229,107.31332634,172.74012233,125.18516661,325.58922381,70,미지정,0
278864,1117000000000004140,이태원동 251-14도,도,국유지,112.31089785834774,126.99135217625908,37.54078308566229,107.31332634,172.74012233,125.18516661,325.58922381,66,미지정,0
278865,1117000000000004141,이태원동 255-59도,도,국유지,17.704704598523676,126.99014188365653,37.54161816435826,119.69396548,293.54218918,238.03767532,193.97734123,70,미지정,0
278865,1117000000000004141,이태원동 255-59도,도,국유지,17.704704598523676,126.99014188365653,37.54161816435826,119.69396548,293.54218918,238.03767532,193.97734123,66,미지정,0
278866,1117000000000004142,이태원동 255-20도,도,국유지,38.82793393731117,126.99003583171235,37.541217066102476,140.95439936,253.25358923,262.6382136,199.80471048,70,미지정,0
278866,1117000000000004142,이태원동 255-20도,도,국유지,38.82793393731117,126.99003583171235,37.541217066102476,140.95439936,253.25358923,262.6382136,199.80471048,66,미지정,0
278867,1117000000000004143,이태원동 255-64도,도,국유지,39.8726242040284,126.99002342353424,37.541085049241495,148.59058212,239.73108937,273.15993815,205.64465545,70,미지정,0
278867,1117000000000004143,이태원동 255-64도,도,국유지,39.8726242040284,126.99002342353424,37.541085049241495,148.59058212,239.73108937,273.15993815,205.64465545,66,미지정,0
278868,1117000000000004144,이태원동 255-86 도,도,국유지,623.9113678006106,126.99050263998247,37.54165794038224,87.51683254,292.07118945,235.38612143,224.40819525,70,미지정,0
278868,1117000000000004144,이태원동 255-86 도,도,국유지,623.9113678006106,126.99050263998247,37.54165794038224,87.51683254,292.07118945,235.38612143,224.40819525,66,미지정,0
278869,1117000000000004145,이태원동 261-110도,도,국유지,2175.97899575904,126.98991002127788,37.54187229067535,140.09273264,326.05505013,204.36314976,169.39403932,70,미지정,0
278869,1117000000000004145,이태원동 261-110도,도,국유지,2175.97899575904,126.98991002127788,37.54187229067535,140.09273264,326.05505013,204.36314976,169.39403932,66,미지정,0
278870,1117000000000004146,이태원동 260-159도,도,국유지,108.48910417803563,126.9903986916505,37.541596373657015,97.56626401,286.64365603,239.46197932,216.66875911,70,미지정,0
278870,1117000000000004146,이태원동 260-159도,도,국유지,108.48910417803563,126.9903986916505,37.541596373657015,97.56626401,286.64365603,239.46197932,216.66875911,66,미지정,0
278871,1117000000000004147,이태원동 255-12도,도,국유지,80.66706241841894,126.99033361681259,37.541306552630516,112.90414938,256.07042595,229.7410307,220.12940018,70,미지정,0
278871,1117000000000004147,이태원동 255-12도,도,국유지,80.66706241841894,126.99033361681259,37.541306552630516,112.90414938,256.07042595,229.7410307,220.12940018,66,미지정,0
278872,1117000000000004148,이태원동 260-235잡,잡,국유지,153.23670759552624,126.9914569680055,37.541465724659936,30.99900461,240.59167634,156.18503654,359.78318627,70,미지정,0
278872,1117000000000004148,이태원동 260-235잡,잡,국유지,153.23670759552624,126.9914569680055,37.541465724659936,30.99900461,240.59167634,156.18503654,359.78318627,66,미지정,0
278873,1117000000000004149,이태원동 260-405도,도,국유지,288.54920730215963,126.99166980382431,37.5411105234073,72.140442,197.67727504,116.07637257,339.01619639,70,미지정,0
278873,1117000000000004149,이태원동 260-405도,도,국유지,288.54920730215963,126.99166980382431,37.5411105234073,72.140442,197.67727504,116.07637257,339.01619639,66,미지정,0
278874,1117000000000004150,이태원동 260-85도,도,국유지,399.5812844145112,126.99123958912155,37.54172639679243,21.9523482,273.8628475,190.30819514,325.33072727,70,미지정,0
278874,1117000000000004150,이태원동 260-85도,도,국유지,399.5812844145112,126.99123958912155,37.54172639679243,21.9523482,273.8628475,190.30819514,325.33072727,66,미지정,0
278875,1117000000000004151,이태원동 255-84도,도,국유지,911.776132232626,126.99108372405425,37.54130683717118,60.20284545,235.4435487,171.07629363,283.17876072,70,미지정,0
278875,1117000000000004151,이태원동 255-84도,도,국유지,911.776132232626,126.99108372405425,37.54130683717118,60.20284545,235.4435487,171.07629363,283.17876072,66,미지정,0
278876,1117000000000004152,이태원동 260-334도,도,국유지,55.29135968501214,126.99137774351016,37.54196443486488,26.30202758,295.87750626,202.97447926,307.75502154,70,미지정,0
278876,1117000000000004152,이태원동 260-334도,도,국유지,55.29135968501214,126.99137774351016,37.54196443486488,26.30202758,295.87750626,202.97447926,307.75502154,66,미지정,0
278877,1117000000000004153,이태원동 260-320 도,도,국유지,116.14430446457118,126.99155852418151,37.54194198240576,22.8647345,289.93284937,191.98711257,318.18826047,70,미지정,0
278877,1117000000000004153,이태원동 260-320 도,도,국유지,116.14430446457118,126.99155852418151,37.54194198240576,22.8647345,289.93284937,191.98711257,318.18826047,66,미지정,0
278878,1117000000000004154,이태원동 260-429도,도,국유지,18.817951335571706,126.99049475336633,37.541765541047695,87.72355448,304.0057211,242.79609731,222.00674024,70,미지정,0
278878,1117000000000004154,이태원동 260-429도,도,국유지,18.817951335571706,126.99049475336633,37.541765541047695,87.72355448,304.0057211,242.79609731,222.00674024,66,미지정,0
278879,1117000000000004155,이태원동 260-333도,도,국유지,30.519584380439483,126.99112870978625,37.54201915956935,43.99180033,307.79454138,221.19992995,291.87856571,70,미지정,0
278879,1117000000000004155,이태원동 260-333도,도,국유지,30.519584380439483,126.99112870978625,37.54201915956935,43.99180033,307.79454138,221.19992995,291.87856571,66,미지정,0
278880,1117000000000004156,이태원동 260-232 잡,잡,국유지,101.9513870049268,126.99072758421528,37.54182079189917,67.65325247,308.24163723,230.40173083,241.87217167,70,미지정,0
278880,1117000000000004156,이태원동 260-232 잡,잡,국유지,101.9513870049268,126.99072758421528,37.54182079189917,67.65325247,308.24163723,230.40173083,241.87217167,66,미지정,0
278881,1117000000000004157,이태원동 260-430도,도,국유지,29.68102911603637,126.99062231157741,37.541803821987216,76.70573459,307.03295956,236.39676191,232.77001155,70,미지정,0
278881,1117000000000004157,이태원동 260-430도,도,국유지,29.68102911603637,126.99062231157741,37.541803821987216,76.70573459,307.03295956,236.39676191,232.77001155,66,미지정,0
278882,1117000000000004158,이태원동 260-475 도,도,국유지,154.91709454008378,126.99132191286772,37.54247871694947,82.8395297,352.54769877,253.92870154,257.09441997,70,미지정,0
278882,1117000000000004158,이태원동 260-475 도,도,국유지,154.91709454008378,126.99132191286772,37.54247871694947,82.8395297,352.54769877,253.92870154,257.09441997,66,미지정,0
278883,1117000000000004159,이태원동 260-302도,도,국유지,624.3924654943985,126.9908409923916,37.54218530243098,75.22236499,333.66193613,251.70854006,264.28000491,70,미지정,0
278883,1117000000000004159,이태원동 260-302도,도,국유지,624.3924654943985,126.9908409923916,37.54218530243098,75.22236499,333.66193613,251.70854006,264.28000491,66,미지정,0
278884,1117000000000004160,이태원동 261-47도,도,국유지,101.33631757413968,126.99013708412782,37.543311712739346,84.59555806,478.3212778,184.83983465,124.92343779,70,미지정,0
278884,1117000000000004160,이태원동 261-47도,도,국유지,101.33631757413968,126.99013708412782,37.543311712739346,84.59555806,478.3212778,184.83983465,124.92343779,66,미지정,0
278885,1117000000000004161,이태원동 261-99도,도,국유지,191.2456800774671,126.9900858466937,37.54331194261803,80.29450665,479.02706295,180.39843929,123.33836891,70,미지정,0
278885,1117000000000004161,이태원동 261-99도,도,국유지,191.2456800774671,126.9900858466937,37.54331194261803,80.29450665,479.02706295,180.39843929,123.33836891,66,미지정,0
278886,1117000000000004162,이태원동 261-100도,도,국유지,77.89904900640249,126.98985421749349,37.5432799290481,62.91015558,479.13850324,159.62745008,121.70620574,70,미지정,0
278886,1117000000000004162,이태원동 261-100도,도,국유지,77.89904900640249,126.98985421749349,37.5432799290481,62.91015558,479.13850324,159.62745008,121.70620574,66,미지정,0
278887,1117000000000004163,이태원동 261-95도,도,국유지,772.4744187812321,126.99006136922713,37.54305173162086,92.03750587,450.87902614,174.98354582,150.34681789,70,미지정,0
278887,1117000000000004163,이태원동 261-95도,도,국유지,772.4744187812321,126.99006136922713,37.54305173162086,92.03750587,450.87902614,174.98354582,150.34681789,66,미지정,0
278888,1117000000000004164,이태원동 181-68 도,도,국유지,372.6670695831999,126.99013644913863,37.535561931570626,21.09609037,139.79968488,591.34700698,185.36760652,70,미지정,0
278888,1117000000000004164,이태원동 181-68 도,도,국유지,372.6670695831999,126.99013644913863,37.535561931570626,21.09609037,139.79968488,591.34700698,185.36760652,66,미지정,0
278889,1117000000000004165,이태원동 260-186도,도,국유지,155.48088908731006,126.99113407382053,37.54241020061191,80.24943433,349.22826826,255.98128701,254.23756411,70,미지정,0
278889,1117000000000004165,이태원동 260-186도,도,국유지,155.48088908731006,126.99113407382053,37.54241020061191,80.24943433,349.22826826,255.98128701,254.23756411,66,미지정,0
278890,1117000000000004166,이태원동 261-104도,도,국유지,45.6584400604479,126.98990199749375,37.5433711820623,62.79752142,488.2710082,165.98820376,112.56412459,70,미지정,0
278890,1117000000000004166,이태원동 261-104도,도,국유지,45.6584400604479,126.98990199749375,37.5433711820623,62.79752142,488.2710082,165.98820376,112.56412459,66,미지정,0
278891,1117000000000004167,이태원동 260-177 도,도,국유지,108.9486113153398,126.99215802391777,37.54258819675894,110.88557619,356.12418523,239.32628774,297.92570923,70,미지정,0
278891,1117000000000004167,이태원동 260-177 도,도,국유지,108.9486113153398,126.99215802391777,37.54258819675894,110.88557619,356.12418523,239.32628774,297.92570923,66,미지정,0
278892,1117000000000004168,이태원동 262-63도,도,국유지,9.935972669394687,126.98976875255015,37.54334680454097,52.82841599,487.94312212,153.90991202,113.31151937,70,미지정,0
278892,1117000000000004168,이태원동 262-63도,도,국유지,9.935972669394687,126.98976875255015,37.54334680454097,52.82841599,487.94312212,153.90991202,113.31151937,66,미지정,0
278893,1117000000000004169,이태원동 262-62도,도,국유지,123.94962569978088,126.98967072654374,37.54330113782279,47.83748993,484.89592806,144.28158456,117.75017774,70,미지정,0
278893,1117000000000004169,이태원동 262-62도,도,국유지,123.94962569978088,126.98967072654374,37.54330113782279,47.83748993,484.89592806,144.28158456,117.75017774,66,미지정,0
278894,1117000000000004170,이태원동 280-5도,도,국유지,127.31483650719747,126.98954622254324,37.539950748950275,177.88077415,157.790967,286.17939423,265.33604234,70,미지정,0
278894,1117000000000004170,이태원동 280-5도,도,국유지,127.31483650719747,126.98954622254324,37.539950748950275,177.88077415,157.790967,286.17939423,265.33604234,66,미지정,0
278895,1117000000000004171,이태원동 260-172도,도,국유지,55.61936530377716,126.99189372900683,37.54278745442789,121.26073357,379.17224158,266.40820227,265.78391115,70,미지정,0
278895,1117000000000004171,이태원동 260-172도,도,국유지,55.61936530377716,126.99189372900683,37.54278745442789,121.26073357,379.17224158,266.40820227,265.78391115,66,미지정,0
278896,1117000000000004172,이태원동 260-287도,도,국유지,114.0737152993679,126.99182867351678,37.54256353329035,95.83931799,354.86775455,244.37625432,278.69734215,70,미지정,0
278896,1117000000000004172,이태원동 260-287도,도,국유지,114.0737152993679,126.99182867351678,37.54256353329035,95.83931799,354.86775455,244.37625432,278.69734215,66,미지정,0
278897,1117000000000004173,이태원동 260-225도,도,국유지,453.92887378297746,126.99079358891721,37.542928117875654,145.00767592,412.90821164,239.73492356,189.56305527,70,미지정,0
278897,1117000000000004173,이태원동 260-225도,도,국유지,453.92887378297746,126.99079358891721,37.542928117875654,145.00767592,412.90821164,239.73492356,189.56305527,66,미지정,0
278898,1117000000000004174,이태원동 261-45도,도,국유지,21.966072189738043,126.99044109845946,37.54335897052914,109.32687768,480.37543871,212.21380809,132.49236407,70,미지정,0
278898,1117000000000004174,이태원동 261-45도,도,국유지,21.966072189738043,126.99044109845946,37.54335897052914,109.32687768,480.37543871,212.21380809,132.49236407,66,미지정,0
278899,1117000000000004175,이태원동 261-11도,도,국유지,524.3307977387449,126.99040038041208,37.5427601638716,135.6423651,414.60933905,206.5791301,190.41116981,70,미지정,0
278899,1117000000000004175,이태원동 261-11도,도,국유지,524.3307977387449,126.99040038041208,37.5427601638716,135.6423651,414.60933905,206.5791301,190.41116981,66,미지정,0
278900,1117000000000004176,이태원동 689도,도,국유지,200.08076849975623,126.98765612061935,37.538467986142095,120.03307693,264.36338749,504.45139385,220.8606482,70,미지정,0
278900,1117000000000004176,이태원동 689도,도,국유지,200.08076849975623,126.98765612061935,37.538467986142095,120.03307693,264.36338749,504.45139385,220.8606482,66,미지정,0
278901,1117000000000004177,이태원동 181-39도,도,국유지,624.9695875768084,126.99015333005804,37.535245062075056,49.03560998,163.48156814,623.4010643,202.92868425,70,미지정,0
278901,1117000000000004177,이태원동 181-39도,도,국유지,624.9695875768084,126.99015333005804,37.535245062075056,49.03560998,163.48156814,623.4010643,202.92868425,66,미지정,0
278902,1117000000000004178,이태원동 261-46도,도,국유지,30.911415815120563,126.990304017452,37.54335455497382,97.57200946,481.11939338,200.23037896,126.75795947,70,미지정,0
278902,1117000000000004178,이태원동 261-46도,도,국유지,30.911415815120563,126.990304017452,37.54335455497382,97.57200946,481.11939338,200.23037896,126.75795947,66,미지정,0
278903,1117000000000004179,이태원동 260-289 도,도,국유지,857.9732189924689,126.99107391839006,37.543650499998094,163.61555225,484.29375679,274.04268707,150.24378581,70,미지정,0
278903,1117000000000004179,이태원동 260-289 도,도,국유지,857.9732189924689,126.99107391839006,37.543650499998094,163.61555225,484.29375679,274.04268707,150.24378581,66,미지정,0
278904,1117000000000004180,이태원동 262-79 도,도,국유지,102.34152334462851,126.9909503692895,37.543416124784365,153.00297344,461.34972227,257.62085222,157.10726637,70,미지정,0
278904,1117000000000004180,이태원동 262-79 도,도,국유지,102.34152334462851,126.9909503692895,37.543416124784365,153.00297344,461.34972227,257.62085222,157.10726637,66,미지정,0
278905,1117000000000004181,이태원동 260-425도,도,국유지,99.56101007759571,126.99103103328248,37.54323724069422,170.56005464,440.37312895,261.90667188,175.95801265,70,미지정,0
278905,1117000000000004181,이태원동 260-425도,도,국유지,99.56101007759571,126.99103103328248,37.54323724069422,170.56005464,440.37312895,261.90667188,175.95801265,66,미지정,0
278906,1117000000000004182,이태원동 261-109도,도,국유지,458.08488970436156,126.99109635647247,37.543353026029735,181.88869639,451.59818902,269.21687029,171.42063464,70,미지정,0
278906,1117000000000004182,이태원동 261-109도,도,국유지,458.08488970436156,126.99109635647247,37.543353026029735,181.88869639,451.59818902,269.21687029,171.42063464,66,미지정,0
278907,1117000000000004183,이태원동 260-179 도,도,국유지,10.90705086349044,126.99139683827937,37.54303978042565,144.03643016,412.33981496,307.28384144,214.42281865,70,미지정,0
278907,1117000000000004183,이태원동 260-179 도,도,국유지,10.90705086349044,126.99139683827937,37.54303978042565,144.03643016,412.33981496,307.28384144,214.42281865,66,미지정,0
278908,1117000000000004184,이태원동 262-88도,도,국유지,17.223540876060724,126.99081996583143,37.543885991647684,145.68891411,514.74397348,261.13427722,117.88246598,70,미지정,0
278908,1117000000000004184,이태원동 262-88도,도,국유지,17.223540876060724,126.99081996583143,37.543885991647684,145.68891411,514.74397348,261.13427722,117.88246598,66,미지정,0
278909,1117000000000004185,이태원동 262-74 도,도,국유지,96.52428559330292,126.99085525180367,37.54404331063916,154.03825176,531.02017494,271.01072847,114.12828882,70,미지정,0
278909,1117000000000004185,이태원동 262-74 도,도,국유지,96.52428559330292,126.99085525180367,37.54404331063916,154.03825176,531.02017494,271.01072847,114.12828882,66,미지정,0
278910,1117000000000004186,이태원동 260-2 도,도,국유지,2768.656844987534,126.9915990344983,37.54284397721213,122.48492336,388.11297883,280.52009592,242.35033841,70,미지정,0
278910,1117000000000004186,이태원동 260-2 도,도,국유지,2768.656844987534,126.9915990344983,37.54284397721213,122.48492336,388.11297883,280.52009592,242.35033841,66,미지정,0
278911,1117000000000004187,이태원동 262-67도,도,국유지,40.66071561042918,126.99075339689622,37.54391290286656,140.84213963,519.06137061,256.85644048,111.28484364,70,미지정,0
278911,1117000000000004187,이태원동 262-67도,도,국유지,40.66071561042918,126.99075339689622,37.54391290286656,140.84213963,519.06137061,256.85644048,111.28484364,66,미지정,0
278912,1117000000000004188,이태원동 262-89도,도,국유지,28.65528809465468,126.99076464504535,37.54378693621998,138.45119297,505.27132373,252.60484096,119.0412559,70,미지정,0
278912,1117000000000004188,이태원동 262-89도,도,국유지,28.65528809465468,126.99076464504535,37.54378693621998,138.45119297,505.27132373,252.60484096,119.0412559,66,미지정,0
278913,1117000000000004189,이태원동 262-68도,도,국유지,152.3884114259854,126.99071865628247,37.54381276241966,135.05901289,509.07481641,249.81511696,114.07414331,70,미지정,0
278913,1117000000000004189,이태원동 262-68도,도,국유지,152.3884114259854,126.99071865628247,37.54381276241966,135.05901289,509.07481641,249.81511696,114.07414331,66,미지정,0
278914,1117000000000004190,이태원동 262-77도,도,국유지,218.95864584110677,126.99062496547732,37.543631622497976,123.89194845,491.94552808,235.36591527,119.73821736,70,미지정,0
278914,1117000000000004190,이태원동 262-77도,도,국유지,218.95864584110677,126.99062496547732,37.543631622497976,123.89194845,491.94552808,235.36591527,119.73821736,66,미지정,0
278915,1117000000000004191,이태원동 261-65도,도,국유지,39.97928093094379,126.99050455070328,37.54348163828918,113.14238886,479.21471194,220.61923952,124.69130697,70,미지정,0
278915,1117000000000004191,이태원동 261-65도,도,국유지,39.97928093094379,126.99050455070328,37.54348163828918,113.14238886,479.21471194,220.61923952,124.69130697,66,미지정,0
278916,1117000000000004192,이태원동 507도,도,국유지,40.34709010645747,126.98904344690246,37.54344914456464,19.58344628,356.81470178,98.45811366,113.64429835,70,미지정,0
278916,1117000000000004192,이태원동 507도,도,국유지,40.34709010645747,126.98904344690246,37.54344914456464,19.58344628,356.81470178,98.45811366,113.64429835,66,미지정,0
278917,1117000000000004193,이태원동 488도,도,국유지,488.90299621608574,126.98904791454508,37.543401840535665,22.66340151,358.59390667,96.25912849,118.17478974,70,미지정,0
278917,1117000000000004193,이태원동 488도,도,국유지,488.90299621608574,126.98904791454508,37.543401840535665,22.66340151,358.59390667,96.25912849,118.17478974,66,미지정,0
278918,1117000000000004194,이태원동 261도,도,국유지,287.2555838988628,126.99024971001428,37.54339799116773,91.90181494,486.47496249,196.55247588,120.2587838,70,미지정,0
278918,1117000000000004194,이태원동 261도,도,국유지,287.2555838988628,126.99024971001428,37.54339799116773,91.90181494,486.47496249,196.55247588,120.2587838,66,미지정,0
278919,1117000000000004195,이태원동 494도,도,국유지,54.99112424743362,126.98930935066441,37.543427991438506,15.17805509,380.13648321,118.36179237,107.34832644,70,미지정,0
278919,1117000000000004195,이태원동 494도,도,국유지,54.99112424743362,126.98930935066441,37.543427991438506,15.17805509,380.13648321,118.36179237,107.34832644,66,미지정,0
278920,1117000000000004196,이태원동 303-33도,도,국유지,472.5758031485602,126.98852448215447,37.53884211286042,64.8412757,213.42768474,463.16995768,272.98795052,70,미지정,0
278920,1117000000000004196,이태원동 303-33도,도,국유지,472.5758031485602,126.98852448215447,37.53884211286042,64.8412757,213.42768474,463.16995768,272.98795052,66,미지정,0
278921,1117000000000004197,이태원동 306-8도,도,국유지,126.23795427009463,126.98822102336271,37.538673174417546,75.95604362,271.19740679,480.42550527,248.41829885,70,미지정,0
278921,1117000000000004197,이태원동 306-8도,도,국유지,126.23795427009463,126.98822102336271,37.538673174417546,75.95604362,271.19740679,480.42550527,248.41829885,66,미지정,0
278922,1117000000000004198,이태원동 305-2도,도,국유지,244.62831054488197,126.98823649266876,37.538754739457616,78.73889823,279.80991083,471.41329707,257.56401702,70,미지정,0
278922,1117000000000004198,이태원동 305-2도,도,국유지,244.62831054488197,126.98823649266876,37.538754739457616,78.73889823,279.80991083,471.41329707,257.56401702,66,미지정,0
278923,1117000000000004199,이태원동 503도,도,국유지,28.199205111712217,126.98909580649277,37.54377775686957,28.01221529,353.69135509,124.35663319,80.01799929,70,미지정,0
278923,1117000000000004199,이태원동 503도,도,국유지,28.199205111712217,126.98909580649277,37.54377775686957,28.01221529,353.69135509,124.35663319,80.01799929,66,미지정,0
278924,1117000000000004200,이태원동 506도,도,국유지,30.0873432867229,126.98904433039934,37.543734730888346,26.27020983,350.00097758,117.7676903,91.86890684,70,미지정,0
278924,1117000000000004200,이태원동 506도,도,국유지,30.0873432867229,126.98904433039934,37.543734730888346,26.27020983,350.00097758,117.7676903,91.86890684,66,미지정,0
278925,1117000000000004201,이태원동 276-15도,도,국유지,18.328201424796134,126.98861972651859,37.53898818526447,73.37466997,203.89104865,447.83178077,290.91645305,70,미지정,0
278925,1117000000000004201,이태원동 276-15도,도,국유지,18.328201424796134,126.98861972651859,37.53898818526447,73.37466997,203.89104865,447.83178077,290.91645305,66,미지정,0
278926,1117000000000004202,이태원동 262-39 도,도,국유지,89.21703618956963,126.98954266648342,37.5440769942832,65.00241927,400.74745502,175.8733095,32.44834913,70,미지정,0
278926,1117000000000004202,이태원동 262-39 도,도,국유지,89.21703618956963,126.98954266648342,37.5440769942832,65.00241927,400.74745502,175.8733095,32.44834913,66,미지정,0
278927,1117000000000004203,이태원동 685도,도,국유지,5836.840338946029,126.98721712721105,37.538986227777706,171.22347468,332.77592839,452.03926733,281.26021004,70,미지정,0
278927,1117000000000004203,이태원동 685도,도,국유지,5836.840338946029,126.98721712721105,37.538986227777706,171.22347468,332.77592839,452.03926733,281.26021004,66,미지정,0
278928,1117000000000004204,이태원동 496도,도,국유지,606.4245271006366,126.98686613100413,37.53834003653202,189.79152656,287.45558092,528.29452547,218.57901405,70,미지정,0
278928,1117000000000004204,이태원동 496도,도,국유지,606.4245271006366,126.98686613100413,37.53834003653202,189.79152656,287.45558092,528.29452547,218.57901405,66,미지정,0
278929,1117000000000004205,이태원동 262-41도,도,국유지,521.3205749874469,126.99004289170058,37.54402580185824,89.50479527,440.78032678,207.29195231,52.32329552,70,미지정,0
278929,1117000000000004205,이태원동 262-41도,도,국유지,521.3205749874469,126.99004289170058,37.54402580185824,89.50479527,440.78032678,207.29195231,52.32329552,66,미지정,0
278930,1117000000000004206,이태원동 165-15도,도,국유지,16.739871439756826,126.9905690465866,37.53557538158024,57.65042739,171.92271279,576.27591796,220.6109573,70,미지정,0
278930,1117000000000004206,이태원동 165-15도,도,국유지,16.739871439756826,126.9905690465866,37.53557538158024,57.65042739,171.92271279,576.27591796,220.6109573,66,미지정,0
278931,1117000000000004207,이태원동 262-72도,도,국유지,625.4159902468091,126.99077736439344,37.54416072640565,152.96026359,545.27326408,270.75328072,104.05767808,70,미지정,0
278931,1117000000000004207,이태원동 262-72도,도,국유지,625.4159902468091,126.99077736439344,37.54416072640565,152.96026359,545.27326408,270.75328072,104.05767808,66,미지정,0
278932,1117000000000004208,이태원동 262-71도,도,국유지,3760.5880036769668,126.99089278015984,37.544447585820535,177.87549032,574.16867911,295.77617799,112.25055033,70,미지정,0
278932,1117000000000004208,이태원동 262-71도,도,국유지,3760.5880036769668,126.99089278015984,37.544447585820535,177.87549032,574.16867911,295.77617799,112.25055033,66,미지정,0
278933,1117000000000004209,이태원동 258-486 도,도,국유지,19.583063669037074,126.99305986526421,37.54171290241255,139.04671924,269.95006346,140.37672751,422.42328273,70,미지정,0
278933,1117000000000004209,이태원동 258-486 도,도,국유지,19.583063669037074,126.99305986526421,37.54171290241255,139.04671924,269.95006346,140.37672751,422.42328273,66,미지정,0
278934,1117000000000004210,이태원동 258-409도,도,국유지,117.76294843724463,126.99286690581097,37.54181998845022,122.24204474,277.23712585,149.5277767,401.91975428,70,미지정,0
278934,1117000000000004210,이태원동 258-409도,도,국유지,117.76294843724463,126.99286690581097,37.54181998845022,122.24204474,277.23712585,149.5277767,401.91975428,66,미지정,0
278935,1117000000000004211,이태원동 258-497 도,도,국유지,18.479563142638654,126.99263138428874,37.54164361995754,101.74817844,254.18389449,129.571752,401.84666046,70,미지정,0
278935,1117000000000004211,이태원동 258-497 도,도,국유지,18.479563142638654,126.99263138428874,37.54164361995754,101.74817844,254.18389449,129.571752,401.84666046,66,미지정,0
278936,1117000000000004212,이태원동 262-32 도,도,국유지,20.92112868418917,126.99018019971868,37.54463371073605,147.02511257,420.0513161,259.28980264,57.45492342,70,미지정,0
278936,1117000000000004212,이태원동 262-32 도,도,국유지,20.92112868418917,126.99018019971868,37.54463371073605,147.02511257,420.0513161,259.28980264,57.45492342,66,미지정,0
278937,1117000000000004213,이태원동 262-29 도,도,국유지,253.38694978132844,126.99025580045677,37.544875139989934,173.09653399,416.43851014,283.17113899,79.59789367,70,미지정,0
278937,1117000000000004213,이태원동 262-29 도,도,국유지,253.38694978132844,126.99025580045677,37.544875139989934,173.09653399,416.43851014,283.17113899,79.59789367,66,미지정,0
278938,1117000000000004214,이태원동 262-52 도,도,국유지,302.4582856371999,126.99015404909687,37.54477084778027,158.53139289,412.09485333,268.56945603,65.05290581,70,미지정,0
278938,1117000000000004214,이태원동 262-52 도,도,국유지,302.4582856371999,126.99015404909687,37.54477084778027,158.53139289,412.09485333,268.56945603,65.05290581,66,미지정,0
278939,1117000000000004215,이태원동 262-73도,도,국유지,2972.5293695912696,126.9903535614802,37.54531137893851,219.58043852,411.17470077,325.68697169,81.12574723,70,미지정,0
278939,1117000000000004215,이태원동 262-73도,도,국유지,2972.5293695912696,126.9903535614802,37.54531137893851,219.58043852,411.17470077,325.68697169,81.12574723,66,미지정,0
278940,1117000000000004216,이태원동 258-398도,도,국유지,48.23899242607877,126.99253339836652,37.54184526569066,93.15712824,275.25936962,152.59131838,379.415713,70,미지정,0
278940,1117000000000004216,이태원동 258-398도,도,국유지,48.23899242607877,126.99253339836652,37.54184526569066,93.15712824,275.25936962,152.59131838,379.415713,66,미지정,0
278941,1117000000000004217,이태원동 258-488 도,도,국유지,48.74430621927604,126.99334962135694,37.541628387664744,165.11087173,269.56143209,139.41034724,447.47785142,70,미지정,0
278941,1117000000000004217,이태원동 258-488 도,도,국유지,48.74430621927604,126.99334962135694,37.541628387664744,165.11087173,269.56143209,139.41034724,447.47785142,66,미지정,0
278942,1117000000000004218,이태원동 258-491 도,도,국유지,41.13766165729612,126.99343267048161,37.54162947321571,172.4202636,272.52974275,142.62547295,452.82015809,70,미지정,0
278942,1117000000000004218,이태원동 258-491 도,도,국유지,41.13766165729612,126.99343267048161,37.54162947321571,172.4202636,272.52974275,142.62547295,452.82015809,66,미지정,0
278943,1117000000000004219,이태원동 258-487 도,도,국유지,29.587923949584365,126.99334785292005,37.541663532515614,164.69751164,273.11868289,142.9298255,444.72724956,70,미지정,0
278943,1117000000000004219,이태원동 258-487 도,도,국유지,29.587923949584365,126.99334785292005,37.541663532515614,164.69751164,273.11868289,142.9298255,444.72724956,66,미지정,0
278944,1117000000000004220,이태원동 258-436도,도,국유지,68.37131850537844,126.99218860394997,37.541855760442814,63.23357933,274.81688572,159.84504897,358.58543886,70,미지정,0
278944,1117000000000004220,이태원동 258-436도,도,국유지,68.37131850537844,126.99218860394997,37.541855760442814,63.23357933,274.81688572,159.84504897,358.58543886,66,미지정,0
278945,1117000000000004221,이태원동 501도,도,국유지,12.422324866056442,126.98916450006578,37.54383143979471,31.93958313,358.80361879,132.86235076,71.64510647,70,미지정,0
278945,1117000000000004221,이태원동 501도,도,국유지,12.422324866056442,126.98916450006578,37.54383143979471,31.93958313,358.80361879,132.86235076,71.64510647,66,미지정,0
278946,1117000000000004222,이태원동 260-337도,도,국유지,128.86650032375474,126.99193465968948,37.54170821779067,39.76129935,259.47987171,152.99129321,358.19473332,70,미지정,0
278946,1117000000000004222,이태원동 260-337도,도,국유지,128.86650032375474,126.99193465968948,37.54170821779067,39.76129935,259.47987171,152.99129321,358.19473332,66,미지정,0
278947,1117000000000004223,이태원동 258-501 도,도,국유지,36.05195091874339,126.99245697551353,37.541524500068014,89.11738783,239.15449809,118.36836377,402.10085612,70,미지정,0
278947,1117000000000004223,이태원동 258-501 도,도,국유지,36.05195091874339,126.99245697551353,37.541524500068014,89.11738783,239.15449809,118.36836377,402.10085612,66,미지정,0
278948,1117000000000004224,이태원동 260-346도,도,국유지,23.51638033078052,126.99174279367398,37.541577814598526,29.1759703,247.25045187,149.30808582,361.12224793,70,미지정,0
278948,1117000000000004224,이태원동 260-346도,도,국유지,23.51638033078052,126.99174279367398,37.541577814598526,29.1759703,247.25045187,149.30808582,361.12224793,66,미지정,0
278949,1117000000000004225,이태원동 260-356도,도,국유지,20.951382873987313,126.99169240418226,37.54160915730336,23.52667157,251.43539841,154.72542942,355.84621111,70,미지정,0
278949,1117000000000004225,이태원동 260-356도,도,국유지,20.951382873987313,126.99169240418226,37.54160915730336,23.52667157,251.43539841,154.72542942,355.84621111,66,미지정,0
278950,1117000000000004226,이태원동 260-351도,도,국유지,21.034746237564832,126.99168468438641,37.541708814486675,17.90173445,262.44485707,164.2044907,346.03853099,70,미지정,0
278950,1117000000000004226,이태원동 260-351도,도,국유지,21.034746237564832,126.99168468438641,37.541708814486675,17.90173445,262.44485707,164.2044907,346.03853099,66,미지정,0
278951,1117000000000004227,이태원동 260-348 도,도,국유지,70.47534328792244,126.99172474882857,37.54176936808165,21.19913766,268.49384243,167.96256686,342.24344296,70,미지정,0
278951,1117000000000004227,이태원동 260-348 도,도,국유지,70.47534328792244,126.99172474882857,37.54176936808165,21.19913766,268.49384243,167.96256686,342.24344296,66,미지정,0
278952,1117000000000004228,이태원동 260-326도,도,국유지,237.2813812410459,126.99186883325068,37.5419051576206,38.19225873,281.79659787,175.18449041,336.99980013,70,미지정,0
278952,1117000000000004228,이태원동 260-326도,도,국유지,237.2813812410459,126.99186883325068,37.5419051576206,38.19225873,281.79659787,175.18449041,336.99980013,66,미지정,0
278953,1117000000000004229,이태원동 260-336도,도,국유지,55.30611887387931,126.99168412068815,37.541898864769,24.47271409,283.2529574,182.15226947,328.25144097,70,미지정,0
278953,1117000000000004229,이태원동 260-336도,도,국유지,55.30611887387931,126.99168412068815,37.541898864769,24.47271409,283.2529574,182.15226947,328.25144097,66,미지정,0
278954,1117000000000004230,이태원동 260-319도,도,국유지,38.10176841879729,126.99218413476636,37.54188481546316,63.56145812,278.04298681,163.0458338,355.83927795,70,미지정,0
278954,1117000000000004230,이태원동 260-319도,도,국유지,38.10176841879729,126.99218413476636,37.54188481546316,63.56145812,278.04298681,163.0458338,355.83927795,66,미지정,0
278955,1117000000000004231,이태원동 258-500 도,도,국유지,28.420761903282255,126.99231310629855,37.54146601921197,79.25959038,231.78576753,115.27868196,399.52112645,70,미지정,0
278955,1117000000000004231,이태원동 258-500 도,도,국유지,28.420761903282255,126.99231310629855,37.54146601921197,79.25959038,231.78576753,115.27868196,399.52112645,66,미지정,0
278956,1117000000000004232,이태원동 258-494 도,도,국유지,14.963167252484709,126.99231352791435,37.5415023308205,77.8144217,235.81366486,119.10723503,396.30891248,70,미지정,0
278956,1117000000000004232,이태원동 258-494 도,도,국유지,14.963167252484709,126.99231352791435,37.5415023308205,77.8144217,235.81366486,119.10723503,396.30891248,66,미지정,0
278957,1117000000000004233,이태원동 258-495 도,도,국유지,16.45902499521617,126.99240464153755,37.54154422814859,84.07411944,240.93805296,121.48046552,397.51621784,70,미지정,0
278957,1117000000000004233,이태원동 258-495 도,도,국유지,16.45902499521617,126.99240464153755,37.54154422814859,84.07411944,240.93805296,121.48046552,397.51621784,66,미지정,0
278958,1117000000000004234,이태원동 258-502 도,도,국유지,73.50151797849685,126.99264476230518,37.54155922706347,104.35366191,245.11675321,120.1542961,409.69331881,70,미지정,0
278958,1117000000000004234,이태원동 258-502 도,도,국유지,73.50151797849685,126.99264476230518,37.54155922706347,104.35366191,245.11675321,120.1542961,409.69331881,66,미지정,0
278959,1117000000000004235,이태원동 262-38 도,도,국유지,441.5380655452609,126.98965711057797,37.54425067645937,86.75833715,398.64835209,196.5256387,12.58088591,70,미지정,0
278959,1117000000000004235,이태원동 262-38 도,도,국유지,441.5380655452609,126.98965711057797,37.54425067645937,86.75833715,398.64835209,196.5256387,12.58088591,66,미지정,0
278960,1117000000000004236,이태원동 258-40도,도,국유지,2715.639719400846,126.99415641984251,37.54178633135823,235.95988081,318.32228419,193.1042299,491.83665967,70,미지정,0
278960,1117000000000004236,이태원동 258-40도,도,국유지,2715.639719400846,126.99415641984251,37.54178633135823,235.95988081,318.32228419,193.1042299,491.83665967,66,미지정,0
278961,1117000000000004237,이태원동 262-34도,도,국유지,30.366531697567552,126.98991231503015,37.54464299784668,135.7860568,398.00339791,243.69769843,40.13697545,70,미지정,0
278961,1117000000000004237,이태원동 262-34도,도,국유지,30.366531697567552,126.98991231503015,37.54464299784668,135.7860568,398.00339791,243.69769843,40.13697545,66,미지정,0
278962,1117000000000004238,이태원동 262-6 도,도,국유지,195.6366028096527,126.9897112979127,37.54452166772787,116.23197741,387.95635904,221.87803301,19.26770893,70,미지정,0
278962,1117000000000004238,이태원동 262-6 도,도,국유지,195.6366028096527,126.9897112979127,37.54452166772787,116.23197741,387.95635904,221.87803301,19.26770893,66,미지정,0
278963,1117000000000004239,이태원동 262-36 도,도,국유지,263.25517400354147,126.98996193740685,37.54450597354695,124.59151377,408.49895654,235.6106598,33.64811217,70,미지정,0
278963,1117000000000004239,이태원동 262-36 도,도,국유지,263.25517400354147,126.98996193740685,37.54450597354695,124.59151377,408.49895654,235.6106598,33.64811217,66,미지정,0
278964,1117000000000004240,이태원동 262-35 도,도,국유지,463.9389553151559,126.98978891881343,37.54445232206848,111.98161777,397.61204258,220.70817165,17.48881906,70,미지정,0
278964,1117000000000004240,이태원동 262-35 도,도,국유지,463.9389553151559,126.98978891881343,37.54445232206848,111.98161777,397.61204258,220.70817165,17.48881906,66,미지정,0
278965,1117000000000004241,이태원동 258-431도,도,국유지,96.45794496883173,126.99377180155581,37.54226826454139,210.13795701,349.49792532,219.50738376,433.74269918,70,미지정,0
278965,1117000000000004241,이태원동 258-431도,도,국유지,96.45794496883173,126.99377180155581,37.54226826454139,210.13795701,349.49792532,219.50738376,433.74269918,66,미지정,0
278966,1117000000000004242,이태원동 258-60 도,도,국유지,101.44035970873665,126.99376019248375,37.54244203680785,215.31610447,366.88248596,236.70425898,422.83852067,70,미지정,0
278966,1117000000000004242,이태원동 258-60 도,도,국유지,101.44035970873665,126.99376019248375,37.54244203680785,215.31610447,366.88248596,236.70425898,422.83852067,66,미지정,0
278967,1117000000000004243,이태원동 260-470 도,도,국유지,86.26784374390263,126.99206442238012,37.54130203511465,70.78337079,213.68152237,108.06050003,402.11424369,70,미지정,0
278967,1117000000000004243,이태원동 260-470 도,도,국유지,86.26784374390263,126.99206442238012,37.54130203511465,70.78337079,213.68152237,108.06050003,402.11424369,66,미지정,0
278968,1117000000000004244,이태원동 260-469 도,도,국유지,54.325620797113515,126.99199026388011,37.541431511089044,56.40075104,228.46250526,123.73107672,386.47484223,70,미지정,0
278968,1117000000000004244,이태원동 260-469 도,도,국유지,54.325620797113515,126.99199026388011,37.541431511089044,56.40075104,228.46250526,123.73107672,386.47484223,66,미지정,0
278969,1117000000000004245,이태원동 260-466 도,도,국유지,35.272152760997415,126.9919265944568,37.541416945031514,53.16888771,227.37390179,125.39229979,384.83554517,70,미지정,0
278969,1117000000000004245,이태원동 260-466 도,도,국유지,35.272152760997415,126.9919265944568,37.541416945031514,53.16888771,227.37390179,125.39229979,384.83554517,66,미지정,0
278970,1117000000000004246,이태원동 258-266도,도,국유지,3770.0006199420313,126.99284727136786,37.54174542330775,120.21571034,268.7816583,141.1335812,406.5541934,70,미지정,0
278970,1117000000000004246,이태원동 258-266도,도,국유지,3770.0006199420313,126.99284727136786,37.54174542330775,120.21571034,268.7816583,141.1335812,406.5541934,66,미지정,0
278971,1117000000000004247,이태원동 258-100 도,도,국유지,982.1685433486709,126.99409752022031,37.54092759241914,247.86507679,240.25295544,131.90149449,548.93572707,70,미지정,0
278971,1117000000000004247,이태원동 258-100 도,도,국유지,982.1685433486709,126.99409752022031,37.54092759241914,247.86507679,240.25295544,131.90149449,548.93572707,66,미지정,0
278972,1117000000000004248,이태원동 3-1도,도,국유지,158.12699371948838,126.99600321644647,37.54110314513161,405.41584773,386.9538355,298.69138208,453.69881527,70,미지정,0
278972,1117000000000004248,이태원동 3-1도,도,국유지,158.12699371948838,126.99600321644647,37.54110314513161,405.41584773,386.9538355,298.69138208,453.69881527,66,미지정,0
278973,1117000000000004249,이태원동 2-15도,도,국유지,72.94306835299358,126.99512633187659,37.54079731912415,338.35938549,302.93687627,215.95368152,531.72864283,70,미지정,0
278973,1117000000000004249,이태원동 2-15도,도,국유지,72.94306835299358,126.99512633187659,37.54079731912415,338.35938549,302.93687627,215.95368152,531.72864283,66,미지정,0
278974,1117000000000004250,이태원동 262-28도,도,국유지,165.74979973444715,126.99002107631615,37.54500930812475,176.71818804,391.96090128,281.18730924,61.23638597,70,미지정,0
278974,1117000000000004250,이태원동 262-28도,도,국유지,165.74979973444715,126.99002107631615,37.54500930812475,176.71818804,391.96090128,281.18730924,61.23638597,66,미지정,0
278975,1117000000000004251,이태원동 262-31 도,도,국유지,260.5576253402978,126.99006519861972,37.544666654043546,144.57521892,409.27254406,254.76495864,51.43264792,70,미지정,0
278975,1117000000000004251,이태원동 262-31 도,도,국유지,260.5576253402978,126.99006519861972,37.544666654043546,144.57521892,409.27254406,254.76495864,51.43264792,66,미지정,0
278976,1117000000000004252,이태원동 246-19 도,도,국유지,101.12904381594853,126.99369872303589,37.54061204388942,232.35825083,190.57325116,88.12217472,550.13436926,70,미지정,0
278976,1117000000000004252,이태원동 246-19 도,도,국유지,101.12904381594853,126.99369872303589,37.54061204388942,232.35825083,190.57325116,88.12217472,550.13436926,66,미지정,0
278977,1117000000000004253,이태원동 262-33 도,도,국유지,38.42407847056165,126.99002478940648,37.54460322165497,136.70067282,408.87866081,247.20853495,44.20746721,70,미지정,0
278977,1117000000000004253,이태원동 262-33 도,도,국유지,38.42407847056165,126.99002478940648,37.54460322165497,136.70067282,408.87866081,247.20853495,44.20746721,66,미지정,0
278978,1117000000000004254,이태원동 228-16 도,도,국유지,158.17311252839863,126.99276194138683,37.540185616838755,206.42551108,102.43269182,32.71829221,466.5436144,70,미지정,0
278978,1117000000000004254,이태원동 228-16 도,도,국유지,158.17311252839863,126.99276194138683,37.540185616838755,206.42551108,102.43269182,32.71829221,466.5436144,66,미지정,0
278979,1117000000000004255,이태원동 402-4도,도,국유지,444.510086581402,126.98865386677923,37.53586431314112,95.03581243,48.80025675,625.38459704,55.34861412,70,미지정,0
278979,1117000000000004255,이태원동 402-4도,도,국유지,444.510086581402,126.98865386677923,37.53586431314112,95.03581243,48.80025675,625.38459704,55.34861412,66,미지정,0
278980,1117000000000004256,이태원동 399-1도,도,국유지,105.10750282282243,126.98852290662622,37.53632869399596,117.74997226,28.23561402,591.1180125,31.03090967,70,미지정,0
278980,1117000000000004256,이태원동 399-1도,도,국유지,105.10750282282243,126.98852290662622,37.53632869399596,117.74997226,28.23561402,591.1180125,31.03090967,66,미지정,0
278981,1117000000000004257,이태원동 227-8도,도,국유지,422.5713990246877,126.99187386280724,37.540165102045385,178.54256942,91.73759723,82.12738269,398.35212522,70,미지정,0
278981,1117000000000004257,이태원동 227-8도,도,국유지,422.5713990246877,126.99187386280724,37.540165102045385,178.54256942,91.73759723,82.12738269,398.35212522,66,미지정,0
278982,1117000000000004258,이태원동 210-65 도,도,국유지,25.169666156172752,126.99238712613669,37.54000539263445,208.71869812,71.44728679,59.97545435,446.47023335,70,미지정,0
278982,1117000000000004258,이태원동 210-65 도,도,국유지,25.169666156172752,126.99238712613669,37.54000539263445,208.71869812,71.44728679,59.97545435,446.47023335,66,미지정,0
278983,1117000000000004259,이태원동 5-40도,도,국유지,1780.4048613082268,126.99430927189948,37.540417713178336,289.62146713,219.35331879,140.97809281,602.33388502,70,미지정,0
278983,1117000000000004259,이태원동 5-40도,도,국유지,1780.4048613082268,126.99430927189948,37.540417713178336,289.62146713,219.35331879,140.97809281,602.33388502,66,미지정,0
278984,1117000000000004260,이태원동 5-41도,도,국유지,1162.5445094566676,126.99479618512844,37.54014880956443,341.87164426,245.04440102,187.44899064,568.71095601,70,미지정,0
278984,1117000000000004260,이태원동 5-41도,도,국유지,1162.5445094566676,126.99479618512844,37.54014880956443,341.87164426,245.04440102,187.44899064,568.71095601,66,미지정,0
278985,1117000000000004261,이태원동 5-52도,도,국유지,21.349007823504508,126.99510857692015,37.54026351152461,359.77909092,275.36810646,212.79682011,539.38543501,70,미지정,0
278985,1117000000000004261,이태원동 5-52도,도,국유지,21.349007823504508,126.99510857692015,37.54026351152461,359.77909092,275.36810646,212.79682011,539.38543501,66,미지정,0
278986,1117000000000004262,이태원동 230-5도,도,국유지,160.44974518270465,126.99371429770241,37.539774906108306,294.12435777,141.07264691,117.80150324,562.16296556,70,미지정,0
278986,1117000000000004262,이태원동 230-5도,도,국유지,160.44974518270465,126.99371429770241,37.539774906108306,294.12435777,141.07264691,117.80150324,562.16296556,66,미지정,0
278987,1117000000000004263,이태원동 243-72도,도,국유지,15.28723571728915,126.99503077061276,37.5396611676826,389.2642401,252.3689929,223.77665037,560.45574755,70,미지정,0
278987,1117000000000004263,이태원동 243-72도,도,국유지,15.28723571728915,126.99503077061276,37.5396611676826,389.2642401,252.3689929,223.77665037,560.45574755,66,미지정,0
278988,1117000000000004264,이태원동 212-1도,도,국유지,251.68374274973758,126.99171988532713,37.53943377197291,257.23185658,42.60978737,145.54618648,434.97300423,70,미지정,0
278988,1117000000000004264,이태원동 212-1도,도,국유지,251.68374274973758,126.99171988532713,37.53943377197291,257.23185658,42.60978737,145.54618648,434.97300423,66,미지정,0
278989,1117000000000004265,이태원동 243-30 도,도,국유지,30.18714514770545,126.99491738137016,37.53945935542919,395.23134363,240.56936648,225.03276397,576.47056305,70,미지정,0
278989,1117000000000004265,이태원동 243-30 도,도,국유지,30.18714514770545,126.99491738137016,37.53945935542919,395.23134363,240.56936648,225.03276397,576.47056305,66,미지정,0
278990,1117000000000004266,이태원동 233-6도,도,국유지,83.99472433887422,126.99500003445054,37.53896296333062,484.40297414,251.99288254,262.73562714,588.68537912,70,미지정,0
278990,1117000000000004266,이태원동 233-6도,도,국유지,83.99472433887422,126.99500003445054,37.53896296333062,484.40297414,251.99288254,262.73562714,588.68537912,66,미지정,0
278991,1117000000000004267,이태원동 135-2도,도,국유지,166.57749493420124,126.9953249671024,37.53879952820633,471.03581567,283.82990969,296.44347843,569.97344031,70,미지정,0
278991,1117000000000004267,이태원동 135-2도,도,국유지,166.57749493420124,126.9953249671024,37.53879952820633,471.03581567,283.82990969,296.44347843,569.97344031,66,미지정,0
278992,1117000000000004268,이태원동 97-13도,도,국유지,105.22156832902692,126.9940573938871,37.53189293902668,277.3323874,310.91110373,185.10330446,213.373717,70,미지정,0
278992,1117000000000004268,이태원동 97-13도,도,국유지,105.22156832902692,126.9940573938871,37.53189293902668,277.3323874,310.91110373,185.10330446,213.373717,66,미지정,0
278993,1117000000000004269,이태원동 130-30 도,도,국유지,2596.7929603147786,126.9935026710199,37.533480834402134,99.93220813,263.82272816,348.95863445,267.84483565,70,미지정,0
278993,1117000000000004269,이태원동 130-30 도,도,국유지,2596.7929603147786,126.9935026710199,37.533480834402134,99.93220813,263.82272816,348.95863445,267.84483565,66,미지정,0
278994,1117000000000004270,이태원동 96-119도,도,국유지,370.0311657176353,126.99360833709346,37.53196469990722,267.2260638,317.07193375,222.18521979,248.56006454,70,미지정,0
278994,1117000000000004270,이태원동 96-119도,도,국유지,370.0311657176353,126.99360833709346,37.53196469990722,267.2260638,317.07193375,222.18521979,248.56006454,66,미지정,0
278995,1117000000000004271,이태원동 180-29도,도,국유지,257.53412303264486,126.98922993283432,37.53527820507106,79.85907397,116.42976652,654.21430087,137.64522034,70,미지정,0
278995,1117000000000004271,이태원동 180-29도,도,국유지,257.53412303264486,126.98922993283432,37.53527820507106,79.85907397,116.42976652,654.21430087,137.64522034,66,미지정,0
278996,1117000000000004272,이태원동 96-99잡,잡,국유지,126.51855750428513,126.99356078514384,37.53216597593756,245.01168332,339.50507725,238.3932748,247.52166002,70,미지정,0
278996,1117000000000004272,이태원동 96-99잡,잡,국유지,126.51855750428513,126.99356078514384,37.53216597593756,245.01168332,339.50507725,238.3932748,247.52166002,66,미지정,0
278997,1117000000000004273,이태원동 96-2잡,잡,국유지,998.058841224527,126.9936747641161,37.532333451715125,226.25567756,357.94636381,242.35687441,234.76045096,70,미지정,0
278997,1117000000000004273,이태원동 96-2잡,잡,국유지,998.058841224527,126.9936747641161,37.532333451715125,226.25567756,357.94636381,242.35687441,234.76045096,66,미지정,0
278998,1117000000000004274,이태원동 453-26 도,도,국유지,70.85431886592414,126.9889853666067,37.53511185693848,107.47403923,130.24103706,680.75986279,140.21249957,70,미지정,0
278998,1117000000000004274,이태원동 453-26 도,도,국유지,70.85431886592414,126.9889853666067,37.53511185693848,107.47403923,130.24103706,680.75986279,140.21249957,66,미지정,0
278999,1117000000000004275,이태원동 452-19도,도,국유지,48.94937596312957,126.98929069605879,37.535448166132255,61.45562363,100.60996901,635.0577571,128.05110069,70,미지정,0
278999,1117000000000004275,이태원동 452-19도,도,국유지,48.94937596312957,126.98929069605879,37.535448166132255,61.45562363,100.60996901,635.0577571,128.05110069,66,미지정,0
279000,1117000000000004276,이태원동 181-79도,도,국유지,19.452227100729942,126.98942421045554,37.53545760716086,53.87847797,104.9629758,628.58925915,136.47801696,70,미지정,0
279000,1117000000000004276,이태원동 181-79도,도,국유지,19.452227100729942,126.98942421045554,37.53545760716086,53.87847797,104.9629758,628.58925915,136.47801696,66,미지정,0
279001,1117000000000004277,이태원동 455-64도,도,국유지,28.56068443087861,126.98812497177856,37.53462006142309,117.21769179,194.59216356,766.39338878,176.75777531,70,미지정,0
279001,1117000000000004277,이태원동 455-64도,도,국유지,28.56068443087861,126.98812497177856,37.53462006142309,117.21769179,194.59216356,766.39338878,176.75777531,66,미지정,0
279002,1117000000000004278,이태원동 455-54도,도,국유지,662.3855300559662,126.98843290340042,37.53496013506456,153.29991585,150.69077673,719.97076284,140.3383856,70,미지정,0
279002,1117000000000004278,이태원동 455-54도,도,국유지,662.3855300559662,126.98843290340042,37.53496013506456,153.29991585,150.69077673,719.97076284,140.3383856,66,미지정,0
279003,1117000000000004279,이태원동 455-14도,도,국유지,57.88630197400926,126.98840177130991,37.53481968282212,145.35631147,166.49076548,734.70093532,155.44740304,70,미지정,0
279003,1117000000000004279,이태원동 455-14도,도,국유지,57.88630197400926,126.98840177130991,37.53481968282212,145.35631147,166.49076548,734.70093532,155.44740304,66,미지정,0
279004,1117000000000004280,이태원동 186-1도,도,국유지,79.7609012038447,126.98946319757721,37.53552431923093,45.74894108,100.45647466,620.43108064,134.89679614,70,미지정,0
279004,1117000000000004280,이태원동 186-1도,도,국유지,79.7609012038447,126.98946319757721,37.53552431923093,45.74894108,100.45647466,620.43108064,134.89679614,66,미지정,0
279005,1117000000000004281,이태원동 456-3도,도,국유지,100.1168794897385,126.98810589124042,37.53455378298713,114.90975697,202.10011641,773.53078388,184.18017317,70,미지정,0
279005,1117000000000004281,이태원동 456-3도,도,국유지,100.1168794897385,126.98810589124042,37.53455378298713,114.90975697,202.10011641,773.53078388,184.18017317,66,미지정,0
279006,1117000000000004282,이태원동 455-48도,도,국유지,35.66765854880214,126.98818330693071,37.534711284928484,123.87465121,183.35172248,755.07499239,166.50456883,70,미지정,0
279006,1117000000000004282,이태원동 455-48도,도,국유지,35.66765854880214,126.98818330693071,37.534711284928484,123.87465121,183.35172248,755.07499239,166.50456883,66,미지정,0
279007,1117000000000004283,이태원동 455-31도,도,국유지,58.720358066260815,126.9885836871311,37.53451634163047,172.51061819,196.93750458,755.78069863,191.09709568,70,미지정,0
279007,1117000000000004283,이태원동 455-31도,도,국유지,58.720358066260815,126.9885836871311,37.53451634163047,172.51061819,196.93750458,755.78069863,191.09709568,66,미지정,0
279008,1117000000000004284,이태원동 618 도,도,국유지,163.23149898648262,126.98750817456931,37.5347146891827,66.43557945,209.60608568,788.0490577,177.14136087,70,미지정,0
279008,1117000000000004284,이태원동 618 도,도,국유지,163.23149898648262,126.98750817456931,37.5347146891827,66.43557945,209.60608568,788.0490577,177.14136087,66,미지정,0
279009,1117000000000004285,이태원동 455-61도,도,국유지,40.538158752489835,126.98882171018353,37.53469725952812,143.47657997,175.59288645,728.08753089,176.69143988,70,미지정,0
279009,1117000000000004285,이태원동 455-61도,도,국유지,40.538158752489835,126.98882171018353,37.53469725952812,143.47657997,175.59288645,728.08753089,176.69143988,66,미지정,0
279010,1117000000000004286,이태원동 455-6 도,도,국유지,34.02955947513692,126.98886770101853,37.53455802945133,152.66725798,191.06113422,739.86367368,192.64632876,70,미지정,0
279010,1117000000000004286,이태원동 455-6 도,도,국유지,34.02955947513692,126.98886770101853,37.53455802945133,152.66725798,191.06113422,739.86367368,192.64632876,66,미지정,0
279011,1117000000000004287,이태원동 619 도,도,국유지,17.78480812627822,126.98758615315315,37.534695001287005,72.20836863,207.67248696,785.82760026,176.94447477,70,미지정,0
279011,1117000000000004287,이태원동 619 도,도,국유지,17.78480812627822,126.98758615315315,37.534695001287005,72.20836863,207.67248696,785.82760026,176.94447477,66,미지정,0
279012,1117000000000004288,이태원동 550 도,도,국유지,13.375379499979317,126.98762362070653,37.53463602053539,73.73383967,211.54674071,789.29064498,182.22193462,70,미지정,0
279012,1117000000000004288,이태원동 550 도,도,국유지,13.375379499979317,126.98762362070653,37.53463602053539,73.73383967,211.54674071,789.29064498,182.22193462,66,미지정,0
279013,1117000000000004289,이태원동 101-56도,도,국유지,70.95954486355186,126.9941373231953,37.53271814817629,189.34072461,309.67142947,247.41992898,192.92945705,70,미지정,0
279013,1117000000000004289,이태원동 101-56도,도,국유지,70.95954486355186,126.9941373231953,37.53271814817629,189.34072461,309.67142947,247.41992898,192.92945705,66,미지정,0
279014,1117000000000004290,이태원동 453-8 도,도,국유지,182.65428346279077,126.98899379535445,37.53483833493552,121.65604913,160.53515694,707.12559272,167.61261259,70,미지정,0
279014,1117000000000004290,이태원동 453-8 도,도,국유지,182.65428346279077,126.98899379535445,37.53483833493552,121.65604913,160.53515694,707.12559272,167.61261259,66,미지정,0
279015,1117000000000004291,이태원동 456-2도,도,국유지,189.22741791419685,126.98919019380509,37.53459312855538,133.70177188,189.74125357,723.68418779,199.63341526,70,미지정,0
279015,1117000000000004291,이태원동 456-2도,도,국유지,189.22741791419685,126.98919019380509,37.53459312855538,133.70177188,189.74125357,723.68418779,199.63341526,66,미지정,0
279016,1117000000000004292,이태원동 453-12도,도,국유지,19.771213436499238,126.98912195832297,37.534805213760016,117.22328955,165.54317334,705.20779345,175.88989262,70,미지정,0
279016,1117000000000004292,이태원동 453-12도,도,국유지,19.771213436499238,126.98912195832297,37.534805213760016,117.22328955,165.54317334,705.20779345,175.88989262,66,미지정,0
279017,1117000000000004293,이태원동 588 도,도,국유지,1092.0001902939402,126.98743822062127,37.53516167452838,92.40353268,175.08751326,752.15871765,134.74813263,70,미지정,0
279017,1117000000000004293,이태원동 588 도,도,국유지,1092.0001902939402,126.98743822062127,37.53516167452838,92.40353268,175.08751326,752.15871765,134.74813263,66,미지정,0
279018,1117000000000004294,이태원동 547 도,도,국유지,50.76950775302248,126.9873685322513,37.53474699275433,56.77516825,213.89769311,792.43959077,178.52615842,70,미지정,0
279018,1117000000000004294,이태원동 547 도,도,국유지,50.76950775302248,126.9873685322513,37.53474699275433,56.77516825,213.89769311,792.43959077,178.52615842,66,미지정,0
279019,1117000000000004295,이태원동 617 도,도,국유지,142.7588222299819,126.98741610655304,37.53481427923223,64.24325896,205.41320303,783.93808917,169.98927532,70,미지정,0
279019,1117000000000004295,이태원동 617 도,도,국유지,142.7588222299819,126.98741610655304,37.53481427923223,64.24325896,205.41320303,783.93808917,169.98927532,66,미지정,0
279020,1117000000000004296,이태원동 615 도,도,국유지,21.35543085914105,126.98741316521205,37.534925314346964,71.53694614,195.96973727,774.2483506,158.94227255,70,미지정,0
279020,1117000000000004296,이태원동 615 도,도,국유지,21.35543085914105,126.98741316521205,37.534925314346964,71.53694614,195.96973727,774.2483506,158.94227255,66,미지정,0
279021,1117000000000004297,이태원동 447-15도,도,국유지,80.55603452026844,126.98778288224551,37.53504419138659,105.40166569,165.71123693,744.18513577,134.79149846,70,미지정,0
279021,1117000000000004297,이태원동 447-15도,도,국유지,80.55603452026844,126.98778288224551,37.53504419138659,105.40166569,165.71123693,744.18513577,134.79149846,66,미지정,0
279022,1117000000000004298,이태원동 96-92도,도,국유지,194.18337885313667,126.99453534983616,37.53180866482273,290.06148099,309.22936228,146.99554788,178.82452172,70,미지정,0
279022,1117000000000004298,이태원동 96-92도,도,국유지,194.18337885313667,126.99453534983616,37.53180866482273,290.06148099,309.22936228,146.99554788,178.82452172,66,미지정,0
279023,1117000000000004299,이태원동 99-17도,도,국유지,211.4816617507604,126.99433066771039,37.532378686589674,226.23654183,340.05766912,206.81159554,176.60359671,70,미지정,0
279023,1117000000000004299,이태원동 99-17도,도,국유지,211.4816617507604,126.99433066771039,37.532378686589674,226.23654183,340.05766912,206.81159554,176.60359671,66,미지정,0
279024,1117000000000004300,이태원동 453-20도,도,국유지,150.39551774971187,126.9892447210971,37.53484604050484,107.22167085,163.11956331,696.31717558,177.2606819,70,미지정,0
279024,1117000000000004300,이태원동 453-20도,도,국유지,150.39551774971187,126.9892447210971,37.53484604050484,107.22167085,163.11956331,696.31717558,177.2606819,66,미지정,0
279025,1117000000000004301,이태원동 611도,도,국유지,43.436630439944565,126.98730446405447,37.535126404810306,82.45486691,186.28860125,762.5914329,153.46893968,70,미지정,0
279025,1117000000000004301,이태원동 611도,도,국유지,43.436630439944565,126.98730446405447,37.535126404810306,82.45486691,186.28860125,762.5914329,153.46893968,66,미지정,0
279026,1117000000000004302,이태원동 56-4 도,도,국유지,695.2645914632594,126.98937740378553,37.53416471762222,171.4368461,209.50522596,760.29985806,249.70425165,70,미지정,0
279026,1117000000000004302,이태원동 56-4 도,도,국유지,695.2645914632594,126.98937740378553,37.53416471762222,171.4368461,209.50522596,760.29985806,249.70425165,66,미지정,0
279027,1117000000000004303,이태원동 57-52 도,도,국유지,154.51187923317775,126.98943759144393,37.53423837353185,162.11995722,214.94670663,750.70321029,244.6151538,70,미지정,0
279027,1117000000000004303,이태원동 57-52 도,도,국유지,154.51187923317775,126.98943759144393,37.53423837353185,162.11995722,214.94670663,750.70321029,244.6151538,66,미지정,0
279028,1117000000000004304,이태원동 57-4도,도,국유지,291.22335559595376,126.98937583390313,37.53436877198597,149.88388411,217.342034,739.53481605,229.23191777,70,미지정,0
279028,1117000000000004304,이태원동 57-4도,도,국유지,291.22335559595376,126.98937583390313,37.53436877198597,149.88388411,217.342034,739.53481605,229.23191777,66,미지정,0
279029,1117000000000004305,이태원동 184-6도,도,국유지,35.064386531710625,126.98947740136151,37.53471865030073,110.30581994,182.24647871,700.38471871,200.27943607,70,미지정,0
279029,1117000000000004305,이태원동 184-6도,도,국유지,35.064386531710625,126.98947740136151,37.53471865030073,110.30581994,182.24647871,700.38471871,200.27943607,66,미지정,0
279030,1117000000000004306,이태원동 181-83 도,도,국유지,145.26000122446567,126.98944904677653,37.53497555827932,85.48829442,154.50292271,675.52850851,175.83800368,70,미지정,0
279030,1117000000000004306,이태원동 181-83 도,도,국유지,145.26000122446567,126.98944904677653,37.53497555827932,85.48829442,154.50292271,675.52850851,175.83800368,66,미지정,0
279031,1117000000000004307,이태원동 177-3 도,도,국유지,531.9420844162814,126.99003566823114,37.53436267407695,142.89178568,214.92651849,633.98100447,261.35000019,70,미지정,0
279031,1117000000000004307,이태원동 177-3 도,도,국유지,531.9420844162814,126.99003566823114,37.53436267407695,142.89178568,214.92651849,633.98100447,261.35000019,66,미지정,0
279032,1117000000000004308,이태원동 57-6 도,도,국유지,1797.3495404539863,126.98994411764562,37.5342231999254,158.03531052,200.8576787,631.19184879,268.96445837,70,미지정,0
279032,1117000000000004308,이태원동 57-6 도,도,국유지,1797.3495404539863,126.98994411764562,37.5342231999254,158.03531052,200.8576787,631.19184879,268.96445837,66,미지정,0
279033,1117000000000004309,이태원동 181-23도,도,국유지,139.35546331724618,126.99047718613025,37.53449141114083,137.29093118,227.74314345,612.76698966,277.12940197,70,미지정,0
279033,1117000000000004309,이태원동 181-23도,도,국유지,139.35546331724618,126.99047718613025,37.53449141114083,137.29093118,227.74314345,612.76698966,277.12940197,66,미지정,0
279034,1117000000000004310,이태원동 183-6도,도,국유지,57.763842646963894,126.98984728351873,37.53458589071919,117.96005904,208.10797886,701.39064362,231.59811848,70,미지정,0
279034,1117000000000004310,이태원동 183-6도,도,국유지,57.763842646963894,126.98984728351873,37.53458589071919,117.96005904,208.10797886,701.39064362,231.59811848,66,미지정,0
279035,1117000000000004311,이태원동 177-2도,도,국유지,42.72105009527877,126.9905364696135,37.53423484975126,165.84517323,199.68177509,590.45594058,301.02504119,70,미지정,0
279035,1117000000000004311,이태원동 177-2도,도,국유지,42.72105009527877,126.9905364696135,37.53423484975126,165.84517323,199.68177509,590.45594058,301.02504119,66,미지정,0
279036,1117000000000004312,이태원동 181-19도,도,국유지,274.27593111485476,126.99045077186456,37.53479813845375,105.12860808,217.6829863,661.43214025,253.04043859,70,미지정,0
279036,1117000000000004312,이태원동 181-19도,도,국유지,274.27593111485476,126.99045077186456,37.53479813845375,105.12860808,217.6829863,661.43214025,253.04043859,66,미지정,0
279037,1117000000000004313,이태원동 605도,도,국유지,365.3795405411511,126.987759520816,37.53445352768457,84.26836044,223.87497016,799.36809885,199.02148691,70,미지정,0
279037,1117000000000004313,이태원동 605도,도,국유지,365.3795405411511,126.987759520816,37.53445352768457,84.26836044,223.87497016,799.36809885,199.02148691,66,미지정,0
279038,1117000000000004314,이태원동 457-12도,도,국유지,290.2471876810305,126.9884902988655,37.534453119226264,148.79792922,204.97874257,765.92206966,196.77898871,70,미지정,0
279038,1117000000000004314,이태원동 457-12도,도,국유지,290.2471876810305,126.9884902988655,37.534453119226264,148.79792922,204.97874257,765.92206966,196.77898871,66,미지정,0
279039,1117000000000004315,이태원동 34-116 잡,잡,국유지,37.183438595733605,126.98820036499143,37.534319809743664,124.66158196,224.62611512,791.47967266,209.94352759,70,미지정,0
279039,1117000000000004315,이태원동 34-116 잡,잡,국유지,37.183438595733605,126.98820036499143,37.534319809743664,124.66158196,224.62611512,791.47967266,209.94352759,66,미지정,0
279040,1117000000000004316,이태원동 34-2도,도,국유지,3097.48685590463,126.98869540936764,37.534102116695706,172.52152773,241.96231904,791.86132475,238.096162,70,미지정,0
279040,1117000000000004316,이태원동 34-2도,도,국유지,3097.48685590463,126.98869540936764,37.534102116695706,172.52152773,241.96231904,791.86132475,238.096162,66,미지정,0
279041,1117000000000004317,이태원동 34-114잡,잡,국유지,551.0609737162595,126.9886822219176,37.5343215527736,183.48652767,217.71329696,770.71213543,213.96259279,70,미지정,0
279041,1117000000000004317,이태원동 34-114잡,잡,국유지,551.0609737162595,126.9886822219176,37.5343215527736,183.48652767,217.71329696,770.71213543,213.96259279,66,미지정,0
279042,1117000000000004318,이태원동 34-1도,도,국유지,142.89191709738225,126.98899978250323,37.534396554148216,160.99448591,209.46171166,750.64418569,213.34639631,70,미지정,0
279042,1117000000000004318,이태원동 34-1도,도,국유지,142.89191709738225,126.98899978250323,37.534396554148216,160.99448591,209.46171166,750.64418569,213.34639631,66,미지정,0
279043,1117000000000004319,이태원동 453-14도,도,국유지,31.390769372228533,126.98889881604167,37.53449399166666,156.74949778,198.22540497,744.9334162,200.25409606,70,미지정,0
279043,1117000000000004319,이태원동 453-14도,도,국유지,31.390769372228533,126.98889881604167,37.53449399166666,156.74949778,198.22540497,744.9334162,200.25409606,66,미지정,0
279044,1117000000000004320,이태원동 44-102 도,도,국유지,158.3242321566213,126.99045646758988,37.533581803401596,234.01072164,126.86742507,553.57828249,353.27748944,70,미지정,0
279044,1117000000000004320,이태원동 44-102 도,도,국유지,158.3242321566213,126.99045646758988,37.533581803401596,234.01072164,126.86742507,553.57828249,353.27748944,66,미지정,0
279045,1117000000000004321,이태원동 56-28도,도,국유지,18.540363181382418,126.99028474444442,37.533727,215.48157388,142.71502234,575.09030463,331.43003405,70,미지정,0
279045,1117000000000004321,이태원동 56-28도,도,국유지,18.540363181382418,126.99028474444442,37.533727,215.48157388,142.71502234,575.09030463,331.43003405,66,미지정,0
279046,1117000000000004322,이태원동 34-73잡,잡,국유지,47.832247516606,126.99032788269074,37.53369770173639,219.28770602,139.3683373,570.11829517,336.25359326,70,미지정,0
279046,1117000000000004322,이태원동 34-73잡,잡,국유지,47.832247516606,126.99032788269074,37.53369770173639,219.28770602,139.3683373,570.11829517,336.25359326,66,미지정,0
279047,1117000000000004323,이태원동 58-2도,도,국유지,50.35321749933064,126.99031031716342,37.53380467796611,207.32086236,151.26555866,578.00018062,325.57961289,70,미지정,0
279047,1117000000000004323,이태원동 58-2도,도,국유지,50.35321749933064,126.99031031716342,37.53380467796611,207.32086236,151.26555866,578.00018062,325.57961289,66,미지정,0
279048,1117000000000004324,이태원동 57-10도,도,국유지,173.11146714910865,126.99019409385919,37.5339868856274,185.80366075,171.98341481,597.95696483,303.13112309,70,미지정,0
279048,1117000000000004324,이태원동 57-10도,도,국유지,173.11146714910865,126.99019409385919,37.5339868856274,185.80366075,171.98341481,597.95696483,303.13112309,66,미지정,0
279049,1117000000000004325,이태원동 34-7도,도,국유지,1950.8269113707938,126.98930057281193,37.53363224688417,230.28049746,161.23474897,644.48233813,302.21104315,70,미지정,0
279049,1117000000000004325,이태원동 34-7도,도,국유지,1950.8269113707938,126.98930057281193,37.53363224688417,230.28049746,161.23474897,644.48233813,302.21104315,66,미지정,0
279050,1117000000000004326,이태원동 34-122도,도,국유지,140.18102282937616,126.9887819421507,37.53367322160019,197.02534277,194.41267522,687.23060331,286.29713818,70,미지정,0
279050,1117000000000004326,이태원동 34-122도,도,국유지,140.18102282937616,126.9887819421507,37.53367322160019,197.02534277,194.41267522,687.23060331,286.29713818,66,미지정,0
279051,1117000000000004327,이태원동 34-123도,도,국유지,206.50022663432173,126.98889758799079,37.53349319758042,215.7452731,173.24129377,669.22610139,307.84876496,70,미지정,0
279051,1117000000000004327,이태원동 34-123도,도,국유지,206.50022663432173,126.98889758799079,37.53349319758042,215.7452731,173.24129377,669.22610139,307.84876496,66,미지정,0
279052,1117000000000004328,이태원동 34-45도,도,국유지,29.036906531080604,126.98886105,37.53339456936937,218.91494668,168.57038869,667.4879426,317.97820857,70,미지정,0
279052,1117000000000004328,이태원동 34-45도,도,국유지,29.036906531080604,126.98886105,37.53339456936937,218.91494668,168.57038869,667.4879426,317.97820857,66,미지정,0
279053,1117000000000004329,이태원동 34-3잡,잡,국유지,39.87676258943975,126.98899296457566,37.53321634538746,239.84608663,147.30640193,648.75866586,339.64586915,70,미지정,0
279053,1117000000000004329,이태원동 34-3잡,잡,국유지,39.87676258943975,126.98899296457566,37.53321634538746,239.84608663,147.30640193,648.75866586,339.64586915,66,미지정,0
279054,1117000000000004330,이태원동 34-21잡,잡,국유지,45.914387265453115,126.98921582217001,37.53372521728448,222.26363481,173.98383827,655.99209707,290.06017485,70,미지정,0
279054,1117000000000004330,이태원동 34-21잡,잡,국유지,45.914387265453115,126.98921582217001,37.53372521728448,222.26363481,173.98383827,655.99209707,290.06017485,66,미지정,0
279055,1117000000000004331,이태원동 34-109도,도,국유지,1444.7641262058169,126.99040293253506,37.5313557072192,478.16585425,120.67671112,473.0217856,572.89052691,70,미지정,0
279055,1117000000000004331,이태원동 34-109도,도,국유지,1444.7641262058169,126.99040293253506,37.5313557072192,478.16585425,120.67671112,473.0217856,572.89052691,66,미지정,0
279056,1117000000000004332,이태원동 34-126잡,잡,국유지,2309.623139906209,126.98956599354534,37.53251888627201,348.6130507,69.52018111,573.64011297,427.1327065,70,미지정,0
279056,1117000000000004332,이태원동 34-126잡,잡,국유지,2309.623139906209,126.98956599354534,37.53251888627201,348.6130507,69.52018111,573.64011297,427.1327065,66,미지정,0
279057,1117000000000004333,이태원동 34-46잡,잡,국유지,72.4844278084347,126.98892128267246,37.53331832972436,228.09609033,159.15038134,659.13678488,327.29041048,70,미지정,0
279057,1117000000000004333,이태원동 34-46잡,잡,국유지,72.4844278084347,126.98892128267246,37.53331832972436,228.09609033,159.15038134,659.13678488,327.29041048,66,미지정,0
279058,1117000000000004334,이태원동 34-47도,도,국유지,132.31420081516262,126.98900903514235,37.53328944150356,236.29506964,151.06763916,650.7482033,332.01143301,70,미지정,0
279058,1117000000000004334,이태원동 34-47도,도,국유지,132.31420081516262,126.98900903514235,37.53328944150356,236.29506964,151.06763916,650.7482033,332.01143301,66,미지정,0
279059,1117000000000004335,이태원동 34-124도,도,국유지,109.30057429964654,126.98908906518878,37.5332537975528,275.65305389,143.07514879,642.67422563,337.44556454,70,미지정,0
279059,1117000000000004335,이태원동 34-124도,도,국유지,109.30057429964654,126.98908906518878,37.5332537975528,275.65305389,143.07514879,642.67422563,337.44556454,66,미지정,0
279060,1117000000000004336,이태원동 258-10도,도,국유지,455.19128940464,126.99632656726249,37.5409539577466,436.60057669,404.61662349,323.44217439,425.12084038,70,미지정,0
279060,1117000000000004336,이태원동 258-10도,도,국유지,455.19128940464,126.99632656726249,37.5409539577466,436.60057669,404.61662349,323.44217439,425.12084038,66,미지정,0
279061,1117000000000004337,이태원동 44-2도,도,국유지,413.6831318391487,126.99049095498432,37.53327203181921,268.3295689,92.99385735,533.09005135,383.76858635,70,미지정,0
279061,1117000000000004337,이태원동 44-2도,도,국유지,413.6831318391487,126.99049095498432,37.53327203181921,268.3295689,92.99385735,533.09005135,383.76858635,66,미지정,0
279062,1117000000000004338,이태원동 258-146 도,도,국유지,22.92298921663314,126.99652190115533,37.5414676127514,446.02235071,446.97217768,353.83768018,410.70170594,70,미지정,0
279062,1117000000000004338,이태원동 258-146 도,도,국유지,22.92298921663314,126.99652190115533,37.5414676127514,446.02235071,446.97217768,353.83768018,410.70170594,66,미지정,0
279063,1117000000000004339,이태원동 258-175도,도,국유지,86.04695944488049,126.99724451068678,37.541509155637875,413.80530023,484.01219122,416.26330078,348.056492,70,미지정,0
279063,1117000000000004339,이태원동 258-175도,도,국유지,86.04695944488049,126.99724451068678,37.541509155637875,413.80530023,484.01219122,416.26330078,348.056492,66,미지정,0
279064,1117000000000004340,이태원동 258-378도,도,국유지,615.8163778292947,126.99733731520992,37.541366303664766,400.74338144,466.24321995,420.15546952,337.82193379,70,미지정,0
279064,1117000000000004340,이태원동 258-378도,도,국유지,615.8163778292947,126.99733731520992,37.541366303664766,400.74338144,466.24321995,420.15546952,337.82193379,66,미지정,0
279065,1117000000000004341,이태원동 258-368 잡,잡,국유지,97.34122014546301,126.99734270979445,37.5418229398764,419.40913054,513.49434263,435.292853,346.68339478,70,미지정,0
279065,1117000000000004341,이태원동 258-368 잡,잡,국유지,97.34122014546301,126.99734270979445,37.5418229398764,419.40913054,513.49434263,435.292853,346.68339478,66,미지정,0
279066,1117000000000004342,이태원동 4-15도,도,국유지,126.641646694683,126.9958078824775,37.54065565688173,400.51528407,349.11946667,273.97144678,472.68417477,70,미지정,0
279066,1117000000000004342,이태원동 4-15도,도,국유지,126.641646694683,126.9958078824775,37.54065565688173,400.51528407,349.11946667,273.97144678,472.68417477,66,미지정,0
279067,1117000000000004343,이태원동 3-7도,도,국유지,79.0097794008907,126.99581447548107,37.540919186840476,393.25151845,362.48593232,278.18520801,470.45299111,70,미지정,0
279067,1117000000000004343,이태원동 3-7도,도,국유지,79.0097794008907,126.99581447548107,37.540919186840476,393.25151845,362.48593232,278.18520801,470.45299111,66,미지정,0
279068,1117000000000004344,이태원동 4-1도,도,국유지,130.48662536777556,126.99605125212358,37.54074103625748,418.45185257,372.6227165,296.21102234,450.49485829,70,미지정,0
279068,1117000000000004344,이태원동 4-1도,도,국유지,130.48662536777556,126.99605125212358,37.54074103625748,418.45185257,372.6227165,296.21102234,450.49485829,66,미지정,0
279069,1117000000000004345,이태원동 6-5도,도,국유지,50.99608666077256,126.99611155241392,37.540592685131756,428.21345146,371.21724214,300.36893985,446.65521856,70,미지정,0
279069,1117000000000004345,이태원동 6-5도,도,국유지,50.99608666077256,126.99611155241392,37.540592685131756,428.21345146,371.21724214,300.36893985,446.65521856,66,미지정,0
279070,1117000000000004346,이태원동 258-189 도,도,국유지,13.472346026450396,126.99624641851719,37.54095596189782,429.61863095,398.3371203,316.49320501,432.19876971,70,미지정,0
279070,1117000000000004346,이태원동 258-189 도,도,국유지,13.472346026450396,126.99624641851719,37.54095596189782,429.61863095,398.3371203,316.49320501,432.19876971,66,미지정,0
279071,1117000000000004347,이태원동 258-188도,도,국유지,56.890956767019816,126.99646791971267,37.54095202181035,448.88734578,460.59870952,335.73935555,412.63513982,70,미지정,0
279071,1117000000000004347,이태원동 258-188도,도,국유지,56.890956767019816,126.99646791971267,37.54095202181035,448.88734578,460.59870952,335.73935555,412.63513982,66,미지정,0
279072,1117000000000004348,이태원동 258-463 도,도,국유지,240.4137429773691,126.9966977407589,37.54085137274584,441.77387606,440.33749471,354.33499634,392.72444802,70,미지정,0
279072,1117000000000004348,이태원동 258-463 도,도,국유지,240.4137429773691,126.9966977407589,37.54085137274584,441.77387606,440.33749471,354.33499634,392.72444802,66,미지정,0
279073,1117000000000004349,이태원동 20-27도,도,국유지,51.27682646131143,126.99597320464257,37.5316501607678,339.64599716,347.70801805,88.33398062,107.26897192,70,미지정,0
279073,1117000000000004349,이태원동 20-27도,도,국유지,51.27682646131143,126.99597320464257,37.5316501607678,339.64599716,347.70801805,88.33398062,107.26897192,66,미지정,0
279074,1117000000000004350,이태원동 15-119 도,도,국유지,99.62024313397706,126.9961606487937,37.531813714492046,331.0922612,395.69661251,110.67297386,85.88843744,70,미지정,0
279074,1117000000000004350,이태원동 15-119 도,도,국유지,99.62024313397706,126.9961606487937,37.531813714492046,331.0922612,395.69661251,110.67297386,85.88843744,66,미지정,0
279075,1117000000000004351,이태원동 258-187 도,도,국유지,41.66277791955508,126.99620941157548,37.540867254306455,428.54509274,391.14509025,311.75380077,435.75838602,70,미지정,0
279075,1117000000000004351,이태원동 258-187 도,도,국유지,41.66277791955508,126.99620941157548,37.540867254306455,428.54509274,391.14509025,311.75380077,435.75838602,66,미지정,0
279076,1117000000000004352,이태원동 258-99도,도,국유지,57.724700463120826,126.9961428660436,37.54098280062305,420.05348746,391.48074407,308.00244739,441.30574106,70,미지정,0
279076,1117000000000004352,이태원동 258-99도,도,국유지,57.724700463120826,126.9961428660436,37.54098280062305,420.05348746,391.48074407,308.00244739,441.30574106,66,미지정,0
279077,1117000000000004353,이태원동 6-8 도,도,국유지,10.426796305924654,126.99614480965823,37.54053877955472,432.83116515,371.84597092,303.11376607,444.42311986,70,미지정,0
279077,1117000000000004353,이태원동 6-8 도,도,국유지,10.426796305924654,126.99614480965823,37.54053877955472,432.83116515,371.84597092,303.11376607,444.42311986,66,미지정,0
279078,1117000000000004354,이태원동 258-473도,도,국유지,1562.1984785558307,126.99669262027737,37.54046159082534,437.25499832,404.29864378,351.45817542,397.67583696,70,미지정,0
279078,1117000000000004354,이태원동 258-473도,도,국유지,1562.1984785558307,126.99669262027737,37.54046159082534,437.25499832,404.29864378,351.45817542,397.67583696,66,미지정,0
279079,1117000000000004355,이태원동 258-467도,도,국유지,1379.9664438304026,126.99693162696609,37.540788550446095,420.25743834,423.84815271,374.16511397,372.51153476,70,미지정,0
279079,1117000000000004355,이태원동 258-467도,도,국유지,1379.9664438304026,126.99693162696609,37.540788550446095,420.25743834,423.84815271,374.16511397,372.51153476,66,미지정,0
279080,1117000000000004356,이태원동 20-120도,도,국유지,296.02638578403275,126.99624747317085,37.53053674481506,462.76513091,277.29359822,60.13413069,226.6280986,70,미지정,0
279080,1117000000000004356,이태원동 20-120도,도,국유지,296.02638578403275,126.99624747317085,37.53053674481506,462.76513091,277.29359822,60.13413069,226.6280986,66,미지정,0
279081,1117000000000004357,이태원동 20-123 도,도,국유지,275.42340986803174,126.99635218982742,37.53055806933091,464.0462338,286.26031708,66.24434988,224.21407953,70,미지정,0
279081,1117000000000004357,이태원동 20-123 도,도,국유지,275.42340986803174,126.99635218982742,37.53055806933091,464.0462338,286.26031708,66.24434988,224.21407953,66,미지정,0
279082,1117000000000004358,이태원동 20-122 도,도,국유지,115.03329571522772,126.99614398203423,37.53069568943657,443.0052327,280.56660912,42.61019782,209.4466556,70,미지정,0
279082,1117000000000004358,이태원동 20-122 도,도,국유지,115.03329571522772,126.99614398203423,37.53069568943657,443.0052327,280.56660912,42.61019782,209.4466556,66,미지정,0
279083,1117000000000004359,이태원동 20-91도,도,국유지,99.75885199848562,126.99586838537057,37.530815977710034,422.12875897,271.21000727,14.83191165,199.47216676,70,미지정,0
279083,1117000000000004359,이태원동 20-91도,도,국유지,99.75885199848562,126.99586838537057,37.530815977710034,422.12875897,271.21000727,14.83191165,199.47216676,66,미지정,0
279084,1117000000000004360,이태원동 20-118도,도,국유지,71.14777527516708,126.99618444513385,37.53074480121796,439.24852843,286.77972484,43.61741684,203.77943264,70,미지정,0
279084,1117000000000004360,이태원동 20-118도,도,국유지,71.14777527516708,126.99618444513385,37.53074480121796,439.24852843,286.77972484,43.61741684,203.77943264,66,미지정,0
279085,1117000000000004361,이태원동 20-85도,도,국유지,554.1693314127624,126.99598589855138,37.53120800644658,385.01303915,309.96520152,43.27843603,154.77663841,70,미지정,0
279085,1117000000000004361,이태원동 20-85도,도,국유지,554.1693314127624,126.99598589855138,37.53120800644658,385.01303915,309.96520152,43.27843603,154.77663841,66,미지정,0
279086,1117000000000004362,이태원동 21-5도,도,국유지,867.1415151068941,126.99578179076778,37.53100982819719,399.29526973,281.53470698,15.37443663,180.26960749,70,미지정,0
279086,1117000000000004362,이태원동 21-5도,도,국유지,867.1415151068941,126.99578179076778,37.53100982819719,399.29526973,281.53470698,15.37443663,180.26960749,66,미지정,0
279087,1117000000000004363,이태원동 243-60도,도,국유지,1950.3102144205477,126.99556008156152,37.539541184907996,435.14446953,297.74786179,272.02448662,519.64668468,70,미지정,0
279087,1117000000000004363,이태원동 243-60도,도,국유지,1950.3102144205477,126.99556008156152,37.539541184907996,435.14446953,297.74786179,272.02448662,519.64668468,66,미지정,0
279088,1117000000000004364,이태원동 258-369도,도,국유지,55.7089070584625,126.9976399895824,37.54106596003169,365.39171733,425.54900339,440.04148357,308.99731159,70,미지정,0
279088,1117000000000004364,이태원동 258-369도,도,국유지,55.7089070584625,126.9976399895824,37.54106596003169,365.39171733,425.54900339,440.04148357,308.99731159,66,미지정,0
279089,1117000000000004365,이태원동 44-94도,도,국유지,106.65359936188906,126.99129918034093,37.532019817298256,334.43397881,96.36079787,410.80909125,447.46749543,70,미지정,0
279089,1117000000000004365,이태원동 44-94도,도,국유지,106.65359936188906,126.99129918034093,37.532019817298256,334.43397881,96.36079787,410.80909125,447.46749543,66,미지정,0
279090,1117000000000004366,이태원동 18-13도,도,국유지,74.71739420783706,126.9957369726252,37.53200790540274,294.83252553,369.47817776,125.19029803,81.2140269,70,미지정,0
279090,1117000000000004366,이태원동 18-13도,도,국유지,74.71739420783706,126.9957369726252,37.53200790540274,294.83252553,369.47817776,125.19029803,81.2140269,66,미지정,0
279091,1117000000000004367,이태원동 18-32도,도,국유지,40.112897030077875,126.99599393388766,37.53194215920763,311.51231487,379.2969697,120.3267329,75.99678677,70,미지정,0
279091,1117000000000004367,이태원동 18-32도,도,국유지,40.112897030077875,126.99599393388766,37.53194215920763,311.51231487,379.2969697,120.3267329,75.99678677,66,미지정,0
279092,1117000000000004368,이태원동 133-22도,도,국유지,239.01677529513836,126.9949104224174,37.537432116409825,315.14719844,237.59291436,389.75331672,552.82548693,70,미지정,0
279092,1117000000000004368,이태원동 133-22도,도,국유지,239.01677529513836,126.9949104224174,37.537432116409825,315.14719844,237.59291436,389.75331672,552.82548693,66,미지정,0
279093,1117000000000004369,이태원동 15-5도,도,국유지,580.7469636565074,126.99710563641338,37.53220983434123,346.59791338,377.69963316,191.72915168,81.10452922,70,미지정,0
279093,1117000000000004369,이태원동 15-5도,도,국유지,580.7469636565074,126.99710563641338,37.53220983434123,346.59791338,377.69963316,191.72915168,81.10452922,66,미지정,0
279094,1117000000000004370,이태원동 206-25도,도,국유지,42.581548067042604,126.99310610734854,37.53812561207095,395.44515148,160.70231603,263.36725346,482.52692613,70,미지정,0
279094,1117000000000004370,이태원동 206-25도,도,국유지,42.581548067042604,126.99310610734854,37.53812561207095,395.44515148,160.70231603,263.36725346,482.52692613,66,미지정,0
279095,1117000000000004371,이태원동 206-29도,도,국유지,25.390976266935468,126.99309060060526,37.538149875989966,398.28412772,157.68491909,260.51993043,482.49151862,70,미지정,0
279095,1117000000000004371,이태원동 206-29도,도,국유지,25.390976266935468,126.99309060060526,37.538149875989966,398.28412772,157.68491909,260.51993043,482.49151862,66,미지정,0
279096,1117000000000004372,이태원동 205-20도,도,국유지,132.52146838139743,126.9932490536393,37.538226297310636,405.26596911,158.20445071,254.32786003,498.81023025,70,미지정,0
279096,1117000000000004372,이태원동 205-20도,도,국유지,132.52146838139743,126.9932490536393,37.538226297310636,405.26596911,158.20445071,254.32786003,498.81023025,66,미지정,0
279097,1117000000000004373,이태원동 203-2도,도,국유지,59.46336491778493,126.99195029805894,37.53774238939294,285.23571087,183.02359495,311.08056312,372.14478708,70,미지정,0
279097,1117000000000004373,이태원동 203-2도,도,국유지,59.46336491778493,126.99195029805894,37.53774238939294,285.23571087,183.02359495,311.08056312,372.14478708,66,미지정,0
279098,1117000000000004374,이태원동 204-2도,도,국유지,487.1440835259855,126.99243890350436,37.53804699263691,305.47389105,149.44548065,270.93368641,426.12589412,70,미지정,0
279098,1117000000000004374,이태원동 204-2도,도,국유지,487.1440835259855,126.99243890350436,37.53804699263691,305.47389105,149.44548065,270.93368641,426.12589412,66,미지정,0
279099,1117000000000004375,이태원동 200-2 도,도,국유지,46.034713006578386,126.99212031934086,37.53752609063144,284.97514854,205.8368024,331.84044664,375.61433904,70,미지정,0
279099,1117000000000004375,이태원동 200-2 도,도,국유지,46.034713006578386,126.99212031934086,37.53752609063144,284.97514854,205.8368024,331.84044664,375.61433904,66,미지정,0
279100,1117000000000004376,이태원동 204-17도,도,국유지,29.79544185526902,126.99246336565156,37.5377381970919,322.92366363,183.69583118,304.91587089,412.81584948,70,미지정,0
279100,1117000000000004376,이태원동 204-17도,도,국유지,29.79544185526902,126.99246336565156,37.5377381970919,322.92366363,183.69583118,304.91587089,412.81584948,66,미지정,0
279101,1117000000000004377,이태원동 15-24도,도,국유지,836.917824535165,126.99607781722897,37.53225188859909,285.60450092,346.53358751,155.49179067,41.73889746,70,미지정,0
279101,1117000000000004377,이태원동 15-24도,도,국유지,836.917824535165,126.99607781722897,37.53225188859909,285.60450092,346.53358751,155.49179067,41.73889746,66,미지정,0
279102,1117000000000004378,이태원동 18-8도,도,국유지,171.38392728753388,126.99609660965628,37.532280517672646,283.84562948,343.70618032,158.94310035,38.15654985,70,미지정,0
279102,1117000000000004378,이태원동 18-8도,도,국유지,171.38392728753388,126.99609660965628,37.532280517672646,283.84562948,343.70618032,158.94310035,38.15654985,66,미지정,0
279103,1117000000000004379,이태원동 135-5도,도,국유지,2166.711454845965,126.99336331129017,37.53751984673623,326.29932452,230.7158561,333.28049285,478.5395081,70,미지정,0
279103,1117000000000004379,이태원동 135-5도,도,국유지,2166.711454845965,126.99336331129017,37.53751984673623,326.29932452,230.7158561,333.28049285,478.5395081,66,미지정,0
279104,1117000000000004380,이태원동 96-5도,도,국유지,29.645410970319062,126.99601592720055,37.53250839774983,258.91853653,317.54588854,182.59994925,27.37016589,70,미지정,0
279104,1117000000000004380,이태원동 96-5도,도,국유지,29.645410970319062,126.99601592720055,37.53250839774983,258.91853653,317.54588854,182.59994925,27.37016589,66,미지정,0
279105,1117000000000004381,이태원동 100-39도,도,국유지,319.71752339880913,126.9957902296253,37.5327273665424,227.57679032,290.52824161,205.12476066,49.08997208,70,미지정,0
279105,1117000000000004381,이태원동 100-39도,도,국유지,319.71752339880913,126.9957902296253,37.5327273665424,227.57679032,290.52824161,205.12476066,49.08997208,66,미지정,0
279106,1117000000000004382,이태원동 200-10도,도,국유지,995.2328728255816,126.99259831700981,37.53759130087522,345.81775811,201.62806915,320.57010464,417.4678441,70,미지정,0
279106,1117000000000004382,이태원동 200-10도,도,국유지,995.2328728255816,126.99259831700981,37.53759130087522,345.81775811,201.62806915,320.57010464,417.4678441,66,미지정,0
279107,1117000000000004383,이태원동 205-5도,도,국유지,356.63711375690764,126.99274965641658,37.53789666468633,375.55767222,171.68471328,286.52551366,443.14399925,70,미지정,0
279107,1117000000000004383,이태원동 205-5도,도,국유지,356.63711375690764,126.99274965641658,37.53789666468633,375.55767222,171.68471328,286.52551366,443.14399925,66,미지정,0
279108,1117000000000004384,이태원동 154-14 도,도,국유지,28.216365142492577,126.99112326276145,37.537165667941366,188.70441317,209.64677973,393.66590262,278.88669084,70,미지정,0
279108,1117000000000004384,이태원동 154-14 도,도,국유지,28.216365142492577,126.99112326276145,37.537165667941366,188.70441317,209.64677973,393.66590262,278.88669084,66,미지정,0
279109,1117000000000004385,이태원동 154-16도,도,국유지,73.23105793073773,126.99085356303442,37.537231931239255,180.16380989,201.66275146,396.10305017,260.11242533,70,미지정,0
279109,1117000000000004385,이태원동 154-16도,도,국유지,73.23105793073773,126.99085356303442,37.537231931239255,180.16380989,201.66275146,396.10305017,260.11242533,66,미지정,0
279110,1117000000000004386,이태원동 153-14도,도,국유지,206.43184681626735,126.9914852416546,37.53694846749349,199.8239721,238.21684521,406.56682128,301.30382786,70,미지정,0
279110,1117000000000004386,이태원동 153-14도,도,국유지,206.43184681626735,126.9914852416546,37.53694846749349,199.8239721,238.21684521,406.56682128,301.30382786,66,미지정,0
279111,1117000000000004387,이태원동 135-8도,도,국유지,16.494358379859477,126.99181560749331,37.536912857865005,218.44731682,249.69220219,403.62096348,328.54207296,70,미지정,0
279111,1117000000000004387,이태원동 135-8도,도,국유지,16.494358379859477,126.99181560749331,37.536912857865005,218.44731682,249.69220219,403.62096348,328.54207296,66,미지정,0
279112,1117000000000004388,이태원동 140-3 도,도,국유지,26.13339527277276,126.99570297616364,37.53291786011011,205.86197826,268.645099,226.18184251,65.8025584,70,미지정,0
279112,1117000000000004388,이태원동 140-3 도,도,국유지,26.13339527277276,126.99570297616364,37.53291786011011,205.86197826,268.645099,226.18184251,65.8025584,66,미지정,0
279113,1117000000000004389,이태원동 141-21도,도,국유지,163.78465598542243,126.99559018776952,37.53297140780227,195.24182934,261.85913793,232.40752919,77.38247844,70,미지정,0
279113,1117000000000004389,이태원동 141-21도,도,국유지,163.78465598542243,126.99559018776952,37.53297140780227,195.24182934,261.85913793,232.40752919,77.38247844,66,미지정,0
279114,1117000000000004390,이태원동 133-13 도,도,국유지,755.497766918561,126.99481315968238,37.536957986527035,261.82892566,188.16046364,432.43108023,503.87493038,70,미지정,0
279114,1117000000000004390,이태원동 133-13 도,도,국유지,755.497766918561,126.99481315968238,37.536957986527035,261.82892566,188.16046364,432.43108023,503.87493038,66,미지정,0
279115,1117000000000004391,이태원동 96-150도,도,국유지,200.15097746392712,126.99595135525821,37.53249958061723,256.49106037,317.56112438,180.90077259,33.12846776,70,미지정,0
279115,1117000000000004391,이태원동 96-150도,도,국유지,200.15097746392712,126.99595135525821,37.53249958061723,256.49106037,317.56112438,180.90077259,33.12846776,66,미지정,0
279116,1117000000000004392,이태원동 135-43도,도,국유지,124.40698119206354,126.99234380007884,37.53654374931335,245.47554968,315.01902459,437.90360731,367.72307294,70,미지정,0
279116,1117000000000004392,이태원동 135-43도,도,국유지,124.40698119206354,126.99234380007884,37.53654374931335,245.47554968,315.01902459,437.90360731,367.72307294,66,미지정,0
279117,1117000000000004393,이태원동 147-12도,도,국유지,107.14250982366502,126.9920368466468,37.53668462906844,219.47057483,280.09303679,425.28687776,342.78640816,70,미지정,0
279117,1117000000000004393,이태원동 147-12도,도,국유지,107.14250982366502,126.9920368466468,37.53668462906844,219.47057483,280.09303679,425.28687776,342.78640816,66,미지정,0
279118,1117000000000004394,이태원동 147-17도,도,국유지,107.80435100756586,126.99191180124355,37.53681178204428,218.19598217,263.0566962,413.07770004,334.39307392,70,미지정,0
279118,1117000000000004394,이태원동 147-17도,도,국유지,107.80435100756586,126.99191180124355,37.53681178204428,218.19598217,263.0566962,413.07770004,334.39307392,66,미지정,0
279119,1117000000000004395,이태원동 135-46도,도,국유지,65.10421641671564,126.99286191793483,37.53708002481041,285.00930935,261.90635105,377.36772224,422.7974992,70,미지정,0
279119,1117000000000004395,이태원동 135-46도,도,국유지,65.10421641671564,126.99286191793483,37.53708002481041,285.00930935,261.90635105,377.36772224,422.7974992,66,미지정,0
279120,1117000000000004396,이태원동 200-17도,도,국유지,134.65680053969845,126.99217162349298,37.53720408754932,263.3687058,241.47359923,366.54759836,367.55103798,70,미지정,0
279120,1117000000000004396,이태원동 200-17도,도,국유지,134.65680053969845,126.99217162349298,37.53720408754932,263.3687058,241.47359923,366.54759836,367.55103798,66,미지정,0
279121,1117000000000004397,이태원동 101-49도,도,국유지,29.70271926932037,126.99413103786878,37.53654993350946,213.30125716,175.4355164,453.5654166,481.17358974,70,미지정,0
279121,1117000000000004397,이태원동 101-49도,도,국유지,29.70271926932037,126.99413103786878,37.53654993350946,213.30125716,175.4355164,453.5654166,481.17358974,66,미지정,0
279122,1117000000000004398,이태원동 155-15 도,도,국유지,849.6215248748194,126.99073640574748,37.536173472059616,92.64259424,168.34681456,508.78734126,223.84288624,70,미지정,0
279122,1117000000000004398,이태원동 155-15 도,도,국유지,849.6215248748194,126.99073640574748,37.536173472059616,92.64259424,168.34681456,508.78734126,223.84288624,66,미지정,0
279123,1117000000000004399,이태원동 135-12도,도,국유지,1413.4069813422975,126.99386447472676,37.536976358312174,262.99960641,227.29993518,401.69062787,533.98283259,70,미지정,0
279123,1117000000000004399,이태원동 135-12도,도,국유지,1413.4069813422975,126.99386447472676,37.536976358312174,262.99960641,227.29993518,401.69062787,533.98283259,66,미지정,0
279124,1117000000000004400,이태원동 135-54도,도,국유지,134.0103342216462,126.99409781868755,37.53662163004305,221.4659066,183.47799601,445.10734627,489.6409132,70,미지정,0
279124,1117000000000004400,이태원동 135-54도,도,국유지,134.0103342216462,126.99409781868755,37.53662163004305,221.4659066,183.47799601,445.10734627,489.6409132,66,미지정,0
279125,1117000000000004401,이태원동 153-20 도,도,국유지,66.24711776385084,126.99112704252113,37.536902381900745,167.90912164,238.80368529,420.97384434,269.47092721,70,미지정,0
279125,1117000000000004401,이태원동 153-20 도,도,국유지,66.24711776385084,126.99112704252113,37.536902381900745,167.90912164,238.80368529,420.97384434,269.47092721,66,미지정,0
279126,1117000000000004402,이태원동 159-4도,도,국유지,31.91498847672483,126.99151709861175,37.53599450965626,146.07535657,239.03570017,508.7799072,293.79128361,70,미지정,0
279126,1117000000000004402,이태원동 159-4도,도,국유지,31.91498847672483,126.99151709861175,37.53599450965626,146.07535657,239.03570017,508.7799072,293.79128361,66,미지정,0
279127,1117000000000004403,이태원동 141-2도,도,국유지,56.85276768729091,126.99553381183678,37.53298939478905,190.78511965,259.56881423,234.7001607,82.63097901,70,미지정,0
279127,1117000000000004403,이태원동 141-2도,도,국유지,56.85276768729091,126.99553381183678,37.53298939478905,190.78511965,259.56881423,234.7001607,82.63097901,66,미지정,0
279128,1117000000000004404,이태원동 151-21 도,도,국유지,783.9207854042761,126.99093430603371,37.53660735483105,139.10453382,188.96759717,457.55375616,245.26281875,70,미지정,0
279128,1117000000000004404,이태원동 151-21 도,도,국유지,783.9207854042761,126.99093430603371,37.53660735483105,139.10453382,188.96759717,457.55375616,245.26281875,66,미지정,0
279129,1117000000000004405,이태원동 155-27도,도,국유지,160.1566132279113,126.99088495350237,37.536879113176546,150.94082192,192.91472746,430.97816871,248.25068944,70,미지정,0
279129,1117000000000004405,이태원동 155-27도,도,국유지,160.1566132279113,126.99088495350237,37.536879113176546,150.94082192,192.91472746,430.97816871,248.25068944,66,미지정,0
279130,1117000000000004406,이태원동 150-7 도,도,국유지,76.16006761649624,126.99183256860724,37.53631354913705,184.27511391,313.90130438,468.76300522,320.88522965,70,미지정,0
279130,1117000000000004406,이태원동 150-7 도,도,국유지,76.16006761649624,126.99183256860724,37.53631354913705,184.27511391,313.90130438,468.76300522,320.88522965,66,미지정,0
279131,1117000000000004407,이태원동 122-27도,도,국유지,211.51557097490877,126.99190772097391,37.53605475377005,181.15962562,272.60241297,496.10827752,327.78901133,70,미지정,0
279131,1117000000000004407,이태원동 122-27도,도,국유지,211.51557097490877,126.99190772097391,37.53605475377005,181.15962562,272.60241297,496.10827752,327.78901133,66,미지정,0
279132,1117000000000004408,이태원동 150-2 도,도,국유지,39.615198357147165,126.99180639511371,37.53633174705955,182.98834374,311.36250902,467.16404548,318.65163376,70,미지정,0
279132,1117000000000004408,이태원동 150-2 도,도,국유지,39.615198357147165,126.99180639511371,37.53633174705955,182.98834374,311.36250902,467.16404548,318.65163376,66,미지정,0
279133,1117000000000004409,이태원동 135-47도,도,국유지,70.5785140900407,126.99283978966875,37.53635296993282,208.28358592,252.28842455,457.97207738,410.00684269,70,미지정,0
279133,1117000000000004409,이태원동 135-47도,도,국유지,70.5785140900407,126.99283978966875,37.53635296993282,208.28358592,252.28842455,457.97207738,410.00684269,66,미지정,0
279134,1117000000000004410,이태원동 155-8도,도,국유지,31.32630168320611,126.99173075392724,37.5362248785032,172.16735023,255.89090897,480.02004769,311.69000791,70,미지정,0
279134,1117000000000004410,이태원동 155-8도,도,국유지,31.32630168320611,126.99173075392724,37.5362248785032,172.16735023,255.89090897,480.02004769,311.69000791,66,미지정,0
279135,1117000000000004411,이태원동 149-6도,도,국유지,179.2127276303363,126.99217599731791,37.536231345201934,223.67750822,331.57659367,473.74919262,351.04520319,70,미지정,0
279135,1117000000000004411,이태원동 149-6도,도,국유지,179.2127276303363,126.99217599731791,37.536231345201934,223.67750822,331.57659367,473.74919262,351.04520319,66,미지정,0
279136,1117000000000004412,이태원동 142-11도,도,국유지,31.9295490286313,126.99263708704558,37.53632062467998,211.77405898,266.88410549,461.48366401,391.97785219,70,미지정,0
279136,1117000000000004412,이태원동 142-11도,도,국유지,31.9295490286313,126.99263708704558,37.53632062467998,211.77405898,266.88410549,461.48366401,391.97785219,66,미지정,0
279137,1117000000000004413,이태원동 165-3 도,도,국유지,118.23361815605313,126.99071762290163,37.5356186291518,70.30203287,181.72772433,567.52321899,231.68154334,70,미지정,0
279137,1117000000000004413,이태원동 165-3 도,도,국유지,118.23361815605313,126.99071762290163,37.5356186291518,70.30203287,181.72772433,567.52321899,231.68154334,66,미지정,0
279138,1117000000000004414,이태원동 155-7 도,도,국유지,344.802289030049,126.99098395552878,37.53578372003321,94.99059661,197.62499126,543.04072801,250.22651361,70,미지정,0
279138,1117000000000004414,이태원동 155-7 도,도,국유지,344.802289030049,126.99098395552878,37.53578372003321,94.99059661,197.62499126,543.04072801,250.22651361,66,미지정,0
279139,1117000000000004415,이태원동 137-72 도,도,국유지,17.86368626705371,126.99509913893466,37.53298165513455,173.1568375,261.32907475,239.64717658,116.26733119,70,미지정,0
279139,1117000000000004415,이태원동 137-72 도,도,국유지,17.86368626705371,126.99509913893466,37.53298165513455,173.1568375,261.32907475,239.64717658,116.26733119,66,미지정,0
279140,1117000000000004416,이태원동 164-1도,도,국유지,31.493253308348358,126.99153368078699,37.535662666978155,142.36803435,248.03189318,544.57387177,300.50584705,70,미지정,0
279140,1117000000000004416,이태원동 164-1도,도,국유지,31.493253308348358,126.99153368078699,37.535662666978155,142.36803435,248.03189318,544.57387177,300.50584705,66,미지정,0
279141,1117000000000004417,이태원동 164-14 도,도,국유지,16.524027058389038,126.99146093192837,37.53572434837241,136.19838986,240.01078709,539.14269467,292.87176373,70,미지정,0
279141,1117000000000004417,이태원동 164-14 도,도,국유지,16.524027058389038,126.99146093192837,37.53572434837241,136.19838986,240.01078709,539.14269467,292.87176373,66,미지정,0
279142,1117000000000004418,이태원동 120-12도,도,국유지,31.061611362267286,126.99147892373286,37.53583113758619,139.02796308,238.80075236,527.21751947,292.49066949,70,미지정,0
279142,1117000000000004418,이태원동 120-12도,도,국유지,31.061611362267286,126.99147892373286,37.53583113758619,139.02796308,238.80075236,527.21751947,292.49066949,66,미지정,0
279143,1117000000000004419,이태원동 120-6도,도,국유지,33.94569516205229,126.99171070659347,37.53559303111303,158.11712484,265.22150691,549.41522249,317.42419471,70,미지정,0
279143,1117000000000004419,이태원동 120-6도,도,국유지,33.94569516205229,126.99171070659347,37.53559303111303,158.11712484,265.22150691,549.41522249,317.42419471,66,미지정,0
279144,1117000000000004420,이태원동 118-58도,도,국유지,39.61559825763106,126.99166062155913,37.53551606648508,154.26302361,263.60420707,558.56869759,315.08650135,70,미지정,0
279144,1117000000000004420,이태원동 118-58도,도,국유지,39.61559825763106,126.99166062155913,37.53551606648508,154.26302361,263.60420707,558.56869759,315.08650135,66,미지정,0
279145,1117000000000004421,이태원동 119-33 도,도,국유지,114.24109057476744,126.99189330376669,37.53556958077165,174.35407863,281.4358089,549.61731682,333.74509454,70,미지정,0
279145,1117000000000004421,이태원동 119-33 도,도,국유지,114.24109057476744,126.99189330376669,37.53556958077165,174.35407863,281.4358089,549.61731682,333.74509454,66,미지정,0
279146,1117000000000004422,이태원동 120-26 도,도,국유지,35.29449208499864,126.99190570492868,37.5355992644988,175.31831196,281.5872718,546.20714507,334.13048608,70,미지정,0
279146,1117000000000004422,이태원동 120-26 도,도,국유지,35.29449208499864,126.99190570492868,37.5355992644988,175.31831196,281.5872718,546.20714507,334.13048608,66,미지정,0
279147,1117000000000004423,이태원동 112-10도,도,국유지,28.467112231068313,126.9923664796692,37.53554784125891,155.0498899,268.0007551,548.07129807,375.17470603,70,미지정,0
279147,1117000000000004423,이태원동 112-10도,도,국유지,28.467112231068313,126.9923664796692,37.53554784125891,155.0498899,268.0007551,548.07129807,375.17470603,66,미지정,0
279148,1117000000000004424,이태원동 116-18 도,도,국유지,34.06860693905037,126.99233042062575,37.535008739274396,124.91595324,272.32021314,547.53674283,388.34974944,70,미지정,0
279148,1117000000000004424,이태원동 116-18 도,도,국유지,34.06860693905037,126.99233042062575,37.535008739274396,124.91595324,272.32021314,547.53674283,388.34974944,66,미지정,0
279149,1117000000000004425,이태원동 118-65도,도,국유지,25.092793697840534,126.99184407779516,37.53513226518114,169.94322391,326.5982638,598.30669763,343.27670142,70,미지정,0
279149,1117000000000004425,이태원동 118-65도,도,국유지,25.092793697840534,126.99184407779516,37.53513226518114,169.94322391,326.5982638,598.30669763,343.27670142,66,미지정,0
279150,1117000000000004426,이태원동 116-19 도,도,국유지,53.035074904735666,126.99216883562995,37.5353948225901,157.96627191,284.43247444,566.25172704,361.93786894,70,미지정,0
279150,1117000000000004426,이태원동 116-19 도,도,국유지,53.035074904735666,126.99216883562995,37.5353948225901,157.96627191,284.43247444,566.25172704,361.93786894,66,미지정,0
279151,1117000000000004427,이태원동 166-17도,도,국유지,50.543648766353726,126.99127919847969,37.53511535940481,133.60193937,251.60750962,608.5943139,297.7611142,70,미지정,0
279151,1117000000000004427,이태원동 166-17도,도,국유지,50.543648766353726,126.99127919847969,37.53511535940481,133.60193937,251.60750962,608.5943139,297.7611142,66,미지정,0
279152,1117000000000004428,이태원동 118-82 도,도,국유지,35.58910280937562,126.99229410846196,37.53493327301543,125.08562893,276.69562862,542.33246959,388.31851538,70,미지정,0
279152,1117000000000004428,이태원동 118-82 도,도,국유지,35.58910280937562,126.99229410846196,37.53493327301543,125.08562893,276.69562862,542.33246959,388.31851538,66,미지정,0
279153,1117000000000004429,이태원동 118-10 도,도,국유지,24.661200815811753,126.99183435348716,37.53504683691329,167.62888744,317.59668089,607.8200289,345.90152936,70,미지정,0
279153,1117000000000004429,이태원동 118-10 도,도,국유지,24.661200815811753,126.99183435348716,37.53504683691329,167.62888744,317.59668089,607.8200289,345.90152936,66,미지정,0
279154,1117000000000004430,이태원동 118-81 도,도,국유지,33.13654130487703,126.99191910267416,37.53538486017367,176.03780967,289.98941838,569.65898208,340.90958405,70,미지정,0
279154,1117000000000004430,이태원동 118-81 도,도,국유지,33.13654130487703,126.99191910267416,37.53538486017367,176.03780967,289.98941838,569.65898208,340.90958405,66,미지정,0
279155,1117000000000004431,이태원동 166-45 도,도,국유지,102.28445580694824,126.99064156324924,37.53482527628592,111.13553921,226.93923366,653.63357185,264.71599145,70,미지정,0
279155,1117000000000004431,이태원동 166-45 도,도,국유지,102.28445580694824,126.99064156324924,37.53482527628592,111.13553921,226.93923366,653.63357185,264.71599145,66,미지정,0
279156,1117000000000004432,이태원동 166-21도,도,국유지,83.25369469891302,126.9910930020424,37.53500142274461,125.80678316,244.74064163,624.53999381,288.48563035,70,미지정,0
279156,1117000000000004432,이태원동 166-21도,도,국유지,83.25369469891302,126.9910930020424,37.53500142274461,125.80678316,244.74064163,624.53999381,288.48563035,66,미지정,0
279157,1117000000000004433,이태원동 166-8도,도,국유지,176.03671266511083,126.9908969892638,37.53528678450494,94.91539404,212.85273653,598.18052613,259.17924561,70,미지정,0
279157,1117000000000004433,이태원동 166-8도,도,국유지,176.03671266511083,126.9908969892638,37.53528678450494,94.91539404,212.85273653,598.18052613,259.17924561,66,미지정,0
279158,1117000000000004434,이태원동 118-67도,도,국유지,81.1153632439673,126.99187364929256,37.53487643128956,159.48215002,302.01916369,558.91207116,356.56079057,70,미지정,0
279158,1117000000000004434,이태원동 118-67도,도,국유지,81.1153632439673,126.99187364929256,37.53487643128956,159.48215002,302.01916369,558.91207116,356.56079057,66,미지정,0
279159,1117000000000004435,이태원동 168-13 도,도,국유지,15.2146763112396,126.99186490393294,37.534743003223724,157.95154845,288.48681661,547.71477709,362.27425968,70,미지정,0
279159,1117000000000004435,이태원동 168-13 도,도,국유지,15.2146763112396,126.99186490393294,37.534743003223724,157.95154845,288.48681661,547.71477709,362.27425968,66,미지정,0
279160,1117000000000004436,이태원동 168-7도,도,국유지,21.09062160307076,126.99187691503876,37.53469468496124,156.40010007,284.25422465,542.86211257,365.66037266,70,미지정,0
279160,1117000000000004436,이태원동 168-7도,도,국유지,21.09062160307076,126.99187691503876,37.53469468496124,156.40010007,284.25422465,542.86211257,365.66037266,66,미지정,0
279161,1117000000000004437,이태원동 168-8 도,도,국유지,25.725678680930287,126.99188061035906,37.53463607575469,155.71724456,278.70890776,537.59810052,368.98790763,70,미지정,0
279161,1117000000000004437,이태원동 168-8 도,도,국유지,25.725678680930287,126.99188061035906,37.53463607575469,155.71724456,278.70890776,537.59810052,368.98790763,66,미지정,0
279162,1117000000000004438,이태원동 118-89 도,도,국유지,108.66547994338907,126.99195960027082,37.534889122350116,152.34992958,306.73617781,555.4503129,362.91231463,70,미지정,0
279162,1117000000000004438,이태원동 118-89 도,도,국유지,108.66547994338907,126.99195960027082,37.534889122350116,152.34992958,306.73617781,555.4503129,362.91231463,66,미지정,0
279163,1117000000000004439,이태원동 118-36도,도,국유지,41.26398196583614,126.99201005138876,37.53481374804867,146.34212674,301.50349905,546.08166907,370.41976295,70,미지정,0
279163,1117000000000004439,이태원동 118-36도,도,국유지,41.26398196583614,126.99201005138876,37.53481374804867,146.34212674,301.50349905,546.08166907,370.41976295,66,미지정,0
279164,1117000000000004440,이태원동 118-52도,도,국유지,25.838409598800354,126.99214821285749,37.53480051708428,134.06110995,306.38760677,537.64599365,382.14232302,70,미지정,0
279164,1117000000000004440,이태원동 118-52도,도,국유지,25.838409598800354,126.99214821285749,37.53480051708428,134.06110995,306.38760677,537.64599365,382.14232302,66,미지정,0
279165,1117000000000004441,이태원동 118-86 도,도,국유지,43.91742357163457,126.9921321786911,37.534882876777615,137.34158214,313.51709315,545.89256843,377.18353956,70,미지정,0
279165,1117000000000004441,이태원동 118-86 도,도,국유지,43.91742357163457,126.9921321786911,37.534882876777615,137.34158214,313.51709315,545.89256843,377.18353956,66,미지정,0
279166,1117000000000004442,이태원동 118-84 도,도,국유지,12.409108896041289,126.99231997760211,37.534892197628466,121.56784464,275.197236,537.27431976,392.12719997,70,미지정,0
279166,1117000000000004442,이태원동 118-84 도,도,국유지,12.409108896041289,126.99231997760211,37.534892197628466,121.56784464,275.197236,537.27431976,392.12719997,66,미지정,0
279167,1117000000000004443,이태원동 118-25도,도,국유지,30.3950618893723,126.99200802447417,37.534608934054106,144.3835582,281.782351,528.19552066,380.34166326,70,미지정,0
279167,1117000000000004443,이태원동 118-25도,도,국유지,30.3950618893723,126.99200802447417,37.534608934054106,144.3835582,281.782351,528.19552066,380.34166326,66,미지정,0
279168,1117000000000004444,이태원동 118-91 도,도,국유지,21.669332181394566,126.9920502473216,37.534891634676335,144.60831671,310.78491613,550.91744064,370.14346347,70,미지정,0
279168,1117000000000004444,이태원동 118-91 도,도,국유지,21.669332181394566,126.9920502473216,37.534891634676335,144.60831671,310.78491613,550.91744064,370.14346347,66,미지정,0
279169,1117000000000004445,이태원동 118-85 도,도,국유지,56.527661016210914,126.99212995355026,37.53492167704989,138.61961113,317.14764522,549.51647655,375.33911325,70,미지정,0
279169,1117000000000004445,이태원동 118-85 도,도,국유지,56.527661016210914,126.99212995355026,37.53492167704989,138.61961113,317.14764522,549.51647655,375.33911325,66,미지정,0
279170,1117000000000004446,이태원동 118-83 도,도,국유지,53.38857686147094,126.99224746914719,37.53489795620885,127.90742058,320.19172813,541.41252143,385.94768428,70,미지정,0
279170,1117000000000004446,이태원동 118-83 도,도,국유지,53.38857686147094,126.99224746914719,37.53489795620885,127.90742058,320.19172813,541.41252143,385.94768428,66,미지정,0
279171,1117000000000004447,이태원동 119-23도,도,국유지,11400.446656185668,126.99464918042095,37.53454726059187,31.56962905,108.13173794,417.90100773,263.43149677,70,미지정,0
279171,1117000000000004447,이태원동 119-23도,도,국유지,11400.446656185668,126.99464918042095,37.53454726059187,31.56962905,108.13173794,417.90100773,263.43149677,66,미지정,0
279172,1117000000000004448,이태원동 119-3도,도,국유지,77.45654489193112,126.99337108257345,37.53468143211752,26.03466753,191.86661056,470.26850009,349.44748647,70,미지정,0
279172,1117000000000004448,이태원동 119-3도,도,국유지,77.45654489193112,126.99337108257345,37.53468143211752,26.03466753,191.86661056,470.26850009,349.44748647,66,미지정,0
279173,1117000000000004449,이태원동 119-6도,도,국유지,79.69295275723562,126.99334539471523,37.53487946971935,41.58407317,186.99979767,491.05070063,366.12146126,70,미지정,0
279173,1117000000000004449,이태원동 119-6도,도,국유지,79.69295275723562,126.99334539471523,37.53487946971935,41.58407317,186.99979767,491.05070063,366.12146126,66,미지정,0
279174,1117000000000004450,이태원동 112-33도,도,국유지,371.35845646495,126.99387906386755,37.535386760123636,91.08123902,133.3464633,526.02382988,378.75968736,70,미지정,0
279174,1117000000000004450,이태원동 112-33도,도,국유지,371.35845646495,126.99387906386755,37.535386760123636,91.08123902,133.3464633,526.02382988,378.75968736,66,미지정,0
279175,1117000000000004451,이태원동 159-11도,도,국유지,982.3353056221968,126.99157743187168,37.534872265465374,169.63301539,290.83335595,630.26468344,333.13127443,70,미지정,0
279175,1117000000000004451,이태원동 159-11도,도,국유지,982.3353056221968,126.99157743187168,37.534872265465374,169.63301539,290.83335595,630.26468344,333.13127443,66,미지정,0
279176,1117000000000004452,이태원동 118-11도,도,국유지,177.90569862176199,126.99172349931075,37.53514888261836,168.46451785,324.13519636,597.9477962,332.65170554,70,미지정,0
279176,1117000000000004452,이태원동 118-11도,도,국유지,177.90569862176199,126.99172349931075,37.53514888261836,168.46451785,324.13519636,597.9477962,332.65170554,66,미지정,0
279177,1117000000000004453,이태원동 118-61도,도,국유지,88.52106189634651,126.99177311273644,37.535290771018026,168.23152371,281.80048679,581.73059871,331.56884877,70,미지정,0
279177,1117000000000004453,이태원동 118-61도,도,국유지,88.52106189634651,126.99177311273644,37.535290771018026,168.23152371,281.80048679,581.73059871,331.56884877,66,미지정,0
279178,1117000000000004454,이태원동 118-68 도,도,국유지,54.97243229486048,126.99170849916729,37.53543152248395,159.61055566,270.73147489,567.14281642,321.58864548,70,미지정,0
279178,1117000000000004454,이태원동 118-68 도,도,국유지,54.97243229486048,126.99170849916729,37.53543152248395,159.61055566,270.73147489,567.14281642,321.58864548,66,미지정,0
279179,1117000000000004455,이태원동 164-23 도,도,국유지,58.768693638034165,126.99136505341345,37.5354771557336,128.84019426,240.5786014,567.74067972,291.00934501,70,미지정,0
279179,1117000000000004455,이태원동 164-23 도,도,국유지,58.768693638034165,126.99136505341345,37.5354771557336,128.84019426,240.5786014,567.74067972,291.00934501,66,미지정,0
279180,1117000000000004456,이태원동 123-16도,도,국유지,71.86993873096071,126.99444339348028,37.534759554562214,18.36811601,104.29910145,445.14512036,293.14032584,70,미지정,0
279180,1117000000000004456,이태원동 123-16도,도,국유지,71.86993873096071,126.99444339348028,37.534759554562214,18.36811601,104.29910145,445.14512036,293.14032584,66,미지정,0
279181,1117000000000004457,이태원동 123-17도,도,국유지,53.118872865103185,126.99447311154202,37.53476653188673,20.71196064,101.73995636,445.23621138,292.31089545,70,미지정,0
279181,1117000000000004457,이태원동 123-17도,도,국유지,53.118872865103185,126.99447311154202,37.53476653188673,20.71196064,101.73995636,445.23621138,292.31089545,66,미지정,0
279182,1117000000000004458,이태원동 123-9도,도,국유지,35.65285635367036,126.99442478584857,37.53492221759068,33.6575833,95.99135088,463.03493217,309.10491621,70,미지정,0
279182,1117000000000004458,이태원동 123-9도,도,국유지,35.65285635367036,126.99442478584857,37.53492221759068,33.6575833,95.99135088,463.03493217,309.10491621,66,미지정,0
279183,1117000000000004459,이태원동 123-8도,도,국유지,32.38626078516245,126.99445577227522,37.53492771371599,35.15505831,93.28671883,462.9567524,308.15092562,70,미지정,0
279183,1117000000000004459,이태원동 123-8도,도,국유지,32.38626078516245,126.99445577227522,37.53492771371599,35.15505831,93.28671883,462.9567524,308.15092562,66,미지정,0
279184,1117000000000004460,이태원동 166-2도,도,국유지,19.23160099692177,126.99136397092576,37.535110493496546,140.59100797,258.33645858,607.60485562,304.83126148,70,미지정,0
279184,1117000000000004460,이태원동 166-2도,도,국유지,19.23160099692177,126.99136397092576,37.535110493496546,140.59100797,258.33645858,607.60485562,304.83126148,66,미지정,0
279185,1117000000000004461,이태원동 108-3도,도,국유지,14078.351523242542,126.99468644735641,37.535693502063786,122.30483044,74.10875125,542.00868439,374.47733006,70,미지정,0
279185,1117000000000004461,이태원동 108-3도,도,국유지,14078.351523242542,126.99468644735641,37.535693502063786,122.30483044,74.10875125,542.00868439,374.47733006,66,미지정,0
279186,1117000000000004462,이태원동 137-55도,도,국유지,26.991637108149007,126.99577013477499,37.533161184141996,188.66722043,242.5628297,253.21922778,80.57147931,70,미지정,0
279186,1117000000000004462,이태원동 137-55도,도,국유지,26.991637108149007,126.99577013477499,37.533161184141996,188.66722043,242.5628297,253.21922778,80.57147931,66,미지정,0
279187,1117000000000004463,이태원동 132-28 도,도,국유지,43.06487089768052,126.99551164236902,37.53336394495064,156.65344595,217.95248483,276.30701029,112.36497032,70,미지정,0
279187,1117000000000004463,이태원동 132-28 도,도,국유지,43.06487089768052,126.99551164236902,37.53336394495064,156.65344595,217.95248483,276.30701029,112.36497032,66,미지정,0
279188,1117000000000004464,이태원동 132-27 도,도,국유지,29.55676548089832,126.99552797477597,37.53351408767563,145.69018696,201.39691617,292.84798987,124.93343137,70,미지정,0
279188,1117000000000004464,이태원동 132-27 도,도,국유지,29.55676548089832,126.99552797477597,37.53351408767563,145.69018696,201.39691617,292.84798987,124.93343137,66,미지정,0
279189,1117000000000004465,이태원동 18-7도,도,국유지,26.604773620143533,126.99505566666667,37.53149033333333,331.07708207,291.23016481,89.7100515,164.08295284,70,미지정,0
279189,1117000000000004465,이태원동 18-7도,도,국유지,26.604773620143533,126.99505566666667,37.53149033333333,331.07708207,291.23016481,89.7100515,164.08295284,66,미지정,0
279190,1117000000000004466,이태원동 96-93도,도,국유지,85.22929138690233,126.99495282918969,37.53154385128914,323.58556697,293.00634327,100.1985612,166.21467837,70,미지정,0
279190,1117000000000004466,이태원동 96-93도,도,국유지,85.22929138690233,126.99495282918969,37.53154385128914,323.58556697,293.00634327,100.1985612,166.21467837,66,미지정,0
279191,1117000000000004467,이태원동 96-7도,도,국유지,544.4237163425423,126.99492242698405,37.5318027872948,294.81607338,318.77084613,124.38912415,150.03131011,70,미지정,0
279191,1117000000000004467,이태원동 96-7도,도,국유지,544.4237163425423,126.99492242698405,37.5318027872948,294.81607338,318.77084613,124.38912415,150.03131011,66,미지정,0
279192,1117000000000004468,이태원동 96-19잡,잡,국유지,13.55244839983061,126.9953155504886,37.53195319543973,286.95677289,347.5002399,124.3872635,112.16657215,70,미지정,0
279192,1117000000000004468,이태원동 96-19잡,잡,국유지,13.55244839983061,126.9953155504886,37.53195319543973,286.95677289,347.5002399,124.3872635,112.16657215,66,미지정,0
279193,1117000000000004469,이태원동 132-26 도,도,국유지,14.047539324965328,126.99553750837987,37.53360161778398,139.82725111,191.75911757,302.5003915,132.68430078,70,미지정,0
279193,1117000000000004469,이태원동 132-26 도,도,국유지,14.047539324965328,126.99553750837987,37.53360161778398,139.82725111,191.75911757,302.5003915,132.68430078,66,미지정,0
279194,1117000000000004470,이태원동 18-6도,도,국유지,522.9073801347986,126.99514019724785,37.53153541802759,327.71690265,298.94326757,89.03793674,155.35545996,70,미지정,0
279194,1117000000000004470,이태원동 18-6도,도,국유지,522.9073801347986,126.99514019724785,37.53153541802759,327.71690265,298.94326757,89.03793674,155.35545996,66,미지정,0
279195,1117000000000004471,이태원동 22-74도,도,국유지,84.1797492611222,126.99487054737209,37.53142555314065,335.42233226,278.09201484,96.53001055,180.59701612,70,미지정,0
279195,1117000000000004471,이태원동 22-74도,도,국유지,84.1797492611222,126.99487054737209,37.53142555314065,335.42233226,278.09201484,96.53001055,180.59701612,66,미지정,0
279196,1117000000000004472,이태원동 22-36도,도,국유지,437.76049120910466,126.99571450789382,37.53089326953287,409.75503652,267.93258978,1.582795,194.32310528,70,미지정,0
279196,1117000000000004472,이태원동 22-36도,도,국유지,437.76049120910466,126.99571450789382,37.53089326953287,409.75503652,267.93258978,1.582795,194.32310528,66,미지정,0
279197,1117000000000004473,이태원동 21-6 도,도,국유지,14.60718759894371,126.99566099999998,37.530968333333334,400.39752154,271.06105922,11.14962068,187.71794035,70,미지정,0
279197,1117000000000004473,이태원동 21-6 도,도,국유지,14.60718759894371,126.99566099999998,37.530968333333334,400.39752154,271.06105922,11.14962068,187.71794035,66,미지정,0
279198,1117000000000004474,이태원동 21-9 도,도,국유지,220.41207976359874,126.99540639665302,37.5311957786185,369.9303695,277.72922366,44.74365955,173.07720839,70,미지정,0
279198,1117000000000004474,이태원동 21-9 도,도,국유지,220.41207976359874,126.99540639665302,37.5311957786185,369.9303695,277.72922366,44.74365955,173.07720839,66,미지정,0
279199,1117000000000004475,이태원동 21-4도,도,국유지,37.30263060890138,126.9954966914311,37.531310158667544,359.87811025,292.72062534,51.69772784,158.13442719,70,미지정,0
279199,1117000000000004475,이태원동 21-4도,도,국유지,37.30263060890138,126.9954966914311,37.531310158667544,359.87811025,292.72062534,51.69772784,158.13442719,66,미지정,0
279200,1117000000000004476,이태원동 99-15도,도,국유지,352.75007200444816,126.99476370691676,37.532171218650205,252.17185713,354.33843324,166.42767581,144.18829803,70,미지정,0
279200,1117000000000004476,이태원동 99-15도,도,국유지,352.75007200444816,126.99476370691676,37.532171218650205,252.17185713,354.33843324,166.42767581,144.18829803,66,미지정,0
279201,1117000000000004477,이태원동 97-4 도,도,국유지,165.1404851070838,126.99483538771732,37.53202430898777,269.27519403,339.53644841,149.19305634,144.33777661,70,미지정,0
279201,1117000000000004477,이태원동 97-4 도,도,국유지,165.1404851070838,126.99483538771732,37.53202430898777,269.27519403,339.53644841,149.19305634,144.33777661,66,미지정,0
279202,1117000000000004478,이태원동 92-40 도,도,국유지,90.93411098897923,126.99524176235684,37.53129192309904,356.06064329,279.18796895,62.33073484,171.28758573,70,미지정,0
279202,1117000000000004478,이태원동 92-40 도,도,국유지,90.93411098897923,126.99524176235684,37.53129192309904,356.06064329,279.18796895,62.33073484,171.28758573,66,미지정,0
279203,1117000000000004479,이태원동 92-1 도,도,국유지,54.16603488847613,126.99509417815207,37.53136281647499,345.62146327,279.95612444,77.0843164,172.61380752,70,미지정,0
279203,1117000000000004479,이태원동 92-1 도,도,국유지,54.16603488847613,126.99509417815207,37.53136281647499,345.62146327,279.95612444,77.0843164,172.61380752,66,미지정,0
279204,1117000000000004480,이태원동 100-34도,도,국유지,136.27927471324801,126.99496528998702,37.53224137058499,247.88737323,344.27251375,165.20387635,124.84210102,70,미지정,0
279204,1117000000000004480,이태원동 100-34도,도,국유지,136.27927471324801,126.99496528998702,37.53224137058499,247.88737323,344.27251375,165.20387635,124.84210102,66,미지정,0
279205,1117000000000004481,이태원동 132-24 도,도,국유지,35.00107394438237,126.99555186005232,37.533723966180865,132.47658508,178.31564481,315.9982537,143.88417384,70,미지정,0
279205,1117000000000004481,이태원동 132-24 도,도,국유지,35.00107394438237,126.99555186005232,37.533723966180865,132.47658508,178.31564481,315.9982537,143.88417384,66,미지정,0
279206,1117000000000004482,이태원동 99-5도,도,국유지,438.97786355088465,126.99467399776526,37.532393009408125,226.67614952,331.45582185,191.74020599,146.31441349,70,미지정,0
279206,1117000000000004482,이태원동 99-5도,도,국유지,438.97786355088465,126.99467399776526,37.532393009408125,226.67614952,331.45582185,191.74020599,146.31441349,66,미지정,0
279207,1117000000000004483,이태원동 11-23도,도,국유지,564.7485257245135,126.99460344519234,37.5326548358998,197.05767435,304.33077902,220.3667586,151.34281896,70,미지정,0
279207,1117000000000004483,이태원동 11-23도,도,국유지,564.7485257245135,126.99460344519234,37.5326548358998,197.05767435,304.33077902,220.3667586,151.34281896,66,미지정,0
279208,1117000000000004484,이태원동 137-23도,도,국유지,5167.88750265789,126.99566321413646,37.53371911714881,140.9006561,179.92723739,315.14735157,139.06351082,70,미지정,0
279208,1117000000000004484,이태원동 137-23도,도,국유지,5167.88750265789,126.99566321413646,37.53371911714881,140.9006561,179.92723739,315.14735157,139.06351082,66,미지정,0
279209,1117000000000004485,이태원동 137-70 도,도,국유지,598.1723894089228,126.99497867358187,37.53306767553615,160.31580886,253.12154782,251.51514303,129.8567418,70,미지정,0
279209,1117000000000004485,이태원동 137-70 도,도,국유지,598.1723894089228,126.99497867358187,37.53306767553615,160.31580886,253.12154782,251.51514303,129.8567418,66,미지정,0
279210,1117000000000004486,이태원동 132-23 도,도,국유지,50.05398040916771,126.99556759062551,37.53387159412052,124.8977334,162.12385722,332.30599756,157.96802294,70,미지정,0
279210,1117000000000004486,이태원동 132-23 도,도,국유지,50.05398040916771,126.99556759062551,37.53387159412052,124.8977334,162.12385722,332.30599756,157.96802294,66,미지정,0
279211,1117000000000004487,이태원동 96-138도,도,국유지,38.55332880001515,126.99429921361323,37.5314923201866,324.62486163,270.30782826,142.87589971,214.94498993,70,미지정,0
279211,1117000000000004487,이태원동 96-138도,도,국유지,38.55332880001515,126.99429921361323,37.5314923201866,324.62486163,270.30782826,142.87589971,214.94498993,66,미지정,0
279212,1117000000000004488,이태원동 634도,도,국유지,647.127054608427,126.98760259311076,37.53919243100533,152.13009128,341.21134771,424.76003626,301.32290587,70,미지정,0
279212,1117000000000004488,이태원동 634도,도,국유지,647.127054608427,126.98760259311076,37.53919243100533,152.13009128,341.21134771,424.76003626,301.32290587,66,미지정,0
279213,1117000000000004489,이태원동 171-19도,도,국유지,66.93071736209095,126.99119471327371,37.53478613686551,147.52091089,270.74551696,645.88784891,308.03243486,70,미지정,0
279213,1117000000000004489,이태원동 171-19도,도,국유지,66.93071736209095,126.99119471327371,37.53478613686551,147.52091089,270.74551696,645.88784891,308.03243486,66,미지정,0
279214,1117000000000004490,이태원동 64-19 도,도,국유지,170.03568540560082,126.99097391890464,37.53422811357583,182.83099828,205.83612346,560.48225371,329.21014283,70,미지정,0
279214,1117000000000004490,이태원동 64-19 도,도,국유지,170.03568540560082,126.99097391890464,37.53422811357583,182.83099828,205.83612346,560.48225371,329.21014283,66,미지정,0
279215,1117000000000004491,이태원동 168-5 도,도,국유지,2323.344006560743,126.99092714077892,37.534367011697626,167.50661893,219.71916377,573.86542133,315.94779113,70,미지정,0
279215,1117000000000004491,이태원동 168-5 도,도,국유지,2323.344006560743,126.99092714077892,37.534367011697626,167.50661893,219.71916377,573.86542133,315.94779113,66,미지정,0
279216,1117000000000004492,이태원동 64-13도,도,국유지,144.21186176227638,126.99145615560163,37.534130333253984,216.0961629,211.48782514,521.76709246,368.72631152,70,미지정,0
279216,1117000000000004492,이태원동 64-13도,도,국유지,144.21186176227638,126.99145615560163,37.534130333253984,216.0961629,211.48782514,521.76709246,368.72631152,66,미지정,0
279217,1117000000000004493,이태원동 64-1 도,도,국유지,1013.0863863186678,126.99150456539773,37.53427673873029,206.56459821,227.89921612,530.11386376,362.20790407,70,미지정,0
279217,1117000000000004493,이태원동 64-1 도,도,국유지,1013.0863863186678,126.99150456539773,37.53427673873029,206.56459821,227.89921612,530.11386376,362.20790407,66,미지정,0
279218,1117000000000004494,이태원동 72-47 도,도,국유지,250.83826914941892,126.99250875894752,37.5340616554754,107.76768019,262.3589999,453.11382506,374.39841072,70,미지정,0
279218,1117000000000004494,이태원동 72-47 도,도,국유지,250.83826914941892,126.99250875894752,37.5340616554754,107.76768019,262.3589999,453.11382506,374.39841072,66,미지정,0
279219,1117000000000004495,이태원동 117-2도,도,국유지,141.13663541153073,126.99252105848826,37.53408632289603,105.88638668,265.02954925,454.57343238,374.63768221,70,미지정,0
279219,1117000000000004495,이태원동 117-2도,도,국유지,141.13663541153073,126.99252105848826,37.53408632289603,105.88638668,265.02954925,454.57343238,374.63768221,66,미지정,0
279220,1117000000000004496,이태원동 67-3 도,도,국유지,87.32088290370302,126.99276268971519,37.534018687618186,88.79860037,276.08443178,435.57489131,352.1887597,70,미지정,0
279220,1117000000000004496,이태원동 67-3 도,도,국유지,87.32088290370302,126.99276268971519,37.534018687618186,88.79860037,276.08443178,435.57489131,352.1887597,66,미지정,0
279221,1117000000000004497,이태원동 74-65도,도,국유지,87.89497413206846,126.99201654789805,37.533822370442714,157.88041298,212.73155147,462.44891267,404.08217643,70,미지정,0
279221,1117000000000004497,이태원동 74-65도,도,국유지,87.89497413206846,126.99201654789805,37.533822370442714,157.88041298,212.73155147,462.44891267,404.08217643,66,미지정,0
279222,1117000000000004498,이태원동 166-29 도,도,국유지,156.8553033118951,126.99144392992484,37.53472672126329,168.82769238,271.48292778,570.25760048,330.36771575,70,미지정,0
279222,1117000000000004498,이태원동 166-29 도,도,국유지,156.8553033118951,126.99144392992484,37.53472672126329,168.82769238,271.48292778,570.25760048,330.36771575,66,미지정,0
279223,1117000000000004499,이태원동 118-43도,도,국유지,30.52767824474722,126.9923466923736,37.534170559554404,118.56608264,260.87139657,471.52313644,392.60528776,70,미지정,0
279223,1117000000000004499,이태원동 118-43도,도,국유지,30.52767824474722,126.9923466923736,37.534170559554404,118.56608264,260.87139657,471.52313644,392.60528776,66,미지정,0
279224,1117000000000004500,이태원동 72-49 도,도,국유지,439.8127315462334,126.99262290693179,37.53391276463808,105.19826767,259.08010594,433.92066401,358.22089812,70,미지정,0
279224,1117000000000004500,이태원동 72-49 도,도,국유지,439.8127315462334,126.99262290693179,37.53391276463808,105.19826767,259.08010594,433.92066401,358.22089812,66,미지정,0
279225,1117000000000004501,이태원동 118-44도,도,국유지,21.50277545489371,126.99241197323599,37.534123087591254,114.06531699,261.02384082,463.79401716,385.08699226,70,미지정,0
279225,1117000000000004501,이태원동 118-44도,도,국유지,21.50277545489371,126.99241197323599,37.534123087591254,114.06531699,261.02384082,463.79401716,385.08699226,66,미지정,0
279226,1117000000000004502,이태원동 218-1도,도,국유지,99.93071379326284,126.98962620178324,37.53811021699795,63.41100831,154.98305405,378.98882738,245.37478418,70,미지정,0
279226,1117000000000004502,이태원동 218-1도,도,국유지,99.93071379326284,126.98962620178324,37.53811021699795,63.41100831,154.98305405,378.98882738,245.37478418,66,미지정,0
279227,1117000000000004503,이태원동 65-4 도,도,국유지,267.0445294701494,126.99188097446961,37.5338846176447,166.62668323,209.82234699,475.82537212,415.08376559,70,미지정,0
279227,1117000000000004503,이태원동 65-4 도,도,국유지,267.0445294701494,126.99188097446961,37.5338846176447,166.62668323,209.82234699,475.82537212,415.08376559,66,미지정,0
279228,1117000000000004504,이태원동 72-46도,도,국유지,104.39939997252077,126.99206262338107,37.534082181254405,145.15549119,236.93865025,480.4928031,414.90038644,70,미지정,0
279228,1117000000000004504,이태원동 72-46도,도,국유지,104.39939997252077,126.99206262338107,37.534082181254405,145.15549119,236.93865025,480.4928031,414.90038644,66,미지정,0
279229,1117000000000004505,이태원동 74-77 도,도,국유지,34.10342075210065,126.99216247686849,37.53386478517666,144.16661438,225.15128589,456.81002243,393.66877423,70,미지정,0
279229,1117000000000004505,이태원동 74-77 도,도,국유지,34.10342075210065,126.99216247686849,37.53386478517666,144.16661438,225.15128589,456.81002243,393.66877423,66,미지정,0
279230,1117000000000004506,이태원동 72-48 도,도,국유지,45.80639760475606,126.99222648920296,37.53391628828925,136.76000061,233.19331685,457.13023428,390.53978151,70,미지정,0
279230,1117000000000004506,이태원동 72-48 도,도,국유지,45.80639760475606,126.99222648920296,37.53391628828925,136.76000061,233.19331685,457.13023428,390.53978151,66,미지정,0
279231,1117000000000004507,이태원동 118-29도,도,국유지,95.40351306926459,126.99222227026887,37.534425937552484,126.71631711,275.61725839,500.52067263,406.67926207,70,미지정,0
279231,1117000000000004507,이태원동 118-29도,도,국유지,95.40351306926459,126.99222227026887,37.534425937552484,126.71631711,275.61725839,500.52067263,406.67926207,66,미지정,0
279232,1117000000000004508,이태원동 168-4도,도,국유지,36.011088790372014,126.9918880042677,37.534544931807865,155.04782093,270.24451279,529.37397516,374.45560197,70,미지정,0
279232,1117000000000004508,이태원동 168-4도,도,국유지,36.011088790372014,126.9918880042677,37.534544931807865,155.04782093,270.24451279,529.37397516,374.45560197,66,미지정,0
279233,1117000000000004509,이태원동 64-58도,도,국유지,119.68839531997219,126.99161093936291,37.53369866502745,196.25475013,178.71420912,479.41961679,410.41190288,70,미지정,0
279233,1117000000000004509,이태원동 64-58도,도,국유지,119.68839531997219,126.99161093936291,37.53369866502745,196.25475013,178.71420912,479.41961679,410.41190288,66,미지정,0
279234,1117000000000004510,이태원동 64-59 도,도,국유지,116.68148529157043,126.99126498824387,37.53386046501885,231.05160995,177.11896193,514.34708212,375.85314369,70,미지정,0
279234,1117000000000004510,이태원동 64-59 도,도,국유지,116.68148529157043,126.99126498824387,37.53386046501885,231.05160995,177.11896193,514.34708212,375.85314369,66,미지정,0
279236,1117000000000004512,이태원동 66-9도,도,국유지,172.70435404591262,126.99176001024303,37.5339774236839,173.89779695,211.29153549,490.67070483,400.30754817,70,미지정,0
279236,1117000000000004512,이태원동 66-9도,도,국유지,172.70435404591262,126.99176001024303,37.5339774236839,173.89779695,211.29153549,490.67070483,400.30754817,66,미지정,0
279237,1117000000000004513,이태원동 64-61 도,도,국유지,213.03722962690517,126.991501367055,37.533867142469035,199.19683916,188.23749259,499.02144275,390.66551911,70,미지정,0
279237,1117000000000004513,이태원동 64-61 도,도,국유지,213.03722962690517,126.991501367055,37.533867142469035,199.19683916,188.23749259,499.02144275,390.66551911,66,미지정,0
279238,1117000000000004514,이태원동 129-21도,도,국유지,17.485884268011432,126.99328403740066,37.53349742496492,102.71530594,275.05988744,361.64945351,286.5079004,70,미지정,0
279238,1117000000000004514,이태원동 129-21도,도,국유지,17.485884268011432,126.99328403740066,37.53349742496492,102.71530594,275.05988744,361.64945351,286.5079004,66,미지정,0
279239,1117000000000004515,이태원동 63-64도,도,국유지,269.3409160077572,126.99058745761477,37.53360366189549,234.26600816,130.66710664,545.22357923,357.9638887,70,미지정,0
279239,1117000000000004515,이태원동 63-64도,도,국유지,269.3409160077572,126.99058745761477,37.53360366189549,234.26600816,130.66710664,545.22357923,357.9638887,66,미지정,0
279240,1117000000000004516,이태원동 63-60도,도,국유지,248.27870307769626,126.99106677635535,37.53384683531216,223.91536975,168.40393891,526.93631069,364.53487084,70,미지정,0
279240,1117000000000004516,이태원동 63-60도,도,국유지,248.27870307769626,126.99106677635535,37.53384683531216,223.91536975,168.40393891,526.93631069,364.53487084,66,미지정,0
279241,1117000000000004517,이태원동 59-6 도,도,국유지,343.8599362424575,126.99078435270394,37.533767706867685,222.03775025,152.13065928,541.40288448,354.35092674,70,미지정,0
279241,1117000000000004517,이태원동 59-6 도,도,국유지,343.8599362424575,126.99078435270394,37.533767706867685,222.03775025,152.13065928,541.40288448,354.35092674,66,미지정,0
279242,1117000000000004518,이태원동 63-2도,도,국유지,20.22275544819422,126.9911139921578,37.533664366157325,243.93008732,151.66999983,511.19381984,382.17106213,70,미지정,0
279242,1117000000000004518,이태원동 63-2도,도,국유지,20.22275544819422,126.9911139921578,37.533664366157325,243.93008732,151.66999983,511.19381984,382.17106213,66,미지정,0
279243,1117000000000004519,이태원동 216-6도,도,국유지,161.20365822967142,126.9903372443207,37.538094150054775,122.11771373,117.9437823,337.93870593,281.43506187,70,미지정,0
279243,1117000000000004519,이태원동 216-6도,도,국유지,161.20365822967142,126.9903372443207,37.538094150054775,122.11771373,117.9437823,337.93870593,281.43506187,66,미지정,0
279244,1117000000000004520,이태원동 215-11도,도,국유지,46.142458534799516,126.9910827098923,37.537712524411866,198.51642002,148.87234536,339.19131106,304.10708755,70,미지정,0
279244,1117000000000004520,이태원동 215-11도,도,국유지,46.142458534799516,126.9910827098923,37.537712524411866,198.51642002,148.87234536,339.19131106,304.10708755,66,미지정,0
279245,1117000000000004521,이태원동 64-23도,도,국유지,112.5466995802708,126.99120652688929,37.533854834103266,228.98478852,174.24861208,517.915949,372.58982904,70,미지정,0
279245,1117000000000004521,이태원동 64-23도,도,국유지,112.5466995802708,126.99120652688929,37.533854834103266,228.98478852,174.24861208,517.915949,372.58982904,66,미지정,0
279246,1117000000000004522,이태원동 199-4도,도,국유지,60.65034355362877,126.99089275421855,37.537658444498355,185.75544648,154.25191318,351.99398817,286.80430489,70,미지정,0
279246,1117000000000004522,이태원동 199-4도,도,국유지,60.65034355362877,126.99089275421855,37.537658444498355,185.75544648,154.25191318,351.99398817,286.80430489,66,미지정,0
279247,1117000000000004523,이태원동 199-20도,도,국유지,12.722572817467153,126.99087811745054,37.53756952145978,189.23748981,164.14755507,361.37649599,280.30509999,70,미지정,0
279247,1117000000000004523,이태원동 199-20도,도,국유지,12.722572817467153,126.99087811745054,37.53756952145978,189.23748981,164.14755507,361.37649599,280.30509999,66,미지정,0
279248,1117000000000004524,이태원동 64-66 도,도,국유지,89.82744004391134,126.99109428349895,37.5338560520367,224.11568305,170.28016831,525.68251675,365.49407514,70,미지정,0
279248,1117000000000004524,이태원동 64-66 도,도,국유지,89.82744004391134,126.99109428349895,37.5338560520367,224.11568305,170.28016831,525.68251675,365.49407514,66,미지정,0
279249,1117000000000004525,이태원동 215-28도,도,국유지,90.94091439642943,126.99075380607991,37.53789350095279,164.09613415,129.03174217,335.20105279,292.62878023,70,미지정,0
279249,1117000000000004525,이태원동 215-28도,도,국유지,90.94091439642943,126.99075380607991,37.53789350095279,164.09613415,129.03174217,335.20105279,292.62878023,66,미지정,0
279250,1117000000000004526,이태원동 203-17도,도,국유지,148.52042650303338,126.9913260279704,37.53811198234375,207.09334241,109.75290462,289.92040319,347.30932464,70,미지정,0
279250,1117000000000004526,이태원동 203-17도,도,국유지,148.52042650303338,126.9913260279704,37.53811198234375,207.09334241,109.75290462,289.92040319,347.30932464,66,미지정,0
279251,1117000000000004527,이태원동 212-54도,도,국유지,21.325074615771882,126.99107723459059,37.5381719058571,184.35854904,98.15721493,294.09221946,334.40001416,70,미지정,0
279251,1117000000000004527,이태원동 212-54도,도,국유지,21.325074615771882,126.99107723459059,37.5381719058571,184.35854904,98.15721493,294.09221946,334.40001416,66,미지정,0
279252,1117000000000004528,이태원동 215-18도,도,국유지,61.08173210371751,126.99103820941069,37.53800479216852,184.51781877,116.21212038,311.99378078,319.93153977,70,미지정,0
279252,1117000000000004528,이태원동 215-18도,도,국유지,61.08173210371751,126.99103820941069,37.53800479216852,184.51781877,116.21212038,311.99378078,319.93153977,66,미지정,0
279253,1117000000000004529,이태원동 214-44도,도,국유지,21.967457556980662,126.9915547253107,37.53856194850041,225.39574308,77.47785686,236.13714352,394.65025464,70,미지정,0
279253,1117000000000004529,이태원동 214-44도,도,국유지,21.967457556980662,126.9915547253107,37.53856194850041,225.39574308,77.47785686,236.13714352,394.65025464,66,미지정,0
279254,1117000000000004530,이태원동 214-43도,도,국유지,22.536361768376082,126.99152049009794,37.53865274464998,223.39173808,68.48156675,228.48666352,399.15583833,70,미지정,0
279254,1117000000000004530,이태원동 214-43도,도,국유지,22.536361768376082,126.99152049009794,37.53865274464998,223.39173808,68.48156675,228.48666352,399.15583833,66,미지정,0
279255,1117000000000004531,이태원동 212-47도,도,국유지,942.3541646347148,126.99177816587637,37.53860495523726,245.47369922,93.62020274,223.80827861,412.73202446,70,미지정,0
279255,1117000000000004531,이태원동 212-47도,도,국유지,942.3541646347148,126.99177816587637,37.53860495523726,245.47369922,93.62020274,223.80827861,412.73202446,66,미지정,0
279256,1117000000000004532,이태원동 206-42도,도,국유지,20.692253350745887,126.99298362431854,37.53871371178004,361.39936768,101.45899311,197.25201998,505.5325511,70,미지정,0
279256,1117000000000004532,이태원동 206-42도,도,국유지,20.692253350745887,126.99298362431854,37.53871371178004,361.39936768,101.45899311,197.25201998,505.5325511,66,미지정,0
279257,1117000000000004533,이태원동 131-42도,도,국유지,39.11150371679105,126.99491033742999,37.53345958807793,117.93978309,211.27483396,295.13347275,157.93630256,70,미지정,0
279257,1117000000000004533,이태원동 131-42도,도,국유지,39.11150371679105,126.99491033742999,37.53345958807793,117.93978309,211.27483396,295.13347275,157.93630256,66,미지정,0
279258,1117000000000004534,이태원동 213-8 도,도,국유지,199.04602303053252,126.99239111234313,37.53860032277909,357.94223901,88.17943272,210.37996435,455.22850832,70,미지정,0
279258,1117000000000004534,이태원동 213-8 도,도,국유지,199.04602303053252,126.99239111234313,37.53860032277909,357.94223901,88.17943272,210.37996435,455.22850832,66,미지정,0
279259,1117000000000004535,이태원동 204-24도,도,국유지,41.20319217815995,126.99259189052893,37.538312354243544,316.56036725,123.48817306,240.62325788,452.49811175,70,미지정,0
279259,1117000000000004535,이태원동 204-24도,도,국유지,41.20319217815995,126.99259189052893,37.538312354243544,316.56036725,123.48817306,240.62325788,452.49811175,66,미지정,0
279260,1117000000000004536,이태원동 206-34도,도,국유지,69.71266021439806,126.99303880591907,37.539202913793915,313.60713493,76.92396224,144.38077859,541.12149228,70,미지정,0
279260,1117000000000004536,이태원동 206-34도,도,국유지,69.71266021439806,126.99303880591907,37.539202913793915,313.60713493,76.92396224,144.38077859,541.12149228,66,미지정,0
279261,1117000000000004537,이태원동 206-38도,도,국유지,16.062337681883946,126.99296073099235,37.538788135368954,352.97367905,94.14844757,188.81159611,508.4427554,70,미지정,0
279261,1117000000000004537,이태원동 206-38도,도,국유지,16.062337681883946,126.99296073099235,37.538788135368954,352.97367905,94.14844757,188.81159611,508.4427554,66,미지정,0
279262,1117000000000004538,이태원동 206-39도,도,국유지,75.4315805551596,126.99288068131779,37.53891680884266,337.09229021,79.29633233,173.89733929,510.86964232,70,미지정,0
279262,1117000000000004538,이태원동 206-39도,도,국유지,75.4315805551596,126.99288068131779,37.53891680884266,337.09229021,79.29633233,173.89733929,510.86964232,66,미지정,0
279263,1117000000000004539,이태원동 206-14도,도,국유지,202.94918225961737,126.99296791083454,37.538916896890605,339.975872,85.30946206,174.70223553,517.13239782,70,미지정,0
279263,1117000000000004539,이태원동 206-14도,도,국유지,202.94918225961737,126.99296791083454,37.538916896890605,339.975872,85.30946206,174.70223553,517.13239782,66,미지정,0
279264,1117000000000004540,이태원동 206-35도,도,국유지,32.31090204406064,126.99298252914393,37.53914397399311,317.3997694,74.17279338,149.93718265,533.18454901,70,미지정,0
279264,1117000000000004540,이태원동 206-35도,도,국유지,32.31090204406064,126.99298252914393,37.53914397399311,317.3997694,74.17279338,149.93718265,533.18454901,66,미지정,0
279265,1117000000000004541,이태원동 206-36도,도,국유지,25.900755091337487,126.99295977384335,37.53903511197375,327.61912835,77.48938328,161.60003238,524.28261943,70,미지정,0
279265,1117000000000004541,이태원동 206-36도,도,국유지,25.900755091337487,126.99295977384335,37.53903511197375,327.61912835,77.48938328,161.60003238,524.28261943,66,미지정,0
279266,1117000000000004542,이태원동 212-59도,도,국유지,11.829743404639885,126.99219606053072,37.538789669983416,333.8289881,65.48286538,192.9468623,454.26549883,70,미지정,0
279266,1117000000000004542,이태원동 212-59도,도,국유지,11.829743404639885,126.99219606053072,37.538789669983416,333.8289881,65.48286538,192.9468623,454.26549883,66,미지정,0
279267,1117000000000004543,이태원동 212-71도,도,국유지,101.3515775857959,126.99220566681184,37.53921948884587,287.29852616,17.79389115,146.79060048,486.34753462,70,미지정,0
279267,1117000000000004543,이태원동 212-71도,도,국유지,101.3515775857959,126.99220566681184,37.53921948884587,287.29852616,17.79389115,146.79060048,486.34753462,66,미지정,0
279268,1117000000000004544,이태원동 206-41도,도,국유지,29.863626872655004,126.99259996233644,37.53901379827011,318.58355339,54.0001287,162.84450476,497.66933662,70,미지정,0
279268,1117000000000004544,이태원동 206-41도,도,국유지,29.863626872655004,126.99259996233644,37.53901379827011,318.58355339,54.0001287,162.84450476,497.66933662,66,미지정,0
279269,1117000000000004545,이태원동 206-40도,도,국유지,101.60202637547627,126.9925945592135,37.53897634807235,322.39425845,56.89545673,167.02296739,494.70767744,70,미지정,0
279269,1117000000000004545,이태원동 206-40도,도,국유지,101.60202637547627,126.9925945592135,37.53897634807235,322.39425845,56.89545673,167.02296739,494.70767744,66,미지정,0
279270,1117000000000004546,이태원동 22-51도,도,국유지,336.35577466059476,126.99452302059576,37.53146665317273,327.8977499,272.29783507,124.31182115,200.61218206,70,미지정,0
279270,1117000000000004546,이태원동 22-51도,도,국유지,336.35577466059476,126.99452302059576,37.53146665317273,327.8977499,272.29783507,124.31182115,200.61218206,66,미지정,0
279271,1117000000000004547,이태원동 22-72도,도,국유지,27.24242439540103,126.99424592587926,37.531382051194335,336.93583865,257.37323523,141.79557588,225.83060304,70,미지정,0
279271,1117000000000004547,이태원동 22-72도,도,국유지,27.24242439540103,126.99424592587926,37.531382051194335,336.93583865,257.37323523,141.79557588,225.83060304,66,미지정,0
279272,1117000000000004548,이태원동 22-73도,도,국유지,89.58020151389064,126.99445175111792,37.53140373233678,334.61296024,263.88048986,126.35932681,209.88029713,70,미지정,0
279272,1117000000000004548,이태원동 22-73도,도,국유지,89.58020151389064,126.99445175111792,37.53140373233678,334.61296024,263.88048986,126.35932681,209.88029713,66,미지정,0
279273,1117000000000004549,이태원동 224-68도,도,국유지,14.026910005079117,126.99023511305361,37.53907728519814,131.31623946,61.10240718,268.77955831,365.22851496,70,미지정,0
279273,1117000000000004549,이태원동 224-68도,도,국유지,14.026910005079117,126.99023511305361,37.53907728519814,131.31623946,61.10240718,268.77955831,365.22851496,66,미지정,0
279274,1117000000000004550,이태원동 224-116 도,도,국유지,51.79179412359372,126.99012564144569,37.53886347297979,110.77215685,73.59834043,290.72462692,339.82212475,70,미지정,0
279274,1117000000000004550,이태원동 224-116 도,도,국유지,51.79179412359372,126.99012564144569,37.53886347297979,110.77215685,73.59834043,290.72462692,339.82212475,66,미지정,0
279275,1117000000000004551,이태원동 224-118 도,도,국유지,49.726909270044416,126.99035004993918,37.53908383962916,140.18662895,51.01313882,260.12637082,370.95155193,70,미지정,0
279275,1117000000000004551,이태원동 224-118 도,도,국유지,49.726909270044416,126.99035004993918,37.53908383962916,140.18662895,51.01313882,260.12637082,370.95155193,66,미지정,0
279276,1117000000000004552,이태원동 96-137도,도,국유지,55.75027735158801,126.99440460073906,37.53150131943224,323.6777529,273.33652135,135.26139238,206.71818321,70,미지정,0
279276,1117000000000004552,이태원동 96-137도,도,국유지,55.75027735158801,126.99440460073906,37.53150131943224,323.6777529,273.33652135,135.26139238,206.71818321,66,미지정,0
279277,1117000000000004553,이태원동 224-69도,도,국유지,22.850137058470864,126.990185310367,37.53906978314373,127.23311226,65.4621083,272.8579641,362.35634938,70,미지정,0
279277,1117000000000004553,이태원동 224-69도,도,국유지,22.850137058470864,126.990185310367,37.53906978314373,127.23311226,65.4621083,272.8579641,362.35634938,66,미지정,0
279278,1117000000000004554,이태원동 224-122 도,도,국유지,23.08063397370279,126.99029221306132,37.53904377574728,133.49052554,55.97147972,266.88088211,364.52281813,70,미지정,0
279278,1117000000000004554,이태원동 224-122 도,도,국유지,23.08063397370279,126.99029221306132,37.53904377574728,133.49052554,55.97147972,266.88088211,364.52281813,66,미지정,0
279279,1117000000000004555,이태원동 96-132도,도,국유지,271.2365948508959,126.99479000707072,37.531561629751515,319.49921321,289.61336433,111.78591585,175.62947953,70,미지정,0
279279,1117000000000004555,이태원동 96-132도,도,국유지,271.2365948508959,126.99479000707072,37.531561629751515,319.49921321,289.61336433,111.78591585,175.62947953,66,미지정,0
279280,1117000000000004556,이태원동 22-84도,도,국유지,98.96345169021515,126.99465895668122,37.53142470451693,333.37472098,271.43904525,111.66224695,194.31412593,70,미지정,0
279280,1117000000000004556,이태원동 22-84도,도,국유지,98.96345169021515,126.99465895668122,37.53142470451693,333.37472098,271.43904525,111.66224695,194.31412593,66,미지정,0
279281,1117000000000004557,이태원동 92-26 도,도,국유지,56.78562805330148,126.99421754187907,37.53104149382398,372.86773105,219.87596197,134.10096966,251.76475482,70,미지정,0
279281,1117000000000004557,이태원동 92-26 도,도,국유지,56.78562805330148,126.99421754187907,37.53104149382398,372.86773105,219.87596197,134.10096966,251.76475482,66,미지정,0
279282,1117000000000004558,이태원동 22-93잡,잡,국유지,74.4044093095581,126.99396296420332,37.531083626519,365.9235615,220.71814467,157.03430327,265.8080915,70,미지정,0
279282,1117000000000004558,이태원동 22-93잡,잡,국유지,74.4044093095581,126.99396296420332,37.531083626519,365.9235615,220.71814467,157.03430327,265.8080915,66,미지정,0
279283,1117000000000004559,이태원동 96-15도,도,국유지,91.30634584836662,126.99358264157937,37.531747012713765,291.43014504,292.96920413,212.09968842,258.35287092,70,미지정,0
279283,1117000000000004559,이태원동 96-15도,도,국유지,91.30634584836662,126.99358264157937,37.531747012713765,291.43014504,292.96920413,212.09968842,258.35287092,66,미지정,0
279284,1117000000000004560,이태원동 225-71도,도,국유지,489.28307078173384,126.98916518767999,37.53922679201165,92.15001379,156.83541581,343.16567962,324.56157391,70,미지정,0
279284,1117000000000004560,이태원동 225-71도,도,국유지,489.28307078173384,126.98916518767999,37.53922679201165,92.15001379,156.83541581,343.16567962,324.56157391,66,미지정,0
279285,1117000000000004561,이태원동 22-15도,도,국유지,22.920973759144545,126.99327633333334,37.531688333333335,299.8192714,288.4911537,233.97262962,285.99023975,70,미지정,0
279285,1117000000000004561,이태원동 22-15도,도,국유지,22.920973759144545,126.99327633333334,37.531688333333335,299.8192714,288.4911537,233.97262962,285.99023975,66,미지정,0
279286,1117000000000004562,이태원동 130-32도,도,국유지,31.037879722600337,126.99387623282765,37.53383496444375,62.48372869,212.49896582,366.26423102,256.61158553,70,미지정,0
279286,1117000000000004562,이태원동 130-32도,도,국유지,31.037879722600337,126.99387623282765,37.53383496444375,62.48372869,212.49896582,366.26423102,256.61158553,66,미지정,0
279287,1117000000000004563,이태원동 96-82도,도,국유지,158.23541146953357,126.99363655027899,37.5315417676276,314.13029934,270.09905523,198.3499178,263.04007609,70,미지정,0
279287,1117000000000004563,이태원동 96-82도,도,국유지,158.23541146953357,126.99363655027899,37.5315417676276,314.13029934,270.09905523,198.3499178,263.04007609,66,미지정,0
279288,1117000000000004564,이태원동 22-44도,도,국유지,1355.0469880676246,126.99391787918533,37.53147557976238,322.2485074,263.61889475,172.54760063,244.51436314,70,미지정,0
279288,1117000000000004564,이태원동 22-44도,도,국유지,1355.0469880676246,126.99391787918533,37.53147557976238,322.2485074,263.61889475,172.54760063,244.51436314,66,미지정,0
279289,1117000000000004565,이태원동 22-50도,도,국유지,270.1375152170658,126.99341442686206,37.531610248780424,307.31365057,278.62310941,219.40192568,277.80194723,70,미지정,0
279289,1117000000000004565,이태원동 22-50도,도,국유지,270.1375152170658,126.99341442686206,37.531610248780424,307.31365057,278.62310941,219.40192568,277.80194723,66,미지정,0
279290,1117000000000004566,이태원동 22-64도,도,국유지,57.069734228774905,126.99345500137514,37.53148970055866,320.4330823,265.00572942,211.41907854,280.00430241,70,미지정,0
279290,1117000000000004566,이태원동 22-64도,도,국유지,57.069734228774905,126.99345500137514,37.53148970055866,320.4330823,265.00572942,211.41907854,280.00430241,66,미지정,0
279291,1117000000000004567,이태원동 22-24도,도,국유지,76.21406851598294,126.99373619616422,37.53140680713948,329.16149396,255.16025104,184.92911474,262.24123663,70,미지정,0
279291,1117000000000004567,이태원동 22-24도,도,국유지,76.21406851598294,126.99373619616422,37.53140680713948,329.16149396,255.16025104,184.92911474,262.24123663,66,미지정,0
279292,1117000000000004568,이태원동 224-26 도,도,국유지,76.16207644343376,126.98993497765474,37.53920456251744,120.49361276,89.24935108,283.52122543,354.26665679,70,미지정,0
279292,1117000000000004568,이태원동 224-26 도,도,국유지,76.16207644343376,126.98993497765474,37.53920456251744,120.49361276,89.24935108,283.52122543,354.26665679,66,미지정,0
279293,1117000000000004569,이태원동 83-9잡,잡,국유지,34.52602150419261,126.99210530108444,37.532159763129236,281.54535234,158.57345881,349.73544808,374.79265587,70,미지정,0
279293,1117000000000004569,이태원동 83-9잡,잡,국유지,34.52602150419261,126.99210530108444,37.532159763129236,281.54535234,158.57345881,349.73544808,374.79265587,66,미지정,0
279294,1117000000000004570,이태원동 36-66도,도,국유지,17.731643933802843,126.9916809515906,37.53125469709543,387.8506489,176.85361471,359.51707323,434.9629609,70,미지정,0
279294,1117000000000004570,이태원동 36-66도,도,국유지,17.731643933802843,126.9916809515906,37.53125469709543,387.8506489,176.85361471,359.51707323,434.9629609,66,미지정,0
279295,1117000000000004571,이태원동 277-2도,도,국유지,19.05892564635724,126.98887929679192,37.53913499279465,81.80652903,181.09956074,434.75537397,313.61337181,70,미지정,0
279295,1117000000000004571,이태원동 277-2도,도,국유지,19.05892564635724,126.98887929679192,37.53913499279465,81.80652903,181.09956074,434.75537397,313.61337181,66,미지정,0
279296,1117000000000004572,이태원동 281-6도,도,국유지,99.0368071984849,126.98895208007724,37.53910104848216,77.37547931,174.50887541,439.55246175,312.34383526,70,미지정,0
279296,1117000000000004572,이태원동 281-6도,도,국유지,99.0368071984849,126.98895208007724,37.53910104848216,77.37547931,174.50887541,439.55246175,312.34383526,66,미지정,0
279297,1117000000000004573,이태원동 36-71도,도,국유지,15.215315463021398,126.99204100000001,37.53168133333334,331.3022064,171.92516983,337.21803851,390.48612822,70,미지정,0
279297,1117000000000004573,이태원동 36-71도,도,국유지,15.215315463021398,126.99204100000001,37.53168133333334,331.3022064,171.92516983,337.21803851,390.48612822,66,미지정,0
279298,1117000000000004574,이태원동 276-3도,도,국유지,129.02797824918525,126.98885552852111,37.53904216145912,71.99885183,182.94394875,444.59790787,303.21374132,70,미지정,0
279298,1117000000000004574,이태원동 276-3도,도,국유지,129.02797824918525,126.98885552852111,37.53904216145912,71.99885183,182.94394875,444.59790787,303.21374132,66,미지정,0
279299,1117000000000004575,이태원동 96-84도,도,국유지,11.742557991063222,126.99382021024785,37.53152095850738,316.73110779,268.08303776,182.45617127,249.61918996,70,미지정,0
279299,1117000000000004575,이태원동 96-84도,도,국유지,11.742557991063222,126.99382021024785,37.53152095850738,316.73110779,268.08303776,182.45617127,249.61918996,66,미지정,0
279300,1117000000000004576,이태원동 96-142도,도,국유지,47.77473627013387,126.99392058952773,37.53148668945927,321.03529826,264.86744826,172.80304706,243.691769,70,미지정,0
279300,1117000000000004576,이태원동 96-142도,도,국유지,47.77473627013387,126.99392058952773,37.53148668945927,321.03529826,264.86744826,172.80304706,243.691769,66,미지정,0
279301,1117000000000004577,이태원동 22-70도,도,국유지,37.650870680226944,126.99403909067225,37.531374057842626,334.38126795,253.53214192,158.46023038,241.35091536,70,미지정,0
279301,1117000000000004577,이태원동 22-70도,도,국유지,37.650870680226944,126.99403909067225,37.531374057842626,334.38126795,253.53214192,158.46023038,241.35091536,66,미지정,0
279302,1117000000000004578,이태원동 96-88도,도,국유지,117.78393580071861,126.99411230500145,37.531483762323184,322.99732883,266.47778021,157.1967981,229.31450821,70,미지정,0
279302,1117000000000004578,이태원동 96-88도,도,국유지,117.78393580071861,126.99411230500145,37.531483762323184,322.99732883,266.47778021,157.1967981,229.31450821,66,미지정,0
279303,1117000000000004579,이태원동 72-44도,도,국유지,126.26609694468789,126.99298056660066,37.53353332766189,110.96940638,262.42718137,381.30888786,313.0451018,70,미지정,0
279303,1117000000000004579,이태원동 72-44도,도,국유지,126.26609694468789,126.99298056660066,37.53353332766189,110.96940638,262.42718137,381.30888786,313.0451018,66,미지정,0
279304,1117000000000004580,이태원동 72-15도,도,국유지,78.86037389573175,126.99282526794379,37.53368339712651,106.47911708,258.79942427,402.89188479,331.78433155,70,미지정,0
279304,1117000000000004580,이태원동 72-15도,도,국유지,78.86037389573175,126.99282526794379,37.53368339712651,106.47911708,258.79942427,402.89188479,331.78433155,66,미지정,0
279305,1117000000000004581,이태원동 36-33잡,잡,국유지,49.579521877807565,126.99215973954622,37.53192475540826,302.41330703,170.2338502,335.46027343,374.18704055,70,미지정,0
279305,1117000000000004581,이태원동 36-33잡,잡,국유지,49.579521877807565,126.99215973954622,37.53192475540826,302.41330703,170.2338502,335.46027343,374.18704055,66,미지정,0
279306,1117000000000004582,이태원동 83-8잡,잡,국유지,123.52167155966163,126.99216662580578,37.53211540322175,283.27644387,164.90257861,342.7904712,370.06567194,70,미지정,0
279306,1117000000000004582,이태원동 83-8잡,잡,국유지,123.52167155966163,126.99216662580578,37.53211540322175,283.27644387,164.90257861,342.7904712,370.06567194,66,미지정,0
279307,1117000000000004583,이태원동 83-7잡,잡,국유지,66.37388813262805,126.9921921237314,37.53219568526456,274.3540968,165.39731588,344.40819328,366.69616734,70,미지정,0
279307,1117000000000004583,이태원동 83-7잡,잡,국유지,66.37388813262805,126.9921921237314,37.53219568526456,274.3540968,165.39731588,344.40819328,366.69616734,66,미지정,0
279308,1117000000000004584,이태원동 276-2도,도,국유지,71.11053560208529,126.98876131206751,37.539079245534175,77.98753043,191.30095658,439.31693467,304.34652194,70,미지정,0
279308,1117000000000004584,이태원동 276-2도,도,국유지,71.11053560208529,126.98876131206751,37.539079245534175,77.98753043,191.30095658,439.31693467,304.34652194,66,미지정,0
279309,1117000000000004585,이태원동 276-10도,도,국유지,20.010446552652866,126.98872041568627,37.539031838235296,74.13565732,194.89226438,444.05644702,298.2173311,70,미지정,0
279309,1117000000000004585,이태원동 276-10도,도,국유지,20.010446552652866,126.98872041568627,37.539031838235296,74.13565732,194.89226438,444.05644702,298.2173311,66,미지정,0
279310,1117000000000004586,이태원동 276-17도,도,국유지,14.939128434285522,126.98879632654845,37.53906593609105,75.73491781,188.18551858,441.2122045,303.94243759,70,미지정,0
279310,1117000000000004586,이태원동 276-17도,도,국유지,14.939128434285522,126.98879632654845,37.53906593609105,75.73491781,188.18551858,441.2122045,303.94243759,66,미지정,0
279311,1117000000000004587,이태원동 36-73도,도,국유지,244.79832417704165,126.99252677572733,37.5317404481112,308.88484031,207.84030767,298.05472887,347.32562804,70,미지정,0
279311,1117000000000004587,이태원동 36-73도,도,국유지,244.79832417704165,126.99252677572733,37.5317404481112,308.88484031,207.84030767,298.05472887,347.32562804,66,미지정,0
279312,1117000000000004588,이태원동 276-23 도,도,국유지,45.214719876879826,126.9886411469068,37.53904773695629,78.45181467,201.8897062,441.4678294,297.79115438,70,미지정,0
279312,1117000000000004588,이태원동 276-23 도,도,국유지,45.214719876879826,126.9886411469068,37.53904773695629,78.45181467,201.8897062,441.4678294,297.79115438,66,미지정,0
279313,1117000000000004589,이태원동 36-47도,도,국유지,115.18383755884133,126.99283077468804,37.53173349698363,301.96195455,233.22939888,272.46802598,321.74049709,70,미지정,0
279313,1117000000000004589,이태원동 36-47도,도,국유지,115.18383755884133,126.99283077468804,37.53173349698363,301.96195455,233.22939888,272.46802598,321.74049709,66,미지정,0
279314,1117000000000004590,이태원동 83-13도,도,국유지,27.09515806660056,126.99282039343473,37.53178667101134,296.47150959,230.43521111,275.42942853,320.95336772,70,미지정,0
279314,1117000000000004590,이태원동 83-13도,도,국유지,27.09515806660056,126.99282039343473,37.53178667101134,296.47150959,230.43521111,275.42942853,320.95336772,66,미지정,0
279315,1117000000000004591,이태원동 83-6도,도,국유지,28.47837188304402,126.99280749075672,37.53176828039959,298.73445413,230.00891152,275.75507184,322.61308283,70,미지정,0
279315,1117000000000004591,이태원동 83-6도,도,국유지,28.47837188304402,126.99280749075672,37.53176828039959,298.73445413,230.00891152,275.75507184,322.61308283,66,미지정,0
279316,1117000000000004592,이태원동 72-45도,도,국유지,151.56491965055466,126.99243084411513,37.53378789164321,126.82322348,237.16556979,434.43624954,368.46942226,70,미지정,0
279316,1117000000000004592,이태원동 72-45도,도,국유지,151.56491965055466,126.99243084411513,37.53378789164321,126.82322348,237.16556979,434.43624954,368.46942226,66,미지정,0
279317,1117000000000004593,이태원동 87-13도,도,국유지,146.01609811652452,126.99198516614597,37.53197521139442,304.605377,153.81908794,351.87501048,388.33221925,70,미지정,0
279317,1117000000000004593,이태원동 87-13도,도,국유지,146.01609811652452,126.99198516614597,37.53197521139442,304.605377,153.81908794,351.87501048,388.33221925,66,미지정,0
279318,1117000000000004594,이태원동 36-6도,도,국유지,2410.1827897658804,126.99190114952084,37.53146292280798,358.5057355,175.18485956,343.7827721,409.12097693,70,미지정,0
279318,1117000000000004594,이태원동 36-6도,도,국유지,2410.1827897658804,126.99190114952084,37.53146292280798,358.5057355,175.18485956,343.7827721,409.12097693,66,미지정,0
279319,1117000000000004595,이태원동 34-170도,도,국유지,113.7861964823096,126.99150619722964,37.531177213251134,402.62423882,173.818661,374.00781873,452.41509523,70,미지정,0
279319,1117000000000004595,이태원동 34-170도,도,국유지,113.7861964823096,126.99150619722964,37.531177213251134,402.62423882,173.818661,374.00781873,452.41509523,66,미지정,0
279320,1117000000000004596,이태원동 36-70도,도,국유지,22.111738107167184,126.99187069668737,37.53152001818989,354.00645383,169.17483592,347.66577877,409.82678551,70,미지정,0
279320,1117000000000004596,이태원동 36-70도,도,국유지,22.111738107167184,126.99187069668737,37.53152001818989,354.00645383,169.17483592,347.66577877,409.82678551,66,미지정,0
279321,1117000000000004597,이태원동 22-53 잡,잡,국유지,508.5975601420505,126.99247621273872,37.5311023327579,377.77607196,245.31289632,287.87143793,376.60359246,70,미지정,0
279321,1117000000000004597,이태원동 22-53 잡,잡,국유지,508.5975601420505,126.99247621273872,37.5311023327579,377.77607196,245.31289632,287.87143793,376.60359246,66,미지정,0
279322,1117000000000004598,이태원동 22-57도,도,국유지,301.2501784947235,126.99309715448493,37.5316149222528,310.07745389,282.82586477,245.85176871,303.67457931,70,미지정,0
279322,1117000000000004598,이태원동 22-57도,도,국유지,301.2501784947235,126.99309715448493,37.5316149222528,310.07745389,282.82586477,245.85176871,303.67457931,66,미지정,0
279323,1117000000000004599,이태원동 34-66도,도,국유지,928.5984096126631,126.9911454265212,37.5329264393373,274.40512416,88.74170389,463.84690687,447.77768143,70,미지정,0
279323,1117000000000004599,이태원동 34-66도,도,국유지,928.5984096126631,126.9911454265212,37.5329264393373,274.40512416,88.74170389,463.84690687,447.77768143,66,미지정,0
279324,1117000000000004600,이태원동 63-66도,도,국유지,325.1083821777138,126.99144265399357,37.532545532371756,282.21402228,97.55509814,420.92515484,430.49051127,70,미지정,0
279324,1117000000000004600,이태원동 63-66도,도,국유지,325.1083821777138,126.99144265399357,37.532545532371756,282.21402228,97.55509814,420.92515484,430.49051127,66,미지정,0
279325,1117000000000004601,이태원동 63-65도,도,국유지,176.59581448789686,126.99111074981485,37.533169695839355,294.30978903,105.27744421,480.24487386,424.22010943,70,미지정,0
279325,1117000000000004601,이태원동 63-65도,도,국유지,176.59581448789686,126.99111074981485,37.533169695839355,294.30978903,105.27744421,480.24487386,424.22010943,66,미지정,0
279326,1117000000000004602,이태원동 44-55도,도,국유지,375.3261270013172,126.99084664159699,37.53243622355376,365.58792674,44.20204442,464.17561737,479.6936207,70,미지정,0
279326,1117000000000004602,이태원동 44-55도,도,국유지,375.3261270013172,126.99084664159699,37.53243622355376,365.58792674,44.20204442,464.17561737,479.6936207,66,미지정,0
279327,1117000000000004603,이태원동 44-51도,도,국유지,55.54330267943442,126.99065778747205,37.53279652678676,322.96454116,48.00098276,495.51328748,436.66446563,70,미지정,0
279327,1117000000000004603,이태원동 44-51도,도,국유지,55.54330267943442,126.99065778747205,37.53279652678676,322.96454116,48.00098276,495.51328748,436.66446563,66,미지정,0
279328,1117000000000004604,이태원동 380-1도,도,국유지,127.73582918505417,126.9889323672375,37.53747277156607,103.7637201,132.73143522,472.30775443,154.08082548,70,미지정,0
279328,1117000000000004604,이태원동 380-1도,도,국유지,127.73582918505417,126.9889323672375,37.53747277156607,103.7637201,132.73143522,472.30775443,154.08082548,66,미지정,0
279329,1117000000000004605,이태원동 34-155도,도,국유지,107.58733643451706,126.99142944231178,37.53081900320659,441.03867072,203.98878536,379.39598294,473.74429901,70,미지정,0
279329,1117000000000004605,이태원동 34-155도,도,국유지,107.58733643451706,126.99142944231178,37.53081900320659,441.03867072,203.98878536,379.39598294,473.74429901,66,미지정,0
279330,1117000000000004606,이태원동 380-2도,도,국유지,28.422298541874625,126.98909828213975,37.5374078433132,110.99326846,127.3755587,467.2713322,154.52381253,70,미지정,0
279330,1117000000000004606,이태원동 380-2도,도,국유지,28.422298541874625,126.98909828213975,37.5374078433132,110.99326846,127.3755587,467.2713322,154.52381253,66,미지정,0
279331,1117000000000004607,이태원동 34-159잡,잡,국유지,228.76100083533674,126.99123725791557,37.531069033699275,424.73256843,171.5239017,396.8767738,478.87478388,70,미지정,0
279331,1117000000000004607,이태원동 34-159잡,잡,국유지,228.76100083533674,126.99123725791557,37.531069033699275,424.73256843,171.5239017,396.8767738,478.87478388,66,미지정,0
279332,1117000000000004608,이태원동 326-3도,도,국유지,49.1393082216382,126.98863379212824,37.537534992647295,102.23767757,140.50994857,486.6817272,151.72982912,70,미지정,0
279332,1117000000000004608,이태원동 326-3도,도,국유지,49.1393082216382,126.98863379212824,37.537534992647295,102.23767757,140.50994857,486.6817272,151.72982912,66,미지정,0
279333,1117000000000004609,이태원동 380-5도,도,국유지,32.67948504257947,126.98938342438343,37.53742779463706,113.37309533,136.33162309,448.73020487,170.55376967,70,미지정,0
279333,1117000000000004609,이태원동 380-5도,도,국유지,32.67948504257947,126.98938342438343,37.53742779463706,113.37309533,136.33162309,448.73020487,170.55376967,66,미지정,0
279334,1117000000000004610,이태원동 317-8도,도,국유지,13.894780072383583,126.98937479103425,37.537587661136605,96.26991039,152.81129549,436.01556058,184.48783927,70,미지정,0
279334,1117000000000004610,이태원동 317-8도,도,국유지,13.894780072383583,126.98937479103425,37.537587661136605,96.26991039,152.81129549,436.01556058,184.48783927,66,미지정,0
279335,1117000000000004611,이태원동 307-1 잡,잡,국유지,46.985811677761376,126.98794607752262,37.538102604384136,100.02624946,217.12056194,543.72905719,181.92565473,70,미지정,0
279335,1117000000000004611,이태원동 307-1 잡,잡,국유지,46.985811677761376,126.98794607752262,37.538102604384136,100.02624946,217.12056194,543.72905719,181.92565473,66,미지정,0
279336,1117000000000004612,이태원동 296-3 도,도,국유지,302.24999449169263,126.9883245729616,37.537989620641724,76.3020412,195.13705393,556.54706054,177.41856387,70,미지정,0
279336,1117000000000004612,이태원동 296-3 도,도,국유지,302.24999449169263,126.9883245729616,37.537989620641724,76.3020412,195.13705393,556.54706054,177.41856387,66,미지정,0
279337,1117000000000004613,이태원동 522도,도,국유지,59.34617200773209,126.98746210520662,37.53717282418734,184.88121344,156.79810663,649.10884827,79.30516024,70,미지정,0
279337,1117000000000004613,이태원동 522도,도,국유지,59.34617200773209,126.98746210520662,37.53717282418734,184.88121344,156.79810663,649.10884827,79.30516024,66,미지정,0
279338,1117000000000004614,이태원동 521-6도,도,국유지,102.38417593948543,126.98766124665869,37.537256339656686,174.69900237,150.14807728,638.60619425,86.38341921,70,미지정,0
279338,1117000000000004614,이태원동 521-6도,도,국유지,102.38417593948543,126.98766124665869,37.537256339656686,174.69900237,150.14807728,638.60619425,86.38341921,66,미지정,0
279339,1117000000000004615,이태원동 339-5도,도,국유지,158.24350120284362,126.98779868218446,37.53702431852839,184.58257198,123.47984556,663.74586995,61.65529452,70,미지정,0
279339,1117000000000004615,이태원동 339-5도,도,국유지,158.24350120284362,126.98779868218446,37.53702431852839,184.58257198,123.47984556,663.74586995,61.65529452,66,미지정,0
279340,1117000000000004616,이태원동 336-2도,도,국유지,56.148358003702015,126.9875150282436,37.53700201371418,169.70916785,141.67107879,667.63333674,59.77926083,70,미지정,0
279340,1117000000000004616,이태원동 336-2도,도,국유지,56.148358003702015,126.9875150282436,37.53700201371418,169.70916785,141.67107879,667.63333674,59.77926083,66,미지정,0
279341,1117000000000004617,이태원동 521-7도,도,국유지,29.496450652601197,126.98758016007093,37.53722780412371,194.73375626,152.99518596,642.22340503,83.60453097,70,미지정,0
279341,1117000000000004617,이태원동 521-7도,도,국유지,29.496450652601197,126.98758016007093,37.53722780412371,194.73375626,152.99518596,642.22340503,83.60453097,66,미지정,0
279342,1117000000000004618,이태원동 339-4도,도,국유지,16.891559324460104,126.98776544231514,37.537237075687194,170.16402163,142.3283057,640.27170702,84.64589988,70,미지정,0
279342,1117000000000004618,이태원동 339-4도,도,국유지,16.891559324460104,126.98776544231514,37.537237075687194,170.16402163,142.3283057,640.27170702,84.64589988,66,미지정,0
279343,1117000000000004619,이태원동 604-1도,도,국유지,12.148748957552016,126.98767123146278,37.537324671511236,168.62001017,155.12648372,630.98380821,93.96239501,70,미지정,0
279343,1117000000000004619,이태원동 604-1도,도,국유지,12.148748957552016,126.98767123146278,37.537324671511236,168.62001017,155.12648372,630.98380821,93.96239501,66,미지정,0
279344,1117000000000004620,이태원동 193-5 도,도,국유지,94.45879872236401,126.98994399762883,37.53697605747962,123.34120113,124.75799979,459.44761294,175.63280478,70,미지정,0
279344,1117000000000004620,이태원동 193-5 도,도,국유지,94.45879872236401,126.98994399762883,37.53697605747962,123.34120113,124.75799979,459.44761294,175.63280478,66,미지정,0
279345,1117000000000004621,이태원동 406-12도,도,국유지,140.50224391266238,126.98978473517882,37.53767020971364,106.41720179,175.6630258,405.25424051,213.84180806,70,미지정,0
279345,1117000000000004621,이태원동 406-12도,도,국유지,140.50224391266238,126.98978473517882,37.53767020971364,106.41720179,175.6630258,405.25424051,213.84180806,66,미지정,0
279346,1117000000000004622,이태원동 196-3도,도,국유지,1443.1497641613823,126.98907303638278,37.537184246111494,135.65484956,102.59305234,487.13808654,132.49538599,70,미지정,0
279346,1117000000000004622,이태원동 196-3도,도,국유지,1443.1497641613823,126.98907303638278,37.537184246111494,135.65484956,102.59305234,487.13808654,132.49538599,66,미지정,0
279347,1117000000000004623,이태원동 388-3 도,도,국유지,128.64379261725117,126.98939945348025,37.53708291383584,136.86351625,102.13818907,477.39871618,143.2334012,70,미지정,0
279347,1117000000000004623,이태원동 388-3 도,도,국유지,128.64379261725117,126.98939945348025,37.53708291383584,136.86351625,102.13818907,477.39871618,143.2334012,66,미지정,0
279348,1117000000000004624,이태원동 36-36도,도,국유지,110.524289467372,126.9915414073137,37.53155506670217,364.61913734,144.3765777,376.95800508,436.76371762,70,미지정,0
279348,1117000000000004624,이태원동 36-36도,도,국유지,110.524289467372,126.9915414073137,37.53155506670217,364.61913734,144.3765777,376.95800508,436.76371762,66,미지정,0
279349,1117000000000004625,이태원동 44-60도,도,국유지,305.07010715827346,126.99121599489784,37.5318684476976,352.17609918,99.79137601,413.03466547,457.34247259,70,미지정,0
279349,1117000000000004625,이태원동 44-60도,도,국유지,305.07010715827346,126.99121599489784,37.5318684476976,352.17609918,99.79137601,413.03466547,457.34247259,66,미지정,0
279350,1117000000000004626,이태원동 36-38잡,잡,국유지,29.425013028085232,126.99150408518088,37.531693156637225,353.33734489,131.81780965,383.50603028,436.24587364,70,미지정,0
279350,1117000000000004626,이태원동 36-38잡,잡,국유지,29.425013028085232,126.99150408518088,37.531693156637225,353.33734489,131.81780965,383.50603028,436.24587364,66,미지정,0
279351,1117000000000004627,이태원동 375-3도,도,국유지,46.373494984116405,126.98853203511369,37.53687972536577,153.46665477,71.86014732,544.27186998,79.63420612,70,미지정,0
279351,1117000000000004627,이태원동 375-3도,도,국유지,46.373494984116405,126.98853203511369,37.53687972536577,153.46665477,71.86014732,544.27186998,79.63420612,66,미지정,0
279352,1117000000000004628,이태원동 375-7도,도,국유지,59.689641045290045,126.98842913218299,37.53692318548344,172.39852685,80.01174202,547.00155012,81.46243793,70,미지정,0
279352,1117000000000004628,이태원동 375-7도,도,국유지,59.689641045290045,126.98842913218299,37.53692318548344,172.39852685,80.01174202,547.00155012,81.46243793,66,미지정,0
279353,1117000000000004629,이태원동 370-3도,도,국유지,160.61294790444663,126.9885435710344,37.53679043485915,145.71202155,62.34979148,550.9020587,70.92075412,70,미지정,0
279353,1117000000000004629,이태원동 370-3도,도,국유지,160.61294790444663,126.9885435710344,37.53679043485915,145.71202155,62.34979148,550.9020587,70.92075412,66,미지정,0
279354,1117000000000004630,이태원동 193-109도,도,국유지,32.14039236633107,126.99020999135254,37.53649224294217,80.3400713,123.68903542,494.7253885,179.99639299,70,미지정,0
279354,1117000000000004630,이태원동 193-109도,도,국유지,32.14039236633107,126.99020999135254,37.53649224294217,80.3400713,123.68903542,494.7253885,179.99639299,66,미지정,0
279355,1117000000000004631,이태원동 193-11도,도,국유지,39.96335627883673,126.99037910587467,37.53650790999838,90.49228596,138.69742069,486.64230728,195.02041331,70,미지정,0
279355,1117000000000004631,이태원동 193-11도,도,국유지,39.96335627883673,126.99037910587467,37.53650790999838,90.49228596,138.69742069,486.64230728,195.02041331,66,미지정,0
279356,1117000000000004632,이태원동 414-4도,도,국유지,165.34611905447673,126.98756145906509,37.53669952616278,142.98628053,121.94465148,700.83393437,26.44292322,70,미지정,0
279356,1117000000000004632,이태원동 414-4도,도,국유지,165.34611905447673,126.98756145906509,37.53669952616278,142.98628053,121.94465148,700.83393437,26.44292322,66,미지정,0
279357,1117000000000004633,이태원동 355-1도,도,국유지,255.70007749879733,126.98808223149322,37.53664537773815,169.42151684,78.05421913,590.47771231,40.6988918,70,미지정,0
279357,1117000000000004633,이태원동 355-1도,도,국유지,255.70007749879733,126.98808223149322,37.53664537773815,169.42151684,78.05421913,590.47771231,40.6988918,66,미지정,0
279358,1117000000000004634,이태원동 388-6 도,도,국유지,37.97686725424137,126.98932789267725,37.536597537646905,87.37281876,55.99286289,524.55654683,108.16702535,70,미지정,0
279358,1117000000000004634,이태원동 388-6 도,도,국유지,37.97686725424137,126.98932789267725,37.536597537646905,87.37281876,55.99286289,524.55654683,108.16702535,66,미지정,0
279359,1117000000000004635,이태원동 388-5도,도,국유지,12.776654792949557,126.98934739654506,37.53669163646832,96.39433678,64.30219651,515.01744543,114.23531167,70,미지정,0
279359,1117000000000004635,이태원동 388-5도,도,국유지,12.776654792949557,126.98934739654506,37.53669163646832,96.39433678,64.30219651,515.01744543,114.23531167,66,미지정,0
279360,1117000000000004636,이태원동 193-104도,도,국유지,210.43986281310208,126.98979040465201,37.53664488494227,85.28544249,93.57972658,497.8471766,148.21843908,70,미지정,0
279360,1117000000000004636,이태원동 193-104도,도,국유지,210.43986281310208,126.98979040465201,37.53664488494227,85.28544249,93.57972658,497.8471766,148.21843908,66,미지정,0
279361,1117000000000004637,이태원동 36-49도,도,국유지,323.5866893316852,126.99149204077098,37.53067799247132,452.71208145,220.4193859,374.47472894,475.44058316,70,미지정,0
279361,1117000000000004637,이태원동 36-49도,도,국유지,323.5866893316852,126.99149204077098,37.53067799247132,452.71208145,220.4193859,374.47472894,475.44058316,66,미지정,0
279362,1117000000000004638,이태원동 193-41도,도,국유지,92.19781222310849,126.98982260641203,37.53680117686277,102.79254749,104.66035515,481.59021083,157.30477239,70,미지정,0
279362,1117000000000004638,이태원동 193-41도,도,국유지,92.19781222310849,126.98982260641203,37.53680117686277,102.79254749,104.66035515,481.59021083,157.30477239,66,미지정,0
279363,1117000000000004639,이태원동 193-101도,도,국유지,117.33949691709131,126.98967382427685,37.53654440154934,74.12076298,79.6553585,512.73759783,135.04500965,70,미지정,0
279363,1117000000000004639,이태원동 193-101도,도,국유지,117.33949691709131,126.98967382427685,37.53654440154934,74.12076298,79.6553585,512.73759783,135.04500965,66,미지정,0
279364,1117000000000004640,이태원동 364-4도,도,국유지,22.134800043539144,126.98860982339905,37.53653860602703,123.12483432,35.05531477,568.21632135,51.03004239,70,미지정,0
279364,1117000000000004640,이태원동 364-4도,도,국유지,22.134800043539144,126.98860982339905,37.53653860602703,123.12483432,35.05531477,568.21632135,51.03004239,66,미지정,0
279365,1117000000000004641,이태원동 193-105도,도,국유지,49.94924837758299,126.98981532881639,37.536512220443825,70.80079038,90.3078314,509.37513118,146.25745607,70,미지정,0
279365,1117000000000004641,이태원동 193-105도,도,국유지,49.94924837758299,126.98981532881639,37.536512220443825,70.80079038,90.3078314,509.37513118,146.25745607,66,미지정,0
279366,1117000000000004642,이태원동 364-5도,도,국유지,15.567434112890624,126.98871222022684,37.5365499199748,116.77728809,31.97386322,561.50412078,58.54606831,70,미지정,0
279366,1117000000000004642,이태원동 364-5도,도,국유지,15.567434112890624,126.98871222022684,37.5365499199748,116.77728809,31.97386322,561.50412078,58.54606831,66,미지정,0
279367,1117000000000004643,이태원동 364-1도,도,국유지,131.0726125217043,126.98906300729679,37.53653785094545,93.95667265,34.99821723,543.57854667,84.10774162,70,미지정,0
279367,1117000000000004643,이태원동 364-1도,도,국유지,131.0726125217043,126.98906300729679,37.53653785094545,93.95667265,34.99821723,543.57854667,84.10774162,66,미지정,0
279368,1117000000000004644,이태원동 63-20도,도,국유지,83.62864586059004,126.99146540308894,37.533034635522974,244.53465367,118.76001204,445.73122623,455.4077963,70,미지정,0
279368,1117000000000004644,이태원동 63-20도,도,국유지,83.62864586059004,126.99146540308894,37.533034635522974,244.53465367,118.76001204,445.73122623,455.4077963,66,미지정,0
279369,1117000000000004645,이태원동 399-6도,도,국유지,27.608577637351118,126.98869152460476,37.53614142523835,96.24277009,19.94808475,598.47630608,43.76568738,70,미지정,0
279369,1117000000000004645,이태원동 399-6도,도,국유지,27.608577637351118,126.98869152460476,37.53614142523835,96.24277009,19.94808475,598.47630608,43.76568738,66,미지정,0
279370,1117000000000004646,이태원동 396-3 도,도,국유지,313.5372039836366,126.98870694869066,37.53634811829302,104.31720215,13.74851871,579.3518973,46.95375589,70,미지정,0
279370,1117000000000004646,이태원동 396-3 도,도,국유지,313.5372039836366,126.98870694869066,37.53634811829302,104.31720215,13.74851871,579.3518973,46.95375589,66,미지정,0
279371,1117000000000004647,이태원동 63-61도,도,국유지,163.8918236325262,126.99152164421102,37.53331137767603,222.96872512,141.75745547,458.90562905,435.39704441,70,미지정,0
279371,1117000000000004647,이태원동 63-61도,도,국유지,163.8918236325262,126.99152164421102,37.53331137767603,222.96872512,141.75745547,458.90562905,435.39704441,66,미지정,0
279372,1117000000000004648,이태원동 414-5도,도,국유지,35.75514843408018,126.98740279986282,37.536438827251935,111.33791732,127.92742162,730.72701059,24.17054611,70,미지정,0
279372,1117000000000004648,이태원동 414-5도,도,국유지,35.75514843408018,126.98740279986282,37.536438827251935,111.33791732,127.92742162,730.72701059,24.17054611,66,미지정,0
279373,1117000000000004649,이태원동 589도,도,국유지,84.70876632677391,126.9872401441723,37.53647015181519,106.23534086,142.653535,728.59025282,38.16090518,70,미지정,0
279373,1117000000000004649,이태원동 589도,도,국유지,84.70876632677391,126.9872401441723,37.53647015181519,106.23534086,142.653535,728.59025282,38.16090518,66,미지정,0
279374,1117000000000004650,이태원동 574도,도,국유지,206.36822419223608,126.98721351311116,37.53689211228095,147.80082032,158.73482992,682.28052805,61.25634573,70,미지정,0
279374,1117000000000004650,이태원동 574도,도,국유지,206.36822419223608,126.98721351311116,37.53689211228095,147.80082032,158.73482992,682.28052805,61.25634573,66,미지정,0
279375,1117000000000004651,이태원동 406-18도,도,국유지,10.88850300712511,126.98872257657658,37.535774405405405,89.69120236,56.93248226,630.16027791,66.719004,70,미지정,0
279375,1117000000000004651,이태원동 406-18도,도,국유지,10.88850300712511,126.98872257657658,37.535774405405405,89.69120236,56.93248226,630.16027791,66.719004,66,미지정,0
279376,1117000000000004652,이태원동 193-110도,도,국유지,95.6168969135033,126.99008656481148,37.53634366034026,60.57708673,110.73223183,514.36043089,167.01473132,70,미지정,0
279376,1117000000000004652,이태원동 193-110도,도,국유지,95.6168969135033,126.99008656481148,37.53634366034026,60.57708673,110.73223183,514.36043089,167.01473132,66,미지정,0
279377,1117000000000004653,이태원동 404-49도,도,국유지,10.95222123619169,126.98891692954172,37.53592421167338,71.95616275,40.05064523,606.78544462,70.59820473,70,미지정,0
279377,1117000000000004653,이태원동 404-49도,도,국유지,10.95222123619169,126.98891692954172,37.53592421167338,71.95616275,40.05064523,606.78544462,70.59820473,66,미지정,0
279378,1117000000000004654,이태원동 78-15도,도,국유지,152.97556171601173,126.99204699127873,37.53232289844387,268.60956299,150.87387725,362.08672314,378.12191947,70,미지정,0
279378,1117000000000004654,이태원동 78-15도,도,국유지,152.97556171601173,126.99204699127873,37.53232289844387,268.60956299,150.87387725,362.08672314,378.12191947,66,미지정,0
279379,1117000000000004655,이태원동 63-63도,도,국유지,120.24478041974362,126.99186684807945,37.53238263630429,272.00060036,134.53235362,379.30112472,393.58032806,70,미지정,0
279379,1117000000000004655,이태원동 63-63도,도,국유지,120.24478041974362,126.99186684807945,37.53238263630429,272.00060036,134.53235362,379.30112472,393.58032806,66,미지정,0
279380,1117000000000004656,이태원동 404-2 도,도,국유지,28.427680839027744,126.9892634096503,37.53608529744653,47.14431313,43.45880028,575.16095145,94.6563403,70,미지정,0
279380,1117000000000004656,이태원동 404-2 도,도,국유지,28.427680839027744,126.9892634096503,37.53608529744653,47.14431313,43.45880028,575.16095145,94.6563403,66,미지정,0
279381,1117000000000004657,이태원동 74-17도,도,국유지,763.2476278669783,126.99232478916946,37.533474069941946,154.74082496,209.02124649,415.94016833,366.26474565,70,미지정,0
279381,1117000000000004657,이태원동 74-17도,도,국유지,763.2476278669783,126.99232478916946,37.533474069941946,154.74082496,209.02124649,415.94016833,366.26474565,66,미지정,0
279382,1117000000000004658,이태원동 79-15도,도,국유지,1629.0291036007693,126.99280330773824,37.53268784090437,201.8114802,218.84757073,326.75737347,310.45044247,70,미지정,0
279382,1117000000000004658,이태원동 79-15도,도,국유지,1629.0291036007693,126.99280330773824,37.53268784090437,201.8114802,218.84757073,326.75737347,310.45044247,66,미지정,0
279383,1117000000000004659,이태원동 73-12도,도,국유지,13.615935728885233,126.99312833381364,37.53345523439,112.22919745,287.8922842,366.34683297,297.84429091,70,미지정,0
279383,1117000000000004659,이태원동 73-12도,도,국유지,13.615935728885233,126.99312833381364,37.53345523439,112.22919745,287.8922842,366.34683297,297.84429091,66,미지정,0
279384,1117000000000004660,이태원동 404-36도,도,국유지,50.34215531311929,126.98945131550403,37.53574728799689,28.51089536,80.2578766,599.11571436,121.66611385,70,미지정,0
279384,1117000000000004660,이태원동 404-36도,도,국유지,50.34215531311929,126.98945131550403,37.53574728799689,28.51089536,80.2578766,599.11571436,121.66611385,66,미지정,0
279385,1117000000000004661,이태원동 187-1 도,도,국유지,758.872228825232,126.99003325504718,37.535979214318495,29.14220513,110.90956692,552.75404882,163.69821282,70,미지정,0
279385,1117000000000004661,이태원동 187-1 도,도,국유지,758.872228825232,126.99003325504718,37.535979214318495,29.14220513,110.90956692,552.75404882,163.69821282,66,미지정,0
279386,1117000000000004662,이태원동 404-37도,도,국유지,36.241087118163705,126.98953995168496,37.53564176613885,31.0923805,94.20517605,605.73636942,133.92055975,70,미지정,0
279386,1117000000000004662,이태원동 404-37도,도,국유지,36.241087118163705,126.98953995168496,37.53564176613885,31.0923805,94.20517605,605.73636942,133.92055975,66,미지정,0
279387,1117000000000004663,이태원동 209-3도,도,국유지,222.81618360057473,126.99252349089102,37.53931683047553,284.53464751,29.66868163,130.00587042,498.50187168,70,미지정,0
279387,1117000000000004663,이태원동 209-3도,도,국유지,222.81618360057473,126.99252349089102,37.53931683047553,284.53464751,29.66868163,130.00587042,498.50187168,66,미지정,0
279388,1117000000000004664,이태원동 215-70도,도,국유지,63.8670537591679,126.99111427269236,37.53851142512671,186.17037376,61.84712104,260.15795569,362.37412317,70,미지정,0
279388,1117000000000004664,이태원동 215-70도,도,국유지,63.8670537591679,126.99111427269236,37.53851142512671,186.17037376,61.84712104,260.15795569,362.37412317,66,미지정,0
279389,1117000000000004665,이태원동 212-61도,도,국유지,36.71063912240788,126.99110834598085,37.53835492010688,185.36053255,78.60356552,275.16461376,349.97054594,70,미지정,0
279389,1117000000000004665,이태원동 212-61도,도,국유지,36.71063912240788,126.99110834598085,37.53835492010688,185.36053255,78.60356552,275.16461376,349.97054594,66,미지정,0
279390,1117000000000004666,이태원동 224-93도,도,국유지,14.311437002383173,126.98994600308428,37.53873116278273,90.11226618,93.43764281,312.28304001,319.23287937,70,미지정,0
279390,1117000000000004666,이태원동 224-93도,도,국유지,14.311437002383173,126.98994600308428,37.53873116278273,90.11226618,93.43764281,312.28304001,319.23287937,66,미지정,0
279391,1117000000000004667,이태원동 224-92도,도,국유지,54.24419490387663,126.98987776452682,37.53863496048824,80.64213236,103.32519945,323.67314395,306.97085003,70,미지정,0
279391,1117000000000004667,이태원동 224-92도,도,국유지,54.24419490387663,126.98987776452682,37.53863496048824,80.64213236,103.32519945,323.67314395,306.97085003,66,미지정,0
279392,1117000000000004668,이태원동 224-81도,도,국유지,24.63050731085241,126.98971271020844,37.53888636413116,81.75062516,108.67680645,318.83740318,325.4502664,70,미지정,0
279392,1117000000000004668,이태원동 224-81도,도,국유지,24.63050731085241,126.98971271020844,37.53888636413116,81.75062516,108.67680645,318.83740318,325.4502664,66,미지정,0
279393,1117000000000004669,이태원동 273-9도,도,국유지,87.85432686057175,126.98845791278217,37.539254528052254,106.19347727,219.28473099,417.06857847,307.38951637,70,미지정,0
279393,1117000000000004669,이태원동 273-9도,도,국유지,87.85432686057175,126.98845791278217,37.539254528052254,106.19347727,219.28473099,417.06857847,307.38951637,66,미지정,0
279394,1117000000000004670,이태원동 283-8도,도,국유지,62.67492946283892,126.98896888215042,37.5389258393458,57.8735692,173.4556077,373.29114489,294.8747249,70,미지정,0
279394,1117000000000004670,이태원동 283-8도,도,국유지,62.67492946283892,126.98896888215042,37.5389258393458,57.8735692,173.4556077,373.29114489,294.8747249,66,미지정,0
279395,1117000000000004671,이태원동 282-8도,도,국유지,77.19218915514648,126.98914722638035,37.53898122627443,65.00334757,157.33747599,356.47584508,306.90272437,70,미지정,0
279395,1117000000000004671,이태원동 282-8도,도,국유지,77.19218915514648,126.98914722638035,37.53898122627443,65.00334757,157.33747599,356.47584508,306.90272437,66,미지정,0
279396,1117000000000004672,이태원동 215-113도,도,국유지,106.95461837528273,126.99043403680773,37.53772476209474,146.64379427,153.15279822,366.13558183,258.94301455,70,미지정,0
279396,1117000000000004672,이태원동 215-113도,도,국유지,106.95461837528273,126.99043403680773,37.53772476209474,146.64379427,153.15279822,366.13558183,258.94301455,66,미지정,0
279397,1117000000000004673,이태원동 217-6도,도,국유지,60.650084083899856,126.98983874866569,37.53800302328967,85.64280352,150.58742368,374.32808445,245.78547244,70,미지정,0
279397,1117000000000004673,이태원동 217-6도,도,국유지,60.650084083899856,126.98983874866569,37.53800302328967,85.64280352,150.58742368,374.32808445,245.78547244,66,미지정,0
279398,1117000000000004674,이태원동 218-3도,도,국유지,152.964104777202,126.98964877743575,37.5379885079304,72.86648741,162.9722479,387.07828653,234.95361732,70,미지정,0
279398,1117000000000004674,이태원동 218-3도,도,국유지,152.964104777202,126.98964877743575,37.5379885079304,72.86648741,162.9722479,387.07828653,234.95361732,66,미지정,0
279399,1117000000000004675,이태원동 211-29도,도,국유지,142.99812711309642,126.98961602589523,37.537959507922885,72.8038646,167.29883361,391.40305126,230.67971988,70,미지정,0
279399,1117000000000004675,이태원동 211-29도,도,국유지,142.99812711309642,126.98961602589523,37.537959507922885,72.8038646,167.29883361,391.40305126,230.67971988,66,미지정,0
279400,1117000000000004676,이태원동 217-4도,도,국유지,95.46779446839355,126.98998513925851,37.537967753317936,98.7820099,145.88350846,368.61260376,250.54871799,70,미지정,0
279400,1117000000000004676,이태원동 217-4도,도,국유지,95.46779446839355,126.98998513925851,37.537967753317936,98.7820099,145.88350846,368.61260376,250.54871799,66,미지정,0
279401,1117000000000004677,이태원동 292-9도,도,국유지,50.45837934920564,126.98888832452046,37.5379513278901,51.58228083,185.63043458,439.40902396,202.35521076,70,미지정,0
279401,1117000000000004677,이태원동 292-9도,도,국유지,50.45837934920564,126.98888832452046,37.5379513278901,51.58228083,185.63043458,439.40902396,202.35521076,66,미지정,0
279402,1117000000000004678,이태원동 289-1도,도,국유지,187.5417042017798,126.9890372690603,37.53792280538556,53.62304775,183.27057862,431.43167567,203.71597608,70,미지정,0
279402,1117000000000004678,이태원동 289-1도,도,국유지,187.5417042017798,126.9890372690603,37.53792280538556,53.62304775,183.27057862,431.43167567,203.71597608,66,미지정,0
279403,1117000000000004679,이태원동 202-5도,도,국유지,87.55700246803463,126.99169397815369,37.53766204176936,263.37550006,168.15223934,325.33795009,347.92685256,70,미지정,0
279403,1117000000000004679,이태원동 202-5도,도,국유지,87.55700246803463,126.99169397815369,37.53766204176936,263.37550006,168.15223934,325.33795009,347.92685256,66,미지정,0
279404,1117000000000004680,이태원동 199-10도,도,국유지,708.5784412593348,126.99131916983924,37.53759600552586,236.8739852,164.86774021,342.87146084,315.29303825,70,미지정,0
279404,1117000000000004680,이태원동 199-10도,도,국유지,708.5784412593348,126.99131916983924,37.53759600552586,236.8739852,164.86774021,342.87146084,315.29303825,66,미지정,0
279405,1117000000000004681,이태원동 231-29도,도,국유지,1096.47634286026,126.99421144489746,37.53880686929325,405.26786664,189.02884475,227.76301374,604.04104748,70,미지정,0
279405,1117000000000004681,이태원동 231-29도,도,국유지,1096.47634286026,126.99421144489746,37.53880686929325,405.26786664,189.02884475,227.76301374,604.04104748,66,미지정,0
279406,1117000000000004682,이태원동 207-28도,도,국유지,819.7391296096612,126.99374121313326,37.53828529874118,408.41947915,182.68584618,259.69854886,540.79954083,70,미지정,0
279406,1117000000000004682,이태원동 207-28도,도,국유지,819.7391296096612,126.99374121313326,37.53828529874118,408.41947915,182.68584618,259.69854886,540.79954083,66,미지정,0
279407,1117000000000004683,이태원동 206-2도,도,국유지,188.5362316640094,126.99308467402862,37.53837395755399,399.7979703,136.42362506,235.79957718,493.62479582,70,미지정,0
279407,1117000000000004683,이태원동 206-2도,도,국유지,188.5362316640094,126.99308467402862,37.53837395755399,399.7979703,136.42362506,235.79957718,493.62479582,66,미지정,0
279408,1117000000000004684,이태원동 304-4도,도,국유지,139.90180481725838,126.98853636230209,37.53881029839322,61.5247078,212.79272276,466.77755559,269.8913006,70,미지정,0
279408,1117000000000004684,이태원동 304-4도,도,국유지,139.90180481725838,126.98853636230209,37.53881029839322,61.5247078,212.79272276,466.77755559,269.8913006,66,미지정,0
279409,1117000000000004685,이태원동 223-24도,도,국유지,85.039729247801,126.99074773918144,37.53874916290827,158.07444851,36.70093001,258.99674367,360.3723379,70,미지정,0
279409,1117000000000004685,이태원동 223-24도,도,국유지,85.039729247801,126.99074773918144,37.53874916290827,158.07444851,36.70093001,258.99674367,360.3723379,66,미지정,0
279410,1117000000000004686,이태원동 216-8도,도,국유지,142.61978566437028,126.99073211644141,37.538295814104096,152.51114861,85.21606621,299.00519941,321.61653177,70,미지정,0
279410,1117000000000004686,이태원동 216-8도,도,국유지,142.61978566437028,126.99073211644141,37.538295814104096,152.51114861,85.21606621,299.00519941,321.61653177,66,미지정,0
279411,1117000000000004687,이태원동 519도,도,국유지,3595.61688267492,126.98703540022521,37.53637587772436,88.72599636,159.52862527,741.04092092,57.3787523,70,미지정,0
279411,1117000000000004687,이태원동 519도,도,국유지,3595.61688267492,126.98703540022521,37.53637587772436,88.72599636,159.52862527,741.04092092,57.3787523,66,미지정,0
279412,1117000000000004688,이태원동 556도,도,국유지,50.79699435894145,126.98689474336196,37.537657030671696,224.81245873,229.84230379,602.26572476,147.77814682,70,미지정,0
279412,1117000000000004688,이태원동 556도,도,국유지,50.79699435894145,126.98689474336196,37.537657030671696,224.81245873,229.84230379,602.26572476,147.77814682,66,미지정,0
279413,1117000000000004689,이태원동 556-1도,도,국유지,386.2879612161778,126.98723097541902,37.537394479651255,201.46352505,188.28034448,626.72239743,108.91704422,70,미지정,0
279413,1117000000000004689,이태원동 556-1도,도,국유지,386.2879612161778,126.98723097541902,37.537394479651255,201.46352505,188.28034448,626.72239743,108.91704422,66,미지정,0
279414,1117000000000004690,이태원동 556-3도,도,국유지,58.01187335141003,126.98697129027165,37.53730838834404,187.30119847,200.5370754,639.3301494,111.02124239,70,미지정,0
279414,1117000000000004690,이태원동 556-3도,도,국유지,58.01187335141003,126.98697129027165,37.53730838834404,187.30119847,200.5370754,639.3301494,111.02124239,66,미지정,0
279415,1117000000000004691,이태원동 556-4도,도,국유지,54.9563720789738,126.98729272074968,37.537303131875646,193.25630269,177.54957028,636.16695821,97.50839025,70,미지정,0
279415,1117000000000004691,이태원동 556-4도,도,국유지,54.9563720789738,126.98729272074968,37.537303131875646,193.25630269,177.54957028,636.16695821,97.50839025,66,미지정,0
279416,1117000000000004692,이태원동 521도,도,국유지,28.451771459076554,126.98734924007351,37.5372031869218,184.34661466,166.69719452,646.67424133,85.37925012,70,미지정,0
279416,1117000000000004692,이태원동 521도,도,국유지,28.451771459076554,126.98734924007351,37.5372031869218,184.34661466,166.69719452,646.67424133,85.37925012,66,미지정,0
279417,1117000000000004693,이태원동 582도,도,국유지,55.922741657705046,126.98734205829386,37.537078628427764,171.18426447,159.09511611,660.49316773,72.74728106,70,미지정,0
279417,1117000000000004693,이태원동 582도,도,국유지,55.922741657705046,126.98734205829386,37.537078628427764,171.18426447,159.09511611,660.49316773,72.74728106,66,미지정,0
279418,1117000000000004694,이태원동 624도,도,국유지,124.27712806058116,126.98672954112895,37.53805827040004,205.37337413,271.39199385,561.39565894,194.15049494,70,미지정,0
279418,1117000000000004694,이태원동 624도,도,국유지,124.27712806058116,126.98672954112895,37.53805827040004,205.37337413,271.39199385,561.39565894,194.15049494,66,미지정,0
279419,1117000000000004695,이태원동 609 도,도,국유지,41.77736600115895,126.98690220646473,37.53775487696643,235.683691,236.72889491,591.4585243,157.18823627,70,미지정,0
279419,1117000000000004695,이태원동 609 도,도,국유지,41.77736600115895,126.98690220646473,37.53775487696643,235.683691,236.72889491,591.4585243,157.18823627,66,미지정,0
279420,1117000000000004696,이태원동 585도,도,국유지,78.73339099303121,126.98685711576233,37.537779658900746,238.06321156,241.51055749,589.47036734,161.41022156,70,미지정,0
279420,1117000000000004696,이태원동 585도,도,국유지,78.73339099303121,126.98685711576233,37.537779658900746,238.06321156,241.51055749,589.47036734,161.41022156,66,미지정,0
279421,1117000000000004697,이태원동 690도,도,국유지,103.96247478481382,126.98676494871918,37.53797822165086,204.17958652,262.80918917,569.43134193,184.78521604,70,미지정,0
279421,1117000000000004697,이태원동 690도,도,국유지,103.96247478481382,126.98676494871918,37.53797822165086,204.17958652,262.80918917,569.43134193,184.78521604,66,미지정,0
279422,1117000000000004698,이태원동 727도,도,국유지,21.447746364050545,126.98690312965928,37.53793270180654,193.62984349,250.73209541,572.02715333,175.1577673,70,미지정,0
279422,1117000000000004698,이태원동 727도,도,국유지,21.447746364050545,126.98690312965928,37.53793270180654,193.62984349,250.73209541,572.02715333,175.1577673,66,미지정,0
279423,1117000000000004699,이태원동 606 도,도,국유지,28.3877753681154,126.98689601601012,37.537895450414645,195.39273121,248.15626986,576.20696509,171.60471209,70,미지정,0
279423,1117000000000004699,이태원동 606 도,도,국유지,28.3877753681154,126.98689601601012,37.537895450414645,195.39273121,248.15626986,576.20696509,171.60471209,66,미지정,0
279424,1117000000000004700,이태원동 608 도,도,국유지,16.606954904505983,126.98690437231738,37.537821589978336,197.22587565,241.7750451,584.13754451,163.81541777,70,미지정,0
279424,1117000000000004700,이태원동 608 도,도,국유지,16.606954904505983,126.98690437231738,37.537821589978336,197.22587565,241.7750451,584.13754451,163.81541777,66,미지정,0
279425,1117000000000004701,이태원동 30-2도,도,국유지,75.81419312208891,126.9919731763285,37.52911600172534,602.19239189,150.3047229,384.8076182,542.93930553,70,미지정,0
279425,1117000000000004701,이태원동 30-2도,도,국유지,75.81419312208891,126.9919731763285,37.52911600172534,602.19239189,150.3047229,384.8076182,542.93930553,66,미지정,0
279426,1117000000000004702,이태원동 30-3 잡,잡,국유지,368.3588300771662,126.9919575400792,37.52989554281797,519.22418977,175.04629407,350.14414373,486.6632634,70,미지정,0
279426,1117000000000004702,이태원동 30-3 잡,잡,국유지,368.3588300771662,126.9919575400792,37.52989554281797,519.22418977,175.04629407,350.14414373,486.6632634,66,미지정,0
279427,1117000000000004703,이태원동 36-46 잡,잡,국유지,108.94272760953754,126.9916950972535,37.529677488578734,549.33004207,185.939799,380.06223682,519.84250474,70,미지정,0
279427,1117000000000004703,이태원동 36-46 잡,잡,국유지,108.94272760953754,126.9916950972535,37.529677488578734,549.33004207,185.939799,380.06223682,519.84250474,66,미지정,0
279428,1117000000000004704,이태원동 36-2잡,잡,국유지,10743.589008034207,126.99204190970846,37.53078103785474,423.55878059,235.0871613,325.38569582,426.95777546,70,미지정,0
279428,1117000000000004704,이태원동 36-2잡,잡,국유지,10743.589008034207,126.99204190970846,37.53078103785474,423.55878059,235.0871613,325.38569582,426.95777546,66,미지정,0
279429,1117000000000004705,이태원동 36-50 잡,잡,국유지,225.36812753090635,126.99220962506709,37.53053282660806,445.07167131,204.30375126,312.75931735,427.86449184,70,미지정,0
279429,1117000000000004705,이태원동 36-50 잡,잡,국유지,225.36812753090635,126.99220962506709,37.53053282660806,445.07167131,204.30375126,312.75931735,427.86449184,66,미지정,0
279430,1117000000000004706,이태원동 34-161도,도,국유지,274.511968389852,126.99126290086065,37.53044187877542,485.08743766,236.30988832,397.04598073,505.42470628,70,미지정,0
279430,1117000000000004706,이태원동 34-161도,도,국유지,274.511968389852,126.99126290086065,37.53044187877542,485.08743766,236.30988832,397.04598073,505.42470628,66,미지정,0
279431,1117000000000004707,이태원동 34-110도,도,국유지,1009.9337937086821,126.9909866048766,37.53054737738955,485.99834949,217.76436796,420.10359682,521.95513846,70,미지정,0
279431,1117000000000004707,이태원동 34-110도,도,국유지,1009.9337937086821,126.9909866048766,37.53054737738955,485.99834949,217.76436796,420.10359682,521.95513846,66,미지정,0
279432,1117000000000004708,이태원동 34-71도,도,국유지,1563.1372256475734,126.99145557222383,37.5300307020945,519.87113793,221.17010156,388.63288385,514.06549023,70,미지정,0
279432,1117000000000004708,이태원동 34-71도,도,국유지,1563.1372256475734,126.99145557222383,37.5300307020945,519.87113793,221.17010156,388.63288385,514.06549023,66,미지정,0
279433,1117000000000004709,이태원동 22-34잡,잡,국유지,29303.616970982403,126.99292686838658,37.53025266058963,461.81604602,143.13142998,256.60745843,395.20200312,70,미지정,0
279433,1117000000000004709,이태원동 22-34잡,잡,국유지,29303.616970982403,126.99292686838658,37.53025266058963,461.81604602,143.13142998,256.60745843,395.20200312,66,미지정,0
279434,1117000000000004710,이태원동 22-81잡,잡,국유지,93.78636933665257,126.99513454107395,37.5292766732915,574.91883285,130.47840232,185.34934466,380.92456568,70,미지정,0
279434,1117000000000004710,이태원동 22-81잡,잡,국유지,93.78636933665257,126.99513454107395,37.5292766732915,574.91883285,130.47840232,185.34934466,380.92456568,66,미지정,0
279435,1117000000000004711,이태원동 22-77잡,잡,국유지,2047.1124984798953,126.99531423175323,37.52915760582724,590.16254597,145.12021529,194.51888423,389.75094049,70,미지정,0
279435,1117000000000004711,이태원동 22-77잡,잡,국유지,2047.1124984798953,126.99531423175323,37.52915760582724,590.16254597,145.12021529,194.51888423,389.75094049,66,미지정,0
279436,1117000000000004712,이태원동 20-92도,도,국유지,89.95388703700155,126.99643194283584,37.53059001552246,463.5534681,294.08543544,70.59488299,220.89201232,70,미지정,0
279436,1117000000000004712,이태원동 20-92도,도,국유지,89.95388703700155,126.99643194283584,37.53059001552246,463.5534681,294.08543544,70.59488299,220.89201232,66,미지정,0
279437,1117000000000004713,이태원동 225-65도,도,국유지,92.48878632090054,126.9894451786333,37.539509874111786,128.40855359,140.51359335,308.3901197,304.4586063,70,미지정,0
279437,1117000000000004713,이태원동 225-65도,도,국유지,92.48878632090054,126.9894451786333,37.539509874111786,128.40855359,140.51359335,308.3901197,304.4586063,66,미지정,0
279438,1117000000000004714,이태원동 140-21 도,도,국유지,157.9136090936372,126.99726120257806,37.53292919176891,307.1118095,313.35201698,265.05946561,92.42922466,70,미지정,0
279438,1117000000000004714,이태원동 140-21 도,도,국유지,157.9136090936372,126.99726120257806,37.53292919176891,307.1118095,313.35201698,265.05946561,92.42922466,66,미지정,0
279439,1117000000000004715,이태원동 15-12잡,잡,국유지,91.01108441269025,126.99721217339443,37.53253823839037,329.09925611,348.90070912,226.36514254,79.59769963,70,미지정,0
279439,1117000000000004715,이태원동 15-12잡,잡,국유지,91.01108441269025,126.99721217339443,37.53253823839037,329.09925611,348.90070912,226.36514254,79.59769963,66,미지정,0
279440,1117000000000004716,이태원동 11-28도,도,국유지,21.52779061254114,126.99443804329005,37.53251277056277,211.56415082,323.18323947,213.77662201,165.87995442,70,미지정,0
279440,1117000000000004716,이태원동 11-28도,도,국유지,21.52779061254114,126.99443804329005,37.53251277056277,211.56415082,323.18323947,213.77662201,165.87995442,66,미지정,0
279441,1117000000000004717,이태원동 63-16도,도,국유지,42.025066297268495,126.99145144312169,37.53333511239495,226.91448095,139.14050104,465.47584377,429.28042039,70,미지정,0
279441,1117000000000004717,이태원동 63-16도,도,국유지,42.025066297268495,126.99145144312169,37.53333511239495,226.91448095,139.14050104,465.47584377,429.28042039,66,미지정,0
279442,1117000000000004718,이태원동 63-28도,도,국유지,23.131626857211813,126.99171858495902,37.53267495024033,255.03964665,123.98938418,406.00888986,406.22889444,70,미지정,0
279442,1117000000000004718,이태원동 63-28도,도,국유지,23.131626857211813,126.99171858495902,37.53267495024033,255.03964665,123.98938418,406.00888986,406.22889444,66,미지정,0
279443,1117000000000004719,이태원동 63-37도,도,국유지,21.287474206648767,126.99180760407067,37.53245898348695,268.3379898,129.14763282,387.76615607,398.4378294,70,미지정,0
279443,1117000000000004719,이태원동 63-37도,도,국유지,21.287474206648767,126.99180760407067,37.53245898348695,268.3379898,129.14763282,387.76615607,398.4378294,66,미지정,0
279444,1117000000000004720,이태원동 63-62도,도,국유지,148.33931657031644,126.99177775716696,37.532854249776804,237.00939958,134.5132265,411.69716444,402.02667785,70,미지정,0
279444,1117000000000004720,이태원동 63-62도,도,국유지,148.33931657031644,126.99177775716696,37.532854249776804,237.00939958,134.5132265,411.69716444,402.02667785,66,미지정,0
279445,1117000000000004721,이태원동 74-2 도,도,국유지,81.6220291131176,126.99280659076979,37.533352251246924,136.21285621,239.75097525,376.36409496,321.6122242,70,미지정,0
279445,1117000000000004721,이태원동 74-2 도,도,국유지,81.6220291131176,126.99280659076979,37.533352251246924,136.21285621,239.75097525,376.36409496,321.6122242,66,미지정,0
279446,1117000000000004722,이태원동 74-44도,도,국유지,248.58041012380272,126.9925185229874,37.53306616148383,176.79752381,204.0831018,372.82690945,339.72951332,70,미지정,0
279446,1117000000000004722,이태원동 74-44도,도,국유지,248.58041012380272,126.9925185229874,37.53306616148383,176.79752381,204.0831018,372.82690945,339.72951332,66,미지정,0
279447,1117000000000004723,이태원동 75-12도,도,국유지,78.78715366264805,126.9917400230758,37.53335947691381,203.8364314,159.79873915,446.70742035,444.80751088,70,미지정,0
279447,1117000000000004723,이태원동 75-12도,도,국유지,78.78715366264805,126.9917400230758,37.53335947691381,203.8364314,159.79873915,446.70742035,444.80751088,66,미지정,0
279448,1117000000000004724,이태원동 77-5도,도,국유지,53.53218064084649,126.99194795840205,37.53295169647547,218.76180259,152.4220063,405.08093159,388.03498897,70,미지정,0
279448,1117000000000004724,이태원동 77-5도,도,국유지,53.53218064084649,126.99194795840205,37.53295169647547,218.76180259,152.4220063,405.08093159,388.03498897,66,미지정,0
279449,1117000000000004725,이태원동 79-27도,도,국유지,41.61839609965682,126.99242963107444,37.53253452716559,231.29021685,184.39879853,344.03276897,343.27339001,70,미지정,0
279449,1117000000000004725,이태원동 79-27도,도,국유지,41.61839609965682,126.99242963107444,37.53253452716559,231.29021685,184.39879853,344.03276897,343.27339001,66,미지정,0
279450,1117000000000004726,이태원동 79-50도,도,국유지,72.71042242750991,126.99316616990465,37.532904621604594,168.70254869,254.44560959,318.57490596,280.49073035,70,미지정,0
279450,1117000000000004726,이태원동 79-50도,도,국유지,72.71042242750991,126.99316616990465,37.532904621604594,168.70254869,254.44560959,318.57490596,280.49073035,66,미지정,0
279451,1117000000000004727,이태원동 296-1도,도,국유지,12.403706407290883,126.98879159153815,37.53792310478449,56.97671831,182.48384694,448.00018563,196.94380845,70,미지정,0
279451,1117000000000004727,이태원동 296-1도,도,국유지,12.403706407290883,126.98879159153815,37.53792310478449,56.97671831,182.48384694,448.00018563,196.94380845,66,미지정,0
279452,1117000000000004728,이태원동 83-2잡,잡,국유지,29.130585866048932,126.99339309451649,37.53210455065388,252.79627645,333.46416615,246.60062427,263.37765179,70,미지정,0
279452,1117000000000004728,이태원동 83-2잡,잡,국유지,29.130585866048932,126.99339309451649,37.53210455065388,252.79627645,333.46416615,246.60062427,263.37765179,66,미지정,0
279453,1117000000000004729,이태원동 83-3잡,잡,국유지,97.36283757002093,126.99276171101594,37.53238827942904,234.17004811,213.5484119,310.55420073,314.59370421,70,미지정,0
279453,1117000000000004729,이태원동 83-3잡,잡,국유지,97.36283757002093,126.99276171101594,37.53238827942904,234.17004811,213.5484119,310.55420073,314.59370421,66,미지정,0
279454,1117000000000004730,이태원동 96-9잡,잡,국유지,169.69585746119265,126.99353509371717,37.53263303891474,193.33975849,282.61740291,274.20438534,245.6067262,70,미지정,0
279454,1117000000000004730,이태원동 96-9잡,잡,국유지,169.69585746119265,126.99353509371717,37.53263303891474,193.33975849,282.61740291,274.20438534,245.6067262,66,미지정,0
279455,1117000000000004731,이태원동 313-2도,도,국유지,150.54617107007653,126.98908685531845,37.5379375854048,52.35578934,185.37564735,427.05402907,206.85893714,70,미지정,0
279455,1117000000000004731,이태원동 313-2도,도,국유지,150.54617107007653,126.98908685531845,37.5379375854048,52.35578934,185.37564735,427.05402907,206.85893714,66,미지정,0
279456,1117000000000004732,이태원동 96-97잡,잡,국유지,100.97287508234149,126.99366096549436,37.532628828637584,193.47072253,335.85114525,266.14079492,234.47320318,70,미지정,0
279456,1117000000000004732,이태원동 96-97잡,잡,국유지,100.97287508234149,126.99366096549436,37.532628828637584,193.47072253,335.85114525,266.14079492,234.47320318,66,미지정,0
279457,1117000000000004733,이태원동 96-98잡,잡,국유지,49.657439306378365,126.99359400612404,37.53272666923481,182.71648732,329.01982328,278.12702835,240.88929738,70,미지정,0
279457,1117000000000004733,이태원동 96-98잡,잡,국유지,49.657439306378365,126.99359400612404,37.53272666923481,182.71648732,329.01982328,278.12702835,240.88929738,66,미지정,0
279458,1117000000000004734,이태원동 96-103잡,잡,국유지,44.23297771625221,126.99411757884229,37.53211590733348,253.58606898,336.10047284,197.239752,200.71042389,70,미지정,0
279458,1117000000000004734,이태원동 96-103잡,잡,국유지,44.23297771625221,126.99411757884229,37.53211590733348,253.58606898,336.10047284,197.239752,200.71042389,66,미지정,0
279459,1117000000000004735,이태원동 96-113 잡,잡,국유지,213.13058122061193,126.99400720249932,37.532086518088924,255.46660053,331.85240064,202.18797056,210.9769741,70,미지정,0
279459,1117000000000004735,이태원동 96-113 잡,잡,국유지,213.13058122061193,126.99400720249932,37.532086518088924,255.46660053,331.85240064,202.18797056,210.9769741,66,미지정,0
279460,1117000000000004736,이태원동 129-20도,도,국유지,13.22352829319425,126.99327029290305,37.5333882512364,114.59781198,284.90973615,352.73517174,283.57133588,70,미지정,0
279460,1117000000000004736,이태원동 129-20도,도,국유지,13.22352829319425,126.99327029290305,37.5333882512364,114.59781198,284.90973615,352.73517174,283.57133588,66,미지정,0
279461,1117000000000004737,이태원동 129-24도,도,국유지,20.752587793103885,126.99326829780193,37.533266945087846,127.53911868,295.31231992,342.32125328,279.76325431,70,미지정,0
279461,1117000000000004737,이태원동 129-24도,도,국유지,20.752587793103885,126.99326829780193,37.533266945087846,127.53911868,295.31231992,342.32125328,279.76325431,66,미지정,0
279462,1117000000000004738,이태원동 260-366도,도,국유지,244.3692641708767,126.9917204713575,37.541512329948304,32.96771531,240.41973441,144.6194611,366.35956803,70,미지정,0
279462,1117000000000004738,이태원동 260-366도,도,국유지,244.3692641708767,126.9917204713575,37.541512329948304,32.96771531,240.41973441,144.6194611,366.35956803,66,미지정,0
279463,1117000000000004739,이태원동 260-343 도,도,국유지,45.69890797208063,126.99177817975956,37.54136180417828,49.61438885,223.08780071,128.40276962,383.37634026,70,미지정,0
279463,1117000000000004739,이태원동 260-343 도,도,국유지,45.69890797208063,126.99177817975956,37.54136180417828,49.61438885,223.08780071,128.40276962,383.37634026,66,미지정,0
279464,1117000000000004740,이태원동 260-467 도,도,국유지,16.964188326965086,126.99208565751182,37.541414698275034,64.30367113,226.0783295,117.93103197,392.64759035,70,미지정,0
279464,1117000000000004740,이태원동 260-467 도,도,국유지,16.964188326965086,126.99208565751182,37.541414698275034,64.30367113,226.0783295,117.93103197,392.64759035,66,미지정,0
279465,1117000000000004741,이태원동 260-345 도,도,국유지,46.28244526532944,126.99180739973862,37.54145879029352,42.4712735,233.31430619,135.2525902,375.38535948,70,미지정,0
279465,1117000000000004741,이태원동 260-345 도,도,국유지,46.28244526532944,126.99180739973862,37.54145879029352,42.4712735,233.31430619,135.2525902,375.38535948,66,미지정,0
279466,1117000000000004742,이태원동 258-5도,도,국유지,83.18310261145234,126.99493414040053,37.54132794929544,308.12571991,324.44716594,217.55183014,577.33836817,70,미지정,0
279466,1117000000000004742,이태원동 258-5도,도,국유지,83.18310261145234,126.99493414040053,37.54132794929544,308.12571991,324.44716594,217.55183014,577.33836817,66,미지정,0
279467,1117000000000004743,이태원동 259-5 도,도,국유지,248.66850299714133,126.9947031480094,37.54215633025008,287.89074958,379.50049713,256.003433,511.00746611,70,미지정,0
279467,1117000000000004743,이태원동 259-5 도,도,국유지,248.66850299714133,126.9947031480094,37.54215633025008,287.89074958,379.50049713,256.003433,511.00746611,66,미지정,0
279468,1117000000000004744,이태원동 259-7 도,도,국유지,21.13762749126181,126.99490217277646,37.542056899458615,303.81071892,381.36731192,260.83750777,531.73484192,70,미지정,0
279468,1117000000000004744,이태원동 259-7 도,도,국유지,21.13762749126181,126.99490217277646,37.542056899458615,303.81071892,381.36731192,260.83750777,531.73484192,66,미지정,0
279469,1117000000000004745,이태원동 4-16도,도,국유지,883.4984755127225,126.99557294638177,37.54082890928182,375.11374012,338.9396371,255.48254336,492.13795811,70,미지정,0
279469,1117000000000004745,이태원동 4-16도,도,국유지,883.4984755127225,126.99557294638177,37.54082890928182,375.11374012,338.9396371,255.48254336,492.13795811,66,미지정,0
279470,1117000000000004746,이태원동 4-3도,도,국유지,168.44160931929946,126.9955684318338,37.540788276294464,375.97712522,336.469584,254.43902064,492.75852712,70,미지정,0
279470,1117000000000004746,이태원동 4-3도,도,국유지,168.44160931929946,126.9955684318338,37.540788276294464,375.97712522,336.469584,254.43902064,492.75852712,66,미지정,0
279471,1117000000000004747,이태원동 1-2도,도,국유지,218.5192216243595,126.99583868985843,37.54125693835472,388.3676748,383.38498943,289.20349387,468.85524812,70,미지정,0
279471,1117000000000004747,이태원동 1-2도,도,국유지,218.5192216243595,126.99583868985843,37.54125693835472,388.3676748,383.38498943,289.20349387,468.85524812,66,미지정,0
279472,1117000000000004748,이태원동 258-17 도,도,국유지,1073.6779167237692,126.99560910451302,37.54139046989885,366.40376982,375.14140633,275.01368665,490.11296862,70,미지정,0
279472,1117000000000004748,이태원동 258-17 도,도,국유지,1073.6779167237692,126.99560910451302,37.54139046989885,366.40376982,375.14140633,275.01368665,490.11296862,66,미지정,0
279473,1117000000000004749,이태원동 258-3도,도,국유지,118.33206597040407,126.99523557170093,37.54158921196674,331.72999182,363.65382374,254.54689758,525.18118393,70,미지정,0
279473,1117000000000004749,이태원동 258-3도,도,국유지,118.33206597040407,126.99523557170093,37.54158921196674,331.72999182,363.65382374,254.54689758,525.18118393,66,미지정,0
279474,1117000000000004750,이태원동 258-31도,도,국유지,37.16022378951311,126.99540462592935,37.54167429989882,346.31144646,381.06701078,272.19396936,511.59000015,70,미지정,0
279474,1117000000000004750,이태원동 258-31도,도,국유지,37.16022378951311,126.99540462592935,37.54167429989882,346.31144646,381.06701078,272.19396936,511.59000015,66,미지정,0
279475,1117000000000004751,이태원동 137-21도,도,국유지,72.9797872682102,126.99703945462284,37.533325563971594,268.24864299,265.73368179,295.38206812,104.91357062,70,미지정,0
279475,1117000000000004751,이태원동 137-21도,도,국유지,72.9797872682102,126.99703945462284,37.533325563971594,268.24864299,265.73368179,295.38206812,104.91357062,66,미지정,0
279476,1117000000000004752,이태원동 137-64도,도,국유지,69.99268559459597,126.99680911212333,37.533346880028034,249.11639383,253.04775308,290.18984877,95.94298903,70,미지정,0
279476,1117000000000004752,이태원동 137-64도,도,국유지,69.99268559459597,126.99680911212333,37.533346880028034,249.11639383,253.04775308,290.18984877,95.94298903,66,미지정,0
279477,1117000000000004753,이태원동 137-71 도,도,국유지,1055.4502395512536,126.99686463324701,37.5331572612985,263.95970662,273.81815732,272.20749576,80.6880505,70,미지정,0
279477,1117000000000004753,이태원동 137-71 도,도,국유지,1055.4502395512536,126.99686463324701,37.5331572612985,263.95970662,273.81815732,272.20749576,80.6880505,66,미지정,0
279478,1117000000000004754,이태원동 137-41도,도,국유지,37.78728426806629,126.99633626375909,37.53324477050882,219.82497893,245.7026915,268.03215177,74.031857,70,미지정,0
279478,1117000000000004754,이태원동 137-41도,도,국유지,37.78728426806629,126.99633626375909,37.53324477050882,219.82497893,245.7026915,268.03215177,74.031857,66,미지정,0
279479,1117000000000004755,이태원동 140-10 도,도,국유지,80.2246146608959,126.99692590939105,37.53304092055922,275.51202797,287.75320051,262.41326544,74.66235759,70,미지정,0
279479,1117000000000004755,이태원동 140-10 도,도,국유지,80.2246146608959,126.99692590939105,37.53304092055922,275.51202797,287.75320051,262.41326544,74.66235759,66,미지정,0
279480,1117000000000004756,이태원동 225-231도,도,국유지,15.356002569198608,126.98931691440433,37.53921633365272,93.93763363,143.38786368,331.43683949,330.147817,70,미지정,0
279480,1117000000000004756,이태원동 225-231도,도,국유지,15.356002569198608,126.98931691440433,37.53921633365272,93.93763363,143.38786368,331.43683949,330.147817,66,미지정,0
279481,1117000000000004757,이태원동 682 도,도,국유지,18.102337491698563,126.98752642012101,37.540021767813606,222.29784866,319.25598499,334.22342599,223.51323564,70,미지정,0
279481,1117000000000004757,이태원동 682 도,도,국유지,18.102337491698563,126.98752642012101,37.540021767813606,222.29784866,319.25598499,334.22342599,223.51323564,66,미지정,0
279482,1117000000000004758,이태원동 495도,도,국유지,471.61080219212454,126.98771607692308,37.541036552708476,309.07271237,359.39340114,220.35429826,109.83548878,70,미지정,0
279482,1117000000000004758,이태원동 495도,도,국유지,471.61080219212454,126.98771607692308,37.541036552708476,309.07271237,359.39340114,220.35429826,109.83548878,66,미지정,0
279483,1117000000000004759,이태원동 681도,도,국유지,7189.908657386084,126.98807926827442,37.54186432305069,212.62113097,373.35577973,126.09102604,16.60824779,70,미지정,0
279483,1117000000000004759,이태원동 681도,도,국유지,7189.908657386084,126.98807926827442,37.54186432305069,212.62113097,373.35577973,126.09102604,16.60824779,66,미지정,0
279484,1117000000000004760,이태원동 492도,도,국유지,194.71438577934168,126.98764811963292,37.540962692769455,308.34991328,359.2430849,229.39415934,119.2545458,70,미지정,0
279484,1117000000000004760,이태원동 492도,도,국유지,194.71438577934168,126.98764811963292,37.540962692769455,308.34991328,359.2430849,229.39415934,119.2545458,66,미지정,0
279485,1117000000000004761,이태원동 251-81도,도,국유지,76.342245047912,126.99159083652401,37.54040863129043,148.49347823,126.15052245,99.72921653,363.18656752,70,미지정,0
279485,1117000000000004761,이태원동 251-81도,도,국유지,76.342245047912,126.99159083652401,37.54040863129043,148.49347823,126.15052245,99.72921653,363.18656752,66,미지정,0
279486,1117000000000004762,이태원동 251-38도,도,국유지,404.5454986845143,126.99108061132395,37.540609124239296,130.97776138,173.80606921,145.25246573,312.97377562,70,미지정,0
279486,1117000000000004762,이태원동 251-38도,도,국유지,404.5454986845143,126.99108061132395,37.540609124239296,130.97776138,173.80606921,145.25246573,312.97377562,66,미지정,0
279487,1117000000000004763,이태원동 254-41도,도,국유지,343.79878292582,126.9902693610319,37.54076308686638,153.07735086,198.98937874,218.520017,243.04346114,70,미지정,0
279487,1117000000000004763,이태원동 254-41도,도,국유지,343.79878292582,126.9902693610319,37.54076308686638,153.07735086,198.98937874,218.520017,243.04346114,66,미지정,0
279488,1117000000000004764,이태원동 260-403 도,도,국유지,71.35378746653441,126.99091621930488,37.541002876051046,96.49129135,216.96781463,169.37920698,280.48140915,70,미지정,0
279488,1117000000000004764,이태원동 260-403 도,도,국유지,71.35378746653441,126.99091621930488,37.541002876051046,96.49129135,216.96781463,169.37920698,280.48140915,66,미지정,0
279489,1117000000000004765,한남동 666-14도,도,국유지,10.815164627041668,127.00066246334089,37.53389626077098,281.73831842,72.64777254,112.17559733,411.33357329,165,미지정,1
279490,1117000000000004766,한남동 683-75 도,도,국유지,65.3701353261713,127.00079267314425,37.53593151385555,118.97430715,157.77669379,127.9246869,566.34449198,165,미지정,1
279491,1117000000000004767,한남동 683-64 도,도,국유지,26.029328534845263,127.00037059851768,37.535991404748444,81.61657883,162.10945997,126.21671599,562.96289398,165,미지정,1
279492,1117000000000004768,한남동 737-43도,도,국유지,298.60907737514935,126.99683375876829,37.5358630679785,240.93331532,141.21702607,323.47279125,367.49583401,165,미지정,1
279493,1117000000000004769,한남동 686-66 도,도,국유지,14.773441185709089,127.00033626361224,37.53371530644092,292.07472619,91.5501648,126.86453334,377.34031809,165,미지정,1
279494,1117000000000004770,한남동 686-45도,도,국유지,102.51615116937319,127.00038636577196,37.53397207240483,265.82297398,62.72099644,98.77507291,391.86842213,165,미지정,1
279495,1117000000000004771,한남동 726-55도,도,국유지,769.5273704840802,127.00441325886091,37.54181134790241,258.88634275,371.51952736,854.34573434,307.84501631,165,미지정,1
279496,1117000000000004772,한남동 726-56도,도,국유지,403.0329438983463,127.00434081720583,37.54142653283117,232.24003758,411.36185942,813.11255066,270.64454631,165,미지정,1
279497,1117000000000004773,한남동 743-28도,도,국유지,21952.33387523453,126.998357603783,37.53710272613224,138.17833267,91.97663163,301.08079282,499.99205927,165,미지정,1
279498,1117000000000004774,한남동 738-29 도,도,국유지,17109.618463024148,126.99962934362632,37.536233831227946,10.8195088,139.82513628,162.91553146,500.55072179,165,미지정,1
279499,1117000000000004775,한남동 736-26 도,도,국유지,47.61069809086621,126.99898872758492,37.53499676508362,148.07162558,140.85560911,114.18659136,357.76711888,165,미지정,1
279500,1117000000000004776,한남동 685-22 도,도,국유지,3528.0374200292863,126.99969733619075,37.534748238308595,169.00889278,72.53134879,51.92464757,384.05102774,165,미지정,1
279501,1117000000000004777,한남동 736-44도,도,국유지,17.14721280708909,126.99934312957666,37.53463068077804,181.88833654,100.37918318,85.57848122,351.61166702,165,미지정,1
279502,1117000000000004778,한남동 736-43도,도,국유지,156.21809817687608,126.99947588975408,37.53454431686029,190.88172406,88.06747545,78.19951978,354.65221013,165,미지정,1
279503,1117000000000004779,한남동 725-2 도,도,국유지,540.5011630802765,127.00413071189487,37.538493952040454,231.33802741,459.9291756,528.62006615,151.74561322,165,미지정,1
279504,1117000000000004780,한남동 773-7도,도,국유지,199.74301299947547,127.0150027366711,37.53830276955753,157.88567032,788.80265701,1141.17520939,837.02238346,165,미지정,1
279505,1117000000000004781,한남동 775-1도,도,국유지,2260.76571929123,127.01474654812856,37.53787162418257,107.53597691,747.55636031,1089.25679281,821.7966189,165,미지정,1
279506,1117000000000004782,한남동 725-9 도,도,국유지,146.92625634698197,127.00426246562299,37.53815626092956,235.32763521,422.54261605,508.59850418,165.66971305,165,미지정,1
279507,1117000000000004783,한남동 1-352도,도,국유지,1557.1410976038314,127.01264278898614,37.538980327969405,136.52878464,657.57976482,1098.97384351,622.94790568,165,미지정,1
279508,1117000000000004784,한남동 60-69도,도,국유지,982.9047735426575,127.01198780536544,37.53900545756325,133.38919607,617.27668072,1078.21119472,564.99587384,165,미지정,1
279509,1117000000000004785,한남동 725-1 도,도,국유지,1045.8716214217711,127.00423036276115,37.53849226331527,239.75569213,454.8790401,534.20778577,144.39087133,165,미지정,1
279510,1117000000000004786,한남동 726-505도,도,국유지,2175.848591367947,127.00437487128274,37.53852835390186,253.13451548,451.3970644,545.64937493,131.55589731,165,미지정,1
279511,1117000000000004787,한남동 60-70도,도,국유지,266.6739127803594,127.01204872363736,37.53884380579823,114.99557772,608.59657817,1063.72427937,571.349626,165,미지정,1
279512,1117000000000004788,한남동 60-58도,도,국유지,1772.7632264704444,127.0121779271321,37.53855895653562,82.96535365,595.8965142,1039.31804857,585.75876587,165,미지정,1
279513,1117000000000004789,한남동 60-43도,도,국유지,54.4012928835582,127.01130476196057,37.53841633775094,101.15409812,528.3623798,995.2817366,511.7185438,165,미지정,1
279514,1117000000000004790,한남동 60-31도,도,국유지,310.5129181158263,127.01151357392345,37.53828183428894,77.44933722,531.49839644,988.03220635,532.57727384,165,미지정,1
279515,1117000000000004791,한남동 60-62도,도,국유지,212.23854215850588,127.01165138590538,37.53883590540123,122.28636611,583.00902838,1049.70829864,536.39070653,165,미지정,1
279516,1117000000000004792,한남동 60-39도,도,국유지,111.9320069514215,127.0116601188035,37.53826813586306,67.28713107,540.16655433,991.51929148,545.58066677,165,미지정,1
279517,1117000000000004793,한남동 816 도,도,국유지,98.24367695703404,127.01212344094988,37.53807197913236,29.0933284,558.37631012,988.21006406,590.08088449,165,미지정,1
279518,1117000000000004794,한남동 813 도,도,국유지,17.435752463294193,127.01215148316922,37.53822821547117,46.25130309,570.85633417,1004.96435168,589.07001499,165,미지정,1
279519,1117000000000004795,한남동 60-72 도,도,국유지,116.35582855332177,127.01229492605238,37.53826268823412,51.44975784,583.22791598,1013.82965569,600.8590977,165,미지정,1
279520,1117000000000004796,한남동 60-42도,도,국유지,83.73059515794739,127.01142555166354,37.538397578725395,91.95230298,534.55962383,997.13438201,522.59274388,165,미지정,1
279521,1117000000000004797,한남동 4-30도,도,국유지,15.998705750331283,127.01187406907827,37.53821370529327,51.33427773,550.69867869,993.39471108,565.2986602,165,미지정,1
279522,1117000000000004798,한남동 4-29 도,도,국유지,36.65672940434888,127.01200845143164,37.53823980037463,49.40466215,561.7433498,1000.86920699,576.40884703,165,미지정,1
279523,1117000000000004799,한남동 15-6도,도,국유지,671.9509015579242,127.013837558669,37.53706423559337,16.67794313,639.01012651,969.42591252,765.79940948,165,미지정,1
279524,1117000000000004800,한남동 1-213도,도,국유지,20.128640820272267,127.01329380441844,37.53716185250162,49.76032299,598.29590209,950.83334589,716.76566634,165,미지정,1
279525,1117000000000004801,한남동 1-379도,도,국유지,156.21724734129384,127.01345485797415,37.537321034786984,37.13954545,618.37003955,973.42484767,724.99489336,165,미지정,1
279526,1117000000000004802,한남동 1-382도,도,국유지,57.68340487405658,127.01341150213986,37.53720557282544,39.03147184,609.76645141,960.64082758,725.14286301,165,미지정,1
279527,1117000000000004803,한남동 1-218도,도,국유지,846.1682258846704,127.01335756070324,37.53752825375453,55.98080436,620.29416832,988.01083778,710.40023344,165,미지정,1
279528,1117000000000004804,한남동 778-6도,도,국유지,172.7904593735002,127.01436631654836,37.537137922906595,46.14678547,685.73125199,1004.18266589,807.99870525,165,미지정,1
279529,1117000000000004805,한남동 1-418 도,도,국유지,401.92650041286834,127.01370858741005,37.53789355878249,76.49500775,666.39041894,1038.88263231,731.2563314,165,미지정,1
279530,1117000000000004806,한남동 777-1도,도,국유지,372.33720389776863,127.01445146756237,37.53685921782255,65.94118969,683.18886687,984.80550037,824.45330738,165,미지정,1
279531,1117000000000004807,한남동 778-3도,도,국유지,80.09237000322901,127.01449820532763,37.53757342502551,69.59239882,714.12789543,1049.61229562,806.9877335,165,미지정,1
279532,1117000000000004808,한남동 818 도,도,국유지,37.466531180776656,127.01129866989568,37.53711104481389,108.87327432,438.22892008,860.89796469,554.63838097,165,미지정,1
279533,1117000000000004809,한남동 5-1도,도,국유지,4709.681012642686,127.0123214405281,37.53727959427456,60.72058602,526.15410074,917.68046191,631.27679955,165,미지정,1
279534,1117000000000004810,한남동 50-12도,도,국유지,291.4330514315516,127.01171177426794,37.537290686637476,70.13127457,479.79171636,894.27018998,580.40539741,165,미지정,1
279535,1117000000000004811,한남동 60-47도,도,국유지,95.40913808427285,127.01178221436284,37.537723251991984,34.88264265,511.2374036,940.40160687,570.57150422,165,미지정,1
279536,1117000000000004812,한남동 11-2도,도,국유지,102.55673977965489,127.01408926105532,37.536578283723905,73.58174844,643.81238814,940.39053513,804.89859329,165,미지정,1
279537,1117000000000004813,한남동 11-445도,도,국유지,39.88963820016943,127.01406181720562,37.53676278179433,53.37214327,647.12652914,954.82332869,795.43226358,165,미지정,1
279538,1117000000000004814,한남동 778-7도,도,국유지,189.84464246942662,127.01418904053527,37.53687121920238,48.26450311,661.43615463,971.24004069,802.04768946,165,미지정,1
279539,1117000000000004815,한남동 773-12 잡,잡,국유지,569.7142262486741,127.01513005381749,37.53698099365233,115.79294082,744.51434651,1034.10983648,877.67018459,165,미지정,1
279540,1117000000000004816,한남동 819 도,도,국유지,162.37355862394907,127.01153816478381,37.53683036300569,122.02282916,441.81625681,841.59164658,587.22708939,165,미지정,1
279541,1117000000000004817,한남동 1-116도,도,국유지,326.2066700507421,127.01153752223007,37.53618527708531,188.72146544,415.04113696,777.88436873,622.59330502,165,미지정,1
279542,1117000000000004818,한남동 2-3 도,도,국유지,1375.9482138332678,127.01226220695034,37.53728290947617,59.3516275,521.70314321,915.51172506,626.22748337,165,미지정,1
279543,1117000000000004819,한남동 817 도,도,국유지,102.12354564806446,127.01186822090413,37.537847003281776,26.17336019,525.41230695,956.05468222,574.10017222,165,미지정,1
279544,1117000000000004820,한남동 722-25 도,도,국유지,33.62581670098007,127.0042074060677,37.53794778199144,228.9167499,406.98615705,488.72409938,185.82821667,165,미지정,1
279545,1117000000000004821,한남동 1-45도,도,국유지,66.75202165404335,127.01300602094047,37.53727675711486,75.18063526,580.21905436,947.84591271,688.61535941,165,미지정,1
279546,1117000000000004822,한남동 46-5도,도,국유지,198.5126774837263,127.01188714495726,37.53641132476816,157.28242187,452.26891271,814.78712397,636.26080544,165,미지정,1
279547,1117000000000004823,한남동 11-5도,도,국유지,339.7747771060094,127.01316990619031,37.53573007030433,149.82510696,545.31431574,816.08326623,772.18163108,165,미지정,1
279548,1117000000000004824,한남동 1-228도,도,국유지,266.766930855345,127.01287124609298,37.53608027886253,152.84610123,526.08891276,830.86834101,730.19145458,165,미지정,1
279549,1117000000000004825,한남동 11-434도,도,국유지,322.8894620987121,127.01386860800308,37.53660798905817,67.27392465,625.8972988,930.75748672,785.5362873,165,미지정,1
279550,1117000000000004826,한남동 15-4도,도,국유지,77.23397946543992,127.01369417453058,37.536533067589595,76.86773188,608.80687984,914.71403617,774.35956486,165,미지정,1
279551,1117000000000004827,한남동 11-446 도,도,국유지,209.55252181342803,127.01351414543399,37.536399894651844,95.18967965,589.60886491,893.29136905,765.57299057,165,미지정,1
279552,1117000000000004828,한남동 1-95도,도,국유지,50.11111948871985,127.0135126223288,37.53646410671755,88.49893167,591.30711197,898.87066461,762.58024837,165,미지정,1
279553,1117000000000004829,한남동 1-14도,도,국유지,155.9874332131585,127.01335217209578,37.536977461514276,51.4637349,595.4623124,936.74747925,728.34788055,165,미지정,1
279554,1117000000000004830,한남동 1-13도,도,국유지,2053.8372441105894,127.01275437892706,37.53636222833352,135.51822198,523.71396936,850.56509066,706.60625911,165,미지정,1
279555,1117000000000004831,한남동 1-344도,도,국유지,11.08467232529074,127.01246930678468,37.53588768436578,153.10521813,486.99770142,792.8792892,709.9718436,165,미지정,1
279556,1117000000000004832,한남동 1-337도,도,국유지,29.88447582628578,127.01238950265332,37.53587628672246,151.92073803,479.83223762,787.83496885,704.61200313,165,미지정,1
279557,1117000000000004833,한남동 30-7도,도,국유지,37.040963530540466,127.00922678804731,37.53482908840925,193.71131656,193.62781026,558.95345894,581.79958323,165,미지정,1
279558,1117000000000004834,한남동 31-23도,도,국유지,13.051636061165482,127.00961214618566,37.53485771552048,227.15902278,227.06968708,572.94158866,598.67451957,165,미지정,1
279559,1117000000000004835,한남동 31-9도,도,국유지,437.5537433340214,127.00981437333631,37.535243515495274,246.7430839,244.53800391,619.30743094,576.13588638,165,미지정,1
279560,1117000000000004836,한남동 32-8도,도,국유지,98.6107762963511,127.00999309884769,37.53480757539583,219.59044085,261.14096096,580.4172494,623.55736104,165,미지정,1
279561,1117000000000004837,한남동 823 도,도,국유지,202.68496642448008,127.00677169045431,37.535444166949,48.93018911,48.84852302,604.37733885,429.89620675,165,미지정,1
279562,1117000000000004838,한남동 29-1도,도,국유지,223.26591541385278,127.00951847948156,37.534821118629175,219.3899857,219.30442867,566.28677176,597.11246232,165,미지정,1
279563,1117000000000004839,한남동 31-18도,도,국유지,51.245198984630406,127.00972772281776,37.53484733639612,237.43838484,237.34912357,575.50533901,605.70034238,165,미지정,1
279564,1117000000000004840,한남동 31-22 도,도,국유지,28.580037935636938,127.00997473153708,37.53527241256221,234.55490772,258.93066055,627.40307149,582.99462425,165,미지정,1
279565,1117000000000004841,한남동 32-9도,도,국유지,384.73134653363377,127.01009611747408,37.53486126956484,211.61616658,269.62255412,589.56254306,624.6578906,165,미지정,1
279566,1117000000000004842,한남동 32-7도,도,국유지,53.511210726806894,127.01029944091047,37.53483607940727,193.43947026,287.76815686,594.65748902,638.36157681,165,미지정,1
279567,1117000000000004843,한남동 32-2도,도,국유지,1348.577016756637,127.01121138244235,37.535369707842186,145.27805415,368.75856465,684.77042364,653.48596514,165,미지정,1
279568,1117000000000004844,한남동 32-56도,도,국유지,14.645592956338078,127.0100462029471,37.53523459745479,227.15371688,264.89589857,625.87776624,590.32847499,165,미지정,1
279569,1117000000000004845,한남동 32-19도,도,국유지,543.1094173993915,127.01054556414479,37.5351765535246,183.85737082,308.61719011,638.16235661,625.17257084,165,미지정,1
279570,1117000000000004846,한남동 33-8도,도,국유지,361.90241461247206,127.0107747840918,37.5350742314441,160.75368907,328.63807207,637.35002234,647.48978301,165,미지정,1
279571,1117000000000004847,한남동 33-2도,도,국유지,3390.5727303344174,127.01111409456799,37.53548402968824,160.14970861,361.60053697,691.63195769,638.71059444,165,미지정,1
279572,1117000000000004848,한남동 33-7도,도,국유지,89.61965517140925,127.01104963027217,37.53535875988762,155.58558314,354.41106957,676.70296712,643.50874367,165,미지정,1
279573,1117000000000004849,한남동 812 도,도,국유지,4353.653510679491,127.01068932628728,37.53643759685972,200.42969803,355.29429126,770.98224757,544.59406497,165,미지정,1
279574,1117000000000004850,한남동 37-5도,도,국유지,124.01144973188639,127.01115967905922,37.535574565733285,164.28867733,367.004055,702.38156116,635.37273779,165,미지정,1
279575,1117000000000004851,한남동 1-338도,도,국유지,988.9378312460613,127.01256422277876,37.535547209387865,115.75500686,489.70264678,767.14442253,737.26595116,165,미지정,1
279576,1117000000000004852,한남동 11-420도,도,국유지,714.2098400676623,127.01429808538897,37.53535507965471,210.03405768,640.83782889,852.87971769,879.46296705,165,미지정,1
279577,1117000000000004853,한남동 60-48도,도,국유지,23.23779623908922,127.01116167004362,37.5383756540031,108.26057336,516.22974538,986.67052548,500.07273396,165,미지정,1
279578,1117000000000004854,한남동 11-4도,도,국유지,1335.037272186717,127.01360125643082,37.53550513838832,150.37330549,580.49112013,821.95448635,817.68255172,165,미지정,1
279579,1117000000000004855,한남동 11-257도,도,국유지,112.7887066944968,127.01346126253841,37.536015608743554,137.43913159,575.78343405,856.91765536,779.71242017,165,미지정,1
279580,1117000000000004856,한남동 11-422도,도,국유지,34.22037306521088,127.01436833333334,37.53555633333333,189.53458403,648.52576752,872.93776737,874.33115315,165,미지정,1
279581,1117000000000004857,한남동 777-10도,도,국유지,54.38818143680692,127.01485649358224,37.53628692479033,135.84269569,702.56023737,961.05182176,879.83371111,165,미지정,1
279582,1117000000000004858,한남동 777-7도,도,국유지,57.35053968988359,127.01480611556771,37.53633049633684,129.27288511,699.14537566,961.50286626,873.91874722,165,미지정,1
279583,1117000000000004859,한남동 11-369도,도,국유지,26.186100230552256,127.01416823468816,37.536438330523815,90.48586686,646.72355661,932.90771764,817.11618504,165,미지정,1
279584,1117000000000004860,한남동 25-3 도,도,국유지,17.892687348648906,127.01129599999999,37.53470466666667,104.21191076,376.85675535,625.97087389,709.07328939,165,미지정,1
279585,1117000000000004861,한남동 36-17도,도,국유지,63.22240906674415,127.01185914455652,37.53520900817173,93.62756822,424.76949103,700.25110636,708.94761219,165,미지정,1
279586,1117000000000004862,한남동 11-482도,도,국유지,28.04504492506385,127.0141195410983,37.53633019867085,100.88021615,639.80540156,920.97456983,817.73526048,165,미지정,1
279587,1117000000000004863,한남동 35-2도,도,국유지,46.365087118931115,127.01123310793751,37.53466602972602,108.88270239,371.8192111,619.31866043,708.18081875,165,미지정,1
279588,1117000000000004864,한남동 1-259도,도,국유지,462.57671656284947,127.01148139189849,37.53458718287368,85.96870725,394.69999109,624.604419,729.89294983,165,미지정,1
279589,1117000000000004865,한남동 1-20도,도,국유지,1243.0902571853949,127.01201006666295,37.53477591933523,48.85982807,439.00741758,669.38868551,749.98487836,165,미지정,1
279590,1117000000000004866,한남동 1-12도,도,국유지,53.03050599806011,127.01137281255394,37.534811891663594,100.91010456,382.54304406,639.63736996,705.63664032,165,미지정,1
279591,1117000000000004867,한남동 1-322도,도,국유지,48.55236639926443,127.01180832397213,37.535028375829214,80.85982043,420.00753228,681.24836424,718.21773801,165,미지정,1
279592,1117000000000004868,한남동 1-81도,도,국유지,22.954523105407134,127.01183572905984,37.53457729572651,54.742014,425.89115252,642.53035412,753.26557219,165,미지정,1
279593,1117000000000004869,한남동 1-242도,도,국유지,428.58396363432985,127.01204105394761,37.53504309525712,69.44882017,440.56323894,694.64773008,733.02223829,165,미지정,1
279594,1117000000000004870,한남동 1-17도,도,국유지,143.25740951485932,127.012359223683,37.53560437222681,121.90903594,472.45457497,761.56404813,718.66243293,165,미지정,1
279595,1117000000000004871,한남동 68-17도,도,국유지,89.53170123137534,127.00891811851282,37.535095466162666,164.67693936,164.56777286,580.16341818,542.13459273,165,미지정,1
279596,1117000000000004872,한남동 30-8 도,도,국유지,96.80582865839824,127.00920806123862,37.53485640516121,191.68078736,191.5948009,561.36497794,578.35757912,165,미지정,1
279597,1117000000000004873,한남동 28-29도,도,국유지,131.62498672679067,127.00958207814132,37.53478133386744,225.5441709,225.46141317,564.06952044,603.97314197,165,미지정,1
279598,1117000000000004874,한남동 29-10 도,도,국유지,29.0609986440395,127.00947217080167,37.53445022683544,224.26506347,224.21244374,526.25424805,628.86043749,165,미지정,1
279599,1117000000000004875,한남동 28-26 도,도,국유지,32.90636579459533,127.00955879818154,37.53444935832463,231.59812157,231.54372711,528.93571174,633.14018541,165,미지정,1
279600,1117000000000004876,한남동 1-10도,도,국유지,59.956322982441634,127.01255323691103,37.53527968259163,86.10824781,486.39655352,743.0079738,753.22578774,165,미지정,1
279601,1117000000000004877,한남동 1-250도,도,국유지,182.29505732282996,127.01271912683286,37.534796145630935,39.8829414,501.38881212,711.30657632,797.00214326,165,미지정,1
279602,1117000000000004878,한남동 11-6도,도,국유지,276.53261774778366,127.0127098821095,37.534721552548206,33.04335308,501.13873381,704.60757548,801.46960794,165,미지정,1
279603,1117000000000004879,한남동 11-37도,도,국유지,173.3597309915349,127.0131023428585,37.53483935947565,68.44427554,534.95389915,737.78844797,821.16522302,165,미지정,1
279604,1117000000000004880,한남동 11-491 도,도,국유지,11.418274100171402,127.01283912485677,37.53524172365406,88.40280631,511.45920397,755.65662397,776.35769535,165,미지정,1
279605,1117000000000004881,한남동 68-2도,도,국유지,830.1728340536356,127.00862096145526,37.5350004715267,138.56797983,138.47043185,564.13782757,537.51334938,165,미지정,1
279606,1117000000000004882,한남동 11-117도,도,국유지,1716.818346597487,127.0129377433258,37.53510868152345,79.41172804,519.82871527,750.09450423,791.93779959,165,미지정,1
279607,1117000000000004883,한남동 11-386도,도,국유지,28.11420826613903,127.01320905792045,37.5348821311933,78.95740187,544.17568862,747.73393214,826.03434938,165,미지정,1
279608,1117000000000004884,한남동 11-7도,도,국유지,29.580723585560918,127.01338757828995,37.53501557237606,100.25692851,559.59578242,769.34497823,830.55103141,165,미지정,1
279609,1117000000000004885,한남동 11-449 도,도,국유지,122.77061522752047,127.01356542563225,37.53536928063868,137.36091454,576.2617814,808.69421952,822.64406013,165,미지정,1
279610,1117000000000004886,한남동 11-405도,도,국유지,60.69682200439274,127.01311203030303,37.534727545535354,63.45295782,536.53790344,729.43607658,829.23189548,165,미지정,1
279611,1117000000000004887,한남동 275-2도,도,국유지,65.88675563782454,127.00999454289187,37.53398311350158,224.63175964,286.1883918,498.03998577,697.56028187,165,미지정,1
279612,1117000000000004888,한남동 28-3도,도,국유지,278.48115255171433,127.01023772863421,37.534198039352795,198.45341556,297.25151578,529.24149857,690.41632442,165,미지정,1
279613,1117000000000004889,한남동 26-3도,도,국유지,291.66500472277403,127.01077539504467,37.53439352096751,148.46877787,337.08415202,571.98884328,703.03200918,165,미지정,1
279614,1117000000000004890,한남동 28-5도,도,국유지,722.1311160433106,127.00995419502497,37.53439268604012,220.87588965,266.8215651,537.08714735,658.19514766,165,미지정,1
279615,1117000000000004891,한남동 27-4도,도,국유지,137.0796732865274,127.01077789914602,37.534415915998764,148.05537352,336.75784118,574.21692665,701.29075479,165,미지정,1
279616,1117000000000004892,한남동 28-19도,도,국유지,700.3671513381414,127.01001179255138,37.53454501071021,215.45041148,267.5490042,554.55236027,647.60801589,165,미지정,1
279617,1117000000000004893,한남동 26-7도,도,국유지,1040.2189876310294,127.01078108289481,37.53401538789766,157.24250595,349.27381209,537.10400622,735.72221749,165,미지정,1
279618,1117000000000004894,한남동 26-1도,도,국유지,140.9692391520366,127.01078108152117,37.53435730516221,148.36818123,338.48702772,568.84806505,706.41493513,165,미지정,1
279619,1117000000000004895,한남동 32-41도,도,국유지,85.00043136160821,127.01038025093291,37.53442800750143,183.06296948,302.20681277,557.67842177,677.82829422,165,미지정,1
279620,1117000000000004896,한남동 27-1도,도,국유지,105.16404975391924,127.01097702476562,37.53448145100509,130.13428684,352.5545662,589.77707101,707.49530261,165,미지정,1
279621,1117000000000004897,한남동 32-43도,도,국유지,38.02701772470027,127.01034642086935,37.53444400107485,185.97295275,298.88542392,557.81326066,674.57761729,165,미지정,1
279622,1117000000000004898,한남동 32-42도,도,국유지,97.50240784103516,127.0103821664906,37.5346774886396,183.63890611,297.09850523,582.20631625,656.51169578,165,미지정,1
279623,1117000000000004899,한남동 32-40도,도,국유지,98.73364076111466,127.0104142668654,37.534688536330535,180.94826371,299.73145947,584.60249826,657.40668363,165,미지정,1
279624,1117000000000004900,한남동 263-5도,도,국유지,12.021745374426246,127.00903558125935,37.53411146702026,204.56602685,204.55752397,477.93089294,641.58200648,165,미지정,1
279625,1117000000000004901,한남동 29-15도,도,국유지,333.9204495251179,127.00917825956714,37.53421605246768,209.99292899,209.96950232,492.95442444,637.5413217,165,미지정,1
279626,1117000000000004902,한남동 263-4도,도,국유지,40.82288839109242,127.00898871544713,37.534158957907806,198.3075855,198.29681121,481.68554618,634.97940479,165,미지정,1
279627,1117000000000004903,한남동 274-19도,도,국유지,14.322109157335944,127.00947763675798,37.534135611872145,237.67691872,237.65037391,493.95765786,658.68053377,165,미지정,1
279628,1117000000000004904,한남동 32-38도,도,국유지,32.28348381072283,127.01031254664237,37.53444888787603,188.94503643,295.84724956,556.8791627,672.29399944,165,미지정,1
279629,1117000000000004905,한남동 32-37도,도,국유지,224.35563069675118,127.01027678622125,37.534553675302064,192.05652061,290.2686487,565.72461851,661.22344026,165,미지정,1
279630,1117000000000004906,한남동 32-6 도,도,국유지,75.78405582439154,127.01048270014887,37.53458929987273,174.02316259,307.42841012,577.72991348,669.7220615,165,미지정,1
279631,1117000000000004907,한남동 272-2도,도,국유지,223.55862974980846,127.00939194071101,37.53372671299648,254.42549313,254.43216418,449.21565144,694.14738236,165,미지정,1
279632,1117000000000004908,한남동 274-11도,도,국유지,260.3146099234,127.00966768631257,37.534022576658565,258.28707385,258.26345842,489.15416225,678.17914273,165,미지정,1
279633,1117000000000004909,한남동 273-4도,도,국유지,106.70465420978144,127.00927907950665,37.53406462807019,225.77004239,225.75588159,480.18655665,656.55464032,165,미지정,1
279634,1117000000000004910,한남동 273-1도,도,국유지,121.83610787545331,127.00924387495974,37.53409655209339,221.32323575,221.30774071,482.41600526,651.93617335,165,미지정,1
279635,1117000000000004911,한남동 29-5도,도,국유지,151.4860491589643,127.00920659539146,37.53414404415304,215.90299387,215.88485357,486.24580821,645.72555024,165,미지정,1
279636,1117000000000004912,한남동 28-10도,도,국유지,38.72350960737094,127.00962023339666,37.53439511902048,238.59967816,238.54847106,525.38886379,641.15919701,165,미지정,1
279637,1117000000000004913,한남동 1-3도,도,국유지,142.25898660626262,127.01227602426103,37.5345613757528,16.38403058,464.72483915,665.88279944,783.34895472,165,미지정,1
279638,1117000000000004914,한남동 274-2도,도,국유지,231.0861114319414,127.00945100644535,37.53419773165797,232.62054205,232.589789,499.4645005,651.5700087,165,미지정,1
279639,1117000000000004915,한남동 274-5도,도,국유지,299.8760645943694,127.00960258399711,37.53426094313503,242.20450007,242.16449854,511.0438489,652.76044671,165,미지정,1
279640,1117000000000004916,한남동 263-3도,도,국유지,182.66531455982476,127.0087986449618,37.53434262648801,173.72346351,173.70279692,496.59034182,609.10278671,165,미지정,1
279641,1117000000000004917,한남동 274-17 도,도,국유지,213.20278523862362,127.00947129363362,37.53433163254195,228.54506833,228.50261261,513.94516407,639.9016774,165,미지정,1
279642,1117000000000004918,한남동 1-274도,도,국유지,181.51452467101626,127.01162235739184,37.53355088037399,128.95648911,437.22924218,544.02622158,822.76798502,165,미지정,1
279643,1117000000000004919,한남동 11-305도,도,국유지,888.0657873540185,127.01211141570846,37.53358099317711,107.15748159,476.24749601,577.12528409,848.91012965,165,미지정,1
279644,1117000000000004920,한남동 271-2 도,도,국유지,112.20883732504444,127.00972397030495,37.533468831169586,267.05776762,295.03676092,436.44448835,733.47731115,165,미지정,1
279645,1117000000000004921,한남동 253-3도,도,국유지,88.18529929406941,127.00843086022581,37.53299019541316,260.45629967,260.54720392,343.24890874,733.60782695,165,미지정,1
279646,1117000000000004922,한남동 11-495 도,도,국유지,73.91570500680245,127.0124600535501,37.53425924534395,27.65925894,485.93179749,652.01649573,817.78664916,165,미지정,1
279647,1117000000000004923,한남동 11-376도,도,국유지,60.0692105460912,127.01328293274544,37.53453751648023,73.77820503,553.44800563,725.31220798,853.99801622,165,미지정,1
279648,1117000000000004924,한남동 316-5도,도,국유지,29.787532646209,127.00910144217576,37.53290567934574,300.28581561,300.34869248,355.67705062,764.44653245,165,미지정,1
279649,1117000000000004925,한남동 257-16도,도,국유지,17.32893310766667,127.00785966666668,37.533449000000005,192.98928007,193.09782306,383.33942589,669.19738957,165,미지정,1
279650,1117000000000004926,한남동 259-6 도,도,국유지,171.05268175760284,127.00808670693544,37.53350932537135,195.30263035,195.39355789,392.79164049,669.13065228,165,미지정,1
279651,1117000000000004927,한남동 257-2도,도,국유지,29.73833111510612,127.00811707663973,37.53331573176096,215.69372142,215.79054058,372.09180363,690.32146565,165,미지정,1
279652,1117000000000004928,한남동 252-6도,도,국유지,20.32098540570587,127.00819503041274,37.53316955925658,233.30037202,233.39778839,357.51579059,707.90090432,165,미지정,1
279653,1117000000000004929,한남동 253-4 도,도,국유지,68.36461496935226,127.00828166824509,37.53301501248385,252.07871966,252.17645656,342.50576569,726.61145097,165,미지정,1
279654,1117000000000004930,한남동 253-2도,도,국유지,63.4056588539388,127.00829329916714,37.53305744044764,248.28689216,248.38267322,347.32397827,722.49974193,165,미지정,1
279655,1117000000000004931,한남동 312-6도,도,국유지,396.18927489360794,127.0097827449922,37.532945877085034,292.58492948,336.87175042,389.36241181,786.80289578,165,미지정,1
279656,1117000000000004932,한남동 270-7도,도,국유지,35.849878683686256,127.00984054307474,37.5330643455557,280.77915736,331.59100008,403.16034245,777.66986557,165,미지정,1
279657,1117000000000004933,한남동 326-1 도,도,국유지,19.472583978669718,127.00888834324095,37.53251675348447,325.99485973,326.07991631,308.61889406,797.04760699,165,미지정,1
279658,1117000000000004934,한남동 326-5 도,도,국유지,105.18160015810281,127.00893425945098,37.532442539358335,335.15992099,335.24526772,303.08814658,806.19757136,165,미지정,1
279659,1117000000000004935,한남동 318-14도,도,국유지,149.17280971165746,127.00876556848499,37.53303966327996,270.9371643,271.00976031,357.73354143,739.13280563,165,미지정,1
279660,1117000000000004936,한남동 318-7도,도,국유지,81.88754095695913,127.00874976955177,37.53288082126385,285.00089943,285.08024844,340.75705873,754.96387401,165,미지정,1
279661,1117000000000004937,한남동 270-6도,도,국유지,295.0440651603858,127.00982860730693,37.53318766032728,274.08924311,321.77266382,414.14523707,765.19038888,165,미지정,1
279662,1117000000000004938,한남동 270-12도,도,국유지,78.23309452494141,127.00999599786832,37.53316772271681,262.95296566,334.56602367,420.30119234,774.43792985,165,미지정,1
279663,1117000000000004939,한남동 270-1도,도,국유지,12.674227840732783,127.00997533333333,37.533222447368416,261.09200785,329.34014029,424.36577902,768.268932,165,미지정,1
279664,1117000000000004940,한남동 318-15도,도,국유지,142.65486873168265,127.00892746777154,37.5327117658048,309.23777412,309.31514737,329.64479585,778.23421426,165,미지정,1
279665,1117000000000004941,한남동 270-11도,도,국유지,80.20033426722512,127.00972645198053,37.53279756834444,306.52176706,345.15317892,372.91776995,799.08742977,165,미지정,1
279666,1117000000000004942,한남동 11-82도,도,국유지,222.4327921315562,127.01170688553225,37.53288658132118,191.56991107,476.97496224,499.28334147,884.82097652,165,미지정,1
279667,1117000000000004943,한남동 11-380도,도,국유지,75.13861780590378,127.01147962712972,37.53259751476381,228.72708184,477.44569483,463.50749016,898.69155165,165,미지정,1
279668,1117000000000004944,한남동 11-381도,도,국유지,29.042031792923808,127.01162091617405,37.53275030771829,208.39132207,478.39927433,483.83473973,892.30098728,165,미지정,1
279669,1117000000000004945,한남동 11-311도,도,국유지,50.289903635624796,127.0116171326441,37.53315249276635,167.47993158,455.6678463,512.74065496,856.67593565,165,미지정,1
279670,1117000000000004946,한남동 271-11 도,도,국유지,166.18692248646403,127.00985651752157,37.533502913602085,254.86325538,302.29181917,445.4645216,736.11502118,165,미지정,1
279671,1117000000000004947,한남동 11-379도,도,국유지,2202.490730331221,127.01189834854873,37.5329255343542,182.28494423,489.51897128,515.1313714,891.86239544,165,미지정,1
279672,1117000000000004948,한남동 11-317도,도,국유지,189.93822621775325,127.01160148750988,37.53282236536342,201.55480749,472.68848658,487.56263734,884.86369823,165,미지정,1
279673,1117000000000004949,한남동 11-282도,도,국유지,134.77296663890593,127.01152288102774,37.53246489133942,241.11309744,489.12552069,457.63733915,912.92737621,165,미지정,1
279674,1117000000000004950,한남동 11-281도,도,국유지,31.283653939142823,127.01173984498796,37.53255124929445,226.07128174,499.3069725,478.77503466,916.31641959,165,미지정,1
279675,1117000000000004951,한남동 11-280도,도,국유지,87.4647877975367,127.01192215786227,37.532665691023624,209.74126095,505.94021916,499.27740971,915.85418242,165,미지정,1
279676,1117000000000004952,한남동 1-264도,도,국유지,5159.674068022694,127.01065060789959,37.53310786538183,222.31620427,384.95561862,449.90425036,810.55946812,165,미지정,1
279677,1117000000000004953,한남동 274-3도,도,국유지,152.61937071289867,127.00993192216224,37.533797057376695,236.06211657,290.61094828,477.22721466,711.8132534,165,미지정,1
279678,1117000000000004954,한남동 1-320 도,도,국유지,569.2713639035355,127.0101289659036,37.533934715818134,214.71100424,299.22674029,499.02972625,708.670896,165,미지정,1
279679,1117000000000004955,한남동 271-12 도,도,국유지,79.96925414155703,127.0099460566528,37.533307862508174,258.24636969,321.47284792,430.95960442,758.77913944,165,미지정,1
279680,1117000000000004956,한남동 1-313 도,도,국유지,574.4492038133321,127.01021390471999,37.53346589096181,228.93472054,330.84172942,458.52382436,756.2055636,165,미지정,1
279681,1117000000000004957,한남동 287-1도,도,국유지,321.1158060221933,127.01106729805451,37.53384766812791,142.44252794,379.44633089,536.91159884,766.08112021,165,미지정,1
279682,1117000000000004958,한남동 348-4 도,도,국유지,226.0896977696102,127.00925876516105,37.53201211901766,318.34899572,390.95329333,277.97662087,861.19692026,165,미지정,1
279683,1117000000000004959,한남동 348-2 도,도,국유지,138.35937503539026,127.00915504031954,37.53202780058849,317.15222228,384.9445704,273.9394041,856.17719408,165,미지정,1
279684,1117000000000004960,한남동 348 도,도,국유지,56.38744477729779,127.00930226040944,37.53204183910345,322.72748407,390.0384071,282.93137769,859.59671931,165,미지정,1
279685,1117000000000004961,한남동 339-3도,도,국유지,238.22439362981822,127.00939447847695,37.532094466576076,330.99482693,389.28647812,292.54031441,857.35383146,165,미지정,1
279686,1117000000000004962,한남동 344-1 도,도,국유지,70.1163753401488,127.00911463838175,37.53218085195291,332.41882161,368.37368897,285.97870035,839.07016586,165,미지정,1
279687,1117000000000004963,한남동 345-2 도,도,국유지,63.11700374586508,127.00899456566677,37.53217951631955,329.53911424,363.38089208,280.22129534,835.3376026,165,미지정,1
279688,1117000000000004964,한남동 345-3 도,도,국유지,30.768799518002197,127.00904465534832,37.53219007062011,331.77493186,364.46204237,283.53140341,835.84691215,165,미지정,1
279689,1117000000000004965,한남동 327-3 도,도,국유지,39.533937201835215,127.00890434346567,37.5322707535153,337.57935333,350.69851753,285.01935868,823.03169974,165,미지정,1
279690,1117000000000004966,한남동 339-7도,도,국유지,16.00483864499256,127.00904398825212,37.532272810092955,340.6488389,356.41524608,291.34715476,827.27976713,165,미지정,1
279691,1117000000000004967,한남동 327-7 도,도,국유지,23.190598093904555,127.00897587732656,37.532302516920474,342.41606451,350.59795385,291.17450968,822.01057928,165,미지정,1
279692,1117000000000004968,한남동 327-1 도,도,국유지,37.14517450891435,127.00899917505173,37.53231747378846,344.50722456,350.15127436,293.63452606,821.21510322,165,미지정,1
279693,1117000000000004969,한남동 339-1도,도,국유지,58.98691369430162,127.00911181146404,37.53231400446254,346.5951967,355.47007752,298.35832029,825.2660787,165,미지정,1
279694,1117000000000004970,한남동 345-1 도,도,국유지,26.442620661109686,127.00906395956223,37.53221516991282,334.90455512,362.85524216,286.79808247,833.87812982,165,미지정,1
279695,1117000000000004971,한남동 328-1 도,도,국유지,37.83678041072562,127.00901917785846,37.53235016329617,348.44898034,347.87209572,297.66227487,818.49068577,165,미지정,1
279696,1117000000000004972,한남동 328 도,도,국유지,56.05862146569416,127.00905329941376,37.532381980342414,352.59837991,346.34271583,302.22391187,816.33275761,165,미지정,1
279697,1117000000000004973,한남동 622-6 도,도,국유지,501.8757792664692,127.00599339502276,37.53135755819218,294.11010277,110.1131777,191.23200616,871.46859587,165,미지정,1
279698,1117000000000004974,한남동 628-1잡,잡,국유지,814.6383397486061,127.00628576801638,37.53234006067776,310.04802927,149.69946068,274.44262128,764.14152636,165,미지정,1
279699,1117000000000004975,한남동 627-4도,도,국유지,55.16575880907476,127.00605223235826,37.532408170860386,307.97314927,136.51195363,289.13505064,755.22972044,165,미지정,1
279700,1117000000000004976,한남동 78-12 도,도,국유지,68.31523474201094,127.00646821929446,37.53336590266609,195.64637657,195.82754401,379.69081521,652.4114568,165,미지정,1
279701,1117000000000004977,한남동 88-5 도,도,국유지,1536.7203268434387,127.00673034927019,37.53210436395372,329.90771103,176.08097226,237.99030265,794.20781122,165,미지정,1
279702,1117000000000004978,한남동 88-11 도,도,국유지,416.19769088178873,127.00614129007369,37.531796533697886,326.2855952,118.20369168,224.60765079,823.44703616,165,미지정,1
279703,1117000000000004979,한남동 88-16 잡,잡,국유지,104.27490742178634,127.00657661666433,37.53189813122286,317.9172995,157.86703792,219.66067668,815.36773765,165,미지정,1
279704,1117000000000004980,한남동 88-15 잡,잡,국유지,99.2717133788392,127.00657565446251,37.53199217619447,327.45153783,159.75923295,229.62207008,804.98035669,165,미지정,1
279705,1117000000000004981,한남동 88-4 잡,잡,국유지,415.6507864232408,127.0065764828674,37.53225188699292,315.13651167,168.5541548,257.24485664,776.33629772,165,미지정,1
279706,1117000000000004982,한남동 11-377도,도,국유지,27.016132727265358,127.01265930265068,37.533194717138706,146.97165156,537.0361,586.5782953,913.27878597,165,미지정,1
279707,1117000000000004983,한남동 11-113도,도,국유지,21.914966309443116,127.01290760429724,37.53350955326768,118.02713215,545.2731912,625.29234807,903.63502463,165,미지정,1
279708,1117000000000004984,한남동 11-268도,도,국유지,1580.1609071500716,127.0126155989587,37.53374874469654,85.57761393,512.66084038,622.57412959,866.62177777,165,미지정,1
279709,1117000000000004985,한남동 11-378도,도,국유지,99.34411629615352,127.01253457243014,37.53312961510483,153.20383748,529.7792426,573.42504792,911.11649932,165,미지정,1
279710,1117000000000004986,한남동 11-410도,도,국유지,184.45293133961968,127.01279973870304,37.53341534011415,125.20356534,539.70142144,611.33452615,904.24472409,165,미지정,1
279711,1117000000000004987,한남동 11-296도,도,국유지,265.17113160993904,127.01301772262609,37.533800558305444,93.25734745,545.30776364,653.22985851,888.50526779,165,미지정,1
279712,1117000000000004988,한남동 11-345도,도,국유지,478.94708096794784,127.01361443073418,37.53410278474044,112.40996619,589.4164366,715.24186478,906.78984508,165,미지정,1
279713,1117000000000004989,한남동 11-352도,도,국유지,78.57523554097861,127.01304125131085,37.53439485181023,53.83908815,534.19338251,698.94012791,847.00140047,165,미지정,1
279714,1117000000000004990,한남동 11-292도,도,국유지,48.92056950274855,127.01340276201451,37.53444738058952,84.56875494,565.11058717,726.1916297,868.48748381,165,미지정,1
279715,1117000000000004991,한남동 758-21도,도,국유지,242.70212348201312,127.00047997569433,37.53223688896746,376.384975,254.84536982,291.40893743,370.2480705,165,미지정,1
279716,1117000000000004992,한남동 762-1도,도,국유지,319.35240586998407,127.0011082666953,37.53213216410679,341.76193623,272.33364665,311.40381396,426.71924844,165,미지정,1
279717,1117000000000004993,한남동 764-22도,도,국유지,1290.1215051634936,127.00178902796077,37.53192906400582,319.720452,311.56513463,351.66099164,489.34130331,165,미지정,1
279718,1117000000000004994,한남동 766-18 도,도,국유지,227.02597046876326,127.00196161358934,37.532209730582196,285.5335838,289.5187285,329.72977824,500.9356058,165,미지정,1
279719,1117000000000004995,한남동 723-39도,도,국유지,940.0393082627561,127.00594126071181,37.53780893791599,320.0065499,319.88820457,598.90860996,157.68156451,165,미지정,1
279720,1117000000000004996,한남동 763-7 도,도,국유지,1794.57809994719,126.99981138342407,37.532109482452796,461.84437632,275.25316758,307.61769298,313.55448349,165,미지정,1
279721,1117000000000004997,한남동 758-48 도,도,국유지,29.169825281598605,127.00023842648953,37.53209757502382,466.83705494,271.09513767,306.28381855,351.03118601,165,미지정,1
279722,1117000000000004998,한남동 767-16도,도,국유지,149.82298835011898,127.0021565472472,37.531654165275256,328.84566485,234.79174593,392.69813781,526.57600444,165,미지정,1
279723,1117000000000004999,한남동 765-22 도,도,국유지,449.58264311228413,127.00174750516416,37.53153863864951,357.89501956,271.35382074,390.81228737,494.00048205,165,미지정,1
279724,1117000000000005000,한남동 766-26 도,도,국유지,16.054011411964893,127.00229138466239,37.53186859303392,302.23350482,223.90360822,376.79846473,534.24777848,165,미지정,1
279725,1117000000000005001,한남동 686-33도,도,국유지,43.96246270235861,126.999495745063,37.53334977946371,323.43617771,157.14742365,180.70482499,294.0640506,165,미지정,1
279726,1117000000000005002,한남동 726-515 도,도,국유지,196.6089538745582,126.9997422275044,37.549756901578824,693.11074479,610.62310852,1202.54370845,976.71633679,165,미지정,1
279727,1117000000000005003,한남동 769-16도,도,국유지,330.2648589372402,127.00253018742455,37.53124115909722,357.78234654,207.40456875,448.34660212,569.2017232,165,미지정,1
279728,1117000000000005004,한남동 769-19도,도,국유지,45.420583550818264,127.00238598970482,37.53100663902088,386.58423831,226.94108252,466.53143276,564.40028453,165,미지정,1
279729,1117000000000005005,한남동 722-32 도,도,국유지,533.7770575676113,127.00483946797512,37.53778493380622,285.08510001,359.71320969,518.45197069,171.11200893,165,미지정,1
279730,1117000000000005006,한남동 722-5 도,도,국유지,1896.0631079149898,127.00454881617513,37.537786497143806,259.42170663,374.46678371,498.80858114,182.5691321,165,미지정,1
279731,1117000000000005007,한남동 726-459도,도,국유지,3379.038071118528,127.00572238538165,37.53811064800509,357.91195933,357.79703175,602.27094208,121.75241609,165,미지정,1
279732,1117000000000005008,한남동 742-29도,도,국유지,195.43192413588986,126.99862212604039,37.53838207046953,247.92198473,117.82475259,417.4193876,368.1465702,165,미지정,1
279733,1117000000000005009,한남동 683-96 도,도,국유지,31.169587287586182,127.00046879160764,37.53568249577759,106.30965577,127.57580653,93.30126644,503.62591146,165,미지정,1
279734,1117000000000005010,한남동 726-460도,도,국유지,595.9130870960653,127.00593630551761,37.53845900438676,389.40022255,389.27367681,640.88295136,87.8347001,165,미지정,1
279735,1117000000000005011,한남동 733-26도,도,국유지,72.56301580369473,126.99534226029061,37.538304090435965,417.52005356,330.64934071,334.81127794,641.29091792,165,미지정,1
279736,1117000000000005012,한남동 807-1 도,도,국유지,81.28832775726914,127.00329998491432,37.528926504224,425.3319954,332.99818341,378.36450081,570.06478749,165,미지정,1
279737,1117000000000005013,한남동 684-23도,도,국유지,233.5346065479098,127.00075940401274,37.53544748348527,142.64707798,104.61827337,78.57925988,505.84020424,165,미지정,1
279738,1117000000000005014,한남동 742-30도,도,국유지,377.20536913955584,126.99949655996915,37.538242017912935,153.99489316,88.08958613,381.83338838,341.36830056,165,미지정,1
279739,1117000000000005015,한남동 666-18 도,도,국유지,10.535620500799268,127.000903,37.53384499999999,295.24733261,85.33029986,125.54255162,429.37296783,165,미지정,1
279740,1117000000000005016,한남동 726-110 도,도,국유지,235.41793097835034,127.00441759954859,37.53872639300002,271.18683527,468.35298318,564.69760277,117.02517126,165,미지정,1
279741,1117000000000005017,한남동 661-3도,도,국유지,32.401551771909,127.0017301171662,37.533683424159854,201.08757178,145.78469803,183.44622696,494.26834471,165,미지정,1
279742,1117000000000005018,한남동 664-2도,도,국유지,1031.76749641262,127.00130601108283,37.53366421654085,237.40450761,121.36588966,161.04027503,457.4845,165,미지정,1
279743,1117000000000005019,한남동 653-27도,도,국유지,95.63033802108839,127.00156616510233,37.533497480535466,222.06066973,150.19635828,189.52969792,475.39141181,165,미지정,1
279744,1117000000000005020,한남동 761-7도,도,국유지,184.58539790776558,127.00133779425856,37.53337587931693,245.95970115,149.49101355,189.61763629,452.86669219,165,미지정,1
279745,1117000000000005021,한남동 683-20도,도,국유지,606.8760964197572,127.0016320071497,37.537055733742825,94.9147367,211.60380221,272.14989751,442.93104415,165,미지정,1
279746,1117000000000005022,한남동 665-32 도,도,국유지,68.38350316451397,127.00088569279873,37.5337365262277,305.62517621,95.65973525,135.79922555,424.12441722,165,미지정,1
279747,1117000000000005023,한남동 664-4도,도,국유지,143.01578226685524,127.00143104265268,37.533705980942905,225.48985835,124.93262044,163.94068408,469.3689472,165,미지정,1
279748,1117000000000005024,한남동 684-96도,도,국유지,157.83571088779718,127.0008754427802,37.535011865382224,183.88250968,63.98821862,56.31065806,485.36955606,165,미지정,1
279749,1117000000000005025,한남동 684-93도,도,국유지,92.64662967249751,127.0009248847301,37.53475339421532,208.99803631,46.89300024,59.12738931,473.76384744,165,미지정,1
279750,1117000000000005026,한남동 653-87도,도,국유지,42.04990960197756,127.00106009389947,37.53271984210117,303.39509453,207.84268428,247.30631427,419.87628325,165,미지정,1
279751,1117000000000005027,한남동 653-29 도,도,국유지,21.05665428098291,127.00110285068719,37.53339120731424,264.41069081,138.44605793,178.62038733,432.87225411,165,미지정,1
279752,1117000000000005028,한남동 653-78도,도,국유지,110.55700444499962,127.00126485856256,37.53270234924579,289.89204436,214.9235856,254.84244344,437.89716494,165,미지정,1
279753,1117000000000005029,한남동 742-31 도,도,국유지,53.082302120747045,126.99967666648185,37.537966294249905,139.04126606,65.13249118,349.0280338,363.35561883,165,미지정,1
279754,1117000000000005030,한남동 739-26 도,도,국유지,216.9246430778876,127.00109524129715,37.538092979711635,13.43022165,173.81838942,366.49828119,325.65477816,165,미지정,1
279755,1117000000000005031,한남동 761-13도,도,국유지,24.86803551390767,127.00296297435895,37.532547102564095,208.72861774,190.043738,349.91311096,587.78149478,165,미지정,1
279756,1117000000000005032,한남동 739-9도,도,국유지,31.433619278948754,127.0009353259479,37.53769493067041,56.18027888,147.32539872,320.42876783,370.23845149,165,미지정,1
279757,1117000000000005033,한남동 653-46도,도,국유지,3425.4719566319836,127.00215969863127,37.53292035711897,214.16252338,232.98626396,272.28607555,518.16611066,165,미지정,1
279758,1117000000000005034,한남동 638-10도,도,국유지,3248.7719032826135,127.0031726120138,37.5335031288582,106.47789288,249.43237379,297.41835235,667.98542343,165,미지정,1
279759,1117000000000005035,한남동 657-20 도,도,국유지,9211.994751950726,127.00365809340477,37.53429419051231,19.49284213,308.16675198,306.01555583,571.19588784,165,미지정,1
279760,1117000000000005036,한남동 730-5 도,도,국유지,342.73892076150514,127.00359632869213,37.5376934945598,176.52883106,381.12490476,430.81365439,243.70294095,165,미지정,1
279761,1117000000000005037,한남동 719-4도,도,국유지,870.8097368627787,127.00493490540212,37.53705531604974,289.64006868,289.58773746,479.17544233,245.499382,165,미지정,1
279762,1117000000000005038,한남동 717-6 도,도,국유지,114.06792855076492,127.00499689942814,37.53664927627525,252.97098452,252.9370479,462.81810392,288.39952933,165,미지정,1
279763,1117000000000005039,한남동 670-12도,도,국유지,181.74840204085922,127.00274018111818,37.534209052741424,100.8812987,203.6549505,229.97741672,609.14684988,165,미지정,1
279764,1117000000000005040,한남동 719-5 도,도,국유지,488.6749551873654,127.00478471513021,37.53696219153577,308.19831835,290.79296404,462.49329211,258.91702386,165,미지정,1
279765,1117000000000005041,한남동 660-4 도,도,국유지,96.43441858515143,127.00209421375651,37.53364838924775,172.58071166,173.76144185,209.83248554,524.60897482,165,미지정,1
279766,1117000000000005042,한남동 761-4도,도,국유지,122.76389933470637,127.00182353617802,37.53362457141716,195.64840053,156.30716048,193.90238176,500.71578896,165,미지정,1
279767,1117000000000005043,한남동 653-2 도,도,국유지,127.36522166593932,127.00365183435386,37.53329389462267,111.34780552,206.98207094,345.70669905,678.05423111,165,미지정,1
279768,1117000000000005044,한남동 761-10도,도,국유지,215.03097340941895,127.00361789060219,37.53303333164537,140.3537281,184.13554532,358.60742482,706.80220617,165,미지정,1
279769,1117000000000005045,한남동 719-7도,도,국유지,20.29534825310111,127.00496466666667,37.53728533333334,307.96052557,307.89724258,494.86748153,220.10977126,165,미지정,1
279770,1117000000000005046,한남동 719-18도,도,국유지,306.35254792356864,127.0048369959122,37.537367826465164,322.0747584,322.01345284,490.58456111,214.5368458,165,미지정,1
279771,1117000000000005047,한남동 721-1도,도,국유지,579.9283862709999,127.0047053584487,37.537272256433894,339.96787591,321.0728634,474.98910369,228.38904636,165,미지정,1
279772,1117000000000005048,한남동 653-49도,도,국유지,525.3180571803823,127.0034236758045,37.532605652212894,190.21217069,160.50016052,374.43399632,757.05767482,165,미지정,1
279773,1117000000000005049,한남동 719-17도,도,국유지,76.66405793651938,127.00484928993664,37.53748134787708,289.56165433,331.45314468,498.73068113,202.25373995,165,미지정,1
279774,1117000000000005050,한남동 722-41 도,도,국유지,14.208681433927268,127.00443681302497,37.537419525831325,255.05341439,348.97504954,465.39616991,223.01012829,165,미지정,1
279775,1117000000000005051,한남동 722-39 도,도,국유지,16.685506594367325,127.00440069135804,37.537424641975306,251.81338509,351.52380498,463.22228784,223.99732696,165,미지정,1
279776,1117000000000005052,한남동 726-457 도,도,국유지,549.4451647000387,127.00446149092194,37.53873469286844,273.78201254,467.2356832,567.92198457,113.15262795,165,미지정,1
279777,1117000000000005053,한남동 644-6도,도,국유지,48.534274680539966,127.00410179636177,37.53266396789624,180.53973667,126.54790363,410.95896213,737.73281241,165,미지정,1
279778,1117000000000005054,한남동 636-4도,도,국유지,851.5835688533261,127.00525745622119,37.5333259476075,161.54720511,187.47827765,411.24036592,652.99930541,165,미지정,1
279779,1117000000000005055,한남동 772-18도,도,국유지,88.27827319316566,127.00435253919663,37.53741104992869,247.99128026,353.26733328,458.94127962,227.35847444,165,미지정,1
279780,1117000000000005056,한남동 638-2도,도,국유지,693.1588575183414,127.0046786136711,37.53336937604491,123.45427182,188.50598755,440.75963789,652.56835143,165,미지정,1
279781,1117000000000005057,한남동 644-20도,도,국유지,322.10088940674905,127.00438406134805,37.53285165852989,164.80728054,136.05614513,409.66814117,713.06912981,165,미지정,1
279782,1117000000000005058,한남동 642-33 도,도,국유지,21.73378600552678,127.00468297314377,37.53255944707741,203.87124877,98.908296,367.8405807,741.80240832,165,미지정,1
279783,1117000000000005059,한남동 712-12도,도,국유지,98.0735961701721,127.00631585197038,37.53679111282256,202.36036327,202.24446581,575.96031654,275.11493565,165,미지정,1
279784,1117000000000005060,한남동 712-7도,도,국유지,272.51188171247486,127.00635916916838,37.53704545224553,228.19563211,228.07143896,590.55220689,248.73849771,165,미지정,1
279785,1117000000000005061,한남동 723-55도,도,국유지,16.332351492717862,127.00621446426425,37.537358497897884,265.11780727,264.99522748,594.33151881,211.85101966,165,미지정,1
279786,1117000000000005062,한남동 713-4도,도,국유지,155.44727607211098,127.00615443833745,37.537289039660514,259.30645427,259.18801757,586.05586205,218.05409771,165,미지정,1
279787,1117000000000005063,한남동 716-6 도,도,국유지,514.5958072114736,127.00522032852966,37.53696571577074,266.04349918,265.98240089,496.28589648,250.57362119,165,미지정,1
279788,1117000000000005064,한남동 717-2도,도,국유지,2700.7305027999682,127.00530694162775,37.536552913543645,226.11774269,226.07442856,483.43986752,295.27662003,165,미지정,1
279789,1117000000000005065,한남동 707-23 도,도,국유지,225.51743195578456,127.0056619745614,37.53644103317385,196.13949425,196.08263711,508.05994876,306.61784201,165,미지정,1
279790,1117000000000005066,한남동 716-4도,도,국유지,16.48951405484695,127.00547659369425,37.536520579813605,213.42000575,213.36933041,495.93845372,297.93317586,165,미지정,1
279791,1117000000000005067,한남동 718-1도,도,국유지,17.102611078880727,127.00515021307714,37.53652201711118,233.41328311,233.3799502,469.35096734,300.20555987,165,미지정,1
279792,1117000000000005068,한남동 717-12 도,도,국유지,434.35011143423617,127.00522293284702,37.53707817838955,275.90771709,275.84153334,502.49286148,238.17686924,165,미지정,1
279793,1117000000000005069,한남동 714-3 도,도,국유지,340.6966893626377,127.00530486958226,37.53701656069332,266.1266921,266.05926815,505.53801276,244.07468192,165,미지정,1
279794,1117000000000005070,한남동 714-2 도,도,국유지,212.19831328466535,127.00499962749718,37.53746601772024,322.47580994,322.40448758,508.60515061,199.94124459,165,미지정,1
279795,1117000000000005071,한남동 704-2 도,도,국유지,182.658391172532,127.00607085586672,37.535146275511764,87.46921571,87.55862341,580.3198088,452.19926461,165,미지정,1
279796,1117000000000005072,한남동 707-28 도,도,국유지,195.00043677911162,127.00565803842414,37.53638762122509,191.78550202,191.7324534,505.71176289,312.53890142,165,미지정,1
279797,1117000000000005073,한남동 707-68 도,도,국유지,31.831519925035536,127.005854511094,37.53616877488444,162.03756917,161.98720764,514.71096331,337.54262839,165,미지정,1
279798,1117000000000005074,한남동 710-2 도,도,국유지,741.2586651481688,127.00568623170695,37.536026150918836,161.27143682,161.2462015,496.0898142,352.69856157,165,미지정,1
279799,1117000000000005075,한남동 706-2도,도,국유지,378.9829416871071,127.00581162103387,37.535855657969776,140.61481032,140.59886866,502.28378638,372.01284774,165,미지정,1
279800,1117000000000005076,한남동 707-42 도,도,국유지,856.7381391497329,127.00616891929438,37.53575064640821,109.17449829,109.14022705,644.76931716,386.49211979,165,미지정,1
279801,1117000000000005077,한남동 707-16 도,도,국유지,133.8995181452483,127.00629281897436,37.53547410260073,81.22594067,81.22555902,612.73184118,418.40722553,165,미지정,1
279802,1117000000000005078,한남동 705-1도,도,국유지,981.1389983585104,127.00594239630271,37.53558915999047,114.24742392,114.2581638,508.00313569,402.26335901,165,미지정,1
279803,1117000000000005079,한남동 705-2 도,도,국유지,1183.906845633639,127.00560657178485,37.53583013903057,153.61134312,153.61219011,483.98415779,374.36908872,165,미지정,1
279804,1117000000000005080,한남동 707-12 도,도,국유지,236.72469839453697,127.00559691059775,37.53640703239062,196.93185197,196.88136363,501.36134039,310.34038457,165,미지정,1
279805,1117000000000005081,한남동 707-73도,도,국유지,21.67877801321447,127.00587164419306,37.5361435188537,158.929094,158.87953649,515.38008888,340.44347314,165,미지정,1
279806,1117000000000005082,한남동 707-47 도,도,국유지,294.4597434196621,127.00598938173762,37.53587895136807,130.48180724,130.44870935,518.17893685,370.56388085,165,미지정,1
279807,1117000000000005083,한남동 705-5 도,도,국유지,389.2057358874008,127.00567637930092,37.53562781870881,136.92219653,136.94439477,485.54616682,396.88303217,165,미지정,1
279808,1117000000000005084,한남동 705-8 도,도,국유지,62.49642826989293,127.00585481708784,37.53534337947995,110.49327757,110.55098102,605.68042035,428.99083797,165,미지정,1
279809,1117000000000005085,한남동 704-1도,도,국유지,21.262136552482843,127.00611852018454,37.535216049596315,84.46445238,84.53721532,587.11747151,444.90417858,165,미지정,1
279810,1117000000000005086,한남동 707-2도,도,국유지,859.3023447792511,127.00616035001926,37.53544491804891,89.60758264,89.62682946,611.44401925,420.06753033,165,미지정,1
279811,1117000000000005087,한남동 634-4도,도,국유지,101.95295117422938,127.00574336870973,37.533308624683286,197.04296292,199.16673494,391.95685375,654.35058125,165,미지정,1
279812,1117000000000005088,한남동 633-2도,도,국유지,36.54143037565518,127.00571099776286,37.5332421655481,198.838977,191.26789448,386.16196407,661.67619348,165,미지정,1
279813,1117000000000005089,한남동 632-13도,도,국유지,647.5324819206144,127.00558605177363,37.53282267273155,221.32092905,144.6235139,348.2887466,708.16101163,165,미지정,1
279814,1117000000000005090,한남동 704-22도,도,국유지,272.121101759607,127.00628119483545,37.53520653512014,70.18503997,70.25327241,583.5697849,447.66447602,165,미지정,1
279815,1117000000000005091,한남동 634-5도,도,국유지,12.178830169839785,127.00568533333335,37.533338,190.96556547,200.10816887,396.87474497,651.01030952,165,미지정,1
279816,1117000000000005092,한남동 636-6도,도,국유지,50.22112978040241,127.00564191854676,37.5333137918091,189.27803736,196.16603524,395.83381613,653.66319861,165,미지정,1
279817,1117000000000005093,한남동 639-9도,도,국유지,218.6756006188807,127.00526257042678,37.53293588438045,193.02473566,145.55431979,372.88388291,696.22878184,165,미지정,1
279818,1117000000000005094,한남동 632-6도,도,국유지,114.54962491616607,127.00578999356281,37.53266648381434,246.29646941,139.95182996,324.81312915,725.69236745,165,미지정,1
279819,1117000000000005095,한남동 77-2도,도,국유지,24.828285431023687,127.00634852528646,37.5340060796128,133.15118248,133.3411043,451.41667884,580.61210124,165,미지정,1
279820,1117000000000005096,한남동 634-13도,도,국유지,56.20476391352713,127.0062118734619,37.53376190641999,162.76318066,162.95284591,427.57357477,606.34429953,165,미지정,1
279821,1117000000000005097,한남동 76-38 도,도,국유지,101.56004178896546,127.0063410483918,37.53378197623877,155.82161098,156.00968747,427.19803771,605.25688772,165,미지정,1
279822,1117000000000005098,한남동 76-2 도,도,국유지,194.06504818587564,127.00630396992368,37.53392892812854,142.56176066,142.75160845,443.83251062,588.6897658,165,미지정,1
279823,1117000000000005099,한남동 78-11도,도,국유지,46.444264395628124,127.00644167715703,37.53353856479037,177.94308319,178.12657817,398.92914669,633.10516906,165,미지정,1
279824,1117000000000005100,한남동 634-7도,도,국유지,149.36347714811563,127.00594747731948,37.53330795917073,218.2659425,207.20459457,385.69667715,655.02549706,165,미지정,1
279825,1117000000000005101,한남동 224-2 도,도,국유지,158.01830384647474,127.00737014212403,37.53269863323607,264.16834892,264.3150339,297.4568711,738.7110989,165,미지정,1
279826,1117000000000005102,한남동 828-1 도,도,국유지,196.0790266195545,127.00754421790573,37.5324135678407,297.49261056,297.63426057,266.34074953,772.93695458,165,미지정,1
279827,1117000000000005103,한남동 226-1 도,도,국유지,760.0970675973222,127.007356974332,37.53266007396462,268.30636273,268.45377662,293.17430901,742.64961201,165,미지정,1
279828,1117000000000005104,한남동 634-18 잡,잡,국유지,44.78162493929267,127.00637133333333,37.533361666666664,198.53743648,198.72091412,381.09287683,651.92571749,165,미지정,1
279829,1117000000000005105,한남동 629-3도,도,국유지,454.0387430055998,127.00636324207169,37.53356941593118,176.96011442,177.14571043,403.73132514,628.92236878,165,미지정,1
279830,1117000000000005106,한남동 633-1도,도,국유지,497.2275784704834,127.00604125244145,37.53324196451095,221.35243813,205.09143284,376.13003168,662.77961663,165,미지정,1
279831,1117000000000005107,한남동 87-9 도,도,국유지,278.11896220513154,127.00704455885152,37.53275650661352,256.27711671,256.43624262,305.1134328,726.82736106,165,미지정,1
279832,1117000000000005108,한남동 84-3 도,도,국유지,447.78030229732394,127.00673806283139,37.53272358305584,261.43741459,206.20343936,305.13500631,726.17517385,165,미지정,1
279833,1117000000000005109,한남동 627-1 도,도,국유지,2332.7911096606404,127.00606594254143,37.532590495079546,288.28288606,150.36080496,307.35094579,735.09039504,165,미지정,1
279834,1117000000000005110,한남동 87-10 도,도,국유지,34.41300828102976,127.00614075152032,37.53259677537058,285.67796231,155.75331289,305.61409968,734.79599232,165,미지정,1
279835,1117000000000005111,한남동 704-19 도,도,국유지,352.54697240237147,127.00625626919222,37.53469578546055,81.68023241,81.85171996,528.1188704,503.63322648,165,미지정,1
279836,1117000000000005112,한남동 704-10 도,도,국유지,103.50126758485567,127.00627116628756,37.53452230085617,91.86169759,92.04590065,508.95540758,522.91197782,165,미지정,1
279837,1117000000000005113,한남동 657-207도,도,국유지,29.64962595072575,127.0062800051282,37.534354338240966,104.52941114,104.71879402,490.50745802,541.52339676,165,미지정,1
279838,1117000000000005114,한남동 635-5 도,도,국유지,153.41308483551256,127.0063567154763,37.53424850624508,109.70652074,109.89740238,477.69055588,553.97721125,165,미지정,1
279839,1117000000000005115,한남동 635-2도,도,국유지,226.33355356147513,127.00634454184276,37.53412373779753,121.95406349,122.14473315,464.2939237,567.5998085,165,미지정,1
279840,1117000000000005116,한남동 72-15 도,도,국유지,166.649241425097,127.00793347738174,37.534849973099455,81.22113001,81.16673475,538.65821133,525.38342485,165,미지정,1
279841,1117000000000005117,한남동 72-8 도,도,국유지,586.814260430634,127.00748026272151,37.53400530187506,123.52349535,123.64253202,442.61645742,600.39529016,165,미지정,1
279842,1117000000000005118,한남동 704-13 도,도,국유지,124.32654349785298,127.00625054263321,37.53482998677081,75.7806841,75.93507204,542.85725913,488.78115974,165,미지정,1
279843,1117000000000005119,한남동 703-8도,도,국유지,33.460623665945604,127.00638111961301,37.53441425681617,93.67932728,93.86925866,495.4025558,535.99464494,165,미지정,1
279844,1117000000000005120,한남동 703-2도,도,국유지,103.77126950770617,127.00635036194483,37.534364451024885,99.68402633,99.87420986,490.44467686,541.1362395,165,미지정,1
279845,1117000000000005121,한남동 66-13도,도,국유지,19.02090219128877,127.00647548341068,37.53429434846141,99.76245891,99.95311321,480.883643,550.30690892,165,미지정,1
279846,1117000000000005122,한남동 259-2도,도,국유지,237.3808676470071,127.00795463267694,37.53353540576206,187.50874182,187.60759774,393.90717299,662.6388294,165,미지정,1
279847,1117000000000005123,한남동 72-22 도,도,국유지,54.909023663029075,127.00730039404493,37.534445788715196,72.11629798,72.23597511,491.39027807,549.01879469,165,미지정,1
279848,1117000000000005124,한남동 66-17 도,도,국유지,84.65210619568825,127.00707781740928,37.53449504067443,63.35078224,63.50618136,497.43661767,538.65412894,165,미지정,1
279849,1117000000000005125,한남동 66-8도,도,국유지,253.41620821971446,127.00730908241238,37.53458793185205,57.56001044,57.66506608,507.15895186,534.08053002,165,미지정,1
279850,1117000000000005126,한남동 703-7 도,도,국유지,124.523391677998,127.00657839540992,37.53442433574917,82.71293093,82.90353827,493.77992402,537.41798282,165,미지정,1
279851,1117000000000005127,한남동 66-2 도,도,국유지,990.8851508749649,127.00701479759734,37.53443024767807,70.60155111,70.7655048,490.56415143,544.32544251,165,미지정,1
279852,1117000000000005128,한남동 75-2 도,도,국유지,252.8065921701491,127.00755316361413,37.53363838351894,164.39651873,164.52111408,402.13617111,641.33028591,165,미지정,1
279853,1117000000000005129,한남동 76-23 도,도,국유지,721.4803838972002,127.0072420244377,37.533719150632805,150.34232431,150.48848489,410.8400715,625.75325586,165,미지정,1
279854,1117000000000005130,한남동 76-5 도,도,국유지,3257.4441241247114,127.00721314764246,37.53386589686313,133.8756519,134.02250288,427.18975789,609.32001099,165,미지정,1
279855,1117000000000005131,한남동 76-30 도,도,국유지,438.3113314611837,127.00687794383585,37.534005334873875,118.71034746,118.88170516,444.48616345,587.87570381,165,미지정,1
279856,1117000000000005132,한남동 79-1 도,도,국유지,253.84780823159963,127.00669995445116,37.533202559409254,209.140713,209.31356888,358.09505578,673.0733734,165,미지정,1
279857,1117000000000005133,한남동 79-4도,도,국유지,119.63532941415906,127.0066968580214,37.53314547622757,215.44657201,215.61917073,351.88952164,679.30376118,165,미지정,1
279858,1117000000000005134,한남동 707-60 도,도,국유지,522.5706065101549,127.00678136151915,37.53492718730466,28.6711732,28.84584912,547.15014699,485.96126232,165,미지정,1
279859,1117000000000005135,한남동 707-17 도,도,국유지,545.0729305585846,127.00671896692792,37.53493609681366,33.01661322,33.18131228,548.67234916,483.8369901,165,미지정,1
279860,1117000000000005136,한남동 707-71도,도,국유지,2426.5114793982357,127.00659890929269,37.53482719170257,48.23889906,48.41468515,537.86542908,493.66424397,165,미지정,1
279861,1117000000000005137,한남동 75-3도,도,국유지,26.37837038980797,127.00768971228462,37.53361588353787,170.38592762,170.50096335,400.35191538,647.07865002,165,미지정,1
279862,1117000000000005138,한남동 75-5 도,도,국유지,123.75462895305827,127.00761546504962,37.53372378235768,156.9341382,157.05135676,411.87667658,633.73424928,165,미지정,1
279863,1117000000000005139,한남동 76-10도,도,국유지,334.0031058348832,127.00736126504741,37.533313430578396,196.33499427,196.47762613,365.68919685,671.99967184,165,미지정,1
279864,1117000000000005140,한남동 76-20 도,도,국유지,254.1950753889978,127.00720578662808,37.533511294079425,173.01527659,173.16540583,387.87347446,647.50469204,165,미지정,1
279865,1117000000000005141,한남동 76-34 도,도,국유지,32.95577119849622,127.00710005427396,37.53370414327529,151.15114763,151.30707018,409.67328319,624.58776747,165,미지정,1
279866,1117000000000005142,한남동 76-12 도,도,국유지,604.1489831669605,127.0072314633943,37.53336552322073,189.32337473,189.472864,371.6308649,663.78857088,165,미지정,1
279867,1117000000000005143,한남동 226-2 도,도,국유지,11.374463504180312,127.0068642095731,37.53302043093288,227.61051778,227.77668225,335.98170289,695.26855866,165,미지정,1
279868,1117000000000005144,한남동 81-1 도,도,국유지,261.41664901329204,127.00696191992046,37.53303823445347,225.1583655,225.32088134,336.9414834,694.76397212,165,미지정,1
279869,1117000000000005145,한남동 263-12도,도,국유지,30.493427127599716,127.00913081802588,37.533963080317406,220.50814721,220.50806399,465.07884336,660.07378636,165,미지정,1
279870,1117000000000005146,한남동 263-23도,도,국유지,66.10270907869563,127.00910667826669,37.533819122084545,228.05922,228.07125056,449.33138581,673.21032312,165,미지정,1
279871,1117000000000005147,한남동 263-27도,도,국유지,31.920712295919657,127.00904546240525,37.53396517557878,214.14025139,214.14372997,462.80727718,656.33470105,165,미지정,1
279872,1117000000000005148,한남동 263-14도,도,국유지,273.53817552141845,127.00894665662526,37.533993323644566,205.19927383,205.20500157,463.03745581,649.54574435,165,미지정,1
279873,1117000000000005149,한남동 30-9 도,도,국유지,625.1270394101739,127.00863200382628,37.53459930931907,148.65338735,148.60932303,520.78400183,577.03256545,165,미지정,1
279874,1117000000000005150,한남동 261-7도,도,국유지,145.03692074678838,127.00840409558108,37.53367090155563,195.37489903,195.43600794,415.83415565,662.1996353,165,미지정,1
279875,1117000000000005151,한남동 73-5도,도,국유지,786.5900676585734,127.00830723876449,37.53382121450604,176.96663977,177.02427537,430.35710508,643.52746487,165,미지정,1
279876,1117000000000005152,한남동 260-1 도,도,국유지,952.0246344609186,127.00827771192564,37.533708620997295,185.34917483,185.41639449,417.59155063,654.19579885,165,미지정,1
279877,1117000000000005153,한남동 253-6도,도,국유지,31.98503324110061,127.00861391100548,37.53263142902417,303.2531555,303.34641087,310.61044419,776.55881318,165,미지정,1
279878,1117000000000005154,한남동 263-11도,도,국유지,53.212552793556824,127.00908656920764,37.53405709223585,211.56473928,211.55878573,473.6356124,649.03208736,165,미지정,1
279879,1117000000000005155,한남동 264-5도,도,국유지,58.57391170784831,127.00905485842684,37.53363393915034,237.65560359,237.68291682,428.46790767,689.47976106,165,미지정,1
279880,1117000000000005156,한남동 263-13도,도,국유지,23.548135335557163,127.008817774422,37.53398873443033,196.34031701,196.35286823,459.21576011,644.89523351,165,미지정,1
279881,1117000000000005157,한남동 264-1도,도,국유지,224.65688170213252,127.0087280062587,37.533864103195576,199.09368653,199.12131627,443.72449219,653.94463263,165,미지정,1
279882,1117000000000005158,한남동 263-28도,도,국유지,80.74843497388065,127.00884147798094,37.53386531069671,206.56383627,206.58521488,446.69982661,658.12679355,165,미지정,1
279883,1117000000000005159,한남동 72-16 도,도,국유지,693.022811422823,127.00798251515988,37.534166039937986,129.16265817,129.21816716,463.6473776,597.45726025,165,미지정,1
279884,1117000000000005160,한남동 63-1 도,도,국유지,1269.2683920534328,127.00806528666985,37.534986750249246,89.69419331,89.60427052,554.96904432,516.2641773,165,미지정,1
279885,1117000000000005161,한남동 253-9도,도,국유지,58.0693666562438,127.00854395416279,37.5327641442971,287.32449632,287.41706795,322.3368597,760.60211971,165,미지정,1
279886,1117000000000005162,한남동 253-8도,도,국유지,30.06715412158519,127.00845516943991,37.53285791973899,274.48733235,274.58124723,329.79486866,748.14730403,165,미지정,1
279887,1117000000000005163,한남동 759-4도,도,국유지,233.64153155696113,126.99994450432462,37.5326127694154,407.02321633,218.17014085,250.73461887,321.00094201,165,미지정,1
279888,1117000000000005164,한남동 726-469 도,도,국유지,994.6788934066426,127.00218807783723,37.54510049853815,229.19943044,98.07441558,1149.47862053,461.57571442,165,미지정,1
279889,1117000000000005165,한남동 760-31 도,도,국유지,345.87105650961166,126.99953703385084,37.532653429341295,400.7245705,224.39152331,252.98422678,285.08552555,165,미지정,1
279890,1117000000000005166,한남동 726-408 도,도,국유지,509.0527133960277,127.0041937276914,37.54000722869659,199.49906525,563.99155642,668.63148038,152.9026324,165,미지정,1
279891,1117000000000005167,한남동 755-15도,도,국유지,32.01930905831978,126.99920330290031,37.53279147099673,386.36817631,223.47309458,247.84374835,256.56119012,165,미지정,1
279892,1117000000000005168,한남동 405-3도,도,국유지,17.290252180944663,127.01114317115838,37.53099676595745,329.192669,578.3963413,351.99573665,1034.27187908,165,미지정,1
279893,1117000000000005169,한남동 11-401도,도,국유지,186.874877310358,127.0114205310288,37.53184427411043,309.3321755,526.03676488,412.54109788,965.31260961,165,미지정,1
279894,1117000000000005170,한남동 11-400도,도,국유지,366.24905449245125,127.01167617215981,37.532023043699525,284.16477174,529.95808823,442.01185399,961.02396737,165,미지정,1
279895,1117000000000005171,한남동 11-417도,도,국유지,292.4835488945246,127.0117628962491,37.53204605215495,279.92668621,534.27984112,449.92385526,963.22110059,165,미지정,1
279896,1117000000000005172,한남동 11-14도,도,국유지,99.00143114896491,127.01170898523581,37.53225349308031,258.66197707,516.33727843,457.85637955,941.5817034,165,미지정,1
279897,1117000000000005173,한남동 11-383도,도,국유지,12.532154936343431,127.01137813398564,37.532196336986296,273.49917742,497.40483905,429.96813384,930.41936754,165,미지정,1
279898,1117000000000005174,한남동 11-337도,도,국유지,256.3816235419363,127.01124819249411,37.53236111774759,260.87652351,476.9172479,431.290214,908.82799611,165,미지정,1
279899,1117000000000005175,한남동 434-3도,도,국유지,102.17712810059311,127.01094772070469,37.53076533728577,300.53376197,588.41123587,328.19690204,1049.06730251,165,미지정,1
279900,1117000000000005176,한남동 428-1도,도,국유지,217.88151789741823,127.01108468657515,37.53101985241634,326.45918119,573.17207692,347.89196897,1029.57202011,165,미지정,1
279901,1117000000000005177,한남동 425도,도,국유지,30.23951913230121,127.01055421627468,37.53097321692349,286.34595009,549.55864679,301.97532271,1013.00975114,165,미지정,1
279902,1117000000000005178,한남동 419-1도,도,국유지,280.008710721042,127.01055023669555,37.531038088573965,290.805729,543.42102141,304.24953731,1006.36898688,165,미지정,1
279903,1117000000000005179,한남동 422-1도,도,국유지,156.4023230014718,127.01008588961716,37.53082707970061,244.75409828,541.42068008,257.52207613,1010.7159254,165,미지정,1
279904,1117000000000005180,한남동 726-263도,도,국유지,29.301545618101954,127.00303599999998,37.54660133333333,237.72830404,174.99773653,1137.39032616,641.06922596,165,미지정,1
279905,1117000000000005181,한남동 732-197도,도,국유지,164.20105952979065,126.9989581811492,37.53321498681681,341.92628083,198.26029749,215.94666448,244.25392019,165,미지정,1
279906,1117000000000005182,한남동 726-466도,도,국유지,1918.155030379945,127.00261726747574,37.54626038129947,238.70113739,148.28873531,1085.13949135,595.41570894,165,미지정,1
279907,1117000000000005183,한남동 729-44도,도,국유지,1421.102912581875,127.00262182095949,37.537998818251346,89.28045388,300.05955042,406.00547336,295.09847829,165,미지정,1
279908,1117000000000005184,한남동 381-1도,도,국유지,118.53501164354384,127.01011796656458,37.53107375842091,266.36051422,519.27337388,270.84562862,986.73452029,165,미지정,1
279909,1117000000000005185,한남동 390-9도,도,국유지,11.207983068889007,127.01098865164116,37.531186078628735,330.96665937,553.46203322,346.3304705,1009.2999336,165,미지정,1
279910,1117000000000005186,한남동 390-5도,도,국유지,107.67482990445569,127.01086792099429,37.53133910510812,334.04278278,533.54833445,343.3565916,989.29119363,165,미지정,1
279911,1117000000000005187,한남동 390-6도,도,국유지,94.93157052330207,127.01060218063448,37.53137296844751,319.86504136,516.04699178,323.99786154,975.10488396,165,미지정,1
279912,1117000000000005188,한남동 463-1 도,도,국유지,219.83126483904198,127.00997524008004,37.530211111148304,195.02999405,484.33923351,232.58659676,1070.36404763,165,미지정,1
279913,1117000000000005189,한남동 455-1도,도,국유지,156.47645681462018,127.01042726199806,37.53056134434658,249.66754832,582.09329934,278.15797679,1049.80640042,165,미지정,1
279914,1117000000000005190,한남동 459-2도,도,국유지,1369.878080379567,127.01032798764547,37.530197012445235,221.56457554,514.31648621,263.52741748,1083.46256556,165,미지정,1
279915,1117000000000005191,한남동 421-1 도,도,국유지,37.02320954017341,127.01009868865926,37.53101044727081,260.04091582,524.40780024,266.32980208,992.48039906,165,미지정,1
279916,1117000000000005192,한남동 418-1도,도,국유지,145.44853735365905,127.01040997724793,37.53126040896368,299.09931428,516.08647894,303.16910546,978.75840688,165,미지정,1
279917,1117000000000005193,한남동 461 도,도,국유지,1341.6542062037624,127.01002709620971,37.53047239515118,215.16639901,479.80196512,241.49707945,1045.08344405,165,미지정,1
279918,1117000000000005194,한남동 459-8 도,도,국유지,166.3070612763986,127.00998740038344,37.53012014402006,190.93101822,488.82298135,232.9507445,1080.1699147,165,미지정,1
279919,1117000000000005195,한남동 755-8 도,도,국유지,407.1829975277651,126.99915151608343,37.53258668789175,409.37434244,245.54215352,270.64267442,250.88979639,165,미지정,1
279920,1117000000000005196,한남동 726-406 도,도,국유지,154.0873363101855,127.00412743735015,37.54038819362574,191.38747117,521.30544615,702.25511889,184.9390164,165,미지정,1
279921,1117000000000005197,한남동 732-243 도,도,국유지,16.303948018699884,126.99806033333334,37.532827,402.48018941,285.12556559,298.10241373,156.89443866,165,미지정,1
279922,1117000000000005198,한남동 732-185도,도,국유지,130.470758496318,126.99788257243107,37.53285367463659,404.99563177,295.17727181,290.66001624,142.06349444,165,미지정,1
279923,1117000000000005199,한남동 754-7 도,도,국유지,68.21268443303416,126.99855242841741,37.53284737882602,388.57911534,252.57315075,269.74737416,200.18128515,165,미지정,1
279924,1117000000000005200,한남동 752-15 도,도,국유지,21.983740624738857,126.99961615305666,37.533046421835486,357.21816896,181.51734308,209.0744912,296.54769469,165,미지정,1
279925,1117000000000005201,한남동 732-129도,도,국유지,330.99242754856823,126.9982651156458,37.533124901993666,365.43016103,249.95859293,261.38215154,182.90660013,165,미지정,1
279926,1117000000000005202,한남동 752-16 도,도,국유지,42.800176337594166,126.99956564412867,37.533029999618,358.95451379,185.06435665,212.09178184,291.83476246,165,미지정,1
279927,1117000000000005203,한남동 752-13 도,도,국유지,29.262643035966903,126.99949662783557,37.53308736166053,352.56069579,182.15379416,207.93442886,287.01310069,165,미지정,1
279928,1117000000000005204,한남동 753-18도,도,국유지,21.184290608623996,126.99889258138457,37.53302572501351,363.55654214,217.89807856,236.87077335,233.35308021,165,미지정,1
279929,1117000000000005205,한남동 459-4도,도,국유지,280.77676719333977,127.01067015280739,37.530286562506554,253.09145565,619.28810094,294.53166146,1086.42075593,165,미지정,1
279930,1117000000000005206,한남동 458-1도,도,국유지,58.21822606306523,127.01078028233216,37.53049770042407,272.53674218,604.5768004,307.39449916,1069.24902319,165,미지정,1
279931,1117000000000005207,한남동 457-2도,도,국유지,18.045746843330562,127.0109013116789,37.53049671586482,281.8707562,610.55722137,317.91809029,1073.97156539,165,미지정,1
279932,1117000000000005208,한남동 434-2도,도,국유지,36.851806012913585,127.0110015218954,37.53055737481698,292.86150066,609.99492983,327.81564764,1071.83343777,165,미지정,1
279933,1117000000000005209,한남동 368-1 도,도,국유지,11.727837556041777,127.00947158552904,37.531783979506486,301.63375598,422.29426125,270.90945118,891.76329666,165,미지정,1
279934,1117000000000005210,한남동 371-2 도,도,국유지,35.42877593031153,127.00949395620471,37.53163812478656,287.75631399,437.30950451,260.87175796,907.48150113,165,미지정,1
279935,1117000000000005211,한남동 370 도,도,국유지,31.200609220191836,127.00950030639834,37.531732573180314,297.48197642,428.5009308,268.59815787,898.00612358,165,미지정,1
279936,1117000000000005212,한남동 371 도,도,국유지,35.88003768818453,127.00952958418773,37.5316534565049,290.65792158,437.39466033,264.32814179,907.10826606,165,미지정,1
279937,1117000000000005213,한남동 390-12도,도,국유지,117.47885776683688,127.00984039347001,37.53205615150376,342.90802278,414.98203009,315.28068803,877.36758968,165,미지정,1
279938,1117000000000005214,한남동 390-2도,도,국유지,52.129950150847435,127.00998806611469,37.53210427236232,353.68652693,418.64382045,328.25479267,878.22700595,165,미지정,1
279939,1117000000000005215,한남동 458-2도,도,국유지,11.54653129633516,127.01087419031434,37.53045006343811,277.33668195,613.54407471,314.72543306,1077.59386328,165,미지정,1
279940,1117000000000005216,한남동 390-1도,도,국유지,79.7694359254092,127.00971264270638,37.53206026393245,338.37420431,408.01483884,307.855321,872.18902385,165,미지정,1
279941,1117000000000005217,한남동 390-13도,도,국유지,99.855178758502,127.01043363591705,37.532168078151095,314.94925525,438.87915534,361.88760594,890.09630951,165,미지정,1
279942,1117000000000005218,한남동 390-14도,도,국유지,207.9314120709896,127.01069930030036,37.53204543916305,314.06221899,464.89584123,371.46263033,913.41592263,165,미지정,1
279943,1117000000000005219,한남동 1-288도,도,국유지,25.12317779660225,127.01059033333334,37.532253,299.40496466,441.69958731,378.52101795,888.63152838,165,미지정,1
279944,1117000000000005220,한남동 390-7도,도,국유지,138.1630569351837,127.01078279202169,37.53201977402253,313.00550918,472.07335003,375.67058178,919.5484089,165,미지정,1
279945,1117000000000005221,한남동 128-1 도,도,국유지,89.80174438189715,127.00947970182432,37.530713928100646,199.40040336,426.04986163,203.04086764,1002.71600055,165,미지정,1
279946,1117000000000005222,한남동 129-3 도,도,국유지,236.28102287370712,127.00944823644926,37.5308258193588,207.69793105,420.40258973,205.5716329,990.09642761,165,미지정,1
279947,1117000000000005223,한남동 390-3도,도,국유지,206.72440541733522,127.0104374474287,37.532194431966666,312.34955624,436.96968354,364.0744898,887.69360101,165,미지정,1
279948,1117000000000005224,한남동 11-322도,도,국유지,159.2930215880042,127.0108476717063,37.532339190797316,279.26692376,451.59751514,402.04565868,891.95261276,165,미지정,1
279949,1117000000000005225,한남동 390-4도,도,국유지,178.87543511285912,127.0110634958867,37.5316099932909,344.19765618,522.15308462,372.34959601,971.34441176,165,미지정,1
279950,1117000000000005226,한남동 130-1도,도,국유지,18.698006800026633,127.0099559268101,37.53102864935292,253.1187271,516.29637752,255.77193531,985.63278594,165,미지정,1
279951,1117000000000005227,한남동 130 도,도,국유지,23.93656775355339,127.00994909289618,37.531053153005466,254.79697991,513.63627603,256.43529841,982.89342094,165,미지정,1
279952,1117000000000005228,한남동 381-4도,도,국유지,98.19358423486119,127.00982370589607,37.531213155585526,261.97165429,492.71828245,255.32915556,962.22070012,165,미지정,1
279953,1117000000000005229,한남동 381-2도,도,국유지,40.62827254389413,127.00978815525777,37.531304554187294,268.49195283,482.35789074,258.11674253,951.6526071,165,미지정,1
279954,1117000000000005230,한남동 381-6도,도,국유지,30.023686117259786,127.0099246508196,37.531003841746994,249.22889211,517.32819269,252.08355538,987.09423278,165,미지정,1
279955,1117000000000005231,한남동 129-5도,도,국유지,15.284073672140948,127.00986912195124,37.5310055198973,246.20517694,514.7777992,247.75268623,985.03202535,165,미지정,1
279956,1117000000000005232,한남동 135-5도,도,국유지,15.951125227380544,127.00957103761789,37.53142356242315,269.7145057,461.42598224,250.36537097,932.1040996,165,미지정,1
279957,1117000000000005233,한남동 373-4도,도,국유지,71.66707114200108,127.00958931022286,37.531459334268696,273.96994401,458.7365839,254.11039712,929.03903523,165,미지정,1
279958,1117000000000005234,한남동 372-1 도,도,국유지,15.56845567934215,127.00958693047679,37.531503211720214,278.14116404,454.38858875,257.04123647,924.45517779,165,미지정,1
279959,1117000000000005235,한남동 373-3도,도,국유지,29.567376068793237,127.00952246593678,37.531483994912634,273.58244654,453.48049163,251.30891176,924.27508143,165,미지정,1
279960,1117000000000005236,한남동 365-1도,도,국유지,47.02910115197301,127.00948880037546,37.531538332881375,277.60270587,446.7618126,253.02760468,917.56856402,165,미지정,1
279961,1117000000000005237,한남동 465-7 도,도,국유지,82.03762387018651,127.00982723866468,37.53012260757349,178.7573652,475.50424751,218.82596807,1074.91257707,165,미지정,1
279962,1117000000000005238,한남동 471-3도,도,국유지,103.43365341599565,127.0095300907036,37.53014626267368,158.30452353,450.12731556,192.77782902,1063.58609203,165,미지정,1
279963,1117000000000005239,한남동 471-7 도,도,국유지,178.74619260290638,127.0098238361278,37.530263949617186,187.01592701,469.76615645,219.91300532,1060.11152718,165,미지정,1
279964,1117000000000005240,한남동 386-3도,도,국유지,32.77529002027586,127.00975610745287,37.531342636236666,270.45215401,477.28109923,258.14379549,946.65749116,165,미지정,1
279965,1117000000000005241,한남동 373-5 도,도,국유지,48.84904006868601,127.00966712805837,37.53139367302607,271.09012719,468.46043531,255.06594332,938.39869963,165,미지정,1
279966,1117000000000005242,한남동 481-1 도,도,국유지,64.55068237811793,127.00929058036982,37.53049202335362,169.71511358,416.97046565,178.97338893,1020.42859568,165,미지정,1
279967,1117000000000005243,한남동 128-2 도,도,국유지,180.2019779421389,127.00941079175968,37.530673257163336,192.10199225,421.32333459,195.70020763,1004.90116641,165,미지정,1
279968,1117000000000005244,한남동 452-2도,도,국유지,17.59936020663008,127.0096437993311,37.53063529877369,202.16906043,442.30275131,213.5722481,1015.93264628,165,미지정,1
279969,1117000000000005245,한남동 471-6 도,도,국유지,117.59447672963142,127.00973805188956,37.530241180654045,179.36665454,463.4852086,212.0817939,1059.83666605,165,미지정,1
279970,1117000000000005246,한남동 474-2 도,도,국유지,552.6101510394365,127.0097506826024,37.530456120482384,195.07929133,456.91517322,217.25106556,1037.87319284,165,미지정,1
279971,1117000000000005247,한남동 473-1 도,도,국유지,414.0909462008858,127.00959242528123,37.53045625101574,184.78755584,443.56831638,203.6441532,1032.99807806,165,미지정,1
279972,1117000000000005248,한남동 149-11 도,도,국유지,22.89656322193332,127.0088362654956,37.531447299200224,247.38390521,356.51825039,205.63789645,907.14075966,165,미지정,1
279973,1117000000000005249,한남동 373-2도,도,국유지,58.15853398665786,127.0094181331984,37.531612408057136,282.33048639,436.55183843,254.06083738,907.61005706,165,미지정,1
279974,1117000000000005250,한남동 149-7 도,도,국유지,265.97912409109995,127.00897976177478,37.531391639262836,245.20928373,441.91993625,209.39932605,917.05795451,165,미지정,1
279975,1117000000000005251,한남동 371-1 도,도,국유지,41.476636135950685,127.00944819422106,37.5316274800536,284.96236274,436.36430987,257.13355231,907.05035817,165,미지정,1
279976,1117000000000005252,한남동 370-2 도,도,국유지,39.55384954321198,127.0094025403026,37.5316763702877,288.24303428,429.6634409,258.0854275,900.50857029,165,미지정,1
279977,1117000000000005253,한남동 369-3도,도,국유지,17.03504143562168,127.00936394145313,37.53169608810826,288.89973273,426.10463983,257.28374644,897.20804584,165,미지정,1
279978,1117000000000005254,한남동 370-3 도,도,국유지,39.60288191400468,127.00945416076293,37.53171114854265,293.6254566,428.52466653,264.03735963,898.64826558,165,미지정,1
279979,1117000000000005255,한남동 368-8 도,도,국유지,107.62515950994566,127.00940218032389,37.531802986752965,301.14655476,417.3946084,268.26352867,887.47454717,165,미지정,1
279980,1117000000000005256,한남동 339-5도,도,국유지,27.129489328712225,127.0092821628398,37.53181633134455,298.60453244,410.92740282,262.35018299,882.13545628,165,미지정,1
279981,1117000000000005257,한남동 350-1 도,도,국유지,28.198696218430996,127.00925778546993,37.53185602145301,301.98596241,406.0284312,264.33972191,877.24625572,165,미지정,1
279982,1117000000000005258,한남동 339-8도,도,국유지,39.75482918322086,127.00935677042979,37.5318836010693,307.93870158,407.63667787,272.31019763,877.67383885,165,미지정,1
279983,1117000000000005259,한남동 348-3 도,도,국유지,49.88853991078213,127.00923455278082,37.53190708524236,306.63347394,400.07106375,267.45586736,871.22095152,165,미지정,1
279984,1117000000000005260,한남동 348-1 도,도,국유지,20.664671286940575,127.00931001028563,37.53189673771659,307.82402994,404.32170259,270.76388228,874.7667342,165,미지정,1
279985,1117000000000005261,한남동 120-3도,도,국유지,94.82440380065236,127.00857621891161,37.53079552265674,171.55749613,346.64729227,138.158148,969.55004815,165,미지정,1
279986,1117000000000005262,한남동 132-1 도,도,국유지,335.0824908085633,127.00926022641531,37.53101882772688,217.11631205,399.77620666,201.70225783,964.30510024,165,미지정,1
279987,1117000000000005263,한남동 143-2도,도,국유지,63.84391113370657,127.00892646834659,37.531016607252596,204.4705003,370.85570266,177.66116473,955.04721187,165,미지정,1
279988,1117000000000005264,한남동 126-10 도,도,국유지,19.33563960995525,127.00902167562997,37.531054112971425,211.49207368,378.33038284,186.84650423,953.72253226,165,미지정,1
279989,1117000000000005265,한남동 126-7 도,도,국유지,321.5107594705187,127.00923964128027,37.53089810220147,204.52683276,400.65341934,193.07732079,976.33696419,165,미지정,1
279990,1117000000000005266,한남동 143-1도,도,국유지,36.98887763917446,127.00882407045924,37.53106040034478,205.97761924,361.03750226,173.87194633,947.66320269,165,미지정,1
279991,1117000000000005267,한남동 517-4도,도,국유지,186.30952528811758,127.00862855941695,37.53036536687466,127.57109801,367.22797748,118.96818514,1016.79104815,165,미지정,1
279992,1117000000000005268,한남동 495-1 도,도,국유지,126.62497626896948,127.00885872144106,37.530108433507664,112.66414724,397.60790955,133.28759312,1049.72850346,165,미지정,1
279993,1117000000000005269,한남동 143-6 도,도,국유지,134.07872217451222,127.00900269167731,37.53121663710749,227.61132943,373.80485435,197.20982244,936.09228472,165,미지정,1
279994,1117000000000005270,한남동 143-5도,도,국유지,23.774626271799207,127.00905258682349,37.531293872017066,237.19294197,377.11868596,206.27382249,929.41733399,165,미지정,1
279995,1117000000000005271,한남동 142-1도,도,국유지,155.7687097004382,127.0091003443965,37.53123453671106,232.64763246,382.09906637,204.96982195,937.02546851,165,미지정,1
279996,1117000000000005272,한남동 143-8도,도,국유지,50.12937822903041,127.00913053832355,37.5311512954664,225.22365356,386.0271596,201.0843038,946.62742963,165,미지정,1
279997,1117000000000005273,한남동 509-8 도,도,국유지,116.3193872612901,127.0084321894099,37.53010268108853,94.1854754,364.37758783,95.66930646,1040.63203382,165,미지정,1
279998,1117000000000005274,한남동 516-4도,도,국유지,91.86735075362958,127.00839967857333,37.530217371420434,105.53209259,355.89582008,94.93862372,1027.5854135,165,미지정,1
279999,1117000000000005275,한남동 488-1도,도,국유지,358.2573084796313,127.0092109222186,37.53028264156102,147.46042971,418.30579952,166.64235375,1040.29296692,165,미지정,1
280000,1117000000000005276,한남동 118-6도,도,국유지,12.404910700395703,127.00923182667724,37.530670934625,182.69872981,406.15678428,181.0043312,999.95446458,165,미지정,1
280001,1117000000000005277,한남동 522-2도,도,국유지,729.0451460964978,127.00753845450144,37.530499880744934,141.86459089,273.91824302,55.82641216,981.0592895,165,미지정,1
280002,1117000000000005278,한남동 519-4도,도,국유지,42.232636113185436,127.00817303875337,37.53052010375532,135.70149391,323.45533319,91.25061844,990.21440878,165,미지정,1
280003,1117000000000005279,한남동 149-6 도,도,국유지,552.6747422402259,127.00870921836355,37.531695671627794,271.56114205,401.6770931,221.30251129,877.44210414,165,미지정,1
280004,1117000000000005280,한남동 516-13도,도,국유지,37.425719200633466,127.00838570659677,37.5303839566623,123.20949249,346.76009013,99.7221667,1009.34879766,165,미지정,1
280005,1117000000000005281,한남동 139 도,도,국유지,16861.8872443313,127.0085994306986,37.53217715614556,322.58019977,348.52324813,263.6198698,823.6869534,165,미지정,1
280006,1117000000000005282,한남동 115-3 도,도,국유지,1385.5258000930771,127.00832693940035,37.531237212902106,216.11367529,314.37438715,160.2313422,916.42180911,165,미지정,1
280007,1117000000000005283,한남동 174-1도,도,국유지,240.0499947235221,127.00838830241109,37.53178351769512,276.9872477,382.96344587,216.13303088,859.63089559,165,미지정,1
280008,1117000000000005284,한남동 174-2도,도,국유지,42.29061550763436,127.00843109974485,37.531986144127444,299.73907916,362.87806595,238.19141234,839.23076652,165,미지정,1
280009,1117000000000005285,한남동 183-3 도,도,국유지,50.99204216711223,127.00835969917918,37.53209112972939,310.78469868,349.79148854,246.57509857,826.23090495,165,미지정,1
280010,1117000000000005286,한남동 200-2도,도,국유지,10.73696358781308,127.00828555763665,37.53216241997868,318.24939081,340.18140168,251.75589616,816.74603608,165,미지정,1
280011,1117000000000005287,한남동 557-55도,도,국유지,20.061962993699126,127.00680764009782,37.529619003585985,118.69820277,288.31391423,65.63077137,876.03887299,165,미지정,1
280012,1117000000000005288,한남동 88-1 도,도,국유지,4847.325497308222,127.0072654166534,37.53179956581144,286.89449335,217.22725867,197.8270138,834.81385119,165,미지정,1
280013,1117000000000005289,한남동 107-13 도,도,국유지,2213.117064972059,127.0067813746924,37.531358601420685,256.1273398,177.49175855,157.13183019,876.90737867,165,미지정,1
280014,1117000000000005290,한남동 830-1 도,도,국유지,451.850998054666,127.00765764150417,37.53190047957939,291.21107517,252.69965912,210.57466653,830.69167636,165,미지정,1
280015,1117000000000005291,한남동 557-110 도,도,국유지,31.814494784921408,127.0067105837188,37.52994541103916,141.38556568,254.86820434,57.53583438,1032.19033126,165,미지정,1
280016,1117000000000005292,한남동 533-2 도,도,국유지,746.8019523289986,127.00692582923254,37.52895212797974,109.80381512,355.19567983,124.29225187,854.30988635,165,미지정,1
280017,1117000000000005293,한남동 557-106 도,도,국유지,273.40389773162315,127.00668345566757,37.529051464769694,127.25378459,334.78348324,122.6562687,838.95377809,165,미지정,1
280018,1117000000000005294,한남동 534-1 도,도,국유지,251.12458422780037,127.00690220472953,37.529070433992246,107.94115334,342.96721376,112.58535201,857.51408739,165,미지정,1
280019,1117000000000005295,한남동 828-2 도,도,국유지,77.65043620701181,127.00707862280755,37.53217371618975,320.96451667,207.80008077,240.4387489,791.07632894,165,미지정,1
280020,1117000000000005296,한남동 200-1도,도,국유지,81.2065187743865,127.00806814613031,37.532156677800586,317.14339658,335.15521271,245.53258596,811.96389667,165,미지정,1
280021,1117000000000005297,한남동 208-1도,도,국유지,116.81133799999952,127.00794121259707,37.53233516512001,312.99181225,313.11897597,262.28237073,789.88634957,165,미지정,1
280022,1117000000000005298,한남동 557-17도,도,국유지,14.945917392149568,127.00686334383545,37.529616129635706,113.91033546,291.60087334,62.31858917,880.27205695,165,미지정,1
280023,1117000000000005299,한남동 557-13도,도,국유지,38.053917502984405,127.0067887492051,37.52973071839821,124.51527073,277.55332192,59.37825294,1056.57817448,165,미지정,1
280024,1117000000000005300,한남동 557-118도,도,국유지,185.5505719606299,127.00675679798033,37.52981528426915,130.95123772,268.5072102,57.48770369,1046.95956415,165,미지정,1
280025,1117000000000005301,한남동 525-13 도,도,국유지,2084.029366705392,127.00687629506649,37.52948169195145,109.09616483,304.11650369,73.08193008,874.59753537,165,미지정,1
280026,1117000000000005302,한남동 538-3도,도,국유지,103.3474301211536,127.00685896459254,37.52864501789359,130.7498621,381.77145175,158.62705658,836.29072437,165,미지정,1
280027,1117000000000005303,한남동 537-4도,도,국유지,37.872882874682546,127.0070279934378,37.528759838103866,111.2714828,378.11390742,142.6624117,854.77993756,165,미지정,1
280028,1117000000000005304,한남동 537-1도,도,국유지,12.900623054243624,127.00703701013941,37.52879949404309,108.28127449,374.77304183,138.19094459,857.10954989,165,미지정,1
280029,1117000000000005305,한남동 557-9도,도,국유지,11.007047422754113,127.00667152881758,37.52988755080214,141.29130222,257.52156038,62.13756063,1038.26214013,165,미지정,1
280030,1117000000000005306,한남동 525-1 도,도,국유지,20.571950050769374,127.00694730058815,37.530182201239874,140.67263269,251.03747654,40.35411375,1008.29101679,165,미지정,1
280031,1117000000000005307,한남동 525-9 도,도,국유지,74.16487230476923,127.00686832447091,37.530247181878316,150.70523148,241.03489427,49.9426969,1000.32277833,165,미지정,1
280032,1117000000000005308,한남동 537-6도,도,국유지,175.0070250495919,127.00690681792702,37.52876945910645,119.91055112,371.75376317,144.18477084,845.17662247,165,미지정,1
280033,1117000000000005309,한남동 532-4 도,도,국유지,34.9492842098698,127.0072206777544,37.52896297936842,85.35351155,368.58094358,117.75752706,878.8861946,165,미지정,1
280034,1117000000000005310,한남동 504-2잡,잡,국유지,25.266295216977596,127.00890478198407,37.529605088526495,79.68915773,428.43909624,144.46827925,1104.62447826,165,미지정,1
280035,1117000000000005311,한남동 526-4 도,도,국유지,104.18443654291332,127.00685599058377,37.52990785951036,128.22849624,266.55513002,45.78704249,1037.63691111,165,미지정,1
280036,1117000000000005312,한남동 557-117도,도,국유지,11.061018957581837,127.00671911869918,37.52989733200295,138.093156,259.39896322,57.79388181,1037.57412294,165,미지정,1
280037,1117000000000005313,한남동 525-11 도,도,국유지,200.78509372938424,127.00677407924952,37.53013069854725,148.41193648,243.72708464,52.83415132,1012.28161457,165,미지정,1
280038,1117000000000005314,한남동 538-2도,도,국유지,68.37824750621803,127.00682599999999,37.528688333333335,130.62389904,376.15741056,154.86729535,835.26793618,165,미지정,1
280039,1117000000000005315,한남동 537-5도,도,국유지,14.20540433935821,127.00696333333335,37.52873033333333,117.85142532,378.01312068,147.1098738,848.27128364,165,미지정,1
280040,1117000000000005316,한남동 557-121 도,도,국유지,27.557242606417276,127.00665881547404,37.528916873501835,133.35780475,346.82074857,136.8860658,831.0298783,165,미지정,1
280041,1117000000000005317,한남동 532-2 도,도,국유지,27.35122259426862,127.007284126076,37.5290153738044,77.81658593,367.1573588,111.51842777,886.2688995,165,미지정,1
280042,1117000000000005318,한남동 533-1 도,도,국유지,27.115727700700518,127.00708610926196,37.52907435196575,92.10252942,351.63004072,107.45786878,872.62501898,165,미지정,1
280043,1117000000000005319,한남동 536-4도,도,국유지,137.8598682001466,127.00711850154774,37.52888075583228,97.55924088,371.03210492,128.00175213,867.11129832,165,미지정,1
280044,1117000000000005320,한남동 557-21 도,도,국유지,9.947638265788555,127.00668833333334,37.52935066666667,123.94634638,306.58068031,94.69684305,853.28722989,165,미지정,1
280045,1117000000000005321,한남동 557-20 도,도,국유지,78.18302762508392,127.00666500173578,37.5294062785202,126.43635902,300.27774197,91.31158744,854.14518028,165,미지정,1
280046,1117000000000005322,한남동 525-15 도,도,국유지,84.52073737856699,127.00719018108835,37.52911980558296,81.9146132,352.90089914,100.8099251,883.06482109,165,미지정,1
280047,1117000000000005323,한남동 529-2 도,도,국유지,53.652498214971274,127.00683298972996,37.52926245721338,111.10383213,321.77636405,95.76737302,860.64942035,165,미지정,1
280048,1117000000000005324,한남동 557-120 도,도,국유지,47.19732637505513,127.00672319891916,37.52927620667914,120.7603288,315.20446321,99.53548125,852.50488102,165,미지정,1
280049,1117000000000005325,한남동 495-2 도,도,국유지,70.33907829225063,127.00920316982798,37.53004368193863,128.54293223,428.18711008,163.38353931,1065.36163895,165,미지정,1
280050,1117000000000005326,한남동 502-2도,도,국유지,84.02951746806502,127.00922849432803,37.52974539721363,112.22595366,445.15840331,168.351126,1097.6503897,165,미지정,1
280051,1117000000000005327,한남동 501-1도,도,국유지,195.37548503885046,127.0093470911099,37.52982476406984,125.56260667,450.29375073,177.39019449,1092.36142993,165,미지정,1
280052,1117000000000005328,한남동 557-16 도,도,국유지,556.1338381338865,127.00677124568554,37.52953695744619,119.43616737,293.66346578,74.2940283,869.03036647,165,미지정,1
280053,1117000000000005329,한남동 503-2도,도,국유지,79.45314871892333,127.00910779602421,37.52969709536157,100.28670624,438.49316219,158.98539403,1099.7053018,165,미지정,1
280054,1117000000000005330,한남동 499-1 도,도,국유지,20.174714629538357,127.00939609028285,37.529912284625986,134.07214455,449.84551448,180.79741081,1084.441074,165,미지정,1
280055,1117000000000005331,한남동 499-2 도,도,국유지,121.69575788266957,127.00945510122263,37.529849934300685,135.32903618,457.56848615,186.56940959,1092.63905787,165,미지정,1
280056,1117000000000005332,한남동 465-3 도,도,국유지,703.5545547762886,127.0097825159551,37.52985404434821,161.85201112,483.49941111,215.34404874,1101.57712163,165,미지정,1
280057,1117000000000005333,한남동 511-11도,도,국유지,201.05197960539954,127.00820432638822,37.529374250170775,13.15314854,393.74037173,103.68099028,1114.93834673,165,미지정,1
280058,1117000000000005334,한남동 803 도,도,국유지,73.3662666529417,127.00795840663233,37.52946334998104,21.56677885,370.83764744,81.49843149,1100.94066563,165,미지정,1
280059,1117000000000005335,한남동 399-9도,도,국유지,168.11337326746434,127.0087930774662,37.5295429344868,67.84825113,423.94752096,137.63806572,1108.72334724,165,미지정,1
280060,1117000000000005336,한남동 511-10도,도,국유지,43.449731875211,127.00808905226914,37.52930204583427,0.30922181,391.3850315,102.63578322,1120.73501564,165,미지정,1
280061,1117000000000005337,한남동 512-6도,도,국유지,384.3743609795347,127.00781467259218,37.529809551925695,61.61198743,336.50513265,46.78682079,1060.81827567,165,미지정,1
280062,1117000000000005338,한남동 504-3 도,도,국유지,90.65654524229467,127.00896154759587,37.529647352451036,86.25250723,430.21173829,147.85932073,1101.44482208,165,미지정,1
280063,1117000000000005339,한남동 467-2 도,도,국유지,175.5440273269778,127.00961492602733,37.52991231248835,151.06003877,467.33914275,200.10290484,1090.57772613,165,미지정,1
280064,1117000000000005340,한남동 466-3도,도,국유지,105.38119360164274,127.0097690789425,37.52996092693788,165.66074919,477.57406943,213.47648743,1090.0075571,165,미지정,1
280065,1117000000000005341,한남동 465-2 도,도,국유지,56.96293511544354,127.00989652567526,37.52999293593386,177.34254022,486.55436903,224.66359273,1090.53611559,165,미지정,1
280066,1117000000000005342,한남동 465-5도,도,국유지,57.54661890305579,127.00988831583136,37.530067000198876,180.42262551,482.78665073,223.98430379,1082.57987609,165,미지정,1
280067,1117000000000005343,한남동 459-5도,도,국유지,587.7783156803343,127.0101115479123,37.52998540958858,194.3101124,504.46906501,243.67921063,1098.07712783,165,미지정,1
280068,1117000000000005344,한남동 467-7도,도,국유지,20.012854958884418,127.01001883333336,37.52981916666667,180.06627882,504.12097256,236.49443792,1112.38504622,165,미지정,1
280069,1117000000000005345,한남동 510-4도,도,국유지,264.21496362955077,127.00859961144215,37.52951040507441,50.84677842,411.96216821,123.62652227,1107.9977035,165,미지정,1
280070,1117000000000005346,한남동 511-8 도,도,국유지,35.424893006216735,127.00790556447893,37.529513967275925,28.82780041,363.61999521,74.19407769,1094.54535331,165,미지정,1
280071,1117000000000005347,한남동 513-3 도,도,국유지,273.09664579248056,127.00802107668174,37.52990604080154,67.61301386,344.86483636,60.1847193,1053.84967186,165,미지정,1
280072,1117000000000005348,한남동 568-7도,도,국유지,185.74731069803238,127.00596080939059,37.52957439445799,190.58342369,254.1950373,132.72770249,807.80134614,165,미지정,1
280073,1117000000000005349,한남동 557-112도,도,국유지,472.03410451859236,127.00615358397847,37.52978252420341,179.29223937,241.10073172,109.37721484,834.07113803,165,미지정,1
280074,1117000000000005350,한남동 598-1도,도,국유지,259.13123398518655,127.00600722954576,37.53007266129715,203.05310424,206.74941084,119.28060707,839.80179918,165,미지정,1
280075,1117000000000005351,한남동 524-1 도,도,국유지,1289.805912495125,127.00642481300156,37.53057921127143,204.50186784,187.28030464,103.11067502,959.93819598,165,미지정,1
280076,1117000000000005352,한남동 524-5 도,도,국유지,53.42100827489048,127.00657271077033,37.53054149891347,192.28643872,200.01254627,90.27567417,965.18983446,165,미지정,1
280077,1117000000000005353,한남동 524-2 도,도,국유지,16.696839907672256,127.00617958206031,37.53065818683901,226.35238367,165.26648304,125.83180066,949.78043207,165,미지정,1
280078,1117000000000005354,한남동 548-2도,도,국유지,670.0136947575957,127.00613220755729,37.528171994218795,213.47765662,405.83032916,231.70113843,758.1785164,165,미지정,1
280079,1117000000000005355,한남동 548-4 도,도,국유지,116.28783252183348,127.00601604690598,37.528244070963574,217.46822029,395.28940965,229.7723744,751.06503786,165,미지정,1
280080,1117000000000005356,한남동 557-10도,도,국유지,127.62119125435129,127.00659108595332,37.5298395664668,145.3566917,257.23959306,70.38457452,870.78609121,165,미지정,1
280081,1117000000000005357,한남동 605-2 도,도,국유지,24.72160882555181,127.00648766388889,37.53021206666666,174.07062987,219.66714876,79.61495134,1000.99419079,165,미지정,1
280082,1117000000000005358,한남동 605-3 도,도,국유지,352.9689606669708,127.0064262295627,37.53041237532425,192.00568827,199.88400586,93.00400013,978.4116367,165,미지정,1
280083,1117000000000005359,한남동 541-1 도,도,국유지,1144.8559902356938,127.00619170450825,37.52769459670202,244.63617456,458.20527229,277.67256409,748.1231999,165,미지정,1
280084,1117000000000005360,한남동 555-1도,도,국유지,754.0149454106577,127.00632644606858,37.52818047968021,199.23142319,410.20272786,223.34651743,774.76981841,165,미지정,1
280085,1117000000000005361,한남동 553-1도,도,국유지,59.966180910822004,127.00622275351056,37.52829802194955,198.90593697,394.90561015,215.59596086,770.28818721,165,미지정,1
280086,1117000000000005362,한남동 554-2 도,도,국유지,397.7041531056748,127.00632813793297,37.52839313078352,185.316724,388.01966394,201.94999481,782.60296882,165,미지정,1
280087,1117000000000005363,한남동 554-3 도,도,국유지,46.39834376517683,127.00617636226521,37.52835768224266,198.75993261,387.33254949,211.7407554,768.64865682,165,미지정,1
280088,1117000000000005364,한남동 539-1도,도,국유지,509.25267974834424,127.00657624544647,37.528491515920344,160.99365418,386.11007667,182.92916213,806.94279232,165,미지정,1
280089,1117000000000005365,한남동 556-5 도,도,국유지,40.1000192881329,127.0063690029358,37.52842692375128,180.25127862,385.77488731,196.98213463,787.27688986,165,미지정,1
280090,1117000000000005366,한남동 557-58 도,도,국유지,862.1793637234368,127.00657431240818,37.5286998615683,149.51009638,365.00064082,161.81193698,814.9965992,165,미지정,1
280091,1117000000000005367,한남동 557-116도,도,국유지,38.8538766046986,127.00624175411362,37.528786161511604,172.93453165,344.53401628,168.49930826,791.42658357,165,미지정,1
280092,1117000000000005368,한남동 557-93도,도,국유지,84.2805942678824,127.00582615991544,37.52897547239359,203.22624527,312.64188888,177.94497118,766.56075933,165,미지정,1
280093,1117000000000005369,한남동 557-89도,도,국유지,63.42856787936762,127.0061047121646,37.52910851266981,176.67501357,306.81267084,149.71737607,795.1460975,165,미지정,1
280094,1117000000000005370,한남동 612-15도,도,국유지,16.24547187425196,127.00569407065217,37.53105856159421,287.99659825,103.62317888,186.75107328,903.99405458,165,미지정,1
280095,1117000000000005371,한남동 611-1 도,도,국유지,542.3095995178446,127.00588563208875,37.53113992551691,282.25499728,111.84589759,179.88147549,895.28378836,165,미지정,1
280096,1117000000000005372,한남동 611-14도,도,국유지,13.366259530186653,127.0059367062997,37.530878696758414,258.69751812,132.91270783,157.57211522,924.40058812,165,미지정,1
280097,1117000000000005373,한남동 611-7도,도,국유지,10.266243541613221,127.00597713823855,37.530916433667784,258.96581078,132.91519616,157.36236149,920.33743548,165,미지정,1
280098,1117000000000005374,한남동 611-8잡,잡,국유지,14.705327239818871,127.00599947676228,37.530898891038476,256.19305167,135.67639623,154.60148182,922.3568987,165,미지정,1
280099,1117000000000005375,한남동 611-9 잡,잡,국유지,11.875065164640546,127.00563330689798,37.53105847542338,291.96087216,99.65543787,190.99628897,903.96944089,165,미지정,1
280100,1117000000000005376,한남동 109-3 도,도,국유지,524.1730978433043,127.00677431071894,37.530796980822984,202.82416286,198.84711789,100.49061721,938.75593999,165,미지정,1
280101,1117000000000005377,한남동 568-11도,도,국유지,79.05600619543111,127.00560066716305,37.52956382364378,221.9056868,244.36948349,163.07301933,779.63155468,165,미지정,1
280102,1117000000000005378,한남동 618-9도,도,국유지,96.89329135697335,127.00546479442136,37.53158344539502,330.60147442,58.50413494,240.99574392,845.78174969,165,미지정,1
280103,1117000000000005379,한남동 618-4도,도,국유지,51.00225070363376,127.00564183599407,37.531465955792775,323.45026571,76.8389301,220.76095388,858.7474599,165,미지정,1
280104,1117000000000005380,한남동 622-5 도,도,국유지,97.38367504387861,127.00581579609481,37.53166553740641,337.03069894,88.65823802,227.86520078,836.80808303,165,미지정,1
280105,1117000000000005381,한남동 580-1도,도,국유지,252.84231029613875,127.00576993396317,37.530275688471974,231.87498271,176.78538196,142.98053317,834.80116791,165,미지정,1
280106,1117000000000005382,한남동 563-2도,도,국유지,104.02748971822439,127.00587638721234,37.52989373950081,206.41219761,218.84132438,131.42703942,819.43422654,165,미지정,1
280107,1117000000000005383,한남동 649-16도,도,국유지,78.8033592812717,127.00413733937091,37.53187242068135,268.28583776,63.62321001,351.0291371,823.81306243,165,미지정,1
280108,1117000000000005384,한남동 647-11도,도,국유지,1586.6262542452896,127.00390868533688,37.532203583917116,230.56575027,99.18109742,389.36026357,791.09897916,165,미지정,1
280109,1117000000000005385,한남동 647-43도,도,국유지,10.879221113398671,127.00412920288551,37.53196319176435,258.18680319,68.40209582,357.6005837,813.97911578,165,미지정,1
280110,1117000000000005386,한남동 614-5도,도,국유지,20.478381893597543,127.00472502179642,37.5315577489022,311.36392994,15.08404002,288.48077259,852.05650863,165,미지정,1
280111,1117000000000005387,한남동 647-6도,도,국유지,85.36119372863322,127.00440290752552,37.532018624528334,255.32847125,52.65950294,342.5802669,804.37192765,165,미지정,1
280112,1117000000000005388,한남동 620-190도,도,국유지,75.09994043130428,127.00487590810533,37.53205343748504,262.47733225,42.44766761,314.67658706,796.10230337,165,미지정,1
280113,1117000000000005389,한남동 642-32도,도,국유지,22.042854264378548,127.00496400000002,37.53224933333333,245.05364118,65.20581371,325.5194132,773.82907569,165,미지정,1
280114,1117000000000005390,한남동 642-25도,도,국유지,116.10495055932552,127.00485175129907,37.53239528238493,226.28041829,80.09416172,344.29391394,758.47298571,165,미지정,1
280115,1117000000000005391,한남동 627-9 잡,잡,국유지,25.005455649108626,127.00579290009148,37.53224516941284,282.2979536,107.32648632,283.08061439,772.44679484,165,미지정,1
280116,1117000000000005392,한남동 605-4 도,도,국유지,54.019399910699576,127.00611181621719,37.530696975665116,233.68862204,157.95309096,133.20621733,945.1753091,165,미지정,1
280117,1117000000000005393,한남동 605-1도,도,국유지,90.24303333088756,127.00610684059863,37.530821391455596,243.39095221,148.47010341,141.81265352,931.36152807,165,미지정,1
280118,1117000000000005394,한남동 613-15도,도,국유지,210.4990759329521,127.00539984331046,37.531191282007086,317.17317656,74.60744468,216.34635345,889.39785187,165,미지정,1
280119,1117000000000005395,한남동 613-20 도,도,국유지,55.59844201843953,127.00565118256137,37.53119351298338,301.05630003,91.31666695,199.21190406,888.98888642,165,미지정,1
280120,1117000000000005396,한남동 622-4 도,도,국유지,24.878082023002207,127.00579766666668,37.53184466666667,319.21294225,89.08031517,244.99921635,816.89622703,165,미지정,1
280121,1117000000000005397,한남동 620-4도,도,국유지,3400.982970958401,127.00405938026421,37.53104874182313,359.08104327,96.20355541,312.93334575,775.1491936,165,미지정,1
280122,1117000000000005398,한남동 578-12 도,도,국유지,145.32636640779674,127.00475274241711,37.53101775830298,370.3226751,73.06110634,255.35040036,911.55420436,165,미지정,1
280123,1117000000000005399,한남동 620-112도,도,국유지,1981.1355700496351,127.00323761441257,37.530730744924256,398.06146698,174.21673357,372.41881584,700.01174649,165,미지정,1
280124,1117000000000005400,한남동 568-295도,도,국유지,486.9976413776749,127.00429997223435,37.53005321862542,345.21810478,185.54204835,270.0613246,715.87352886,165,미지정,1
280125,1117000000000005401,한남동 573-29도,도,국유지,231.0303911381052,127.00480877549894,37.52994897246284,298.781825,191.49032261,225.19349218,744.52127456,165,미지정,1
280126,1117000000000005402,한남동 605-5 도,도,국유지,115.94604922737926,127.0062279149674,37.53055814767184,215.83699687,176.04287213,116.23713846,961.10525025,165,미지정,1
280127,1117000000000005403,한남동 807-4 도,도,국유지,163.35107550560497,127.00398734386324,37.52927866767762,362.56509655,275.71453649,308.78852134,642.26949449,165,미지정,1
280128,1117000000000005404,한남동 568-338도,도,국유지,321.938302601804,127.00396377932331,37.529549173809876,365.69356102,247.51336012,304.24464541,658.07306485,165,미지정,1
280129,1117000000000005405,한남동 569-5도,도,국유지,44.74476417514961,127.00409138507636,37.529287189285974,353.3641166,272.50521305,299.67582037,650.39845569,165,미지정,1
280130,1117000000000005406,한남동 568-379도,도,국유지,54.45666247326881,127.00410835077766,37.52966316318381,354.17152648,231.73324763,289.67043546,675.88703803,165,미지정,1
280131,1117000000000005407,한남동 568-45도,도,국유지,192.03019558405504,127.00366522311342,37.52979616924228,394.89916493,231.81851565,327.07273942,654.43176813,165,미지정,1
280132,1117000000000005408,한남동 806도,도,국유지,120.02604671451263,127.00551615320069,37.527929143773775,273.5820261,420.28941686,283.18965382,698.02896163,165,미지정,1
280133,1117000000000005409,한남동 568-202도,도,국유지,2272.7068702213,127.00526788999741,37.528770209137654,256.18991001,324.81845462,230.71659735,712.21433791,165,미지정,1
280134,1117000000000005410,한남동 542-23 도,도,국유지,224.87513454561122,127.00478610800396,37.52798095038246,326.56886957,409.92279457,320.47418709,638.87172045,165,미지정,1
280135,1117000000000005411,한남동 568-342 도,도,국유지,60.05462379101664,127.00499476476352,37.52818031310408,300.38700878,388.12262511,291.803993,663.95977131,165,미지정,1
280136,1117000000000005412,한남동 544-10도,도,국유지,286.0144867198542,127.00564258106373,37.527889572071295,266.91569005,426.41299007,280.61503761,707.35957432,165,미지정,1
280137,1117000000000005413,한남동 544-6도,도,국유지,127.27625823346898,127.00578276008787,37.527849591063834,259.70511222,433.06665663,277.96423447,717.92156316,165,미지정,1
280138,1117000000000005414,한남동 549-2 도,도,국유지,104.4714029901661,127.00588041933513,37.528120300826366,235.02329291,405.58083951,247.74253627,735.25488949,165,미지정,1
280139,1117000000000005415,한남동 568-351도,도,국유지,291.63579633506015,127.00461517651739,37.52793137486123,342.54676961,351.52422188,335.13047075,622.79200054,165,미지정,1
280140,1117000000000005416,한남동 807-9 도,도,국유지,43.111970981583,127.00472982527403,37.528115969014316,324.67846018,394.99871021,313.74239408,639.5518875,165,미지정,1
280141,1117000000000005417,한남동 542-24 도,도,국유지,106.93440605700016,127.00559053938841,37.52794188691132,267.34151393,419.91687177,278.29523378,704.7213546,165,미지정,1
280142,1117000000000005418,한남동 550-1도,도,국유지,104.85884058801457,127.00562628738052,37.52818569174034,250.32930666,393.81222569,254.42315472,716.43361398,165,미지정,1
280143,1117000000000005419,한남동 544-4도,도,국유지,59.27976852108259,127.00574699302166,37.527900523789825,258.76367294,426.9043455,274.70553715,716.53602365,165,미지정,1
280144,1117000000000005420,한남동 547-1도,도,국유지,159.5425641052425,127.00584898208561,37.528007867968235,244.43834034,417.10817132,259.85055457,728.71079113,165,미지정,1
280145,1117000000000005421,한남동 550-2도,도,국유지,71.27785424143076,127.0059207061684,37.52805408081572,236.29566102,413.56099057,252.21357041,736.32121238,165,미지정,1
280146,1117000000000005422,한남동 547-2도,도,국유지,93.85667117126286,127.00592666596984,37.52796733268876,241.63583124,423.04358463,260.32585527,733.90069756,165,미지정,1
280147,1117000000000005423,한남동 543-12도,도,국유지,9.962566739181057,127.0044519903168,37.52779437813884,362.28845834,330.59308254,356.06565419,604.08759614,165,미지정,1
280148,1117000000000005424,한남동 568-375도,도,국유지,51.27928715478629,127.00467157808812,37.528034735348506,333.09108521,404.13936398,323.63435963,631.48591657,165,미지정,1
280149,1117000000000005425,한남동 807-7 도,도,국유지,56.19395778700709,127.00452910087871,37.52846363521299,328.05590781,357.2252125,303.60389797,638.6261027,165,미지정,1
280150,1117000000000005426,한남동 568-122도,도,국유지,1227.7062302950071,127.00458835911424,37.52886364026776,313.18885703,312.5785658,276.10375521,663.44883631,165,미지정,1
280151,1117000000000005427,한남동 807-6 도,도,국유지,75.84382828022353,127.00433859569698,37.528810423856335,335.92175994,320.60645444,298.44150765,641.26303328,165,미지정,1
280152,1117000000000005428,한남동 568-105 도,도,국유지,199.39560601091944,127.00460487442395,37.52873965854039,314.17520215,326.22693165,281.49349999,658.2627211,165,미지정,1
280153,1117000000000005429,한남동 807-13 도,도,국유지,1023.058852563845,127.00326306159396,37.528038461279074,448.94645374,288.082568,423.22379506,517.31680017,165,미지정,1
280154,1117000000000005430,한남동 542-10 도,도,국유지,31.800896127708256,127.00466933492724,37.52726001110597,377.62302132,308.87347174,387.41667012,605.88917306,165,미지정,1
280155,1117000000000005431,한남동 542-22 도,도,국유지,36.42634639283642,127.00437645776104,37.52773788472933,371.11214631,321.43407266,365.22413907,595.72896703,165,미지정,1
280156,1117000000000005432,한남동 543-3 도,도,국유지,19.513069175882265,127.00445238495057,37.52776792475281,363.62056487,328.60462786,358.08244817,603.15911664,165,미지정,1
280157,1117000000000005433,한남동 542-12도,도,국유지,64.85285233380273,127.00440005531605,37.52704731871013,410.85124945,276.13836359,420.67951401,577.54582509,165,미지정,1
280158,1117000000000005434,보광동 568-516 도,도,국유지,366.7852248379495,127.00397666075553,37.527677386127976,405.63467017,291.82846351,395.84045239,560.1423242,58,미지정,0
280159,1117000000000005435,보광동 568-519 도,도,국유지,13.852446929086,127.00359868744098,37.527586951841364,440.0675351,262.40466746,427.87398839,525.29804244,58,미지정,0
280160,1117000000000005436,보광동 568-515 도,도,국유지,231.3804821362719,127.00393915500675,37.52770877904035,407.08522075,292.18244682,396.08331852,558.19067485,58,미지정,0
280161,1117000000000005437,한남동 543-13도,도,국유지,17.11930575594306,127.00439602884431,37.52777181680993,367.83241608,325.28503634,361.37009198,598.59251133,165,미지정,1
280162,1117000000000005438,한남동 568-521 도,도,국유지,29.07826857152395,127.00438833738193,37.52780130971661,366.94119868,327.0709855,359.61455739,599.03479676,165,미지정,1
280163,1117000000000005439,한남동 540-1도,도,국유지,109.88374144909903,127.00437751024508,37.5268469508504,426.27876001,263.40213963,439.52033368,571.51883938,165,미지정,1
280164,1117000000000005440,한남동 540-3 도,도,국유지,1402.6931222807616,127.00508678885413,37.526758999377535,387.18983379,316.64450533,413.61303811,632.07060986,165,미지정,1
280165,1117000000000005441,한남동 542-8 도,도,국유지,320.5209806584753,127.00473481925589,37.52731717094422,369.19067003,317.19071343,378.85693541,613.00443138,165,미지정,1
280166,1117000000000005442,한남동 544-11도,도,국유지,229.82077952474356,127.00530431052394,37.52768218179943,304.63521706,445.20045111,316.38285599,672.10754253,165,미지정,1
280167,1117000000000005443,한남동 540-7 도,도,국유지,261.6307052951306,127.00488539468026,37.52646416264811,423.32524634,289.3851673,450.86412334,610.80737973,165,미지정,1
280168,1117000000000005444,한남동 540-4 도,도,국유지,923.5264336331747,127.0049631329254,37.52681045870225,390.7030699,308.5983233,414.09928667,622.03932747,165,미지정,1
280169,1117000000000005445,한남동 542-5도,도,국유지,2417.3176583088934,127.00481423914479,37.527182984985764,372.77703075,315.2764867,386.62967422,616.4822139,165,미지정,1
280170,1117000000000005446,한남동 541 도,도,국유지,646.3589309388772,127.00560362607767,37.52723715592557,317.24906512,379.68567432,345.34380489,685.99756871,165,미지정,1
280171,1117000000000005447,한남동 542-11도,도,국유지,196.5197416432202,127.00499849435474,37.5274543719392,341.40358135,345.03110435,352.67648244,639.33681442,165,미지정,1
280172,1117000000000005448,한남동 542-4도,도,국유지,31.403527395799756,127.00530800000001,37.52740000000001,323.82886013,365.11106307,342.34991745,664.40781884,165,미지정,1
280173,1117000000000005449,한남동 543-4도,도,국유지,133.65367418411188,127.00528588074523,37.52752959227315,316.18542701,370.90361091,331.30246878,666.02660738,165,미지정,1
280174,1117000000000005450,한남동 544-2도,도,국유지,83.68368346942589,127.00534951748728,37.52753652670965,311.31268388,376.07716808,327.58329642,671.66240393,165,미지정,1
280175,1117000000000005451,한남동 544-3도,도,국유지,145.89214159734547,127.00554821784013,37.5276003379396,293.25204818,456.80794722,312.31489603,690.45278542,165,미지정,1
280176,1117000000000005452,한남동 544-7도,도,국유지,532.2245045303134,127.00552581509541,37.52767539589191,289.51327215,448.28110668,306.22650955,690.7348857,165,미지정,1
280177,1117000000000005453,한남동 541-3도,도,국유지,48.96905198832974,127.00577858496112,37.527752807105415,266.77594474,443.52979738,287.49606294,714.56947232,165,미지정,1
280178,1117000000000005454,한남동 544-12도,도,국유지,223.62028143834323,127.00545960919541,37.52777760197129,287.30426746,436.2476462,299.88300308,688.26556646,165,미지정,1
280179,1117000000000005455,한남동 759-42도,도,국유지,299.6087676449097,127.0004482098947,37.53239238390933,368.54795955,237.59588737,274.01172099,366.07942581,165,미지정,1
280180,1117000000000005456,한남동 754-29도,도,국유지,32.86287155468017,126.99892569840796,37.532904924477606,376.4012632,226.5756559,247.05144485,233.76133146,165,미지정,1
280181,1117000000000005457,한남동 753-14 도,도,국유지,340.3273414663272,126.99910702110978,37.53291706824253,373.18644363,216.16395078,238.54627095,249.80548752,165,미지정,1
280182,1117000000000005458,한남동 726-119도,도,국유지,305.83290235698223,127.00436586963659,37.54101821091315,218.77727018,456.09021324,773.76923304,229.01751931,165,미지정,1
280183,1117000000000005459,한남동 726-88도,도,국유지,230.3593884035945,127.00468078018594,37.54117970968702,250.41853771,445.40613439,802.79802143,233.88496532,165,미지정,1
280184,1117000000000005460,한남동 732-23도,도,국유지,2921.880746179726,126.99842266545441,37.534309257731884,237.37957548,182.84254972,174.12210889,267.75007222,165,미지정,1
280185,1117000000000005461,한남동 732-220도,도,국유지,20.139425262110308,126.99846852589714,37.53349041833091,321.36540088,211.55014814,219.82607672,215.76064903,165,미지정,1
280186,1117000000000005462,한남동 732-207도,도,국유지,97.46475633606315,126.99833336268944,37.53349555425833,324.45841534,221.35017653,228.24367026,205.57002421,165,미지정,1
280187,1117000000000005463,한남동 732-241 도,도,국유지,268.0214111581445,126.99876172265945,37.53363612638778,299.11303814,181.01147737,190.0110291,246.24272881,165,미지정,1
280188,1117000000000005464,한남동 732-122도,도,국유지,37.71363401506096,126.9984695363506,37.53334182212684,337.17164356,220.93172711,231.45276117,208.6108803,165,미지정,1
280189,1117000000000005465,한남동 732-240 도,도,국유지,3274.2880738159874,126.99905180736292,37.53360573199729,297.82648059,162.3367231,175.66228762,267.60130168,165,미지정,1
280190,1117000000000005466,한남동 760-10도,도,국유지,152.41005211044103,127.00026518175476,37.53303032140443,364.99576455,167.78392415,202.74903983,352.90940976,165,미지정,1
280191,1117000000000005467,한남동 685-21도,도,국유지,7817.7567185294465,127.0010963658851,37.5363464837753,140.25060778,208.69329303,180.76712746,519.48629794,165,미지정,1
280192,1117000000000005468,한남동 686-71도,도,국유지,120.87124819611199,126.99925066080965,37.53324969188006,335.34306054,178.73076818,199.80839678,270.14014813,165,미지정,1
280193,1117000000000005469,한남동 768-6 도,도,국유지,209.70401262416271,127.00201439543433,37.53133504891667,366.09558224,250.19562209,420.25279002,522.47466655,165,미지정,1
280194,1117000000000005470,한남동 683-87 도,도,국유지,51.0824539209716,127.00112492738039,37.536138844711154,143.14996124,187.32910335,161.13518932,542.52075688,165,미지정,1
280195,1117000000000005471,한남동 733-15도,도,국유지,1835.5876008876367,126.9951808459034,37.538264690551074,410.33751277,326.75652521,328.34279736,639.03564367,165,미지정,1
280196,1117000000000005472,한남동 726-461도,도,국유지,439.4635900994763,127.00608392933647,37.53830003197067,369.11080077,368.98113577,640.45081713,109.03641548,165,미지정,1
280197,1117000000000005473,한남동 722-35 도,도,국유지,18.249969492200762,127.00473527205948,37.53800959965958,275.75101784,385.6849426,527.50698634,152.87724446,165,미지정,1
280198,1117000000000005474,한남동 722-30 도,도,국유지,120.43685473990627,127.00470035122441,37.5380801321062,273.0937622,393.95855192,530.44841246,147.78069863,165,미지정,1
280199,1117000000000005475,한남동 726-413 도,도,국유지,273.56676121242344,127.00535713909308,37.53845788322756,336.02383686,405.21137203,601.63940801,85.4293661,165,미지정,1
280200,1117000000000005476,한남동 722-36 도,도,국유지,703.8655156381428,127.00451818352137,37.53753402033061,259.73666106,353.9807518,478.88756974,208.41919322,165,미지정,1
280201,1117000000000005477,한남동 722-26 도,도,국유지,16.469651793595403,127.00423309569189,37.537860531864204,231.21805783,397.99604799,483.61920182,191.75851473,165,미지정,1
280202,1117000000000005478,한남동 726-169 도,도,국유지,59.71621077693999,127.00407266666666,37.54058933333333,186.06754068,498.52444787,719.57682226,204.58500594,165,미지정,1
280203,1117000000000005479,한남동 산8-117 도,도,국유지,366.4893816364347,127.0046918900546,37.54219386095352,307.98610224,338.95862821,903.26670996,341.43896013,165,미지정,1
280204,1117000000000005480,한남동 726-153도,도,국유지,180.49732740968466,127.00390164420531,37.542637382485594,269.97234885,271.79524694,921.27823989,302.79861113,165,미지정,1
280205,1117000000000005481,한남동 827-1 도,도,국유지,105.37716311553959,127.00334722555772,37.539939134971604,126.54797189,451.39349248,626.23973721,215.08629382,165,미지정,1
280206,1117000000000005482,한남동 726-309도,도,국유지,108.62875512894243,127.00353992567004,37.54004322700799,141.60317514,471.93984134,644.12743773,204.43967986,165,미지정,1
280207,1117000000000005483,한남동 726-451 도,도,국유지,51.92819486674853,127.00354429826217,37.5402451877912,141.45385667,532.4173067,664.40216052,215.26058479,165,미지정,1
280208,1117000000000005484,한남동 726-37 도,도,국유지,16.12579078041017,127.00350647384427,37.540231770073,138.03981255,533.77780402,661.60934802,217.30142415,165,미지정,1
280209,1117000000000005485,한남동 726-414 도,도,국유지,53.05128879030235,127.00359675026966,37.54024821404579,147.14071538,532.29372861,666.73658124,211.54940382,165,미지정,1
280210,1117000000000005486,한남동 728-17 도,도,국유지,221.605679281638,127.00380063099772,37.53895634501888,212.46840121,431.35588523,551.75909211,161.24796747,165,미지정,1
280211,1117000000000005487,한남동 726-32 도,도,국유지,76.13260525581427,127.00396908615174,37.53917216974812,210.57183014,454.59177712,579.93516649,144.0563241,165,미지정,1
280212,1117000000000005488,한남동 726-108 도,도,국유지,86.58890341687948,127.00391203704334,37.53931050501275,198.45002605,456.69021577,589.91016353,149.53199302,165,미지정,1
280213,1117000000000005489,한남동 726-107 도,도,국유지,81.4685003850609,127.00388526155358,37.53942490291573,190.50347724,460.43685567,599.32295754,153.40948581,165,미지정,1
280214,1117000000000005490,한남동 726-27 도,도,국유지,56.622115696780384,127.00373960713154,37.53973810226649,165.73687758,466.95905671,622.55773838,174.69285119,165,미지정,1
280215,1117000000000005491,한남동 726-26 도,도,국유지,85.58288380503654,127.00370584928368,37.53985397459408,159.53416677,471.56047131,632.3413587,182.20639559,165,미지정,1
280216,1117000000000005492,한남동 726-103 도,도,국유지,107.43225631839596,127.00378046376018,37.539861532146396,165.7910069,477.49482026,636.26781205,176.51724152,165,미지정,1
280217,1117000000000005493,한남동 726-102 도,도,국유지,58.76027326285839,127.00373247030022,37.539981932031274,159.3089642,562.50938749,645.94463051,186.20082013,165,미지정,1
280218,1117000000000005494,한남동 796-6도,도,국유지,393.24034930439666,127.00368647119129,37.54350060700389,189.20953082,174.11942265,1005.75550521,355.21865242,165,미지정,1
280219,1117000000000005495,한남동 796-3도,도,국유지,318.4216377068078,127.00300493612411,37.54350842550723,225.27215366,171.70750572,990.17655323,321.1436052,165,미지정,1
280220,1117000000000005496,한남동 796-5도,도,국유지,240.7582343162503,127.00333452819875,37.54353160230453,204.0831742,167.24593206,1000.16646609,339.1565706,165,미지정,1
280221,1117000000000005497,한남동 693-3도,도,국유지,86.86059452651534,127.00325638938449,37.53758099105966,149.38417971,350.47267005,401.40360907,274.34898153,165,미지정,1
280222,1117000000000005498,한남동 729-26도,도,국유지,32.42439242301043,127.00338339585537,37.537609152372305,159.60556709,361.81500757,411.19178193,263.87578791,165,미지정,1
280223,1117000000000005499,한남동 729-29 도,도,국유지,162.06742850132287,127.00313359574108,37.53781454140944,134.40168317,341.59343769,414.55486718,266.8631884,165,미지정,1
280224,1117000000000005500,한남동 730-4 도,도,국유지,125.80721150781028,127.00325470502771,37.538029356906165,145.27629868,355.64613563,440.01242852,244.71594493,165,미지정,1
280225,1117000000000005501,한남동 728-6도,도,국유지,326.9023682748666,127.00301309685982,37.53863519007397,147.21546394,353.45908903,484.42208526,237.04240083,165,미지정,1
280226,1117000000000005502,한남동 653-109도,도,국유지,164.5744119916344,127.00059653173587,37.53295881589327,379.12203195,175.06471439,212.66820358,380.9594828,165,미지정,1
280227,1117000000000005503,한남동 752-17 도,도,국유지,120.10637577465968,126.99979551205402,37.53302595529601,360.24014305,177.63923389,207.49208322,311.79728154,165,미지정,1
280228,1117000000000005504,한남동 726-236 도,도,국유지,201.44027271214873,127.00231604662204,37.54351338078312,270.80662124,190.06720092,977.63305497,295.01140568,165,미지정,1
280229,1117000000000005505,한남동 796-1도,도,국유지,261.4057597926003,127.00236374316164,37.54360542764502,261.39382989,179.05444282,988.45537282,306.05811669,165,미지정,1
280230,1117000000000005506,한남동 726-492도,도,국유지,720.391542824218,127.00236592462842,37.54249232088864,221.0428147,294.24722215,867.45110589,195.61710863,165,미지정,1
280231,1117000000000005507,한남동 796-7도,도,국유지,559.9232054974418,127.0033741312184,37.543073692408754,244.0447656,218.14390265,952.34721481,301.20888643,165,미지정,1
280232,1117000000000005508,한남동 796-9도,도,국유지,53.334169805049896,127.00323527524905,37.54251748162452,247.7547249,279.81465374,889.71780285,248.57036282,165,미지정,1
280233,1117000000000005509,한남동 726-154도,도,국유지,247.32263352209702,127.00357304926959,37.54273277638971,269.91166926,257.04593638,921.59919943,286.76029127,165,미지정,1
280234,1117000000000005510,한남동 726-496도,도,국유지,978.0493441657163,127.00235083006649,37.54165175727884,129.42770747,385.002165,776.25217939,127.81081058,165,미지정,1
280235,1117000000000005511,한남동 726-495도,도,국유지,1551.013932467089,127.00227690676904,37.54191144346211,156.16075581,358.50367367,802.81192107,140.72497218,165,미지정,1
280236,1117000000000005512,한남동 795-4 도,도,국유지,83.67710153385997,127.0024630848865,37.542433995350294,216.22391943,298.23672828,863.01735283,195.30160195,165,미지정,1
280237,1117000000000005513,한남동 726-503도,도,국유지,537.545105549274,127.00265490042207,37.54174759216039,148.52404735,369.56942053,793.30690254,156.25719354,165,미지정,1
280238,1117000000000005514,한남동 726-41 도,도,국유지,875.4162328545935,127.00271000169376,37.542060640722546,182.48936912,334.4892917,828.10821436,180.31197155,165,미지정,1
280239,1117000000000005515,한남동 726-497도,도,국유지,439.5068752281368,127.00272188553383,37.541829257699526,159.22411464,359.73380421,803.62518969,166.05034075,165,미지정,1
280240,1117000000000005516,한남동 726-98 도,도,국유지,1244.4380230256356,127.00333799462976,37.54169048348059,177.04923046,371.57076915,805.47517689,208.07337278,165,미지정,1
280241,1117000000000005517,한남동 726-394 도,도,국유지,113.2459827400744,127.00338488792171,37.54186148599022,193.9913825,352.66151524,824.74509904,219.27203965,165,미지정,1
280242,1117000000000005518,한남동 726-184 도,도,국유지,193.2047059237957,127.00355560825825,37.54250186086221,260.30311961,282.43826961,896.82757662,269.29995905,165,미지정,1
280243,1117000000000005519,한남동 726-450 도,도,국유지,26.19949776213616,127.00351801247974,37.54031339960065,138.93412815,524.76085969,670.22568906,221.34681761,165,미지정,1
280244,1117000000000005520,한남동 727-34 도,도,국유지,1053.2758787586354,127.00263346373134,37.54137429755746,110.97330579,410.82656427,752.91911122,137.84184746,165,미지정,1
280245,1117000000000005521,한남동 산10-9도,도,국유지,1126.4825877728872,127.00231163975944,37.545693580912406,232.21761497,113.336019,1026.7463539,528.25714889,165,미지정,1
280246,1117000000000005522,한남동 726-321 도,도,국유지,232.53813888179138,127.00267916624136,37.54532844784921,189.59693347,63.25190003,1181.55624809,496.51051293,165,미지정,1
280247,1117000000000005523,한남동 726-363도,도,국유지,831.3690216937102,127.0028404199656,37.54533353882516,175.8226745,51.85819455,1184.7632376,501.1512051,165,미지정,1
280248,1117000000000005524,한남동 726-507도,도,국유지,23.500461004907265,127.00231674735672,37.54540660364496,222.74043834,95.64198821,1184.7750826,497.16231297,165,미지정,1
280249,1117000000000005525,한남동 726-385 도,도,국유지,48.1090249393601,127.00274353312946,37.54573054658512,198.5779113,91.001483,1226.48096796,541.02706377,165,미지정,1
280250,1117000000000005526,한남동 728-24도,도,국유지,858.3019780538743,127.00285271802002,37.53952390840916,107.86210676,388.79986283,566.07366202,225.49417459,165,미지정,1
280251,1117000000000005527,한남동 728-19 도,도,국유지,20.59889431949705,127.00285292968255,37.53929771888889,126.06933644,374.61188661,543.20559567,244.66169783,165,미지정,1
280252,1117000000000005528,한남동 726-468도,도,국유지,5957.708495621977,127.00222712283768,37.54406641511554,246.50209904,143.31663552,1036.67367859,350.85489075,165,미지정,1
280253,1117000000000005529,한남동 729-97 도,도,국유지,187.9476369181648,127.00194240168574,37.53838707528509,60.14416534,255.49634824,418.78093795,301.53708711,165,미지정,1
280254,1117000000000005530,한남동 682-2 도,도,국유지,18.470565965981223,127.00200936572845,37.53833731934855,58.64082159,258.81382928,415.77262831,308.33375099,165,미지정,1
280255,1117000000000005531,한남동 726-465도,도,국유지,1279.2044679051032,127.00234656107689,37.5460813388385,247.73699146,142.93887224,1054.09854993,571.08582868,165,미지정,1
280256,1117000000000005532,한남동 726-3 도,도,국유지,213.78337762563024,127.00273871200271,37.545863871424295,205.69410237,104.00100934,1240.96896488,555.20997279,165,미지정,1
280257,1117000000000005533,한남동 726-279 도,도,국유지,20.037971052341163,127.00284951199214,37.54620933773862,219.03098972,135.82002185,1280.43936728,594.7818726,165,미지정,1
280258,1117000000000005534,한남동 726-523 도,도,국유지,73.36446374980733,127.00287978030303,37.54636780931372,228.53127717,152.07052304,1110.90537942,612.47462162,165,미지정,1
280259,1117000000000005535,한남동 726-479도,도,국유지,1583.4056547976797,127.00234616790601,37.54713223994495,322.20682159,247.08319278,1126.82283171,686.00081813,165,미지정,1
280260,1117000000000005536,한남동 726-480도,도,국유지,626.414866473584,127.00245073733382,37.54672418160515,283.24453023,201.45632248,1104.85514079,642.90962043,165,미지정,1
280261,1117000000000005537,한남동 726-500도,도,국유지,879.9880821593106,127.00279862597945,37.54663061505297,254.15718258,182.10741162,1122.61293457,639.05948721,165,미지정,1
280262,1117000000000005538,한남동 726-261도,도,국유지,6728.023305753712,127.00425390129668,37.547393200761256,273.09812176,274.77126747,1435.24034468,758.40117556,165,미지정,1
280263,1117000000000005539,한남동 726-260도,도,국유지,409.6705367565155,127.00342442525161,37.54694653497411,249.98720713,212.11464485,1370.45910421,687.42364238,165,미지정,1
280264,1117000000000005540,한남동 726-478도,도,국유지,511.82140159606934,127.00264904386403,37.54717500739691,308.7726004,243.93941268,1150.23427965,695.33732529,165,미지정,1
280265,1117000000000005541,한남동 726-464도,도,국유지,206.05474877357483,127.00547539821821,37.54761502418012,300.21318182,344.84774419,1488.86703267,825.65720517,165,미지정,1
280266,1117000000000005542,한남동 726-364도,도,국유지,3681.7853790225927,127.00304736310781,37.54440139007467,165.22651577,73.98708729,1087.39361747,410.85214167,165,미지정,1
280267,1117000000000005543,한남동 726-93 도,도,국유지,207.4656443106942,127.00196192153616,37.5445249659055,253.52815301,130.86240468,1083.40071526,395.03899805,165,미지정,1
280268,1117000000000005544,한남동 726-477도,도,국유지,2159.7943487471202,127.00239391412066,37.54723037450577,327.67949279,256.01120693,1137.16094147,697.42157282,165,미지정,1
280269,1117000000000005545,한남동 742-22잡,잡,국유지,537.0869486425072,126.99948964209008,37.53859427847281,162.18079179,126.53239535,420.45824899,306.70718197,165,미지정,1
280270,1117000000000005546,한남동 742-8도,도,국유지,50.38959154044278,126.99867584829019,37.538142071053144,221.1913636,92.89001924,390.82830111,387.0309542,165,미지정,1
280271,1117000000000005547,한남동 726-494도,도,국유지,15377.799475243897,127.00184070062944,37.54080677922347,33.15679884,433.8692515,674.80013372,66.90187632,165,미지정,1
280272,1117000000000005548,한남동 728-23 도,도,국유지,11.540201558731496,127.00195473678991,37.539832350191254,37.99304187,352.63722622,571.94600804,151.04550491,165,미지정,1
280273,1117000000000005549,한남동 728-22 도,도,국유지,12.270961808157153,127.00195797601918,37.53988113988809,32.58711302,356.87907336,577.24974152,146.45699793,165,미지정,1
280274,1117000000000005550,한남동 772-17도,도,국유지,708.3919126624241,127.00066316375893,37.54287918965364,285.52999667,333.94206976,891.03721681,209.78011554,165,미지정,1
280275,1117000000000005551,한남동 726-476도,도,국유지,187.08476375043392,127.001871,37.54787133333333,412.01027523,338.69664183,1152.34656057,762.41548684,165,미지정,1
280276,1117000000000005552,한남동 726-516 도,도,국유지,5006.022934868932,127.00069205737256,37.5489661270058,571.99227518,492.9225151,1176.57811973,882.02541234,165,미지정,1
280277,1117000000000005553,한남동 747-10도,도,국유지,2064.050683292793,126.99740590078537,37.538706939977885,328.93454995,216.41468838,496.58088294,418.30420204,165,미지정,1
280278,1117000000000005554,한남동 747-22 도,도,국유지,240.10957992449403,126.99563284538809,37.53937428901553,451.02392559,303.63945284,285.42474796,519.7968837,165,미지정,1
280279,1117000000000005555,한남동 726-530 도,도,국유지,327.3630481911823,127.00184821414412,37.54331750697867,310.00762822,229.82580079,949.3226476,261.89991448,165,미지정,1
280280,1117000000000005556,한남동 726-94 도,도,국유지,3269.0197316332487,127.00175715598094,37.543627071145,344.69012046,207.36488136,982.20978339,293.75656905,165,미지정,1
280281,1117000000000005557,한남동 726-531 도,도,국유지,38.23348070960492,127.00189073182828,37.54324413494099,301.75988007,234.62687351,941.83316065,254.95984487,165,미지정,1
280282,1117000000000005558,한남동 733-56도,도,국유지,13.860433095134795,126.99505242250531,37.53757211983958,332.72295968,251.12175058,382.97304772,565.37254199,165,미지정,1
280283,1117000000000005559,한남동 733-53도,도,국유지,80.90115517249797,126.9953454531272,37.53795229978781,379.58515021,291.60429753,364.1380497,602.58003503,165,미지정,1
280284,1117000000000005560,한남동 733-81도,도,국유지,1943.3021359528066,126.99561821167805,37.53729114890625,316.86942946,219.16756494,436.93135997,526.69364599,165,미지정,1
280285,1117000000000005561,한남동 728-25 도,도,국유지,144.9137896290049,127.00205633470966,37.538919899922156,118.51307079,292.73829531,477.80016227,247.59810816,165,미지정,1
280286,1117000000000005562,한남동 728-11 도,도,국유지,133.83972002239898,127.00204800017103,37.53888243496159,114.34465243,289.84639466,473.63284327,251.29197881,165,미지정,1
280287,1117000000000005563,한남동 726-267도,도,국유지,251.4652306335047,127.00294565951594,37.545847341992186,188.93617516,94.97023954,1242.51543045,558.39683618,165,미지정,1
280288,1117000000000005564,한남동 726-506도,도,국유지,24.579302163794637,127.0023233527534,37.54556630353818,226.71485593,103.97390518,1019.71148409,514.62439597,165,미지정,1
280289,1117000000000005565,한남동 726-467도,도,국유지,2600.3880903860554,127.00251740646135,37.54550919034238,208.46403614,86.35027872,1198.84049491,512.23468056,165,미지정,1
280290,1117000000000005566,한남동 727-64 도,도,국유지,346.27355781546794,127.00233159057088,37.54024191444301,34.86981679,408.75723922,624.84058658,136.95350551,165,미지정,1
280291,1117000000000005567,한남동 728-21 도,도,국유지,380.84540419012774,127.00223080392689,37.539970056293164,33.88268311,380.38157232,593.38170347,152.0578717,165,미지정,1
280292,1117000000000005568,한남동 732-239 도,도,국유지,647.8348738623317,126.99763394368017,37.53304829594915,329.04853746,321.46660403,294.1073823,127.890596,165,미지정,1
280293,1117000000000005569,한남동 727-35 도,도,국유지,1797.5209105735994,127.00305584317289,37.541256623907046,125.71888088,420.23683167,751.77218246,171.57398436,165,미지정,1
280294,1117000000000005570,한남동 727-60 도,도,국유지,56.07210427289829,127.00334350896527,37.54075541983732,124.13316249,475.35135276,708.80671367,197.40737307,165,미지정,1
280295,1117000000000005571,한남동 727-33도,도,국유지,1773.223103301134,127.00220886211234,37.541306460750626,89.18305756,425.15254363,736.05309027,99.76218972,165,미지정,1
280296,1117000000000005572,한남동 727-52도,도,국유지,235.83899650350213,127.00345524269206,37.54046113667589,131.56538961,508.19104833,682.77019944,214.37293645,165,미지정,1
280297,1117000000000005573,한남동 727-51도,도,국유지,1590.3707590073464,127.00323163878612,37.54124022419791,136.89366014,421.56203479,755.29789402,186.71262679,165,미지정,1
280298,1117000000000005574,한남동 727-24 도,도,국유지,26.71448658965528,127.00329811308978,37.54017387730249,119.47946668,464.3834686,647.99868405,213.25302565,165,미지정,1
280299,1117000000000005575,한남동 727-55도,도,국유지,4556.034536703955,127.00363881280771,37.54076097187237,149.87807533,475.68671782,719.77804004,244.72711566,165,미지정,1
280300,1117000000000005576,한남동 726-504도,도,국유지,4300.396654854179,127.00375804883912,37.54086659469841,162.58509654,464.79719758,734.82612016,246.05493742,165,미지정,1
280301,1117000000000005577,한남동 726-393 도,도,국유지,124.78560385014862,127.00351241178012,37.54200543326522,213.47588119,337.14326532,843.58449959,236.43566917,165,미지정,1
280302,1117000000000005578,한남동 726-143도,도,국유지,287.6623098240234,127.00316554605179,37.54228937594409,222.46393933,305.29641683,863.71056227,227.60330858,165,미지정,1
280303,1117000000000005579,한남동 726-498도,도,국유지,407.5269851787016,127.00283333287604,37.541621360840004,143.58845163,381.41258468,784.22165286,163.87114173,165,미지정,1
280304,1117000000000005580,한남동 726-145도,도,국유지,162.34612270444632,127.00333954285111,37.54280590241571,271.4879847,247.78463114,923.02315537,277.32137698,165,미지정,1
280305,1117000000000005581,한남동 726-147도,도,국유지,133.25918393861502,127.00328406774129,37.54262929307131,260.77984414,267.35676926,902.84727495,260.12626677,165,미지정,1
280306,1117000000000005582,한남동 726-423 도,도,국유지,11.064118600916117,127.00256333333333,37.542305,204.31992899,310.16422124,851.14019885,189.82297343,165,미지정,1
280307,1117000000000005583,한남동 796-8도,도,국유지,1794.683000535064,127.00267520444704,37.54284693229914,265.05338681,249.29339644,911.92367631,243.52851559,165,미지정,1
280308,1117000000000005584,한남동 732-59도,도,국유지,84.76524148508906,126.99927848842727,37.534192912259385,230.78711467,112.05621755,114.42751973,317.53082801,165,미지정,1
280309,1117000000000005585,한남동 726-493도,도,국유지,1864.3448724856135,127.00226833832355,37.542384309405634,207.94271833,308.20516417,853.91729802,180.85878,165,미지정,1
280310,1117000000000005586,한남동 732-27도,도,국유지,55.876218657707796,126.99724862722384,37.53362506606977,272.39574647,250.42174058,333.24313934,142.6318326,165,미지정,1
280311,1117000000000005587,한남동 732-158도,도,국유지,27.85474226914812,126.99707670035804,37.53357533480073,259.99154074,245.05420631,322.25104398,129.64967161,165,미지정,1
280312,1117000000000005588,한남동 796-2도,도,국유지,278.7903500054381,127.00267774921572,37.543569317853176,241.85172865,171.91046537,990.11333224,313.34619793,165,미지정,1
280313,1117000000000005589,한남동 796-4도,도,국유지,68.54615364514757,127.00306684152535,37.54374596208057,203.02233311,144.82994863,1017.07862678,346.68021762,165,미지정,1
280314,1117000000000005590,한남동 752-9 도,도,국유지,25.171945515088737,126.99946052792934,37.53316104286829,344.41116486,176.58718493,201.33739372,285.62637072,165,미지정,1
280315,1117000000000005591,한남동 665-5도,도,국유지,430.0891557703726,127.00049587557866,37.53342678665164,326.65138062,122.79831998,160.010852,381.52310056,165,미지정,1
280316,1117000000000005592,한남동 726-100 도,도,국유지,37.1756673110649,127.00367758583992,37.54016906059805,153.01774067,541.46694201,662.08439435,200.78759203,165,미지정,1
280317,1117000000000005593,한남동 726-101 도,도,국유지,28.342810911126435,127.00369849253042,37.540085345734546,155.18079185,550.85694136,654.67803018,194.38621458,165,미지정,1
280318,1117000000000005594,한남동 732-234도,도,국유지,38.78303848206997,126.9988648224358,37.53312300063235,353.27687148,211.36435081,228.99394547,233.51735039,165,미지정,1
280319,1117000000000005595,한남동 726-104 도,도,국유지,94.2589973770082,127.00381189220737,37.5397508240283,171.46374955,473.10315251,626.95323398,169.20060881,165,미지정,1
280320,1117000000000005596,한남동 726-105 도,도,국유지,60.94790745340288,127.00383005380756,37.5396639005928,175.87589362,469.37106294,619.42838754,164.45326075,165,미지정,1
280321,1117000000000005597,한남동 686-62도,도,국유지,179.5769491570536,126.99993011120215,37.5336371210259,293.86401582,110.37723138,138.66921246,340.6289969,165,미지정,1
280322,1117000000000005598,한남동 686-74 도,도,국유지,73.02325582131743,126.99936744975821,37.53391270329573,261.27147832,119.47604359,131.64902847,307.94260922,165,미지정,1
280323,1117000000000005599,한남동 732-71도,도,국유지,91.15673603117466,126.99894875571698,37.5338006170209,277.90484287,157.28518649,165.40602483,269.60300791,165,미지정,1
280324,1117000000000005600,한남동 726-106 도,도,국유지,121.23879777640104,127.00385564482202,37.53955558656958,182.20292233,465.19331448,610.2771675,158.92812579,165,미지정,1
280325,1117000000000005601,한남동 726-29 도,도,국유지,84.52386746928096,127.0037887028742,37.539542024215706,177.32805484,459.31767193,605.9326271,164.31788675,165,미지정,1
280326,1117000000000005602,한남동 726-455도,도,국유지,335.6375443341676,127.0036835338204,37.53970687767467,162.08067703,460.9166247,617.10566442,178.24446618,165,미지정,1
280327,1117000000000005603,한남동 686-48도,도,국유지,36.134087960002944,127.00037373734212,37.53380858997329,282.93232225,80.87462148,116.74031636,384.02223481,165,미지정,1
280328,1117000000000005604,한남동 826 도,도,국유지,58.02017651125789,127.00370202254155,37.53925655677656,185.63898612,437.42545847,574.89276368,167.72250615,165,미지정,1
280329,1117000000000005605,한남동 726 도,도,국유지,2689.598626025021,127.0040295274553,37.53955235731723,196.64708642,478.40062038,618.09761231,143.98592156,165,미지정,1
280330,1117000000000005606,한남동 666-13도,도,국유지,255.36575715290383,127.00071587184999,37.53397187568505,275.71314924,65.90089696,105.89963144,418.77575383,165,미지정,1
280331,1117000000000005607,한남동 666-4도,도,국유지,122.74882867140695,127.00063975203116,37.533844823290444,286.36618401,77.80591462,117.03788811,407.45316465,165,미지정,1
280332,1117000000000005608,한남동 666-23도,도,국유지,31.469451781595126,127.00061941105572,37.53401790980881,267.77628444,58.63494437,98.1613894,412.81591024,165,미지정,1
280333,1117000000000005609,한남동 726-456도,도,국유지,432.4360891088145,127.0039543365506,37.539028438027636,218.35819714,446.97599194,566.08177035,146.60760394,165,미지정,1
280334,1117000000000005610,한남동 725-19 도,도,국유지,164.83703154622344,127.00399507694367,37.53849063508782,219.74670244,466.47440672,520.67477148,162.29232182,165,미지정,1
280335,1117000000000005611,한남동 725-8 도,도,국유지,342.2004606203991,127.00405858271229,37.538448308394955,223.8218078,459.39580065,520.63800733,159.826795,165,미지정,1
280336,1117000000000005612,한남동 736-27 도,도,국유지,241.12474861741066,126.9991853716903,37.53481756027474,163.11628613,118.03813371,95.84972742,355.29869149,165,미지정,1
280337,1117000000000005613,한남동 730-13 도,도,국유지,10.642989719286561,127.00377933333334,37.537617000000004,193.81066141,404.96261847,436.00775971,238.42324161,165,미지정,1
280338,1117000000000005614,한남동 696-4도,도,국유지,64.47104939538985,127.00351708200834,37.5376338759224,170.66032059,373.74667697,421.19754215,253.33820955,165,미지정,1
280339,1117000000000005615,한남동 728-13 도,도,국유지,106.72560575790703,127.0034165383944,37.54017591423496,129.9457171,539.75685789,652.59743235,221.01001296,165,미지정,1
280340,1117000000000005616,한남동 726-453 도,도,국유지,110.21755846589804,127.0036007359943,37.5401547340809,146.24130234,542.67351165,657.59932667,205.74163431,165,미지정,1
280341,1117000000000005617,한남동 732-179도,도,국유지,31.59201082587242,126.99905842255347,37.53412603477721,240.65387619,132.87107842,134.26091317,297.32497163,165,미지정,1
280342,1117000000000005618,한남동 726-25 도,도,국유지,101.84590319357812,127.00366386198594,37.53997750351536,153.37185637,476.38978227,642.65835131,191.37099482,165,미지정,1
280343,1117000000000005619,한남동 666-19도,도,국유지,52.66823875904083,127.00077477798474,37.53401078040604,273.81332803,63.83632857,104.03639973,425.21411505,165,미지정,1
280344,1117000000000005620,한남동 666-20도,도,국유지,190.66633489367086,127.00080784734048,37.53383895602774,292.46504341,82.54962736,122.63700643,421.21226452,165,미지정,1
280345,1117000000000005621,동빙고동 38-4도,도,국유지,654.6596198568586,126.99727816157127,37.52370029190083,816.79520558,283.76569832,808.65804478,196.38343893,123,미지정,1
280346,1117000000000005622,동빙고동 38-2도,도,국유지,40.696016929112375,126.99708720154291,37.523790650112495,807.74865686,266.48639471,796.04277206,193.23571218,123,미지정,1
280347,1117000000000005623,동빙고동 42-2도,도,국유지,146.77709388080984,126.99645363501666,37.52400040317281,774.59017685,221.45435942,766.29133833,204.32076893,123,미지정,1
280348,1117000000000005624,동빙고동 38-54 도,도,국유지,49.88884604210034,126.99695133631597,37.52394819639463,807.28059734,245.34561508,776.99235743,183.1597231,123,미지정,1
280349,1117000000000005625,동빙고동 43-2도,도,국유지,51.19845779752359,126.99634527450421,37.52421375350515,781.21525586,195.92339426,741.92578849,194.32995714,123,미지정,1
280350,1117000000000005626,동빙고동 44-1도,도,국유지,86.79754554387182,126.99635994819334,37.524114199163556,775.49912879,206.76007517,753.04108603,200.90706889,123,미지정,1
280351,1117000000000005627,동빙고동 182-4도,도,국유지,35.625014478340745,126.99578857110069,37.52105675442945,576.37011592,322.06918633,1090.27514511,319.0091957,123,미지정,1
280352,1117000000000005628,동빙고동 92-2도,도,국유지,204.84602808166528,126.99685268230476,37.52112776030366,667.15845008,371.69248026,1086.99010313,381.71299989,123,미지정,1
280353,1117000000000005629,동빙고동 97-2도,도,국유지,28.982695909217,126.99690096547056,37.5211949374859,673.6971574,369.23139576,1079.9699338,380.57462508,123,미지정,1
280354,1117000000000005630,동빙고동 37-6도,도,국유지,16.188161672092974,126.99722477676768,37.52371472121212,813.59972011,279.93081226,806.28866872,196.43834681,123,미지정,1
280355,1117000000000005631,동빙고동 21-1도,도,국유지,108.55296058673412,126.99626630100772,37.52440524995857,789.06670158,173.56719931,720.23190809,186.56278882,123,미지정,1
280356,1117000000000005632,동빙고동 32-27도,도,국유지,184.31782656768337,126.99706967219358,37.52441171618672,845.50420662,208.62197699,727.72949688,134.42947426,123,미지정,1
280357,1117000000000005633,동빙고동 35-10도,도,국유지,183.71005878876895,126.99673645781931,37.5241986175968,807.76049126,211.81789234,746.96294634,171.31895322,123,미지정,1
280358,1117000000000005634,동빙고동 34-8도,도,국유지,12.97987343557179,126.9967249659864,37.52430700000001,814.13902961,200.84661097,734.89907261,163.01790821,123,미지정,1
280359,1117000000000005635,동빙고동 1-2도,도,국유지,569.1717611720087,126.99655784509311,37.52627189753025,925.18273371,97.02845304,516.76344448,131.00187577,123,미지정,1
280360,1117000000000005636,동빙고동 1-8잡,잡,국유지,97.25368114607409,126.99667806372103,37.52597830962708,959.28814712,97.58748008,550.56459947,116.87707235,123,미지정,1
280361,1117000000000005637,동빙고동 1-5도,도,국유지,123.20750502962619,126.99674404713937,37.5262276199785,933.60618241,110.05038079,524.21450431,113.85757744,123,미지정,1
280362,1117000000000005638,동빙고동 1-15도,도,국유지,10.134403054602444,126.99675272539525,37.52630681703775,925.22790746,114.20166058,515.69367005,115.39139669,123,미지정,1
280363,1117000000000005639,동빙고동 1-1도,도,국유지,66.98658223892562,126.99644255103983,37.52716128529583,826.63626162,162.12849786,417.62965588,188.58684612,123,미지정,1
280364,1117000000000005640,동빙고동 1-27도,도,국유지,123.4955966527923,126.9965594740626,37.52706365366487,839.55986064,158.04597055,430.00178188,173.63844326,123,미지정,1
280365,1117000000000005641,동빙고동 31-2도,도,국유지,35.46143921650946,126.99619797062758,37.52472517554294,807.59204867,138.34211009,684.4093332,174.02417115,123,미지정,1
280366,1117000000000005642,동빙고동 28-24도,도,국유지,773.4316716096364,126.99646339210614,37.52514714327269,856.48647891,111.9055361,639.65098008,137.21002648,123,미지정,1
280367,1117000000000005643,동빙고동 44-5도,도,국유지,247.79911102581536,126.99626341641758,37.52447498641324,793.81599643,166.24145203,712.49236559,182.41185193,123,미지정,1
280368,1117000000000005644,동빙고동 22-1도,도,국유지,481.6694705481641,126.99600561282942,37.52485244624592,804.59373236,119.09349091,669.45714096,184.69613575,123,미지정,1
280369,1117000000000005645,동빙고동 15-2잡,잡,국유지,46.65072110062465,126.99606186081319,37.5247078821241,797.36016281,135.88835847,685.69130023,185.79368875,123,미지정,1
280370,1117000000000005646,동빙고동 9-4도,도,국유지,654.317005217541,126.99606040513702,37.52529759648993,842.61614284,76.40814252,620.30397371,170.67039532,123,미지정,1
280371,1117000000000005647,동빙고동 57-4도,도,국유지,57.66017203545198,126.9959218309512,37.52261616306507,653.1506587,201.5838644,917.35565878,229.28759483,123,미지정,1
280372,1117000000000005648,동빙고동 25-2도,도,국유지,27.73033313220367,126.99600312152837,37.525189271773094,830.50684097,84.32692493,632.09293689,176.73740892,123,미지정,1
280373,1117000000000005649,동빙고동 70-3도,도,국유지,75.86953879217617,126.99664629406439,37.52272872391052,730.29652408,253.19165574,908.38008573,316.95171025,123,미지정,1
280374,1117000000000005650,동빙고동 19-8도,도,국유지,85.96436643105699,126.99582968433761,37.52346971998403,695.47192582,163.17969113,822.50592784,211.62828384,123,미지정,1
280375,1117000000000005651,동빙고동 51-1도,도,국유지,90.7479357784614,126.99598841600442,37.52291337564192,674.20010246,191.60806529,884.51284876,227.25523132,123,미지정,1
280376,1117000000000005652,동빙고동 42-18도,도,국유지,96.648895595863,126.99646176266369,37.52322841970358,727.96764722,222.04864156,851.75112577,273.99170747,123,미지정,1
280377,1117000000000005653,동빙고동 42-16도,도,국유지,107.83851795218652,126.99646142567742,37.523179801073546,725.20517499,223.03069016,857.12904779,278.71479255,123,미지정,1
280378,1117000000000005654,동빙고동 67-1도,도,국유지,56.70805049902992,126.99660204593422,37.52319168990772,736.62184966,234.97987683,856.85348545,271.73250463,123,미지정,1
280379,1117000000000005655,동빙고동 42-12 도,도,국유지,120.78388636693126,126.99658819819672,37.52338752320419,746.64687206,259.58043542,835.09747584,253.12078368,123,미지정,1
280380,1117000000000005656,동빙고동 302-2도,도,국유지,1198.5426307842135,126.99177795075983,37.52589107697009,699.69237542,272.08354896,654.27538966,328.63891363,123,미지정,1
280381,1117000000000005657,동빙고동 7-37도,도,국유지,1160.5035850902204,126.99236321870458,37.527689370578734,750.54910899,195.49613625,462.05609751,502.33145395,123,미지정,1
280382,1117000000000005658,동빙고동 7-36도,도,국유지,603.9842154199141,126.99225297921456,37.528169301838396,699.63038761,163.1883907,429.51857812,556.4783804,123,미지정,1
280383,1117000000000005659,동빙고동 7-20도,도,국유지,133.80916379578412,126.99243235117363,37.52848554635434,662.33285357,129.67503189,393.86429363,588.33607833,123,미지정,1
280384,1117000000000005660,동빙고동 312-2도,도,국유지,847.4244810419623,126.99234917018117,37.52869368772273,640.84975161,125.78953801,384.33403176,555.52547253,123,미지정,1
280385,1117000000000005661,동빙고동 7-34도,도,국유지,70.21284218505025,126.99217878892459,37.52877582781426,634.82912296,137.185743,390.60887527,558.2209379,123,미지정,1
280386,1117000000000005662,동빙고동 310-7도,도,국유지,68.08832355588675,126.99218535804337,37.52894843066061,615.97570658,132.73949156,378.98694788,543.49350199,123,미지정,1
280387,1117000000000005663,동빙고동 310-56잡,잡,국유지,43.871738109737635,126.99215718753726,37.529009143410846,609.93134536,134.48895008,377.29278327,540.20795077,123,미지정,1
280388,1117000000000005664,동빙고동 97-3도,도,국유지,27.38343907147646,126.99690585094947,37.52121987304431,675.05437992,367.55526967,1077.25726346,379.27226575,123,미지정,1
280389,1117000000000005665,동빙고동 87-1도,도,국유지,195.54809897881933,126.99722195930958,37.52186522567024,728.30686756,343.36008772,1009.28603041,395.58886097,123,미지정,1
280390,1117000000000005666,동빙고동 63-12도,도,국유지,21.43746195593849,126.99634976849731,37.52230584782608,683.08044076,252.08831738,953.24630065,276.64589289,123,미지정,1
280391,1117000000000005667,동빙고동 214-1도,도,국유지,132.7742702397518,126.99549937593294,37.52267494832384,623.5336891,167.07978558,910.87049972,191.80543374,123,미지정,1
280392,1117000000000005668,동빙고동 219-6도,도,국유지,181.57447292096913,126.99575059971909,37.52287764322509,654.03876744,174.1449854,888.16685508,207.29058166,123,미지정,1
280393,1117000000000005669,동빙고동 219-5도,도,국유지,98.39070321124746,126.99543586586562,37.52302237978429,638.84891547,142.08840243,872.46346626,177.13633158,123,미지정,1
280394,1117000000000005670,동빙고동 19-6도,도,국유지,28.859238279110286,126.99570030228338,37.52343223633066,683.71917951,152.16882021,826.61218421,199.80346313,123,미지정,1
280395,1117000000000005671,동빙고동 1-113도,도,국유지,319.9714745853562,126.99616382175108,37.526012730855925,946.7331253,53.75200309,541.62305427,162.31469979,123,미지정,1
280396,1117000000000005672,동빙고동 219-7 도,도,국유지,42.01595638995059,126.99556479544657,37.52316672177466,657.17766112,146.6585251,856.19041424,186.98050596,123,미지정,1
280397,1117000000000005673,동빙고동 48-1도,도,국유지,144.48760801862227,126.99577339854234,37.52327707603949,679.31470461,161.28580633,843.84365197,205.23378938,123,미지정,1
280398,1117000000000005674,동빙고동 9-1도,도,국유지,505.039497428108,126.99609028631332,37.52555047166753,864.66475722,57.2973498,592.41198607,168.9056636,123,미지정,1
280399,1117000000000005675,동빙고동 28-2도,도,국유지,416.4903253794182,126.9963940479163,37.525854614620265,967.65465121,71.77784287,560.91931961,142.87203309,123,미지정,1
280400,1117000000000005676,동빙고동 27-2도,도,국유지,87.61968214507215,126.9962653833464,37.52584275025194,966.87275226,60.46327118,561.13943862,154.32128435,123,미지정,1
280401,1117000000000005677,동빙고동 4-3도,도,국유지,142.02965858508833,126.99612296084594,37.52605441981534,941.56060766,51.94060509,536.75718505,166.03029149,123,미지정,1
280402,1117000000000005678,동빙고동 1-12 도,도,국유지,2012.0880551422015,126.99596815887591,37.5268154139358,856.00175338,110.21311622,451.64793841,201.11610405,123,미지정,1
280403,1117000000000005679,동빙고동 250-1도,도,국유지,75.14343958481913,126.99488786967397,37.522832898637745,586.8407473,114.83981798,896.16086062,135.00068469,123,미지정,1
280404,1117000000000005680,동빙고동 249-6도,도,국유지,40.627960755256936,126.99494259027608,37.52267279119374,581.20599415,131.31098749,913.49473022,146.37810749,123,미지정,1
280405,1117000000000005681,동빙고동 254-7도,도,국유지,86.00406551925698,126.99456161896343,37.523183710871535,586.62132026,67.05485364,860.32006772,98.34094329,123,미지정,1
280406,1117000000000005682,동빙고동 257-1도,도,국유지,248.32792262610747,126.99444482861209,37.52326243307919,584.16267776,53.531296,852.94968544,87.78036079,123,미지정,1
280407,1117000000000005683,동빙고동 254-6도,도,국유지,22.634197531733662,126.9946027516255,37.5229898591244,576.34429804,85.04486987,881.27045623,105.65797566,123,미지정,1
280408,1117000000000005684,동빙고동 254-5도,도,국유지,200.64140280528227,126.9949070779688,37.52324169457146,614.65410842,89.42310356,850.80600373,128.62747205,123,미지정,1
280409,1117000000000005685,동빙고동 256-1도,도,국유지,185.5176942901453,126.99502251928529,37.52317969298567,618.70631323,101.59276233,856.8671893,139.03289175,123,미지정,1
280410,1117000000000005686,동빙고동 212-3도,도,국유지,110.36984532466158,126.99527781396206,37.52310711410878,632.4552756,125.43846079,863.58403801,162.14563786,123,미지정,1
280411,1117000000000005687,동빙고동 309-2도,도,국유지,1544.7568173040636,126.99471439276233,37.527651385113835,751.67025969,186.04323575,369.22042982,343.42502192,123,미지정,1
280412,1117000000000005688,동빙고동 63-6도,도,국유지,58.62684590416029,126.99635366061419,37.522235144674084,679.34507833,256.85219496,961.10018274,280.01909131,123,미지정,1
280413,1117000000000005689,동빙고동 1-22도,도,국유지,991.841101894388,126.99571912563398,37.52806933440652,715.11611325,244.27179892,311.95016481,305.60908421,123,미지정,1
280414,1117000000000005690,동빙고동 105-2도,도,국유지,99.2948369893711,126.99667847693628,37.52182750677667,683.11840263,307.17086596,1008.2727393,325.84719178,123,미지정,1
280415,1117000000000005691,동빙고동 82-1도,도,국유지,180.58501225657528,126.99693134486944,37.52223091038249,723.5364997,300.11876515,965.88485627,361.44610009,123,미지정,1
280416,1117000000000005692,동빙고동 1-138도,도,국유지,42.94063083687797,126.99496292437743,37.52761112839844,757.43470909,200.7277867,368.94281283,322.56000745,123,미지정,1
280417,1117000000000005693,동빙고동 1-24도,도,국유지,1161.1070704376325,126.9957639899453,37.52767316661246,759.12320219,200.64628965,355.9400033,271.20106253,123,미지정,1
280418,1117000000000005694,동빙고동 251-15도,도,국유지,61.15245738811791,126.99430249569491,37.52322673426385,571.99417111,48.00630891,858.62416615,75.21645352,123,미지정,1
280419,1117000000000005695,동빙고동 81-14도,도,국유지,59.20568380819168,126.99727940530838,37.5222883868589,753.67121668,324.27518617,963.46056242,348.46089514,123,미지정,1
280420,1117000000000005696,동빙고동 128-1도,도,국유지,45.05817049392499,126.99622261034293,37.52177416124114,644.44825845,281.34299741,1011.60748438,294.47216875,123,미지정,1
280421,1117000000000005697,동빙고동 7-38도,도,국유지,1274.7779910867102,126.99173414752875,37.5293068712089,587.47800949,172.8402669,393.28758613,543.69753399,123,미지정,1
280422,1117000000000005698,동빙고동 7-42도,도,국유지,49.506537111476064,126.99415696036468,37.523447463535476,578.72403938,20.89645343,836.42627455,66.16221785,123,미지정,1
280423,1117000000000005699,동빙고동 100-1도,도,국유지,88.22805935889482,126.99664952249096,37.521432310999906,662.61646229,334.85659058,1051.78340163,347.08731923,123,미지정,1
280424,1117000000000005700,동빙고동 158-1도,도,국유지,143.83362617855892,126.99633597022512,37.521511280559345,640.74000121,309.44735492,1041.2316459,319.55348292,123,미지정,1
280425,1117000000000005701,동빙고동 10-7 도,도,국유지,610.6176946298219,126.99153336728119,37.529216185644856,602.42646723,189.5556203,413.65988504,563.64588017,123,미지정,1
280426,1117000000000005702,동빙고동 7-41도,도,국유지,117.39389379881322,126.99387521818282,37.52354088724527,568.16262777,10.94102313,830.73227976,49.61954945,123,미지정,1
280427,1117000000000005703,동빙고동 262-7도,도,국유지,22.403459439985454,126.99453570542298,37.523667713378586,619.89179866,49.30972093,807.30383435,106.56145186,123,미지정,1
280428,1117000000000005704,동빙고동 17잡,잡,국유지,82.03002149704844,126.99515149659133,37.523598295897614,656.09070517,102.79111668,809.7464495,155.20320959,123,미지정,1
280429,1117000000000005705,동빙고동 20-3도,도,국유지,232.73107284877915,126.99602310108267,37.52397842797323,742.70169708,177.20903135,766.45472119,232.96823827,123,미지정,1
280430,1117000000000005706,동빙고동 44-10도,도,국유지,400.64184928894974,126.99627537712229,37.523854269561994,752.30861791,202.28421337,781.30741744,226.91357665,123,미지정,1
280431,1117000000000005707,동빙고동 302-6도,도,국유지,102.38509179581888,126.99163476191391,37.525683968698104,673.96952614,278.91721951,680.47311661,314.56020053,123,미지정,1
280432,1117000000000005708,동빙고동 295-3잡,잡,국유지,163.33489567076322,126.99179559878264,37.52545470272597,654.21314079,284.40827435,694.96208738,285.4233549,123,미지정,1
280433,1117000000000005709,동빙고동 61-1도,도,국유지,123.43965950934216,126.9960021716409,37.52222175777926,652.01047954,233.22501963,961.27921272,252.53205045,123,미지정,1
280434,1117000000000005710,동빙고동 295-2도,도,국유지,106.89940498862416,126.99239595906758,37.52471674467695,599.09651391,189.07374985,744.51758877,187.92650705,123,미지정,1
280435,1117000000000005711,동빙고동 296-2도,도,국유지,531.5286247674376,126.99243219276762,37.52478082234015,606.8906368,191.57871635,736.71898693,192.61125228,123,미지정,1
280436,1117000000000005712,동빙고동 74-1도,도,국유지,112.76522156246938,126.99659231965896,37.522130685169884,691.90762344,280.77322456,974.11490138,304.00292982,123,미지정,1
280437,1117000000000005713,동빙고동 145-1도,도,국유지,76.017284956004,126.99582677364049,37.522149902082255,634.63422269,227.11966701,968.97819309,242.69565542,123,미지정,1
280438,1117000000000005714,동빙고동 252-6도,도,국유지,30.703929965849966,126.99423133801993,37.52287162997284,542.26092932,81.47488674,898.53248532,80.52107201,123,미지정,1
280439,1117000000000005715,동빙고동 310-4도,도,국유지,1108.1948191712727,126.992728043167,37.527972991011616,715.01382274,151.20922899,417.24060139,528.39335029,123,미지정,1
280440,1117000000000005716,동빙고동 308-2도,도,국유지,778.1252186709316,126.99352988988284,37.52761169594006,750.40383286,166.59499812,411.21177929,484.4534905,123,미지정,1
280441,1117000000000005717,동빙고동 1-121잡,잡,국유지,697.7886330839247,126.99375889277862,37.52798566172011,708.85403141,124.83231941,365.06820936,434.86671515,123,미지정,1
280442,1117000000000005718,동빙고동 310-8도,도,국유지,884.2583609214053,126.99308552571067,37.52818312480977,688.78961415,115.0953431,379.29316756,548.78301464,123,미지정,1
280443,1117000000000005719,동빙고동 301-2도,도,국유지,202.14145794324577,126.99190475443277,37.52546638215071,658.64770106,278.89212163,689.0647502,281.72830187,123,미지정,1
280444,1117000000000005720,동빙고동 59-1도,도,국유지,92.58812583849067,126.99579757318709,37.52241296962311,648.4537996,205.75706522,939.76028369,227.07877735,123,미지정,1
280445,1117000000000005721,동빙고동 300-1도,도,국유지,91.93704190663993,126.99193350154734,37.52534646466048,647.02561371,267.31020667,699.48078549,268.89240482,123,미지정,1
280446,1117000000000005722,동빙고동 295-1잡,잡,국유지,495.0943816001527,126.99207328881978,37.52503926198874,619.83478055,234.32799785,724.01345738,233.26604474,123,미지정,1
280447,1117000000000005723,동빙고동 299-1도,도,국유지,16.354623682331294,126.99197666666667,37.52525933333334,639.33366279,257.65120711,706.19057929,258.61278516,123,미지정,1
280448,1117000000000005724,동빙고동 298-2도,도,국유지,598.3791978205554,126.99216142050946,37.52514862359782,634.03964033,237.51040926,709.6781021,239.89671171,123,미지정,1
280449,1117000000000005725,동빙고동 297-1도,도,국유지,152.3379231132567,126.99218379852947,37.5250150955831,621.19495992,225.46621074,722.13312535,225.98146225,123,미지정,1
280450,1117000000000005726,동빙고동 77-1도,도,국유지,90.1354700513184,126.99654930026125,37.52230391587752,698.11946083,266.98769215,954.65070946,293.13022844,123,미지정,1
280451,1117000000000005727,동빙고동 307-2도,도,국유지,1138.3091439418495,126.99461661112765,37.52755936696846,761.53804051,191.05954844,381.26135481,345.53822613,123,미지정,1
280452,1117000000000005728,동빙고동 309-6도,도,국유지,663.3282914049923,126.99453637927516,37.528199839994876,690.27406047,126.42517443,315.35961999,391.59473987,123,미지정,1
280453,1117000000000005729,동빙고동 96-9 도,도,국유지,53.722001587972045,126.99659204103128,37.521213898669835,648.85536763,349.15345363,1075.57657035,357.73798773,123,미지정,1
280454,1117000000000005730,동빙고동 310-51도,도,국유지,191.38657778408378,126.99370576923734,37.528355505104614,667.76665194,83.60480059,332.0213768,460.89992479,123,미지정,1
280455,1117000000000005731,동빙고동 1-122잡,잡,국유지,3056.713777325116,126.9953547981827,37.52884423424872,625.09388234,151.46684656,228.25388386,422.96809512,123,미지정,1
280456,1117000000000005732,동빙고동 7-45 도,도,국유지,90.6768530011177,126.99262457246417,37.5249064875124,627.01200719,190.32582135,717.26459026,198.15331741,123,미지정,1
280457,1117000000000005733,동빙고동 310-6잡,잡,국유지,2275.0296509452164,126.9927531753995,37.52908627501487,592.14946619,81.39424454,329.32274894,499.18959769,123,미지정,1
280458,1117000000000005734,동빙고동 310-53 도,도,국유지,182.68452694220468,126.99273990541401,37.52841276662281,666.42663706,113.01028944,380.02872716,576.75857506,123,미지정,1
280459,1117000000000005735,동빙고동 7-25도,도,국유지,22.009661029325798,126.99255993499739,37.52835148644232,675.29213758,129.40852442,396.01731237,571.97372022,123,미지정,1
280460,1117000000000005736,동빙고동 311-2도,도,국유지,18.48769810423255,126.99259466666668,37.52848966666666,659.67368926,117.5167827,383.0806892,586.76294841,123,미지정,1
280461,1117000000000005737,동빙고동 1-35도,도,국유지,115.87543269246817,126.99570911799236,37.5285350798939,664.08634419,190.84106567,260.26031109,346.65605491,123,미지정,1
280462,1117000000000005738,동빙고동 7-27 도,도,국유지,116.71002595126629,126.99250929783122,37.5248809974221,619.88125117,194.83459405,723.81594652,199.56251558,123,미지정,1
280463,1117000000000005739,동빙고동 294도,도,국유지,108.17003779672086,126.99258043412996,37.52455282476985,590.50514938,164.8097079,755.12109404,164.11616109,123,미지정,1
280464,1117000000000005740,동빙고동 7-28 도,도,국유지,705.8257192885503,126.99278485216307,37.524533295205934,597.50474016,150.08586311,750.70030372,154.4434555,123,미지정,1
280465,1117000000000005741,동빙고동 7-44 도,도,국유지,754.8691422976553,126.9929224193034,37.52449740990449,600.32452567,138.77321922,750.34238459,146.44176382,123,미지정,1
280466,1117000000000005742,동빙고동 317 도,도,국유지,418.5121994530782,126.99298506093426,37.52451026886712,604.44505653,136.15185718,747.18459668,146.13524214,123,미지정,1
280467,1117000000000005743,동빙고동 318 도,도,국유지,4583.356536373496,126.99421157386074,37.52512745003182,722.0050653,46.58044835,652.25628072,219.22003816,123,미지정,1
280468,1117000000000005744,동빙고동 319 도,도,국유지,1211.14334547834,126.99584208869791,37.52567225338212,859.81065456,31.85287036,578.09517825,192.5543086,123,미지정,1
280469,1117000000000005745,동빙고동 6-2도,도,국유지,1694.5865189315518,126.99532556357008,37.52660255952997,871.75334919,84.29093649,476.02950251,245.68256781,123,미지정,1
280470,1117000000000005746,동빙고동 304-2도,도,국유지,86.89803072414361,126.9917751686706,37.526349276394775,748.24200871,290.78415808,611.97715496,374.84341568,123,미지정,1
280471,1117000000000005747,동빙고동 306-2도,도,국유지,934.9211696722195,126.9916734218478,37.52688227153181,802.83011364,303.81007868,569.97850933,432.99852183,123,미지정,1
280472,1117000000000005748,동빙고동 185-1도,도,국유지,235.2116873115301,126.99590116468879,37.52132555601672,597.22286832,301.95297717,1060.54468027,303.91065953,123,미지정,1
280473,1117000000000005749,동빙고동 62-1도,도,국유지,105.54425051622093,126.99609847810058,37.522058394809825,649.96356492,251.57784455,979.65742539,268.58744207,123,미지정,1
280474,1117000000000005750,동빙고동 129-1도,도,국유지,151.77524433191866,126.99597592402253,37.521797056789175,626.3387632,264.58558912,1008.34618802,275.10571545,123,미지정,1
280475,1117000000000005751,동빙고동 149-1도,도,국유지,56.223602078389376,126.99575809018992,37.52161667838758,599.94633136,268.20713929,1028.1195058,272.59218663,123,미지정,1
280476,1117000000000005752,동빙고동 92-3도,도,국유지,1113.1299893409014,126.99717602786897,37.52115629014677,695.18715077,389.52652555,1086.84761244,402.77480939,123,미지정,1
280477,1117000000000005753,동빙고동 170-8도,도,국유지,341.2559002581984,126.99566712941265,37.52067986438673,551.89173309,354.40881555,1132.09894169,345.73983228,123,미지정,1
280478,1117000000000005754,동빙고동 169-2도,도,국유지,67.2326021771878,126.99598599829744,37.52075520260246,581.28053545,359.79301771,1123.97123067,355.91376147,123,미지정,1
280479,1117000000000005755,동빙고동 169-3도,도,국유지,102.9705292917788,126.99596614251233,37.520807848753364,581.47185689,353.84295911,1118.09406526,350.27600215,123,미지정,1
280480,1117000000000005756,동빙고동 180-5 도,도,국유지,28.963205506152008,126.9960573638776,37.52082183768067,589.60676541,356.56115319,1116.72729252,354.2660127,123,미지정,1
280481,1117000000000005757,동빙고동 167-2도,도,국유지,77.47072619572282,126.99615555927052,37.520835374050144,598.31212027,359.81678626,1115.49055271,358.84759705,123,미지정,1
280482,1117000000000005758,동빙고동 93-4도,도,국유지,66.08938149729511,126.99642042404,37.52096429844615,625.09479277,361.21016829,1102.2550502,364.76763978,123,미지정,1
280483,1117000000000005759,동빙고동 195-1도,도,국유지,148.98425773670897,126.99560519828778,37.52169864495666,592.33973416,252.9992028,1019.06854636,256.4543728,123,미지정,1
280484,1117000000000005760,동빙고동 200-1도,도,국유지,113.0546425289358,126.99524727312046,37.522154625994354,592.12339294,193.38096829,969.31417875,199.72503202,123,미지정,1
280485,1117000000000005761,동빙고동 38-28도,도,국유지,36.90935525030363,126.99771308625729,37.52311428561935,832.76806349,359.30325554,879.7005749,252.28907587,123,미지정,1
280486,1117000000000005762,동빙고동 38-39도,도,국유지,99.25859618949471,126.99746505527003,37.52327068427728,807.70261694,333.1650869,858.49404942,238.28982658,123,미지정,1
280487,1117000000000005763,동빙고동 180-2 도,도,국유지,10.478543381206691,126.99586573501874,37.52107975499376,583.65131086,323.29899143,1087.78119405,321.55333925,123,미지정,1
280488,1117000000000005764,동빙고동 94-1도,도,국유지,211.38522969628684,126.9963332185658,37.52121171293417,627.4600453,334.70758605,1074.42369289,340.45224633,123,미지정,1
280489,1117000000000005765,동빙고동 93-3 도,도,국유지,15.717770038172603,126.99661100749064,37.52113819475656,647.46334083,356.60333326,1084.07773574,364.38028849,123,미지정,1
280490,1117000000000005766,동빙고동 96-3 도,도,국유지,128.90626016817987,126.99671045899453,37.52119867524196,658.04353634,357.38724862,1078.06047487,366.96443712,123,미지정,1
280491,1117000000000005767,동빙고동 92도,도,국유지,32.21070322301239,126.99668719991877,37.52105619144076,650.72097498,367.89867172,1093.66056462,375.39817449,123,미지정,1
280492,1117000000000005768,동빙고동 96-7도,도,국유지,63.56766113638878,126.99676231023308,37.52114766154756,660.38487136,364.65997949,1084.08329467,374.0737532,123,미지정,1
280493,1117000000000005769,동빙고동 165-3 도,도,국유지,99.85028150497237,126.99627376353543,37.52099418771086,613.97827623,350.9308604,1098.28998678,353.1988067,123,미지정,1
280494,1117000000000005770,동빙고동 93-2도,도,국유지,245.81863139662892,126.99655695891626,37.52103606801174,639.11882948,362.27852516,1095.05022546,368.1878195,123,미지정,1
280495,1117000000000005771,동빙고동 92-4도,도,국유지,369.34825445432216,126.9972855454968,37.52111480345592,702.8833005,399.72261324,1092.60293673,477.09345173,123,미지정,1
280496,1117000000000005772,동빙고동 170-4도,도,국유지,21.280953304842114,126.99560390133702,37.52058651221762,543.3907773,361.60121692,1142.49677701,351.26944253,123,미지정,1
280497,1117000000000005773,동빙고동 170-2도,도,국유지,127.86229898966849,126.99581566160224,37.52068651613976,564.59981996,359.44282182,1131.38150684,352.74701916,123,미지정,1
280498,1117000000000005774,동빙고동 167-3도,도,국유지,137.92341476492584,126.9961141684036,37.520897908767566,597.10518961,351.99403019,1108.43340509,351.23846163,123,미지정,1
280499,1117000000000005775,동빙고동 166-2도,도,국유지,129.29921506531537,126.99627578676127,37.52090289642221,610.7853765,359.36457174,1108.4201338,360.56708402,123,미지정,1
280500,1117000000000005776,동빙고동 185-2도,도,국유지,87.65933171659708,126.99562282819403,37.521308768313816,574.08089856,290.5139828,1062.32397409,288.29028777,123,미지정,1
280501,1117000000000005777,동빙고동 191-1도,도,국유지,296.43350560753606,126.99512778814666,37.52156446122872,548.24698822,245.29728275,1035.2390613,238.380483,123,미지정,1
280502,1117000000000005778,동빙고동 92-1도,도,국유지,105.11897190700984,126.99672935368054,37.52096851368925,651.10423377,377.73942143,1103.65689874,384.57326172,123,미지정,1
280503,1117000000000005779,동빙고동 166-1도,도,국유지,19.191040897741914,126.99622594964214,37.52094077837423,608.00565233,353.41244895,1104.03300206,354.48321384,123,미지정,1
280504,1117000000000005780,동빙고동 165-2도,도,국유지,53.290434076450765,126.9963546965847,37.5209631577833,619.56659732,357.88587228,1102.07091958,360.6993962,123,미지정,1
280505,1117000000000005781,동빙고동 141-1도,도,국유지,208.95412179804407,126.99545873176038,37.5222502823336,613.53855076,196.61688562,958.07296015,209.07038324,123,미지정,1
280506,1117000000000005782,동빙고동 145-2도,도,국유지,86.03968016896397,126.99573582549367,37.521969811125686,617.34958814,236.1772518,988.92186191,246.69500146,123,미지정,1
280507,1117000000000005783,동빙고동 191-3도,도,국유지,53.26561916200444,126.99516563246763,37.52139315220729,542.04108714,264.05112034,1054.06711732,255.52115935,123,미지정,1
280508,1117000000000005784,동빙고동 195-2도,도,국유지,113.73210219491739,126.99536327206982,37.521783670706796,578.48248035,233.45905628,1010.07561493,234.37186838,123,미지정,1
280509,1117000000000005785,동빙고동 59-3도,도,국유지,177.7202122937888,126.994875324896,37.52218407966213,548.95080843,173.60529595,968.03114217,172.4906597,123,미지정,1
280510,1117000000000005786,동빙고동 91-1도,도,국유지,323.1749938202556,126.99738807307448,37.52135740697451,720.33183503,388.75969039,1067.11260148,449.24971194,123,미지정,1
280511,1117000000000005787,동빙고동 90-15도,도,국유지,65.57885827915743,126.99745864123278,37.521467075104724,730.44559316,386.08966142,1055.94799328,436.45199472,123,미지정,1
280512,1117000000000005788,동빙고동 90-9도,도,국유지,28.452782349660993,126.99751533333334,37.521454000000006,734.61584496,390.95693428,1058.12328009,437.38705404,123,미지정,1
280513,1117000000000005789,동빙고동 59-2도,도,국유지,333.38854374038056,126.99515714761414,37.52248400737679,586.75983477,159.55578138,933.18409744,172.90221572,123,미지정,1
280514,1117000000000005790,동빙고동 237-3 도,도,국유지,80.94826749153435,126.99500678395246,37.52133184558512,526.44612089,265.23175875,1061.60659004,253.14142196,123,미지정,1
280515,1117000000000005791,동빙고동 104-1도,도,국유지,368.12952968268655,126.99685936164636,37.521557006813964,685.10335205,338.81054546,1039.61746194,354.8464698,123,미지정,1
280516,1117000000000005792,동빙고동 90-10도,도,국유지,198.99827834311873,126.99713616502729,37.52125749895228,695.60998766,379.26348201,1075.27884649,393.48744217,123,미지정,1
280517,1117000000000005793,동빙고동 194-3도,도,국유지,167.12993387365714,126.99497800167308,37.52165049207981,541.67689463,231.29958056,1026.46525607,222.71549326,123,미지정,1
280518,1117000000000005794,동빙고동 37-8도,도,국유지,33.514483615756035,126.99776419086652,37.52362333899297,849.61648824,315.33854367,825.39937593,195.62063872,123,미지정,1
280519,1117000000000005795,동빙고동 38-20도,도,국유지,34.62802332639694,126.9974797556311,37.5235947491146,826.18194061,303.25761223,823.38112052,202.83555152,123,미지정,1
280520,1117000000000005796,동빙고동 33-14도,도,국유지,548.3249964455608,126.99741835909875,37.524071468016984,849.24353939,257.36721658,770.41221054,153.3942776,123,미지정,1
280521,1117000000000005797,동빙고동 90-18도,도,국유지,49.8170217499719,126.99703482146722,37.52128692909896,688.33165533,370.49017491,1071.02642487,384.24644804,123,미지정,1
280522,1117000000000005798,동빙고동 90-16도,도,국유지,56.27771272487007,126.99714769979079,37.52133394014411,699.50614876,374.30939174,1066.97290772,454.82229511,123,미지정,1
280523,1117000000000005799,동빙고동 91-3도,도,국유지,61.74250742443837,126.99730215964827,37.5213974602998,714.7696261,380.0714343,1061.68358618,445.80583212,123,미지정,1
280524,1117000000000005800,동빙고동 68-24도,도,국유지,181.36821921123192,126.99725214926613,37.52293265252082,787.55896478,297.27410972,892.37960163,278.97188655,123,미지정,1
280525,1117000000000005801,동빙고동 69-3도,도,국유지,139.0043274052441,126.99712001215181,37.522675127117466,762.5526567,294.43657013,918.99696506,309.52612877,123,미지정,1
280526,1117000000000005802,동빙고동 70-8도,도,국유지,36.384673049033154,126.99690756105343,37.522599072041714,742.11916933,280.02851064,925.04525692,322.76378952,123,미지정,1
280527,1117000000000005803,동빙고동 38-5도,도,국유지,160.27816801791778,126.9969635616666,37.52343106240627,777.60073,297.06985383,834.00321585,234.19151745,123,미지정,1
280528,1117000000000005804,동빙고동 28-20잡,잡,국유지,30.055452689528465,126.9968490771993,37.52521621783363,886.82333943,133.50078067,636.46850928,102.29339325,123,미지정,1
280529,1117000000000005805,동빙고동 28-44도,도,국유지,46.07152773439884,126.99685578616553,37.52531350202301,894.50337095,128.46210911,625.90151607,100.38183572,123,미지정,1
280530,1117000000000005806,동빙고동 28-43잡,잡,국유지,15.780671790242195,126.9969402512693,37.52537534286603,904.64501485,132.04825105,620.38085649,92.66946323,123,미지정,1
280531,1117000000000005807,동빙고동 1-29도,도,국유지,103.63461484631989,126.99655652313784,37.52665029382622,884.1653822,122.0414485,475.21835905,146.59368877,123,미지정,1
280532,1117000000000005808,동빙고동 1-135도,도,국유지,28.382172871381044,126.99691202050928,37.52667594653762,888.92872484,147.62898758,478.32588978,121.97196053,123,미지정,1
280533,1117000000000005809,동빙고동 1-31도,도,국유지,219.6793118850328,126.99656459298704,37.52677946978088,870.35488225,133.0512158,461.17573975,153.5683026,123,미지정,1
280534,1117000000000005810,동빙고동 1-144 도,도,국유지,50.04409349960042,126.99689066869243,37.526525650395335,904.58770534,136.57403548,494.21333356,114.10148207,123,미지정,1
280761,1117000000000006037,용산동6가 168-5 잡,잡,국유지,62103.475589185546,126.98274060185432,37.525700239960884,551.30702841,516.04220479,1171.11346913,861.18299581,122,미지정,1
280762,1117000000000006038,용산동6가 11-423도,도,국유지,1169.829698509595,126.98010987305936,37.52569896894345,514.96696182,330.17297034,990.95980263,701.70464713,122,미지정,1
280763,1117000000000006039,용산동6가 168-4잡,잡,국유지,12300.960847949667,126.98482538470398,37.52661963913854,725.71874905,726.68108332,1072.9053019,831.6434505,122,미지정,1
280764,1117000000000006040,용산동6가 11-375도,도,국유지,1072.705128062982,126.97967636205917,37.520706688477816,82.10763062,117.96216094,693.99889196,381.06664149,122,미지정,1
280765,1117000000000006041,용산동6가 68-83잡,잡,국유지,34.88459753245115,126.98763158079034,37.52043742277224,166.18179405,235.75669679,1361.83891925,450.7001672,122,미지정,1
280766,1117000000000006042,용산동6가 459도,도,국유지,102.68653208203614,126.97912102770879,37.52042117351423,140.47390716,60.78886814,640.35714222,332.68143101,122,미지정,1
280767,1117000000000006043,용산동6가 11-383도,도,국유지,1315.649758332409,126.97764896109474,37.52130274667338,199.62009489,67.98428536,538.67399078,215.14475036,122,미지정,1
280768,1117000000000006044,용산동6가 412-4 도,도,국유지,283.3733243639581,126.98014165527547,37.52056519085705,63.65848728,152.55725313,731.95635899,422.16269942,122,미지정,1
280769,1117000000000006045,용산동6가 69-108 도,도,국유지,135.81062567525078,126.98760942044746,37.52003438956317,157.24799555,210.69059644,1401.10736119,472.17897145,122,미지정,1
280770,1117000000000006046,용산동6가 22-3잡,잡,국유지,3346.470455083938,126.9898112192398,37.52298487038171,346.32722106,438.26830877,1020.16323637,242.35563648,122,미지정,1
280771,1117000000000006047,용산동6가 14-5잡,잡,국유지,70.04430226841941,126.99189126913652,37.525228723743496,633.47768788,260.52194221,712.74757611,259.61645418,122,미지정,1
280772,1117000000000006048,용산동6가 22-2잡,잡,국유지,2262.4984476072714,126.98982569212404,37.52352991956463,406.62753843,368.05958929,968.00774435,272.25680045,122,미지정,1
280773,1117000000000006049,용산동6가 412-2잡,잡,국유지,2528.8216223957716,126.98063185101992,37.520517650057066,62.50929551,123.95297083,774.09013647,465.60169857,122,미지정,1
280774,1117000000000006050,용산동6가 412-3잡,잡,국유지,564.5301843614434,126.9801089733364,37.52048663361024,72.71508763,148.01612543,727.83287812,419.51280878,122,미지정,1
280775,1117000000000006051,용산동6가 412-5잡,잡,국유지,123.7761983164819,126.98009152447389,37.52042212525597,79.80750696,133.56184305,725.33922607,418.30404793,122,미지정,1
280776,1117000000000006052,용산동6가 69-175 도,도,국유지,1257.1818670670036,126.98424339488444,37.51906094900702,188.48236581,268.36358167,1087.68890038,786.60801624,122,미지정,1
280777,1117000000000006053,용산동6가 14-6잡,잡,국유지,17.22777373716235,126.991822,37.52535333333334,644.36883967,274.65072688,703.58658161,274.59450219,122,미지정,1
280778,1117000000000006054,용산동6가 14-1잡,잡,국유지,385.4814674272202,126.99169623818551,37.52529576556422,634.67678651,278.10255987,714.63235011,275.28734022,122,미지정,1
280779,1117000000000006055,용산동6가 11-373도,도,국유지,2161.8163587804884,126.97862152696085,37.52100968307101,164.97763136,75.3128782,610.45415308,290.80127401,122,미지정,1
280780,1117000000000006056,용산동6가 69-11도,도,국유지,19185.34822777647,126.9832877251002,37.51790668751854,83.39225663,253.20853723,1018.63429958,762.65022448,122,미지정,1
280781,1117000000000006057,용산동6가 68-84잡,잡,국유지,62.76369589008391,126.98763710374656,37.52050227413891,168.5304937,240.19811184,1355.46097379,447.40683466,122,미지정,1
280782,1117000000000006058,용산동6가 11-376도,도,국유지,1083.1043391806306,126.97895671440543,37.52079729001517,138.53366656,91.44217347,633.62592945,317.89916747,122,미지정,1
280783,1117000000000006059,용산동6가 69-133도,도,국유지,6548.976953689009,126.9836501778857,37.516454791691196,106.01660067,400.37488222,1090.12604579,866.54469942,122,미지정,1
280784,1117000000000006060,용산동6가 69-118도,도,국유지,4404.62849166221,126.97912412252558,37.52051321472556,135.28767911,69.03482795,642.21060673,332.40162019,122,미지정,1
280785,1117000000000006061,용산동6가 69-56잡,잡,국유지,227.1754845075775,126.982266679573,37.51996367427514,199.53739851,101.45598117,912.49820045,614.41751369,122,미지정,1
280786,1117000000000006062,용산동6가 69-25잡,잡,국유지,12.980549433734268,126.98173696926177,37.5200933048627,154.74348124,76.15184555,866.56861931,566.26573933,122,미지정,1
280787,1117000000000006063,용산동6가 69-60잡,잡,국유지,16.007455048616976,126.98171754479519,37.52005217151906,156.77432807,71.40306382,864.56183158,565.0575828,122,미지정,1
280788,1117000000000006064,용산동6가 69-26잡,잡,국유지,35.42932220362127,126.98168512452689,37.51998143109019,160.61114185,63.33331123,861.25126913,563.15898492,122,미지정,1
280789,1117000000000006065,용산동6가 69-136도,도,국유지,3345.3606756419176,126.98342819663362,37.5166330604056,95.02392018,373.26937677,1065.31046997,839.40486881,122,미지정,1
280790,1117000000000006066,용산동6가 93-5잡,잡,국유지,9216.826748443302,126.98279664154748,37.52086202962313,205.5211257,201.38112592,968.94850271,657.31285672,122,미지정,1
280791,1117000000000006067,용산동6가 68-3잡,잡,국유지,47.865297998301685,126.98742677185612,37.52010162457723,174.19029752,228.36131735,1403.0702709,483.00142079,122,미지정,1
280792,1117000000000006068,용산동6가 93-9 도,도,국유지,1469.131113473326,126.98282070470715,37.51988219687606,244.80733773,143.44065576,961.05586759,664.13370226,122,미지정,1
280793,1117000000000006069,용산동6가 69-17잡,잡,국유지,1795.550218791701,126.98221065567242,37.51987879125923,201.69428241,92.73992805,907.14872683,610.71500359,122,미지정,1
280794,1117000000000006070,용산동6가 68-8 도,도,국유지,87.43499122001231,126.98721242435802,37.52013185470086,193.42258029,246.4152614,1410.2242697,498.52040767,122,미지정,1
280795,1117000000000006071,용산동6가 11-400도,도,국유지,281.95657111145556,126.9766833726309,37.521563652028675,112.50597593,140.20006117,472.76802837,155.88185003,122,미지정,1
280796,1117000000000006072,용산동6가 11-393도,도,국유지,711.634420016082,126.97724258025423,37.521347770413975,166.51815272,88.90274736,507.19631853,183.99636696,122,미지정,1
280797,1117000000000006073,용산동6가 68-36 도,도,국유지,218.60970482777338,126.9872498779154,37.5200620097916,189.1782301,239.77068885,1415.03306245,498.94752612,122,미지정,1
280798,1117000000000006074,용산동6가 68-43 도,도,국유지,103.11883184872568,126.98698928880431,37.5199723963844,211.40548688,256.10224897,1435.73330407,524.00303978,122,미지정,1
280799,1117000000000006075,용산동6가 68-76 도,도,국유지,112.09645087085664,126.98693323766592,37.51991597703866,216.16056036,258.21474264,1443.67730031,531.23439677,122,미지정,1
280800,1117000000000006076,용산동6가 11-372 도,도,국유지,334.992099606432,126.9772161330219,37.521488388160755,156.18262857,102.98608813,511.33665107,189.25441053,122,미지정,1
280801,1117000000000006077,용산동6가 68-71 도,도,국유지,45.48122373968363,126.9867935756301,37.519919113184486,228.51108124,269.81540209,1450.06540363,542.13630732,122,미지정,1
280802,1117000000000006078,용산동6가 68-4잡,잡,국유지,70.08325011678971,126.9875088787624,37.52022675355826,169.57528123,229.8555896,1387.43696128,470.33687726,122,미지정,1
280803,1117000000000006079,용산동6가 69-94도,도,국유지,20.903350554406643,126.9875089577564,37.520113083548466,167.18744285,222.85074879,1398.20055042,475.9507744,122,미지정,1
280804,1117000000000006080,용산동6가 68-77 도,도,국유지,80.79290945641696,126.98681685271319,37.51986703442832,226.42683272,265.84417383,1453.80310105,542.86687337,122,미지정,1
280805,1117000000000006081,용산동6가 69-62잡,잡,국유지,121.48098268418107,126.98146350755832,37.520014230047515,145.47129425,57.60701796,841.89228912,543.26427848,122,미지정,1
280806,1117000000000006082,용산동6가 68-72 도,도,국유지,211.9434780087322,126.98662909569553,37.519828359558375,243.09481485,280.1032773,1466.44386552,559.63208181,122,미지정,1
280807,1117000000000006083,용산동6가 111잡,잡,국유지,101666.74553509615,126.98656385820875,37.52470164862885,589.78148322,684.78833554,1060.84654167,585.22003716,122,미지정,1
280808,1117000000000006084,용산동6가 99-1잡,잡,국유지,451.0624551831279,126.98475423172263,37.522717155963264,419.29991009,470.25066844,1183.9885713,670.93398427,122,미지정,1
280809,1117000000000006085,용산동6가 99잡,잡,국유지,391.34150124597363,126.98489693051707,37.52281054507467,435.18936259,486.35752763,1199.11396858,659.60495829,122,미지정,1
280810,1117000000000006086,용산동6가 68-87잡,잡,국유지,1211.7541301925667,126.9846401310231,37.52245307735428,398.04350255,441.67032828,1165.97852813,678.49748173,122,미지정,1
280811,1117000000000006087,용산동6가 68-92잡,잡,국유지,1799.23783426499,126.98389597786453,37.52221876255276,327.32387368,379.30050558,1095.60841973,743.12956854,122,미지정,1
280812,1117000000000006088,용산동6가 93-2잡,잡,국유지,4049.643058367772,126.98338733733746,37.51994586909981,289.43163853,193.64284896,1011.38200802,713.07370428,122,미지정,1
280813,1117000000000006089,용산동6가 68-33잡,잡,국유지,124.81733605824411,126.98513386534604,37.51974176736233,282.19214296,343.07447254,1165.07981662,684.1548202,122,미지정,1
280814,1117000000000006090,용산동6가 93-7잡,잡,국유지,178.65652215480804,126.98453469733832,37.51994674430227,289.62072193,293.07092997,1112.73688185,725.77522811,122,미지정,1
280815,1117000000000006091,용산동6가 68-5잡,잡,국유지,83.84392676595598,126.98733111700115,37.52019733109043,184.27706077,241.13593147,1398.49009254,485.92387976,122,미지정,1
280816,1117000000000006092,용산동6가 68-6잡,잡,국유지,64.66248282790184,126.98738148137473,37.52016269607769,179.20262469,235.32113591,1399.4003199,483.57220422,122,미지정,1
280817,1117000000000006093,용산동6가 68-1잡,잡,국유지,29349.65280415723,126.9858376931473,37.52106088894419,339.15786324,404.07050812,1396.75124884,582.15493353,122,미지정,1
280818,1117000000000006094,용산동6가 68-91잡,잡,국유지,757.1763840452768,126.9837607691299,37.52158832278789,295.15105775,318.48569234,1067.26648702,749.62628661,122,미지정,1
280819,1117000000000006095,용산동6가 22잡,잡,국유지,66152.45307065884,126.98686514507735,37.522316420797864,349.65280985,438.70520274,1231.32285946,481.25259535,122,미지정,1
280820,1117000000000006096,용산동6가 68-79잡,잡,국유지,179.48636395856738,126.98727217368648,37.520428372864686,195.74048326,259.90978972,1379.63021129,480.3445248,122,미지정,1
280821,1117000000000006097,용산동6가 68-86잡,잡,국유지,84.9673730507493,126.98528411508852,37.52013476020016,327.65611793,361.95605526,1179.86320528,656.3414321,122,미지정,1
280822,1117000000000006098,용산동6가 68-80잡,잡,국유지,1076.9075491018593,126.98624962754039,37.52025661745779,279.64438948,328.67060179,1446.08152942,571.46043695,122,미지정,1
280823,1117000000000006099,용산동6가 68-74 도,도,국유지,60.301646834239364,126.98639563933183,37.51974978359909,264.07355281,297.34077528,1276.62350752,581.99742119,122,미지정,1
280824,1117000000000006100,용산동6가 68-35잡,잡,국유지,11.361703021335416,126.98740152964884,37.52002989579735,175.48557845,226.29867213,1411.02582271,488.62882878,122,미지정,1
280825,1117000000000006101,용산동6가 68-90잡,잡,국유지,18196.462795640808,126.98456923921616,37.52119159832603,426.69659446,346.16503726,1129.40703582,690.33570527,122,미지정,1
280826,1117000000000006102,용산동6가 68-34도,도,국유지,31.431110688485205,126.98738657109412,37.52006456620364,177.19713934,229.34133886,1408.43434982,488.03511851,122,미지정,1
280827,1117000000000006103,용산동6가 68-42잡,잡,국유지,80.64062603749335,126.98703626369793,37.520031713996026,207.67460534,255.08570151,1427.9496146,517.37457244,122,미지정,1
280828,1117000000000006104,용산동6가 93-6잡,잡,국유지,10354.844098855741,126.9835550739051,37.520643542178185,275.35742403,237.89879745,1032.23204847,723.85416892,122,미지정,1
280829,1117000000000006105,용산동6가 68-89잡,잡,국유지,410.43882813863456,126.98505992897465,37.520020039825496,308.99059734,340.2070437,1159.45746957,679.2571555,122,미지정,1
280830,1117000000000006106,용산동6가 93-8잡,잡,국유지,6039.985645307694,126.98414311376861,37.52060451136899,358.47581197,281.60819696,1083.41914969,739.19598339,122,미지정,1
280831,1117000000000006107,용산동6가 68-75잡,잡,국유지,50.48501064488664,126.98707570226411,37.51999729851326,203.92734048,250.29844532,1429.30487248,515.9319518,122,미지정,1
280832,1117000000000006108,용산동6가 68-2잡,잡,국유지,5999.722021238878,126.98623685759583,37.52010447058163,278.77177836,323.1427928,1263.81559018,578.66642789,122,미지정,1
280833,1117000000000006109,용산동6가 22-1잡,잡,국유지,17003.784467782127,126.98891228617246,37.52234284393466,276.03609185,372.32002536,1122.50887596,301.03773043,122,미지정,1
280834,1117000000000006110,용산동6가 69-106 도,도,국유지,51.75555555918254,126.9877547869826,37.52010226736178,145.54200616,204.12708005,1388.07746865,457.29052641,122,미지정,1
280835,1117000000000006111,용산동6가 68-69잡,잡,국유지,791.1604734132998,126.98648004059596,37.51985259216109,256.21736001,293.4640225,1471.46829238,570.30106345,122,미지정,1
280836,1117000000000006112,용산동6가 69-90도,도,국유지,34.771888852119446,126.9876266941309,37.52013041713695,157.23259566,215.20863165,1391.17543084,465.82076924,122,미지정,1
280837,1117000000000006113,용산동6가 69-170도,도,국유지,3228.131891969766,126.98426840650272,37.517839295352765,58.08838525,324.65611852,1105.28053175,851.19395903,122,미지정,1
280838,1117000000000006114,용산동6가 68-52잡,잡,국유지,16.0369140941184,126.98618081462222,37.519770757112276,282.92384735,316.28058621,1257.67343723,598.09227049,122,미지정,1
280839,1117000000000006115,용산동6가 68-10도,도,국유지,2527.5716060749255,126.98619062036661,37.5198955428291,281.78265327,319.29167791,1258.85863513,591.52632102,122,미지정,1
280840,1117000000000006116,용산동6가 68-64도,도,국유지,47.70367678697221,126.98560448035789,37.5196974356232,295.72861247,364.03177534,1206.61129354,647.80532661,122,미지정,1
280841,1117000000000006117,용산동6가 68-28잡,잡,국유지,83.94729443709366,126.98562164562878,37.51985115614773,311.40726332,366.36812306,1208.44521272,639.66155452,122,미지정,1
280842,1117000000000006118,용산동6가 68-65잡,잡,국유지,121.8886343864724,126.98551481483268,37.519718671415916,293.98930152,372.27097901,1198.71482119,654.11246302,122,미지정,1
280843,1117000000000006119,용산동6가 68-66도,도,국유지,24.577883346006274,126.98544354371259,37.51970463952096,289.70397445,370.13517925,1192.39467533,660.51223123,122,미지정,1
280844,1117000000000006120,용산동6가 68-68잡,잡,국유지,91.00698270834982,126.98517647097192,37.51970135108619,279.45687845,346.54251657,1168.78215378,682.38355463,122,미지정,1
280845,1117000000000006121,용산동6가 68-85잡,잡,국유지,58.907834202982485,126.98762078383855,37.520462128053516,168.09710596,238.28507727,1360.00829126,450.48180732,122,미지정,1
280846,1117000000000006122,용산동6가 68-81잡,잡,국유지,43.11144738364965,126.98749080139586,37.52046121635564,178.73396134,246.93897559,1366.17812271,461.09517786,122,미지정,1
280847,1117000000000006123,용산동6가 69-110 도,도,국유지,46.22678845922928,126.98764945296966,37.52010050242314,154.70051958,211.68248167,1392.99240252,465.58600338,122,미지정,1
280848,1117000000000006124,용산동6가 68-31잡,잡,국유지,108.40747809130698,126.98548705712432,37.51980830085679,301.70808472,376.8043796,1196.43766778,652.47359794,122,미지정,1
280849,1117000000000006125,용산동6가 68-67잡,잡,국유지,113.43111795093864,126.98535613756019,37.519710468039094,286.86768757,362.45739504,1184.67656875,667.35612518,122,미지정,1
280850,1117000000000006126,용산동6가 68-32잡,잡,국유지,107.85801931098104,126.98533169083355,37.51978001264441,292.94938829,360.83403336,1182.64091556,666.36371777,122,미지정,1
280851,1117000000000006127,용산동6가 69-28 도,도,국유지,635.9148733103648,126.98082152587038,37.52027452410121,93.00232918,92.35302356,787.5778736,483.81014204,122,미지정,1
280852,1117000000000006128,용산동6가 11-371도,도,국유지,3821.489728417713,126.97847627097094,37.52121179648906,178.39496085,77.97275934,604.44239427,282.37938137,122,미지정,1
280853,1117000000000006129,용산동6가 68-7잡,잡,국유지,47.22263760026544,126.98745494601425,37.520147907819094,172.52298322,228.95375321,1397.38914656,478.47002676,122,미지정,1
280854,1117000000000006130,용산동6가 11-385도,도,국유지,109.37156299967319,126.97790119404954,37.52133659158256,217.57072718,69.36073655,560.86233201,237.39604276,122,미지정,1
280855,1117000000000006131,용산동6가 11-424도,도,국유지,148.1630601035431,126.98007857105019,37.52517418580321,457.06968495,287.56252829,949.83969025,654.16047779,122,미지정,1
280856,1117000000000006132,용산동6가 159-4잡,잡,국유지,16.471936907386407,126.98593933333333,37.527115666666674,822.88727124,707.97865934,960.27338438,793.61688316,122,미지정,1
280857,1117000000000006133,용산동6가 11-403 도,도,국유지,97.09761999500915,126.9774724140184,37.52140939695852,180.21102182,84.41423827,528.57709133,205.28785463,122,미지정,1
280858,1117000000000006134,용산동6가 159-3잡,잡,국유지,548.0657486008713,126.98584649652582,37.52669613733827,818.02236543,751.60879578,988.66676888,767.55428624,122,미지정,1
280859,1117000000000006135,용산동6가 68-40 도,도,국유지,211.4475252998527,126.98719554326945,37.519982975035965,193.25734583,240.05314295,1425.01800659,507.19381052,122,미지정,1
280860,1117000000000006136,용산동6가 159잡,잡,국유지,9178.83163866715,126.98642959448166,37.52675189930292,805.62492333,720.21849262,940.44434352,734.42374791,122,미지정,1
280861,1117000000000006137,용산동6가 69-112 도,도,국유지,30.283162018749863,126.98750833279335,37.52008342059507,166.77239826,221.15331776,1401.04403583,477.5103743,122,미지정,1
280862,1117000000000006138,보광동 265-1122 도,도,국유지,27.12961033731699,126.99828847953954,37.531391252214796,484.86721367,398.55352468,233.91374406,218.71593749,58,미지정,0
280863,1117000000000006139,보광동 265-1085 도,도,국유지,38.43169412203133,127.00093381897469,37.529550631780474,585.95123443,367.43428329,591.87809084,471.7488057,58,미지정,0
280864,1117000000000006140,보광동 147-12도,도,국유지,121.62789078056812,127.0013436573768,37.52328596938777,894.957315,275.05749455,916.90257013,376.57326365,58,미지정,0
280865,1117000000000006141,보광동 147-7도,도,국유지,296.10823087673634,127.00103810739644,37.52317087584352,922.55144089,292.24452449,943.0783924,364.15374331,58,미지정,0
280866,1117000000000006142,보광동 157-4도,도,국유지,416.48082062159665,127.00128019324696,37.52311342927364,913.0162383,294.78140892,935.78294762,384.40324794,58,미지정,0
280867,1117000000000006143,보광동 3-286도,도,국유지,53.52507907804102,127.00216529041421,37.52911826872556,592.64214421,376.37484356,469.47816397,505.30760887,58,미지정,0
280868,1117000000000006144,보광동 3-335 도,도,국유지,24.849446835462004,127.00218944282143,37.52947193604422,554.20345384,336.92050834,460.59858922,534.43650198,58,미지정,0
280869,1117000000000006145,보광동 8-8도,도,국유지,40.389243364101276,127.00082437106309,37.52937305878068,607.90581927,346.29649025,481.08687353,449.97577762,58,미지정,0
280870,1117000000000006146,보광동 175-7도,도,국유지,150.1141977258958,127.0011040168948,37.52331412010502,906.91648022,275.48228714,926.82848575,358.1212475,58,미지정,0
280871,1117000000000006147,보광동 3-372 도,도,국유지,48.36442141421139,127.00200183444889,37.52978424330629,525.89644892,325.17153779,473.88142198,549.11735021,58,미지정,0
280872,1117000000000006148,보광동 147-17도,도,국유지,40.28916713222861,127.00089550903037,37.523196457242584,929.04151985,292.42735922,967.6941286,352.97127695,58,미지정,0
280873,1117000000000006149,보광동 147-6도,도,국유지,231.36961614107713,127.00119417696739,37.52324339026114,907.30959348,281.70111358,928.44600243,369.26956475,58,미지정,0
280874,1117000000000006150,보광동 147-14도,도,국유지,22.634175000013784,127.00119532856523,37.52313093815923,916.526192,293.98929834,938.52407205,377.47058697,58,미지정,0
280875,1117000000000006151,보광동 147-26도,도,국유지,234.52931137138512,127.00095847987477,37.52310804143569,932.44862472,300.6004349,978.97291755,363.76658661,58,미지정,0
280876,1117000000000006152,보광동 253-51도,도,국유지,28.06249580066651,126.9991265058556,37.52891325712289,728.88977112,303.68195151,371.82265333,338.32077114,58,미지정,0
280877,1117000000000006153,보광동 249-3도,도,국유지,193.78755026124418,126.99950119923051,37.529329472312924,672.05110724,341.00350117,375.83655266,392.6327075,58,미지정,0
280879,1117000000000006155,보광동 248-5 도,도,국유지,76.02001870656386,126.99915842233406,37.52929937845744,692.59963921,344.11724748,350.83520312,380.23686248,58,미지정,0
280880,1117000000000006156,보광동 3-375도,도,국유지,12.282424503937364,127.00355499999999,37.529659666666674,402.76340101,249.71338777,338.23671691,637.24543759,58,미지정,0
280881,1117000000000006157,보광동 265-1081도,도,국유지,154.17778899893165,127.00110864378128,37.52966550256638,567.72456718,383.09573247,580.96510805,490.92913232,58,미지정,0
280882,1117000000000006158,보광동 265-745 도,도,국유지,16.790272899670526,127.00115049956177,37.52956157756354,576.59668919,372.72334691,592.88175566,483.53545025,58,미지정,0
280883,1117000000000006159,보광동 3-313 도,도,국유지,16.010539145208895,127.00229258169935,37.52868775163398,636.38398207,330.34645952,471.21876955,482.65718704,58,미지정,0
280884,1117000000000006160,보광동 264-139 도,도,국유지,3343.0240582122933,127.00083705868548,37.529505992170634,594.2136702,361.02442503,477.22070227,462.92958696,58,미지정,0
280885,1117000000000006161,보광동 264-140 도,도,국유지,167.06848567561246,127.00008776968096,37.5296211067626,616.19749584,368.61997754,410.48069345,442.24217296,58,미지정,0
280886,1117000000000006162,보광동 191-33도,도,국유지,51.8845452114474,126.99837093889255,37.52518893974347,1084.65694719,199.52616952,673.66772893,39.71109837,58,미지정,0
280887,1117000000000006163,보광동 147-25 도,도,국유지,69.12828429788351,127.00153708931782,37.52388636266439,834.47146361,206.96366427,853.04419449,354.61937859,58,미지정,0
280888,1117000000000006164,보광동 15-1도,도,국유지,105.60418886132538,127.00222314050818,37.528278471410644,530.73427705,284.51412872,493.01260471,450.88866632,58,미지정,0
280889,1117000000000006165,보광동 2-4도,도,국유지,41.28218217147514,127.00237106986692,37.5283830468948,515.55286088,298.16553396,476.46742988,468.22936432,58,미지정,0
280890,1117000000000006166,보광동 3-307 도,도,국유지,30.706525494344532,127.00239267987222,37.52861687348242,509.17801173,324.0292963,465.3956383,484.89115523,58,미지정,0
280891,1117000000000006167,보광동 151-2도,도,국유지,15.275742383673787,127.00118056743737,37.52378726107899,864.39379041,222.72947731,881.0131874,332.77186308,58,미지정,0
280892,1117000000000006168,보광동 147-4도,도,국유지,127.8177215764299,127.00165172075529,37.523826994000096,832.26745763,212.92208177,852.2781561,366.65782139,58,미지정,0
280893,1117000000000006169,보광동 148-1도,도,국유지,31.503121266141534,127.00146606913732,37.52379217658051,846.35898595,217.98511234,865.17022679,354.15207978,58,미지정,0
280894,1117000000000006170,보광동 147-10도,도,국유지,140.3218287937343,127.00172382926063,37.523793897966556,830.62108418,216.45992334,851.50106814,374.01038404,58,미지정,0
280895,1117000000000006171,보광동 147-2도,도,국유지,91.04611588083208,127.00176786799571,37.523768374820406,830.08185832,219.3035237,851.53748905,378.77831804,58,미지정,0
280896,1117000000000006172,보광동 147-28도,도,국유지,157.64822190627456,127.00134050061718,37.523739070521,858.3024126,225.3102922,876.57256584,347.60734278,58,미지정,0
280897,1117000000000006173,보광동 146-3도,도,국유지,18.591836840845644,127.00174723553214,37.523911042568166,819.68735375,203.45557323,839.76349708,369.93908781,58,미지정,0
280898,1117000000000006174,보광동 146-5도,도,국유지,46.23430045135319,127.0018833923961,37.523927927285584,810.12376554,201.98449051,831.19117064,379.98857105,58,미지정,0
280899,1117000000000006175,보광동 159-3도,도,국유지,17.777568500721827,127.00122372332598,37.523593289183225,877.11865004,243.02578004,895.69921672,347.79904871,58,미지정,0
280900,1117000000000006176,보광동 147-3도,도,국유지,12.425676701590419,127.00160566666668,37.523577333333336,855.42156832,240.77999408,877.12638645,376.98633705,58,미지정,0
280901,1117000000000006177,보광동 157-1도,도,국유지,341.8021257049404,127.00149006577972,37.52339695112686,877.15025815,261.43891237,899.37054909,379.58708215,58,미지정,0
280902,1117000000000006178,보광동 15-15도,도,국유지,25.27672523801448,127.00275596810918,37.52774511986545,501.9717855,239.58762545,478.45795253,462.87020375,58,미지정,0
280903,1117000000000006179,보광동 21-6 도,도,국유지,115.19558779150248,127.00273673790666,37.527205890947016,527.07759463,184.65987567,513.89875633,439.57038566,58,미지정,0
280904,1117000000000006180,보광동 25-4도,도,국유지,27.12618948612362,127.00280583477996,37.527221597588905,520.82812396,189.1631065,507.99352729,445.9189202,58,미지정,0
280905,1117000000000006181,보광동 15-24도,도,국유지,315.9077231087722,127.00268117355053,37.52770998755213,509.52231486,233.53905936,486.13151958,455.23460255,58,미지정,0
280906,1117000000000006182,보광동 15-27도,도,국유지,89.9471735265106,127.00273686997146,37.528037464143544,493.38480856,269.38039204,463.65431899,475.87110683,58,미지정,0
280907,1117000000000006183,보광동 18-9도,도,국유지,56.59664407861419,127.00275016265094,37.5278447661062,498.76492587,249.68924863,473.16002418,467.14435598,58,미지정,0
280908,1117000000000006184,보광동 15-37도,도,국유지,27.60662284027785,127.00277354459844,37.528053896706936,489.7593846,272.17640398,459.93537101,479.59013395,58,미지정,0
280909,1117000000000006185,보광동 25-6 도,도,국유지,263.9040409415029,127.00294985172857,37.527258086982634,507.62463861,199.22475547,495.4632255,459.2777237,58,미지정,0
280910,1117000000000006186,보광동 33-3 도,도,국유지,26.287446809816174,127.00277221110905,37.527136901287555,527.70311274,179.54512503,516.12129975,440.30320059,58,미지정,0
280911,1117000000000006187,보광동 26-2도,도,국유지,113.76791756274179,127.00304991097887,37.527340762385194,495.63286823,211.73093531,482.84137527,470.53210724,58,미지정,0
280912,1117000000000006188,보광동 25-3도,도,국유지,26.326630609109998,127.0028843899758,37.52725843376188,512.79224812,196.20944985,499.99980485,453.78045585,58,미지정,0
280913,1117000000000006189,보광동 29-10도,도,국유지,240.07850950036664,127.00328263736046,37.52739013871237,474.75973992,228.02041232,463.33087546,491.7825838,58,미지정,0
280914,1117000000000006190,보광동 31-2도,도,국유지,66.96200877043884,127.00307369059652,37.52718620872707,501.5334444,198.83808174,491.96668996,467.40875563,58,미지정,0
280915,1117000000000006191,보광동 29-9도,도,국유지,160.7748644243693,127.00342904073102,37.5275130762143,457.13453091,246.70626592,444.69277093,508.42856022,58,미지정,0
280916,1117000000000006192,보광동 27-15 도,도,국유지,225.82779849262442,127.00335406072517,37.52766646694759,456.08702111,256.71394057,439.564236,508.12357664,58,미지정,0
280917,1117000000000006193,보광동 33-9도,도,국유지,46.56591978529468,127.0027434368833,37.52704775058815,534.52333377,169.7564756,524.28571694,435.11905844,58,미지정,0
280918,1117000000000006194,보광동 38-5 도,도,국유지,53.30618221871555,127.00351710950586,37.5265008944511,509.68930834,178.21525276,517.21337376,490.84044486,58,미지정,0
280919,1117000000000006195,보광동 65-3 도,도,국유지,192.24371881992556,127.00318599298309,37.52685940836754,511.04004133,177.99751606,508.66174079,468.23033396,58,미지정,0
280920,1117000000000006196,보광동 44-3도,도,국유지,24.74729569326155,127.00316728239179,37.52683637006939,513.79922076,175.03223848,511.6229924,466.09532786,58,미지정,0
280921,1117000000000006197,보광동 35-37도,도,국유지,102.51597387884976,127.003676427979,37.52683395282071,476.44856876,209.67054891,480.2659757,510.22930558,58,미지정,0
280922,1117000000000006198,보광동 36-10 도,도,국유지,1230.7039014422335,127.00410053639017,37.526698926487626,455.62084309,234.11054943,467.44047739,544.8038747,58,미지정,0
280923,1117000000000006199,보광동 36-2 도,도,국유지,131.34873890690506,127.00418294430546,37.52660241892918,456.95144297,236.10779273,471.56168593,550.6123233,58,미지정,0
280924,1117000000000006200,보광동 228-158도,도,국유지,38.21222595870495,126.99715019691911,37.52699947445442,860.13280287,186.79096052,448.83363982,133.96996106,58,미지정,0
280925,1117000000000006201,보광동 228-70도,도,국유지,15.387899229303002,126.9971806712358,37.527088575177984,851.46517614,195.49782198,440.13511504,140.86259645,58,미지정,0
280926,1117000000000006202,보광동 37-6 도,도,국유지,75.67926260270178,127.00364314618446,37.526594980252355,494.49481903,193.00314639,502.02613144,503.17463775,58,미지정,0
280927,1117000000000006203,보광동 35-42 도,도,국유지,61.895008811727166,127.00370966275686,37.52701491842341,462.74401074,224.13973611,463.6363074,517.1185043,58,미지정,0
280928,1117000000000006204,보광동 36-14 도,도,국유지,387.9458906908985,127.00392433289079,37.52677271962522,462.76852686,224.38854078,470.88842424,530.65351568,58,미지정,0
280929,1117000000000006205,보광동 36-6도,도,국유지,76.31180545687675,127.00408492644257,37.52683809888369,447.0880552,240.30326112,456.23751226,545.85665125,58,미지정,0
280930,1117000000000006206,보광동 29-5 도,도,국유지,25.046448776032776,127.00421758532443,37.52697584384384,428.49280288,258.24910522,436.98045625,560.16853242,58,미지정,0
280931,1117000000000006207,보광동 265-1158도,도,국유지,47.10322407819331,127.0021851626575,37.530728824742276,421.66905109,254.85910453,488.49544008,558.13357242,58,미지정,0
280932,1117000000000006208,보광동 212-2도,도,국유지,89.6072613587603,126.99703130092513,37.52514642813087,893.80284254,151.24608534,646.80885757,88.39948354,58,미지정,0
280933,1117000000000006209,보광동 238-48도,도,국유지,205.80185587448068,126.99679613675906,37.530520459533975,484.23909939,317.39609247,103.06104311,232.32001965,58,미지정,0
280934,1117000000000006210,보광동 273-5도,도,국유지,263.54374261648627,126.997311742808,37.53068035772116,491.30817859,365.85808869,142.33103813,228.36688665,58,미지정,0
280935,1117000000000006211,보광동 238-101 도,도,국유지,33.39359637955204,126.99708666250488,37.53068545348609,480.44792656,348.78384828,122.61719592,220.90013119,58,미지정,0
280936,1117000000000006212,보광동 238-93 도,도,국유지,16.06412049010396,126.99688791073794,37.53039714727736,500.11252533,318.09020252,116.22657039,247.32424069,58,미지정,0
280937,1117000000000006213,보광동 273-11 도,도,국유지,79.62874350417405,126.99668910303478,37.53059891599934,472.22817337,313.7078679,91.07138124,222.15515632,58,미지정,0
280938,1117000000000006214,보광동 265-888 도,도,국유지,1648.6952766759787,127.00176851376719,37.53099886621561,409.20445802,279.32717967,448.26480856,513.06531197,58,미지정,0
280939,1117000000000006215,보광동 215-14 도,도,국유지,26.49368918017717,126.99697313491328,37.526477388323144,911.61465588,140.15064751,501.01213459,105.10171956,58,미지정,0
280940,1117000000000006216,보광동 265-1153도,도,국유지,78.78842118242756,126.99863334410342,37.53210734180001,467.8320763,314.47828599,291.22936774,211.63694991,58,미지정,0
280941,1117000000000006217,보광동 265-1147도,도,국유지,46.661545224138536,127.0017021595361,37.53111519765934,400.53739445,281.86014667,434.20020352,503.24429597,58,미지정,0
280942,1117000000000006218,보광동 265-846도,도,국유지,50.65468922862783,127.0017647037862,37.53047276327426,462.0849488,300.61528564,504.25146998,535.52794086,58,미지정,0
280943,1117000000000006219,보광동 391-1도,도,국유지,96.32619570940733,126.99731792731411,37.52626856419005,942.11784594,159.63516595,530.91904163,67.25730543,58,미지정,0
280944,1117000000000006220,보광동 214-8도,도,국유지,30.40837110299617,126.99718676173576,37.52591587035543,976.69650209,141.91309872,565.98445451,72.48993503,58,미지정,0
280945,1117000000000006221,보광동 215-6도,도,국유지,427.7269096910022,126.99694515612724,37.52612678128203,948.67692485,123.76548021,538.53020462,94.29836143,58,미지정,0
280946,1117000000000006222,보광동 238-62도,도,국유지,67.63870478002355,126.99656689235381,37.52747842410617,795.04558721,198.48686348,384.8647836,207.29626286,58,미지정,0
280947,1117000000000006223,보광동 228-151도,도,국유지,62.38530081999488,126.9969499206636,37.52734885089375,817.91097171,203.74675009,406.68764346,176.14613197,58,미지정,0
280948,1117000000000006224,보광동 228-46도,도,국유지,38.820212442427874,126.99696510268723,37.52745417774408,807.09146323,214.03300295,395.80532076,185.51787644,58,미지정,0
280949,1117000000000006225,보광동 265-1124 도,도,국유지,17.765985741396435,126.99827514283083,37.531232784281244,496.38271343,414.58003129,229.11901877,228.84268217,58,미지정,0
280950,1117000000000006226,보광동 265-1123 도,도,국유지,13.650658938568085,126.99828256054617,37.53129607929093,491.87095073,408.0752422,231.06576454,224.82983389,58,미지정,0
280951,1117000000000006227,보광동 264-130 도,도,국유지,245.4743541359785,126.99829642123247,37.53193402056109,492.44532965,346.68625958,255.9288141,189.31955903,58,미지정,0
280952,1117000000000006228,보광동 264-131 도,도,국유지,490.2180083945859,126.99878764856972,37.53191484855033,486.92997305,326.51088818,294.37759018,230.77918586,58,미지정,0
280953,1117000000000006229,보광동 238-32도,도,국유지,568.9728286764584,126.9973288590842,37.529766086896664,580.21388617,331.23537514,188.36093294,324.74753852,58,미지정,0
280954,1117000000000006230,보광동 238-86도,도,국유지,464.04761692509055,126.99733260889664,37.529926888550655,564.55018034,335.93918094,177.42524973,307.73274944,58,미지정,0
280955,1117000000000006231,보광동 238-76도,도,국유지,116.72095253225416,126.9968405577548,37.530382938056825,499.64832712,313.64293267,113.28868387,248.04708501,58,미지정,0
280956,1117000000000006232,보광동 238-85도,도,국유지,357.7371893301606,126.99706730722681,37.530089024442866,537.7867788,319.1076297,147.87077842,284.17729705,58,미지정,0
280957,1117000000000006233,보광동 238-111 도,도,국유지,21.700099157635123,126.99699333333334,37.530056666666674,538.1064614,311.73836437,144.89975493,286.2248963,58,미지정,0
280958,1117000000000006234,보광동 264-138 도,도,국유지,52.562926441431046,127.00116685691177,37.53020144236032,512.26659971,361.35066482,522.78195988,543.87631865,58,미지정,0
280959,1117000000000006235,보광동 264-136 도,도,국유지,26.340234957635403,127.00122490273124,37.53043892383613,486.63300784,345.50103803,497.59190654,494.82745046,58,미지정,0
280960,1117000000000006236,보광동 265-1131도,도,국유지,113.40448069549166,126.99680006597463,37.53096189261827,441.20497797,344.5130531,95.80071971,184.46198949,58,미지정,0
280961,1117000000000006237,보광동 214-11 도,도,국유지,70.05363489559386,126.9968409387998,37.52575110935277,987.05830191,112.05211488,577.78627609,106.11373354,58,미지정,0
280962,1117000000000006238,보광동 265-451도,도,국유지,148.6862813201733,126.99722177404634,37.531019454414476,455.47412639,378.61536036,133.54282235,190.7193896,58,미지정,0
280963,1117000000000006239,보광동 265-1129 도,도,국유지,20.866048409603536,126.99822317724495,37.53086708305908,523.02220915,452.83899326,221.16082045,254.09508152,58,미지정,0
280964,1117000000000006240,보광동 265-1130 도,도,국유지,45.25890597142279,126.99818692792891,37.530769480546226,529.16175541,463.9824557,218.29722811,260.23853616,58,미지정,0
280965,1117000000000006241,보광동 265-1128 도,도,국유지,51.73344689258374,126.99824467406215,37.53095996393919,516.57113124,442.75153776,223.23255752,247.79170545,58,미지정,0
280966,1117000000000006242,보광동 265-1127 도,도,국유지,20.473608172265813,126.99825166123624,37.531058092796684,508.95383629,432.74309982,224.54512524,240.45558666,58,미지정,0
280967,1117000000000006243,보광동 264-113도,도,국유지,66.12490232195705,126.99832858576268,37.53096772917439,520.93227645,438.7261768,230.678507,252.34811102,58,미지정,0
280968,1117000000000006244,보광동 238-112 도,도,국유지,302.1385788563639,126.99686578870724,37.53027258599715,511.62503192,310.33910042,121.5814222,260.49570255,58,미지정,0
280969,1117000000000006245,보광동 265-619도,도,국유지,88.08986936090514,126.99670638355886,37.53069777890381,463.09716666,320.90494314,89.40608188,211.55817939,58,미지정,0
280970,1117000000000006246,보광동 238-113 도,도,국유지,527.6483513368294,126.99663694983514,37.53044155907051,486.01101994,300.83733874,94.45191561,238.84107765,58,미지정,0
280971,1117000000000006247,보광동 265-410 도,도,국유지,634.5896933642216,126.99674995844892,37.53090641660289,444.42001139,337.29160571,90.98698541,189.50252752,58,미지정,0
280972,1117000000000006248,보광동 264-135 도,도,국유지,67.60653252713382,127.00108718568768,37.53050318740476,486.45339727,354.02635026,488.61462147,480.72538022,58,미지정,0
280973,1117000000000006249,보광동 274-13도,도,국유지,104.64907636056887,126.99700139643781,37.53088703777832,457.36693274,354.24903093,113.16682608,197.29287126,58,미지정,0
280974,1117000000000006250,보광동 3-361 도,도,국유지,46.55900304811075,127.00244551011382,37.53031115634219,458.41791313,258.20834923,435.16246423,619.15767802,58,미지정,0
280975,1117000000000006251,보광동 274-24도,도,국유지,11.556313406093977,126.99696197906057,37.53071863723826,471.74917093,341.21101685,111.13292734,214.19019794,58,미지정,0
280976,1117000000000006252,보광동 3-267 도,도,국유지,35.16932359430939,127.00256492840538,37.53041394783822,444.5928163,242.9893105,425.66144311,634.67385648,58,미지정,0
280977,1117000000000006253,보광동 238-24도,도,국유지,282.1500855800696,126.99750129896388,37.530297518503055,536.22825263,363.16380692,170.11397258,274.03273082,58,미지정,0
280978,1117000000000006254,보광동 238-105 도,도,국유지,19.36515861400403,126.99760131121243,37.530644072441746,508.8012742,386.7553757,168.24067339,242.9771856,58,미지정,0
280979,1117000000000006255,보광동 264-120도,도,국유지,15.073412766680121,126.99954887363057,37.52980322887515,627.20259253,392.35619706,358.82231244,443.75873913,58,미지정,0
280980,1117000000000006256,보광동 240-31도,도,국유지,594.2315412811004,126.99847143491876,37.5302258322575,591.84347606,460.13833371,253.71127476,323.34247825,58,미지정,0
280981,1117000000000006257,보광동 265-1094 도,도,국유지,23.92690188344568,126.99814432062321,37.53051804141042,548.48363568,490.82364414,217.92167136,280.12966266,58,미지정,0
280982,1117000000000006258,보광동 264-84 도,도,국유지,7667.072764424956,126.99892327374855,37.530883293658036,599.45171072,427.58636798,283.0372176,297.67211046,58,미지정,0
280983,1117000000000006259,보광동 265-1097 도,도,국유지,17.579777288250625,126.99819191964285,37.530454112351194,556.66772769,492.30963269,223.45090221,288.35242292,58,미지정,0
280984,1117000000000006260,보광동 264-115도,도,국유지,43.046906389063224,126.99826703152536,37.53041071008051,564.54784879,485.49109925,230.98245061,296.1259676,58,미지정,0
280985,1117000000000006261,보광동 269-7 도,도,국유지,52.38648623786867,126.99900944769041,37.52993891991261,703.40477476,416.15109523,308.85331222,377.62034088,58,미지정,0
280986,1117000000000006262,보광동 264-132 도,도,국유지,2403.772745671915,127.0002131475732,37.53126670249059,465.65951415,363.24549998,398.51895593,374.18827447,58,미지정,0
280987,1117000000000006263,보광동 3-297도,도,국유지,493.70566225633956,127.00232280772977,37.52888210337472,614.75821762,352.07530245,462.33740258,498.32407131,58,미지정,0
280988,1117000000000006264,보광동 58-1도,도,국유지,162.881174094975,127.00267563308748,37.526592766450825,564.98142845,125.40632681,561.82651323,418.50339343,58,미지정,0
280989,1117000000000006265,보광동 80-18도,도,국유지,668.4671546381433,127.0022454332839,37.52666495140182,593.54258882,111.57351944,585.25496116,382.46052044,58,미지정,0
280990,1117000000000006266,보광동 62-1도,도,국유지,23.00592049397528,127.00221213752666,37.52670568265813,593.90127242,114.62185375,584.67558307,380.47780787,58,미지정,0
280991,1117000000000006267,보광동 75-26도,도,국유지,96.61004952993244,127.00221099207918,37.526789941508,589.51439444,123.34142589,578.91950574,382.41359511,58,미지정,0
280992,1117000000000006268,보광동 75-2도,도,국유지,57.73535940796137,127.00232608280943,37.52683853157746,578.00020359,132.0857444,567.59501865,393.56307045,58,미지정,0
280993,1117000000000006269,보광동 75-24 도,도,국유지,12.11609389167279,127.00228860998648,37.52685913292847,579.8500306,132.94521422,568.78024824,390.89682242,58,미지정,0
280994,1117000000000006270,보광동 75-23 도,도,국유지,123.17693649139255,127.00236665571528,37.526945998088486,569.27161845,144.46968177,557.41469946,400.01223818,58,미지정,0
280995,1117000000000006271,보광동 22-2도,도,국유지,24.07028888585046,127.00254085687111,37.52704426879967,550.59177613,160.76736723,538.56227042,417.78355505,58,미지정,0
280996,1117000000000006272,보광동 21-5도,도,국유지,65.64257810439449,127.00250693981968,37.5270624492602,552.35392518,161.29620265,539.70511371,415.47212826,58,미지정,0
280997,1117000000000006273,보광동 63-1도,도,국유지,119.32670111581683,127.00205620348598,37.5265870953438,612.35615955,97.66818209,603.6715977,364.41863777,58,미지정,0
280998,1117000000000006274,보광동 71-14 도,도,국유지,48.84221013542265,127.00196258772719,37.52659532620267,619.13229137,96.51483737,609.54433341,356.44814495,58,미지정,0
280999,1117000000000006275,보광동 383-1도,도,국유지,795.6414396800101,126.998236414647,37.52627248115383,967.60011782,168.76278884,557.61985031,36.75998425,58,미지정,0
281000,1117000000000006276,보광동 382-1도,도,국유지,118.32161024771631,126.99800071203511,37.5263482170446,952.45817134,189.644602,541.83327877,38.64780087,58,미지정,0
281001,1117000000000006277,보광동 217-12도,도,국유지,71.60824034828693,126.99877771448145,37.526199687148925,993.09524405,121.40014301,585.51967712,72.23001228,58,미지정,0
281002,1117000000000006278,보광동 303-1도,도,국유지,453.6749056125991,126.99927272900044,37.526357270080524,969.0576372,77.39047802,592.05292479,119.28577407,58,미지정,0
281003,1117000000000006279,보광동 80-2도,도,국유지,475.1415616609156,127.00133498048083,37.52624359336306,686.61723605,65.93376458,677.27060679,296.03151304,58,미지정,0
281004,1117000000000006280,보광동 80-28도,도,국유지,283.76903442665935,127.00135648063637,37.52629073368598,682.38993773,69.44457841,672.54709126,298.44430227,58,미지정,0
281005,1117000000000006281,보광동 71-16 도,도,국유지,48.21936768107116,127.00181399294675,37.52646849698203,637.47202648,80.66483449,628.59592317,341.12226635,58,미지정,0
281006,1117000000000006282,보광동 217-6도,도,국유지,74.34046522108838,126.99943369697569,37.52621757873089,838.04668921,63.56586193,612.75457339,129.01136605,58,미지정,0
281007,1117000000000006283,보광동 80-15 도,도,국유지,279.8311396371573,127.00107883814817,37.52599967269104,719.78240122,64.87236451,719.49336065,272.15320886,58,미지정,0
281008,1117000000000006284,보광동 80-26 도,도,국유지,43.35348134115338,127.00108766666666,37.52614533333334,711.01337026,72.77502134,707.92510521,273.40956246,58,미지정,0
281009,1117000000000006285,보광동 71-2도,도,국유지,18.905148666352034,127.00183299999999,37.526435666666664,637.81863689,77.1969413,629.58294302,342.24914421,58,미지정,0
281010,1117000000000006286,보광동 83-3 도,도,국유지,79.67798037070315,127.00242064739682,37.52582459574383,632.27677994,60.92057927,637.89188207,391.2472269,58,미지정,0
281011,1117000000000006287,보광동 216-4도,도,국유지,269.60386454872787,126.99782407054097,37.52597897165264,986.09070611,198.52207596,574.83891765,15.72540314,58,미지정,0
281012,1117000000000006288,보광동 386-2 도,도,국유지,18.16946028545499,126.99750666666667,37.526019,973.4162057,170.89384874,562.12370413,43.65904067,58,미지정,0
281013,1117000000000006289,보광동 386-3 도,도,국유지,33.25831402372569,126.99746848141594,37.52604033038348,970.17956999,167.78279731,558.90976739,47.19619643,58,미지정,0
281014,1117000000000006290,보광동 387-6도,도,국유지,814.4470780908014,126.99782237203647,37.52639194564936,942.61938901,206.27473022,531.62052844,46.24798475,58,미지정,0
281015,1117000000000006291,보광동 216-99도,도,국유지,90.71478763897903,127.00025325085171,37.525996223598135,783.66632135,35.05574867,674.01159098,199.17604842,58,미지정,0
281016,1117000000000006292,보광동 210-21도,도,국유지,85.30441874591634,126.99751012783213,37.52580721727046,996.03278032,170.55789355,584.80338311,48.29999415,58,미지정,0
281017,1117000000000006293,보광동 216-124도,도,국유지,17.683866758132353,126.997701,37.52585066666667,996.31957987,187.29614208,584.98612258,31.19695994,58,미지정,0
281018,1117000000000006294,보광동 216-13도,도,국유지,303.24902171141,126.99992280114311,37.52607607299148,805.62341145,31.70682204,649.77929983,170.17506894,58,미지정,0
281019,1117000000000006295,보광동 216-14도,도,국유지,41.74455600784859,127.00024683290249,37.52609220775558,779.24401398,24.76267095,665.13304124,198.87165944,58,미지정,0
281020,1117000000000006296,보광동 217-2도,도,국유지,960.5357693638653,127.00003985590578,37.52613857575555,793.27367218,20.21033762,650.12022075,180.96719322,58,미지정,0
281021,1117000000000006297,보광동 216-2도,도,국유지,959.2363264057785,126.99840588167163,37.5260653720261,994.43470324,155.94750882,584.69078981,36.60408124,58,미지정,0
281022,1117000000000006298,보광동 217-19도,도,국유지,50.520230618305504,126.99800404372591,37.52612896763439,975.47134917,190.22648261,564.59981915,14.31826125,58,미지정,0
281023,1117000000000006299,보광동 216-31도,도,국유지,443.7339816009626,126.99840824474809,37.526007173065516,1000.53361359,156.9516028,590.68399247,36.09548166,58,미지정,0
281024,1117000000000006300,보광동 216-67도,도,국유지,2781.4139453257667,126.99854388766242,37.52581452753896,1024.80413022,151.47014778,615.08641528,52.29851459,58,미지정,0
281025,1117000000000006301,보광동 216-30도,도,국유지,18.184159746859223,126.99878319251867,37.52602339744627,1011.28215508,124.25917249,603.16295462,69.27880216,58,미지정,0
281026,1117000000000006302,보광동 216-109도,도,국유지,105.53903535706922,126.99879957573783,37.52583108891471,1031.53132665,129.84799591,622.94220848,73.12240915,58,미지정,0
281027,1117000000000006303,보광동 100-5도,도,국유지,113.05944297881797,127.00082109672564,37.52554599259518,765.67489634,84.0581283,744.107386,251.08290082,58,미지정,0
281028,1117000000000006304,보광동 216-37도,도,국유지,94.04094988014549,126.99922884535668,37.52574461568689,876.94053253,101.80479642,648.84146163,112.26092846,58,미지정,0
281029,1117000000000006305,보광동 216-23도,도,국유지,30.182654490461573,126.99920318706323,37.526042589739426,864.62645427,88.04730845,618.86043381,106.46041125,58,미지정,0
281030,1117000000000006306,보광동 81-4도,도,국유지,356.78713620023336,127.00099288087183,37.525836666859156,735.62197156,66.73868169,728.32591101,265.17567696,58,미지정,0
281031,1117000000000006307,보광동 81-3 도,도,국유지,37.104128372855484,127.00093980367528,37.52603978842763,728.16692273,75.94245816,708.08049857,259.90073525,58,미지정,0
281032,1117000000000006308,보광동 80-14 도,도,국유지,134.86278798244894,127.00098455592332,37.52611301046326,720.7141111,78.24355239,704.54065068,264.11694269,58,미지정,0
281033,1117000000000006309,보광동 216-3도,도,국유지,309.9547476552543,127.00059515896203,37.526108881605396,751.11156919,45.07667139,682.65675138,229.71640608,58,미지정,0
281034,1117000000000006310,보광동 217-49도,도,국유지,543.6531011536135,127.00069030828871,37.526398279087616,728.95841796,49.39140054,663.59015546,241.8820123,58,미지정,0
281035,1117000000000006311,보광동 80-10 도,도,국유지,146.21833533776226,127.00086250286274,37.526288347658344,720.90889979,63.41026815,682.81883349,255.04563586,58,미지정,0
281036,1117000000000006312,보광동 216-105도,도,국유지,99.88793109054677,126.99921376948389,37.52591898814845,869.60707091,92.57376721,631.25567877,107.66702874,58,미지정,0
281037,1117000000000006313,보광동 216-29도,도,국유지,225.4845786972437,126.99898724859138,37.526032057599295,1012.44281828,106.60226865,610.6222169,87.34010008,58,미지정,0
281038,1117000000000006314,보광동 168-10도,도,국유지,148.44702368974686,126.99976195516929,37.52546486716013,850.23393593,98.70481562,699.13868922,157.06098145,58,미지정,0
281039,1117000000000006315,보광동 168-64도,도,국유지,12.601933940313756,127.00014821980021,37.52556841144415,814.95429725,81.21426158,707.57960637,192.08135027,58,미지정,0
281040,1117000000000006316,보광동 168-60도,도,국유지,61.489045858965255,126.99935918226299,37.52553622818773,877.43796585,109.62353968,674.66444948,122.43852381,58,미지정,0
281041,1117000000000006317,보광동 216-102도,도,국유지,69.93574720388278,126.99963114937691,37.52594556844591,835.15602965,60.11890139,647.59887149,144.31164013,58,미지정,0
281042,1117000000000006318,보광동 216-18도,도,국유지,21.524696334265172,126.99962099999999,37.52606099999999,830.33353951,53.40783803,636.31457437,143.44772725,58,미지정,0
281043,1117000000000006319,보광동 216-44도,도,국유지,27.847790234314743,126.99965058340675,37.52580515248664,840.69345785,70.21813274,661.73086492,147.49709953,58,미지정,0
281044,1117000000000006320,보광동 216-19도,도,국유지,209.62055611377582,126.99941401056174,37.526051996232425,847.28879125,70.26485771,627.44470616,125.12425554,58,미지정,0
281045,1117000000000006321,보광동 9-47도,도,국유지,73.24430047924398,127.00118119030716,37.528568823220844,677.29460571,267.92669358,546.55328702,400.44636992,58,미지정,0
281046,1117000000000006322,보광동 9-5도,도,국유지,29.965948249213398,127.00130519239373,37.52831074851312,700.54327538,245.57740475,570.03169794,388.75415362,58,미지정,0
281047,1117000000000006323,보광동 3-343 도,도,국유지,38.35861029964872,127.00194175532823,37.52856799710146,656.74577931,313.92217214,504.84070215,450.1484852,58,미지정,0
281048,1117000000000006324,보광동 13-110도,도,국유지,19.10097735002637,127.001548816641,37.527944133025166,597.3509283,220.64349526,562.49396823,380.73851436,58,미지정,0
281049,1117000000000006325,보광동 13-40도,도,국유지,302.4473829990602,127.00183591329575,37.52782164087382,576.54639283,230.73279502,545.38175865,394.77256787,58,미지정,0
281050,1117000000000006326,보광동 14-17도,도,국유지,23.034943724051118,127.00210515956842,37.52802649488926,547.46865645,255.37015024,514.01959754,426.92098108,58,미지정,0
281051,1117000000000006327,보광동 6-7도,도,국유지,652.2545757265761,127.0013406325219,37.52899143877078,628.4390855,316.83626604,539.1266469,444.328279,58,미지정,0
281052,1117000000000006328,보광동 6-10 도,도,국유지,75.62289497349411,127.00152815437504,37.529046129856646,616.99738546,328.36831438,526.22542702,459.95541094,58,미지정,0
281053,1117000000000006329,보광동 10-34도,도,국유지,82.05983280204237,127.00073509492496,37.52775419726223,775.8176291,169.59314026,562.82900981,310.41297773,58,미지정,0
281054,1117000000000006330,보광동 264-5도,도,국유지,246.08511843520682,127.00071716164358,37.52811863648142,738.79115815,208.06313331,537.5350825,336.1221135,58,미지정,0
281055,1117000000000006331,보광동 9-87 도,도,국유지,16.554923444986343,127.00108642992593,37.52912951466667,622.70411849,324.85637927,512.49512859,441.67080228,58,미지정,0
281056,1117000000000006332,보광동 264-99도,도,국유지,20.999303439399227,127.0007426240754,37.528119372498644,737.86730413,208.70039613,539.33918119,337.79093344,58,미지정,0
281057,1117000000000006333,보광동 264-97도,도,국유지,23.667533177882433,127.00044177651122,37.528624906044904,697.35427583,259.34644105,486.57182606,362.57367409,58,미지정,0
281058,1117000000000006334,보광동 264-67도,도,국유지,64.41522967955098,127.0008172606356,37.528277034648184,719.17216483,227.30715895,535.1349845,354.80032699,58,미지정,0
281059,1117000000000006335,보광동 264-3도,도,국유지,38.34883359062951,127.00077226605272,37.52848180459623,699.71742871,248.39767949,519.79489204,368.67569843,58,미지정,0
281060,1117000000000006336,보광동 9-57 도,도,국유지,10.565788919106126,127.00109926802844,37.52847675642216,689.41491961,255.870368,545.09671516,388.09166374,58,미지정,0
281061,1117000000000006337,보광동 260-41 도,도,국유지,50.16554404585622,127.00001114406311,37.528345347837416,742.15247683,227.30104395,472.15543111,315.21613704,58,미지정,0
281062,1117000000000006338,보광동 221-7도,도,국유지,117.97286066785455,127.00010836568259,37.52664577291754,764.44326051,38.49851675,609.2925573,199.67449596,58,미지정,0
281063,1117000000000006339,보광동 224-5 도,도,국유지,11.988584069535136,127.000322,37.52672666666667,743.55867748,49.84827403,614.72088681,220.52850907,58,미지정,0
281064,1117000000000006340,보광동 223도,도,국유지,215.33367879269645,127.00046268965171,37.526628496871524,736.40996727,45.99081914,631.12219422,228.59103876,58,미지정,0
281065,1117000000000006341,보광동 224-4도,도,국유지,450.9351562894881,127.00040282868474,37.526774556149014,734.92376908,57.3633787,615.52565499,229.13401864,58,미지정,0
281066,1117000000000006342,보광동 79-4도,도,국유지,147.3554965555668,127.00093137153797,37.52670683372171,695.04107138,82.85758856,653.16731501,270.73202143,58,미지정,0
281067,1117000000000006343,보광동 319-1도,도,국유지,295.8294745843159,126.99940974607571,37.526729914306564,926.45885379,80.63853588,564.32787673,148.63172428,58,미지정,0
281068,1117000000000006344,보광동 292-3도,도,국유지,32.399540927261114,126.99950031476155,37.52678943875851,917.08071859,78.7369037,563.65583286,158.94893809,58,미지정,0
281069,1117000000000006345,보광동 280-6 도,도,국유지,13.298237673006952,126.99966566469938,37.52739939358172,849.67503496,129.15904267,520.38304043,214.01139809,58,미지정,0
281070,1117000000000006346,보광동 327-1도,도,국유지,57.90214243560331,126.99945061640125,37.5269493600757,902.91483701,94.67045434,546.80038655,165.96434979,58,미지정,0
281071,1117000000000006347,보광동 260-9도,도,국유지,1921.8095984036336,126.99959999141795,37.5276390556724,828.48050008,156.22395741,496.93094152,230.42403658,58,미지정,0
281072,1117000000000006348,보광동 280-7도,도,국유지,329.0020796501776,126.99989769761396,37.52723389767559,857.60778462,105.92025574,547.76828291,216.54790778,58,미지정,0
281073,1117000000000006349,보광동 225-2도,도,국유지,25.35046323761344,126.9998135128354,37.527271607069146,856.88556296,111.73719734,539.6678464,213.57825098,58,미지정,0
281074,1117000000000006350,보광동 316-1도,도,국유지,261.8658174495213,126.9990307619074,37.526535745597954,960.46545828,101.92977923,563.96894884,108.79942937,58,미지정,0
281075,1117000000000006351,보광동 259-4도,도,국유지,241.8078359514475,126.99916962966569,37.52826045737314,787.1907984,234.0392729,421.2388719,271.35048091,58,미지정,0
281076,1117000000000006352,보광동 260-2도,도,국유지,86.45899958815426,126.99967589496579,37.52845748606226,745.44001434,243.00595454,441.00746787,310.38299389,58,미지정,0
281077,1117000000000006353,보광동 253-12도,도,국유지,223.52438801247627,126.99943160555057,37.5287095288098,732.67235821,274.75164897,406.93636546,326.26420431,58,미지정,0
281078,1117000000000006354,보광동 341-1도,도,국유지,256.0668008327484,126.99897062479086,37.526829030828964,936.69592837,119.27770068,533.52488578,125.80726166,58,미지정,0
281079,1117000000000006355,보광동 340-1도,도,국유지,71.9801313142525,126.99911696719826,37.52715235859344,896.12930639,131.18211474,511.14153057,161.57357859,58,미지정,0
281080,1117000000000006356,보광동 227-17도,도,국유지,568.2354097689386,126.99888604601371,37.52747533661363,869.27909908,171.47074305,470.16196985,181.51110485,58,미지정,0
281081,1117000000000006357,보광동 342-1도,도,국유지,128.8621199534973,126.99887119813475,37.526963249042,919.45630758,134.53724861,516.2402163,131.75667919,58,미지정,0
281082,1117000000000006358,보광동 341-2도,도,국유지,68.04127352056094,126.9992556673155,37.52701114086943,904.39289117,111.40435946,531.02794031,157.84115735,58,미지정,0
281083,1117000000000006359,보광동 231-113도,도,국유지,33.23296814970672,126.99832186769989,37.5279744295695,797.30558456,245.98666557,396.03291286,220.97630362,58,미지정,0
281084,1117000000000006360,보광동 231-150도,도,국유지,114.30634063761681,126.99897478944052,37.5281906638058,803.73452343,233.94650476,414.4923987,257.95294767,58,미지정,0
281085,1117000000000006361,보광동 343-1도,도,국유지,46.63477452658117,126.9986070593247,37.52678576666317,927.46399946,146.26402668,521.11570878,102.3967587,58,미지정,0
281086,1117000000000006362,보광동 231-14도,도,국유지,466.8573771407828,126.9982883759666,37.52844316751422,749.61485848,288.98708267,353.04692834,272.35665839,58,미지정,0
281087,1117000000000006363,보광동 255-1도,도,국유지,426.57459441944957,126.99859638284042,37.528696779372304,738.3577595,299.164138,351.14902299,303.91583932,58,미지정,0
281088,1117000000000006364,보광동 257-5도,도,국유지,148.4455204079859,126.99858785699807,37.52860728740264,746.53558172,290.72457718,357.54076812,294.00482352,58,미지정,0
281089,1117000000000006365,보광동 258-11도,도,국유지,37.976029123179615,126.99876572453284,37.5285320620856,761.7273157,276.10329074,374.60907672,289.06336323,58,미지정,0
281090,1117000000000006366,보광동 258-12도,도,국유지,12.988947322126478,126.9987513388721,37.52849963141995,764.16520317,273.44924175,376.21553904,285.26655345,58,미지정,0
281091,1117000000000006367,보광동 258-22도,도,국유지,169.3667363896966,126.99885917788463,37.528425205755724,776.14757149,261.82360711,388.80338922,279.67651939,58,미지정,0
281092,1117000000000006368,보광동 352-1도,도,국유지,12.891095915809274,126.99833950456619,37.52714614003044,881.31742847,185.18942134,474.66263464,130.69926918,58,미지정,0
281093,1117000000000006369,보광동 227-21도,도,국유지,20.700210135430098,126.99830774881515,37.527444705371245,849.91472029,206.20339303,444.57418504,162.63549142,58,미지정,0
281094,1117000000000006370,보광동 227-24 도,도,국유지,85.75372279249132,126.99824577740915,37.527540352114556,837.9843077,217.11530084,432.65352927,172.33476197,58,미지정,0
281095,1117000000000006371,보광동 231-60도,도,국유지,570.8869521577144,126.99862270126505,37.52778600724048,827.95205981,212.86088068,428.60257187,205.72480038,58,미지정,0
281096,1117000000000006372,보광동 334-1 도,도,국유지,631.3145902822725,126.99874312989017,37.52720056373817,890.81844965,159.21331525,487.977369,148.5593339,58,미지정,0
281097,1117000000000006373,보광동 231-12 도,도,국유지,36.73983791470528,126.99802866648864,37.528710436760115,712.69684253,326.44653291,315.57076519,300.83541276,58,미지정,0
281098,1117000000000006374,보광동 440-1도,도,국유지,409.2032371379901,126.99758423833323,37.527228012830506,848.11276398,232.36575458,437.50495634,141.16200947,58,미지정,0
281099,1117000000000006375,보광동 437-1도,도,국유지,165.46001019887626,126.99800206677337,37.527228328916024,861.30055207,215.64591797,452.67046749,136.32932477,58,미지정,0
281100,1117000000000006376,보광동 402-1도,도,국유지,204.62499083392322,126.99782123576652,37.52677594694155,902.42116252,212.11229077,491.87423553,87.55812244,58,미지정,0
281101,1117000000000006377,보광동 401-1도,도,국유지,278.0677085601492,126.99736358157367,37.526629702389144,904.89784547,178.55066539,493.56673248,89.71736959,58,미지정,0
281102,1117000000000006378,보광동 363-1도,도,국유지,121.60287185275229,126.99781518106765,37.52662138043567,918.38218168,209.03197074,507.60652348,70.8740705,58,미지정,0
281103,1117000000000006379,보광동 404-1도,도,국유지,31.66383946686983,126.99750656436869,37.52655762835012,916.33263533,186.37940327,505.02343065,75.71516787,58,미지정,0
281104,1117000000000006380,보광동 421-1도,도,국유지,138.57478498085402,126.99749379824198,37.5268649335693,883.56840898,201.78004299,472.36909195,105.91288362,58,미지정,0
281105,1117000000000006381,보광동 228-11잡,잡,국유지,1391.8880412951112,126.99745487106509,37.52773933898144,790.89100202,265.31264983,380.77591977,198.96795264,58,미지정,0
281106,1117000000000006382,보광동 231-116 도,도,국유지,40.60050397180021,126.99778855805243,37.52819133478314,755.52525059,295.72701268,349.91942492,243.92795662,58,미지정,0
281107,1117000000000006383,보광동 269-9 도,도,국유지,16.78030768968165,126.99876206031377,37.53014262223522,615.15423337,443.64755574,280.9721716,346.29327814,58,미지정,0
281108,1117000000000006384,보광동 243-23도,도,국유지,25.40364562626928,126.99760421059408,37.529631072472164,604.83946816,352.2403949,216.60883852,346.4126447,58,미지정,0
281109,1117000000000006385,보광동 238-31도,도,국유지,44.73452716250904,126.99740611944443,37.52978856345028,581.15724048,338.44757163,191.98124721,324.31942086,58,미지정,0
281110,1117000000000006386,보광동 240-25도,도,국유지,388.83778100681957,126.99826458035629,37.52987751648754,612.12275364,430.44096355,250.84366708,345.81440916,58,미지정,0
281111,1117000000000006387,보광동 247-18도,도,국유지,108.50612138782162,126.99866900180827,37.52973456457664,645.80492681,402.89539992,289.92372799,378.10070143,58,미지정,0
281112,1117000000000006388,보광동 240-42도,도,국유지,57.438642309978604,126.99868722829491,37.530122261115864,612.72147551,443.35315989,275.33324774,343.98543806,58,미지정,0
281113,1117000000000006389,보광동 242-3 도,도,국유지,31.245694470126182,126.99766295405546,37.529528563369965,617.31513263,355.69330538,227.94402436,358.86720975,58,미지정,0
281114,1117000000000006390,보광동 242-5 도,도,국유지,194.195123472251,126.99794974133201,37.52915015050939,666.32366821,371.10463751,275.07496029,349.65572975,58,미지정,0
281115,1117000000000006391,보광동 242-8도,도,국유지,98.6228610072285,126.9979577403594,37.52930508974104,651.63695893,385.51167438,263.88970145,366.84285718,58,미지정,0
281116,1117000000000006392,보광동 243-25 도,도,국유지,39.96716871764511,126.99801157891507,37.529217338487975,662.45773669,374.69995187,273.93741505,357.08600509,58,미지정,0
281117,1117000000000006393,보광동 269-11 도,도,국유지,23.044050152413547,126.99862716006811,37.530207731800765,602.00836145,453.97908313,267.48258121,333.23368481,58,미지정,0
281118,1117000000000006394,보광동 243-4도,도,국유지,651.7704459274537,126.99774455166133,37.529384686916266,634.79157697,402.78115321,243.99134813,376.33612982,58,미지정,0
281119,1117000000000006395,보광동 243-24도,도,국유지,70.18749715969898,126.99781788988282,37.52941459473059,634.99310643,402.25257704,246.58018667,379.31924673,58,미지정,0
281120,1117000000000006396,보광동 231-46도,도,국유지,258.2917335466482,126.99750079876054,37.52885594738274,677.80801796,372.15885338,274.24724092,320.03125429,58,미지정,0
281121,1117000000000006397,보광동 244-7도,도,국유지,42.782815505284816,126.99773602270122,37.52903279905221,669.07329783,370.59141957,271.57230481,337.41074484,58,미지정,0
281122,1117000000000006398,보광동 244-4도,도,국유지,44.205393462383654,126.99812284953396,37.529047789428915,683.68056983,353.49052121,293.97307752,338.44095108,58,미지정,0
281123,1117000000000006399,보광동 256-2도,도,국유지,35.856831127777696,126.99836325886912,37.52881610273597,716.53418347,320.60438289,327.12936003,314.19738688,58,미지정,0
281124,1117000000000006400,보광동 256-1도,도,국유지,73.59722348861396,126.99841465526971,37.528813637652185,719.04088221,318.15694092,330.57767957,314.42239277,58,미지정,0
281125,1117000000000006401,보광동 244-22도,도,국유지,604.6397472736426,126.99824957201228,37.52905190065928,688.8451988,348.35985706,301.85427781,339.44061023,58,미지정,0
281126,1117000000000006402,보광동 231-166 도,도,국유지,46.015480533242226,126.99812673417902,37.52879263824041,708.66297765,329.18567953,314.46075364,310.15046249,58,미지정,0
281127,1117000000000006403,보광동 244-3도,도,국유지,24.128561634279322,126.99827609791964,37.52891409561564,703.26821244,333.86522401,314.02233025,324.34781453,58,미지정,0
281128,1117000000000006404,보광동 264-119도,도,국유지,49.585541496519,126.99998034391795,37.530092477165546,578.59707475,421.1536471,386.48585407,425.64520266,58,미지정,0
281129,1117000000000006405,보광동 245-4도,도,국유지,55.84519047226058,126.99840913631971,37.529171189635484,684.74984892,353.67908234,304.00950243,353.81570441,58,미지정,0
281130,1117000000000006406,보광동 244-2도,도,국유지,31.819685357622802,126.9981838402446,37.52924466342942,667.45463264,369.94764625,283.42313586,360.48372267,58,미지정,0
281131,1117000000000006407,보광동 246-12도,도,국유지,28.052523773396388,126.99851571743311,37.52929785591887,677.92956123,362.550796,303.07116743,368.8487649,58,미지정,0
281132,1117000000000006408,보광동 240-16도,도,국유지,35.47890886897221,126.99835541849855,37.52942269606895,658.60190771,380.96924146,283.51158204,381.17356195,58,미지정,0
281133,1117000000000006409,보광동 258-19도,도,국유지,394.798368379008,126.9986934577939,37.52871891778278,740.67581112,297.55059307,355.746999,307.928645,58,미지정,0
281134,1117000000000006410,보광동 246-6도,도,국유지,87.74825065088226,126.99869217929081,37.529207979931805,694.84024782,347.35391631,321.56476064,361.26458254,58,미지정,0
281135,1117000000000006411,보광동 207-25도,도,국유지,90.56333368096966,126.9980379793811,37.52548326871411,1044.26176642,207.16851085,633.01429265,12.59709549,58,미지정,0
281136,1117000000000006412,보광동 205-2도,도,국유지,44.46763820853084,126.9983271453576,37.52529551027762,1072.21386745,195.60769804,661.23188936,31.25634227,58,미지정,0
281137,1117000000000006413,보광동 100-13도,도,국유지,586.1506748287939,127.00147074808139,37.525431942405696,725.58824822,41.98458046,727.78487674,307.86698116,58,미지정,0
281138,1117000000000006414,보광동 94-7 도,도,국유지,218.87766325101256,127.00126193673985,37.5258458669356,714.90271636,43.64588344,710.31540779,288.84548203,58,미지정,0
281139,1117000000000006415,보광동 94-8 도,도,국유지,239.02461513970047,127.00146670072036,37.525655230023055,711.50261734,26.00725308,710.93272358,308.81878878,58,미지정,0
281140,1117000000000006416,보광동 90-2도,도,국유지,259.559141269885,127.00161834215913,37.52543463147681,714.93199514,35.96979519,718.3076574,320.91698168,58,미지정,0
281141,1117000000000006417,보광동 86-2도,도,국유지,111.26945456117392,127.00187134435481,37.52520951818543,712.81380964,60.48356933,720.99465577,343.71935039,58,미지정,0
281142,1117000000000006418,보광동 70-3도,도,국유지,20.31327646225691,127.00247999999999,37.525283333333334,666.6997725,83.11173575,679.62713292,397.15534532,58,미지정,0
281143,1117000000000006419,보광동 253-11도,도,국유지,93.45284482324496,126.99890444075864,37.52929490335224,697.53473335,350.0100501,331.84703669,374.32999791,58,미지정,0
281144,1117000000000006420,보광동 265-1106 도,도,국유지,18.315567070618272,126.99995791858593,37.53026836904124,564.24757842,440.7343207,380.59281877,411.70733871,58,미지정,0
281145,1117000000000006421,보광동 85-2도,도,국유지,27.607642754912376,127.00197466666667,37.52520033333333,706.45191795,63.85571983,715.64809368,352.89473054,58,미지정,0
281146,1117000000000006422,보광동 87-10 도,도,국유지,40.4451134216506,127.00223909258135,37.52523846310895,685.94634183,71.45066742,697.10701172,376.03838467,58,미지정,0
281147,1117000000000006423,보광동 209-19도,도,국유지,132.78469361993484,126.99736114252467,37.52510959847058,913.47012514,178.51828059,656.64597829,62.8950998,58,미지정,0
281148,1117000000000006424,보광동 212-14도,도,국유지,39.11584854812827,126.99736189541007,37.52497527343032,904.12960566,186.09723018,671.20900515,71.09802751,58,미지정,0
281149,1117000000000006425,보광동 201-2도,도,국유지,166.68138625985011,126.99793625611895,37.52498206983724,944.74769763,230.29061593,683.25502784,44.05377822,58,미지정,0
281150,1117000000000006426,보광동 97-1도,도,국유지,111.14655205840245,127.00108580130633,37.52535695727778,758.06496028,71.97061627,774.99732394,273.78758434,58,미지정,0
281151,1117000000000006427,보광동 109-1도,도,국유지,457.0979373701266,127.00140209388445,37.52485388795049,769.9413382,103.19804494,778.11171964,307.26931906,58,미지정,0
281152,1117000000000006428,보광동 120-2도,도,국유지,31.600708776386455,127.00155223108766,37.5251121647004,741.506234,72.05935887,748.08113681,316.3758555,58,미지정,0
281153,1117000000000006429,보광동 264-118도,도,국유지,25.427990023279563,126.99978462943673,37.53022562114197,577.47054271,436.84335531,366.4426027,402.89373656,58,미지정,0
281154,1117000000000006430,보광동 264-116도,도,국유지,52.709866997087374,126.99996095939572,37.53040632694338,552.07407854,456.02580168,378.42781998,402.56734182,58,미지정,0
281155,1117000000000006431,보광동 89-2 도,도,국유지,148.3442430854775,127.00173641264068,37.52532541912194,714.03317286,46.4766406,719.70225728,331.33900247,58,미지정,0
281156,1117000000000006432,보광동 100-12도,도,국유지,576.0633207433275,127.00097786831186,37.525029233771015,787.22311173,104.027664,798.48641547,267.03943698,58,미지정,0
281157,1117000000000006433,보광동 128-2 도,도,국유지,25.640593562740833,127.0018175022001,37.525117783368415,722.98312699,69.86743577,731.73918997,339.67702248,58,미지정,0
281158,1117000000000006434,보광동 128-4 도,도,국유지,20.666529869660735,127.00186884365854,37.525068262204286,723.06666909,75.89161638,732.82302979,344.70199139,58,미지정,0
281159,1117000000000006435,보광동 104-8도,도,국유지,29.928131168941036,127.0009412023712,37.524648690979625,815.85758244,140.55205349,831.3942721,273.22226679,58,미지정,0
281160,1117000000000006436,보광동 87-3도,도,국유지,1983.4466573772952,127.00213732103254,37.52472265114163,731.29334539,118.71999419,747.12689414,373.84747123,58,미지정,0
281161,1117000000000006437,보광동 139-3도,도,국유지,125.18250788608566,127.00214678173124,37.52438366836475,757.32969315,155.24358682,776.57733233,383.73834719,58,미지정,0
281162,1117000000000006438,보광동 139-2도,도,국유지,20.813844583928585,127.002223,37.52444566666667,747.69978939,150.33658635,767.04292071,388.30877851,58,미지정,0
281163,1117000000000006439,보광동 132-8 도,도,국유지,28.441813272133004,127.00190370771529,37.52453834810854,760.35765943,134.62175741,775.9756471,358.37273506,58,미지정,0
281164,1117000000000006440,보광동 132-10도,도,국유지,34.58342742093373,127.00196353617021,37.524561797163116,754.74837369,132.72244016,770.65582384,362.82488867,58,미지정,0
281165,1117000000000006441,보광동 100-18도,도,국유지,12.449910999275744,127.00079830562125,37.525328743236145,780.71866908,95.07271464,762.24309906,248.42270692,58,미지정,0
281166,1117000000000006442,보광동 100-9도,도,국유지,19.032950673252344,127.00076076984536,37.52536104080757,781.44896346,96.35281349,757.3923375,245.05363648,58,미지정,0
281167,1117000000000006443,보광동 130-6 도,도,국유지,72.42390621546656,127.00201104325838,37.52472546374063,739.14971443,115.59454661,753.82516659,362.84169785,58,미지정,0
281168,1117000000000006444,보광동 129-2 도,도,국유지,25.150173280388117,127.00210732488135,37.52483636662116,724.51648466,105.88747084,738.90023822,368.98594414,58,미지정,0
281169,1117000000000006445,보광동 87-1도,도,국유지,92.29530013049953,127.00233603777131,37.52516767398353,684.74622842,82.94643279,697.6243996,384.99480216,58,미지정,0
281170,1117000000000006446,보광동 87-12 도,도,국유지,385.35956161189824,127.0020946925838,37.525125154543986,703.83253442,75.5594526,714.95965009,364.03374864,58,미지정,0
281171,1117000000000006447,보광동 86-3도,도,국유지,37.96298416657373,127.00193771081534,37.52514980966533,712.56560813,68.26736869,722.01035541,349.99209607,58,미지정,0
281172,1117000000000006448,보광동 146-2도,도,국유지,95.19103962928057,127.0018339964614,37.52394020262819,812.08819547,200.39422611,832.63513003,375.45633147,58,미지정,0
281173,1117000000000006449,보광동 146-6도,도,국유지,13.86291741207242,127.00193273248408,37.52395281104034,805.1393328,199.5553956,826.40952443,382.79614398,58,미지정,0
281174,1117000000000006450,보광동 131-2도,도,국유지,74.49909950618166,127.002228971818,37.52456832556352,737.58100082,137.50619104,755.79133659,385.42248577,58,미지정,0
281175,1117000000000006451,보광동 131-1도,도,국유지,30.923936411738396,127.0022006666667,37.524605333333334,736.42881858,132.82408922,754.01703801,382.04807497,58,미지정,0
281176,1117000000000006452,보광동 132-16 도,도,국유지,57.393704758549575,127.00195612809121,37.524619213675216,750.79539047,126.32404609,766.06564869,360.65191887,58,미지정,0
281177,1117000000000006453,보광동 132-15 도,도,국유지,14.112981280079111,127.00191300000002,37.524597666666665,755.20313956,128.17481101,770.31271292,357.51666914,58,미지정,0
281178,1117000000000006454,보광동 88-2도,도,국유지,36.781005121418275,127.00229891659997,37.524720973770776,721.21671278,123.88252714,738.5430287,387.90471545,58,미지정,0
281179,1117000000000006455,보광동 129-7 도,도,국유지,88.40078982623527,127.00205529450825,37.52486304677876,725.86780816,101.71433195,739.50240158,363.97292197,58,미지정,0
281180,1117000000000006456,보광동 265-1159도,도,국유지,14.13639947772026,127.00199871628499,37.53050456743002,450.83479374,280.57628338,506.69949285,612.27561398,58,미지정,0
281181,1117000000000006457,보광동 265-1079 도,도,국유지,62.383222948759794,127.00122547452428,37.52978606539288,551.21026584,398.50052634,569.13891324,507.79891006,58,미지정,0
281182,1117000000000006458,보광동 129-6 도,도,국유지,17.18862984701991,127.00198494748858,37.52490975285389,726.96476348,95.12955276,739.4746731,357.04318502,58,미지정,0
281183,1117000000000006459,보광동 129-1 도,도,국유지,100.35030852258205,127.0019694612928,37.52497738708836,722.97913731,87.50968542,734.62077893,354.67246115,58,미지정,0
281184,1117000000000006460,보광동 265-1090도,도,국유지,62.52030120790005,127.00156694607459,37.53011637355511,505.3299147,334.97521137,538.52810962,555.09912925,58,미지정,0
281185,1117000000000006461,보광동 265-1078도,도,국유지,37.053203294053674,127.00129298437916,37.52985691421764,541.55951958,407.58332266,562.29391425,517.65647919,58,미지정,0
281186,1117000000000006462,보광동 87-6도,도,국유지,102.24368581990711,127.00212007148683,37.52501474303124,710.2905838,87.688982,722.87445082,367.40849421,58,미지정,0
281187,1117000000000006463,보광동 265-1077도,도,국유지,36.709772537928075,127.00140337315158,37.52996981471583,526.09428624,355.81365601,551.62075243,533.50592292,58,미지정,0
281188,1117000000000006464,보광동 86-1도,도,국유지,27.848034630529583,127.00203128876751,37.52519087158711,703.31060558,66.62655979,713.12056963,357.95129614,58,미지정,0
281189,1117000000000006465,보광동 144-4도,도,국유지,575.6442227354273,127.0016970340699,37.524011533432194,814.65721927,192.33661745,833.44170933,361.13880869,58,미지정,0
281190,1117000000000006466,보광동 149-7 도,도,국유지,19.3815673943609,127.00185006125031,37.524002553277654,806.06112397,193.54729035,826.20093645,373.86618809,58,미지정,0
281191,1117000000000006467,보광동 141-1도,도,국유지,24.968892054632306,127.0019711984283,37.524054037982964,794.57707552,188.70410586,815.2935732,381.43181786,58,미지정,0
281192,1117000000000006468,보광동 142-4도,도,국유지,100.77823123242706,127.00184479625841,37.52409841467094,798.65620246,182.89798237,817.90346623,369.22341808,58,미지정,0
281193,1117000000000006469,보광동 143-1도,도,국유지,312.0912710474804,127.00188847055215,37.52417989195391,789.4597165,174.11802309,808.34290023,369.44329419,58,미지정,0
281194,1117000000000006470,보광동 142-3도,도,국유지,18.321975145023316,127.0020146814815,37.52411811637661,786.75295876,182.11067547,807.27595567,382.3266066,58,미지정,0
281195,1117000000000006471,보광동 138-4도,도,국유지,135.56741349818185,127.0018701987987,37.5243700026053,775.55581757,152.95639129,792.51496684,360.85505002,58,미지정,0
281196,1117000000000006472,보광동 137-4도,도,국유지,11.586720201186836,127.00179533333335,37.52430133333333,785.62315748,160.21452628,802.59257264,357.0437414,58,미지정,0
281197,1117000000000006473,보광동 138-2 도,도,국유지,29.525944106746465,127.00182452129367,37.52441941147477,774.57850283,147.22631911,790.67403095,355.33970603,58,미지정,0
281198,1117000000000006474,보광동 151-1 도,도,국유지,219.39807898923755,127.00099452228058,37.52394491681758,863.96111518,210.25602721,899.85168814,309.61120691,58,미지정,0
281199,1117000000000006475,보광동 141-2도,도,국유지,14.132708951830864,127.00193500000002,37.524051666666665,796.95056598,188.64483927,817.37862541,378.58269385,58,미지정,0
281200,1117000000000006476,보광동 142-2도,도,국유지,75.97121179662645,127.00197010533567,37.52412664908202,788.75777749,180.68420984,808.82042283,378.3130607,58,미지정,0
281201,1117000000000006477,보광동 144-3 도,도,국유지,35.069246190134436,127.00167546929642,37.52416324311093,803.95498186,175.55269874,821.19824653,352.64087646,58,미지정,0
281202,1117000000000006478,보광동 144-6 도,도,국유지,24.85602019110229,127.00169160213143,37.524214534635874,798.91853624,169.82189043,815.82470999,351.8323324,58,미지정,0
281203,1117000000000006479,보광동 140-2도,도,국유지,36.143509766086936,127.00207485703945,37.52420628193992,775.97543932,173.2505731,796.22871846,383.86160259,58,미지정,0
281204,1117000000000006480,보광동 140-3도,도,국유지,48.672075010836124,127.00204811788616,37.52422917886178,775.75122109,170.35227585,795.5625294,380.78065725,58,미지정,0
281205,1117000000000006481,보광동 137-8 도,도,국유지,53.96013562241569,127.00176374681817,37.52434787090908,783.9734712,154.98732059,800.23649945,352.70737085,58,미지정,0
281206,1117000000000006482,보광동 139-4도,도,국유지,13.10741458600387,127.00215775548901,37.52432011327346,761.75906136,162.33131045,781.69883915,386.74805332,58,미지정,0
281207,1117000000000006483,보광동 137-7 도,도,국유지,11.390471423976123,127.00178875193797,37.52441348837208,777.30050625,147.75476779,793.14830701,352.52261589,58,미지정,0
281208,1117000000000006484,보광동 132-18 도,도,국유지,29.207098677754402,127.00184355716046,37.524472002127425,769.29997052,141.49749649,785.04934583,355.25177952,58,미지정,0
281209,1117000000000006485,보광동 132-17 도,도,국유지,23.62469184026122,127.00186833333333,37.52452166666666,763.89323547,136.16414008,779.36966694,355.84333231,58,미지정,0
281210,1117000000000006486,보광동 146-8 도,도,국유지,13.35763937793672,127.00157525302974,37.52400933700576,822.33388987,193.08742257,840.13897417,351.50146062,58,미지정,0
281211,1117000000000006487,보광동 151-3도,도,국유지,317.1189063737402,127.00144806951704,37.524300419237086,807.72071529,162.28747873,821.82481503,328.31050577,58,미지정,0
281212,1117000000000006488,보광동 145-2도,도,국유지,25.66548590781167,127.00160675528801,37.52406582212029,815.91160101,186.64153733,833.47026939,351.37310029,58,미지정,0
281213,1117000000000006489,보광동 149-5 도,도,국유지,11.012817586772144,127.00163199999999,37.52405366666667,815.30887363,187.86255629,833.18337155,353.96313345,58,미지정,0
281214,1117000000000006490,보광동 135-1도,도,국유지,175.82185273012146,127.00171649562901,37.524304060841104,790.3609416,159.84639613,806.6403822,350.38052112,58,미지정,0
281215,1117000000000006491,보광동 191-22도,도,국유지,47.97038374724798,126.99814715175376,37.524648930292805,938.41799804,254.5252668,724.05735547,81.99119495,58,미지정,0
281216,1117000000000006492,보광동 70-12도,도,국유지,2359.018389949575,127.0030798479274,37.52559939122847,603.88874523,119.61750137,619.16634909,451.22915417,58,미지정,0
281217,1117000000000006493,보광동 70-10도,도,국유지,1388.5567376420368,127.002960694548,37.52582326084218,595.25647964,108.35671308,606.36753596,438.93852425,58,미지정,0
281218,1117000000000006494,보광동 70-5도,도,국유지,1083.7275826781988,127.0028830138251,37.5258951757745,595.40549386,102.51322254,604.72595258,431.78997567,58,미지정,0
281219,1117000000000006495,보광동 265-838 도,도,국유지,31.417226490098983,127.00051328035387,37.52979826172262,579.62361725,389.60703337,440.26568394,476.51402362,58,미지정,0
281220,1117000000000006496,보광동 191-8도,도,국유지,93.52693132637069,126.9983246063848,37.52480461544109,961.12927289,231.19942022,712.48262714,70.10785488,58,미지정,0
281221,1117000000000006497,보광동 191-27도,도,국유지,29.790763843338937,126.99803702239421,37.52467896388386,932.29112572,259.04846941,718.0385165,77.56927827,58,미지정,0
281222,1117000000000006498,보광동 84-1도,도,국유지,2246.3089890152332,127.00293523513284,37.52558996879486,614.02361097,107.12617483,627.86805241,437.89931573,58,미지정,0
281223,1117000000000006499,보광동 40-4도,도,국유지,158.18252906529233,127.0033456748018,37.52627095772217,537.36849745,153.59372565,546.44240683,473.48485898,58,미지정,0
281224,1117000000000006500,보광동 147-5도,도,국유지,306.5359328589402,127.00136735395597,37.52350368497952,875.66215558,250.82539895,896.08025423,363.90004775,58,미지정,0
281225,1117000000000006501,보광동 147-11도,도,국유지,211.09448765870184,127.00143410727675,37.523446392483116,876.37219422,256.44383538,897.76662794,372.3804623,58,미지정,0
281226,1117000000000006502,보광동 175-5 도,도,국유지,86.69560598372482,127.00113188275901,37.52340930147683,897.51779494,264.63818901,916.88864907,353.39535334,58,미지정,0
281227,1117000000000006503,보광동 175-3도,도,국유지,191.6977936066687,127.0010848780047,37.523531138833455,890.60011762,252.33104801,908.63463955,341.86771836,58,미지정,0
281228,1117000000000006504,보광동 157-3도,도,국유지,145.90427309833467,127.0017673512423,37.52369868410492,835.84879725,227.03730095,857.87669899,382.44474469,58,미지정,0
281229,1117000000000006505,보광동 148-2도,도,국유지,118.42895561363548,127.00160048610994,37.52364938499986,849.81045157,232.81667855,870.88818355,372.41870149,58,미지정,0
281230,1117000000000006506,보광동 148-3도,도,국유지,332.6374823250808,127.00150604944282,37.52369764066717,851.54847291,228.06988352,871.47270586,362.50486349,58,미지정,0
281231,1117000000000006507,보광동 148-4도,도,국유지,32.871834110468626,127.00166285534497,37.52363289528926,847.45663577,234.42150372,869.17139877,378.08956687,58,미지정,0
281232,1117000000000006508,보광동 265-1178 도,도,국유지,23.328761884011328,126.99967773899635,37.529607717689935,637.83599737,369.41800475,377.15838345,426.99230169,58,미지정,0
281233,1117000000000006509,보광동 159-2도,도,국유지,63.15357391908765,127.00117045010614,37.523649180467096,875.9315346,237.88528592,893.64109957,340.40497932,58,미지정,0
281234,1117000000000006510,보광동 147-20도,도,국유지,39.71988363494165,127.00138825433287,37.52373237347165,855.91043663,225.42538459,874.61171151,351.59769986,58,미지정,0
281235,1117000000000006511,보광동 37-5도,도,국유지,980.7767950547859,127.00367474861085,37.52643551426671,503.26452607,187.53450954,513.77881938,503.94018993,58,미지정,0
281236,1117000000000006512,보광동 39-1도,도,국유지,354.43499564100057,127.00336883808735,37.526373159578355,528.73021822,160.09958313,536.51160052,476.37980712,58,미지정,0
281237,1117000000000006513,보광동 65-1도,도,국유지,706.9118724367581,127.00276495989444,37.5264459372197,567.24443882,119.55172672,567.30760841,424.09424763,58,미지정,0
281238,1117000000000006514,보광동 36-15 도,도,국유지,86.11803399026394,127.0047133618136,37.52636633173843,441.58703659,271.84306009,467.79634707,594.81586835,58,미지정,0
281239,1117000000000006515,보광동 36-3 도,도,국유지,314.79451120458543,127.0045385679351,37.52646846558315,444.07978542,260.20453514,466.07517695,580.30737636,58,미지정,0
281240,1117000000000006516,보광동 175-8도,도,국유지,227.61134712444618,127.00109002250049,37.52343215687121,898.2164606,262.93704907,917.09004726,348.91865232,58,미지정,0
281241,1117000000000006517,보광동 100-15도,도,국유지,225.44752685632557,127.00125047454922,37.523621243860326,873.24249488,239.54133375,891.79816188,347.99935089,58,미지정,0
281242,1117000000000006518,보광동 267-17 도,도,국유지,244.95715603017015,126.99964397918126,37.52959758445302,640.48979446,368.64721198,374.81872092,424.90805208,58,미지정,0
281243,1117000000000006519,보광동 264-141 도,도,국유지,48.192704691551626,126.99933914283288,37.52973120654792,644.92036266,387.41434782,344.27833364,430.70272968,58,미지정,0
281244,1117000000000006520,보광동 265-1113 도,도,국유지,92.2651079876814,126.99938497869925,37.52981369845827,635.23652921,395.70907746,344.79593387,440.62138175,58,미지정,0
281245,1117000000000006521,보광동 265-1114 도,도,국유지,25.030828441493213,126.99955535449735,37.52965519792279,639.95699525,376.00219621,365.15550945,428.3441867,58,미지정,0
281246,1117000000000006522,보광동 265-1119 도,도,국유지,22.637251859065145,127.0004379893102,37.52928296850849,632.56935516,332.06512611,453.0399579,423.32624533,58,미지정,0
281247,1117000000000006523,보광동 175-6 도,도,국유지,204.88921989267692,127.00118481201267,37.52339902676754,895.15240905,264.84993119,915.00478431,357.78423875,58,미지정,0
281250,1117000000000300002,용산구 한남유수지 공영주차장 (서울특별시 용산구 독서당로 18),주,구유지,688.9949348527007,127.00735500000002,37.530018570000024,102.87820267,290.27754733,0.0,1031.13354823,165,미지정,1
281251,1117000000000300003,용산구 한남동 공영주차장 (서울특별시 용산구 이태원로 224-19),주,구유지,688.9509521266446,127.00026870000003,37.534857090000024,169.82899191,40.21227083,0.0,431.53600629,165,미지정,1
281252,1117000000000300004,용산구 이태원2동 공영주차장 (서울특별시 용산구 회나무로 55),주,구유지,688.8998674564064,126.99271590000002,37.54047812000001,177.58049658,130.24833553,0.0,449.70318893,70,미지정,0
281252,1117000000000300004,용산구 이태원2동 공영주차장 (서울특별시 용산구 회나무로 55),주,구유지,688.8998674564064,126.99271590000002,37.54047812000001,177.58049658,130.24833553,0.0,449.70318893,66,미지정,0
281253,1117000000000300005,용산구 용산2가동 기계식 공영주차장 (서울특별시 용산구 신흥로2길 74),주,구유지,688.8768870839849,126.98808240000004,37.54300040000001,118.0077651,296.1603426,0.0,111.27077788,88,미지정,0
281254,1117000000000300006,용산구 용산전자상가1 공영주차장 (서울특별시 용산구 한강로3가 12),주,구유지,688.9765335805714,126.96477120000002,37.53203976000001,120.4218654,360.96703138,0.0,403.29701382,310,미지정,1
281255,1117000000000300007,용산구 용산전자상가2 공영주차장 (서울특별시 용산구 한강로3가 14-1),주,구유지,688.9712013099343,126.96311060000006,37.5326215,113.71028819,435.4585072,0.0,233.15967394,310,미지정,1
281256,1117000000000300008,용산구 용산전자상가3 공영주차장 (서울특별시 용산구 한강로3가 19-2),주,구유지,688.9719185563736,126.96033630000002,37.5325369,203.37255867,443.75965727,0.0,80.10361869,310,미지정,1
281258,1117000000000300010,용산구 용산전자상가5 공영주차장 (서울특별시 용산구 한강로3가 2-1),주,구유지,688.9604656193405,126.96341970000003,37.53381211,240.57558241,312.03791494,0.0,240.06047152,310,미지정,1
281259,1117000000000300011,용산구 서계동 공영주차장 (서울특별시 용산구 효창원로104가길 16),주,구유지,688.7987313349731,126.9643647,37.55161340000001,39.04795328,302.6241657,0.0,483.66115658,163,미지정,1
281260,1117000000000300012,용산구 용산2가(소월) 공영주차장 (서울특별시 용산구 신흥로 90),주,구유지,688.8490335899405,126.9855706,37.54607483000002,187.74277832,22.85165296,0.0,199.81446771,88,미지정,0
281261,1117000000000300013,용산구 용문동 공영주차장 (서울특별시 용산구 새창로12길 13),주,구유지,688.914068209473,126.95757120000003,37.5389156,291.76324186,30.01334876,0.0,296.12646127,50,미지정,0
281262,1117000000000300014,용산구 청파동 1마을공원 공영주차장 (서울특별시 용산구 원효로97길 50),주,구유지,688.8789133913815,126.96859040000002,37.542784800000014,9.63029295,162.88630205,0.0,125.21589459,130,미지정,1
281263,1117000000000300015,용산구 청파동청사 공영주차장 (서울특별시 용산구 청파로49길 6),주,구유지,688.854902824387,126.96986840000002,37.54543530000002,165.85362527,75.22319612,0.0,401.03039784,150,미지정,1
281265,1117000000000300017,용산구 한강쇼핑 공영주차장 (서울특별시 용산구 이촌동 301-5),주,구유지,689.0755737544969,126.96949320000006,37.52113116000001,137.42695913,63.36947834,0.0,403.21720327,175,미지정,1
281265,1117000000000300017,용산구 한강쇼핑 공영주차장 (서울특별시 용산구 이촌동 301-5),주,구유지,689.0755737544969,126.96949320000006,37.52113116000001,137.42695913,63.36947834,0.0,403.21720327,87,미지정,0
281266,1117000000000300018,용산구 이태원1동 공영주차장 (서울특별시 용산구 이태원동 22-36),주,구유지,688.9871146115474,126.9957211,37.53088001000001,411.33350624,267.24058784,0.0,195.5829191,70,미지정,0
281266,1117000000000300018,용산구 이태원1동 공영주차장 (서울특별시 용산구 이태원동 22-36),주,구유지,688.9871146115474,126.9957211,37.53088001000001,411.33350624,267.24058784,0.0,195.5829191,66,미지정,0
281267,1117000000000300019,용산구 한강로2가동 공영주차장 (서울특별시 용산구 용산동5가 2-68),주,구유지,688.9929497716948,126.96919100000001,37.53023598000001,37.84981804,166.73659921,0.0,546.47401535,326,미지정,1
281268,1117000000000300020,용산구 이촌로54길 공영주차장 (서울특별시 용산구 이촌동 302-31),주,구유지,689.0847065881826,126.96867410000002,37.520124040000006,179.04502133,91.3921787,0.0,482.3333679,175,미지정,1
281268,1117000000000300020,용산구 이촌로54길 공영주차장 (서울특별시 용산구 이촌동 302-31),주,구유지,689.0847065881826,126.96867410000002,37.520124040000006,179.04502133,91.3921787,0.0,482.3333679,87,미지정,0
281269,1117000000000300021,용산구 이촌1동 공영주차장 (서울특별시 용산구 이촌동 301-244),주,구유지,689.0896901572123,126.97195630000006,37.5195715,135.56134533,136.37705349,0.0,330.29563559,175,미지정,1
281269,1117000000000300021,용산구 이촌1동 공영주차장 (서울특별시 용산구 이촌동 301-244),주,구유지,689.0896901572123,126.97195630000006,37.5195715,135.56134533,136.37705349,0.0,330.29563559,87,미지정,0
281270,1117000000000300022,용산구 삼각지 임시 공영주차장 (서울특별시 용산구 한강로1가 231-30),주,구유지,688.9669208475389,126.97269400000005,37.533089,58.19523429,148.46294142,0.0,210.88796867,332,미지정,1
