parcel_id,pnu,jibun,land_use_code,ownership_type,area,lng,lat,dist_to_childcare_center,dist_to_nosmoking_zone,dist_to_school,complaint_count,building_use,target_label
281271,1117000000000000000,후암동 10-1도,도,국유지,1985.2149663565215,126.97690264845869,37.55178968866212,55.62122411,231.9042163,448.82222909,75,미지정,0
281273,1117000000000000002,후암동 56-35 도,도,국유지,30.80084282718599,126.97829226773868,37.54998979918271,105.79817938,276.91751433,290.08214682,75,미지정,0
281274,1117000000000000003,후암동 445-15 도,도,국유지,205.5411632801406,126.97663939994912,37.554327307862366,291.40937857,276.04643486,556.73425837,75,미지정,0
281275,1117000000000000004,후암동 427-6도,도,국유지,650.2881874656887,126.97673121249647,37.55293963941211,178.22879935,205.61175123,575.74979368,75,미지정,0
281276,1117000000000000005,후암동 56-39 도,도,국유지,9.846810799790546,126.97870628502658,37.5502816120518,142.57028451,324.40779698,292.56111223,75,미지정,0
281277,1117000000000000006,후암동 46-9도,도,국유지,372.42477860237705,126.98034338124403,37.55093695960344,224.92339176,474.07836228,130.96326555,75,미지정,0
281278,1117000000000000007,후암동 448-91도,도,국유지,212.93958334543277,126.97741788048639,37.5546916394019,305.57518927,353.65625249,530.17825023,75,미지정,0
281279,1117000000000000008,후암동 58-48 도,도,국유지,148.72652741195634,126.97901147185861,37.55051352051392,175.28148751,361.13743016,257.69221686,75,미지정,0
281280,1117000000000000009,후암동 56-30 도,도,국유지,72.18887049565092,126.97861895958158,37.55013728911081,125.19462622,306.92560129,319.44102132,75,미지정,0
281281,1117000000000000010,후암동 45-40 도,도,국유지,433.4149291620124,126.98083773152382,37.550565329773114,280.5825181,468.14465949,118.41777287,75,미지정,0
281282,1117000000000000011,후암동 43-72 도,도,국유지,136.13173970533535,126.98128486137627,37.551583810201365,278.23315267,546.17413736,45.77558502,75,미지정,0
281283,1117000000000000012,후암동 30-155 도,도,국유지,77.72460568370298,126.98148561169296,37.55121671619346,304.86059896,501.75536061,26.7808753,75,미지정,0
281284,1117000000000000013,후암동 30-172 도,도,국유지,256.1984708184609,126.9805773762585,37.551676942375174,214.8690427,548.5177721,107.08335093,75,미지정,0
281285,1117000000000000014,후암동 30-166 도,도,국유지,1156.236855196301,126.98045038759223,37.55177947116277,202.08949338,550.13327351,121.58808104,75,미지정,0
281286,1117000000000000015,후암동 30-163도,도,국유지,578.8629815289751,126.97962171096258,37.55220106834285,129.11139619,457.99112275,207.65735204,75,미지정,0
281287,1117000000000000016,후암동 448-24도,도,국유지,231.37673835310852,126.97883638799756,37.55306217747871,130.70850238,391.16706184,317.15160884,75,미지정,0
281288,1117000000000000017,후암동 448-25 도,도,국유지,90.31475066952407,126.97883786220001,37.55299395746914,124.02640744,390.26302883,312.6088317,75,미지정,0
281289,1117000000000000018,후암동 448-19 도,도,국유지,63.4128426911775,126.97867091808432,37.55378572904423,202.17833432,396.89842655,380.73101421,75,미지정,0
281290,1117000000000000019,후암동 448-101도,도,국유지,806.9741301871836,126.97784196586458,37.554257174181195,251.60985252,354.20655325,469.78351367,75,미지정,0
281291,1117000000000000020,후암동 448-62 도,도,국유지,79.54975231760181,126.977871839631,37.5544673569829,274.5101245,369.38388035,484.15946223,75,미지정,0
281292,1117000000000000021,후암동 448-15 도,도,국유지,391.08081008773297,126.97822465837045,37.55431731259484,256.52127926,386.53827435,450.51921724,75,미지정,0
281293,1117000000000000022,후암동 27-6도,도,국유지,49.356361041078344,126.97743539542971,37.55071444411327,76.85334817,320.37399678,336.96464976,75,미지정,0
281294,1117000000000000023,후암동 27-16도,도,국유지,93.30376725969836,126.97766347811006,37.55078995164768,74.91140259,333.87210146,350.04094373,75,미지정,0
281295,1117000000000000024,후암동 27-4도,도,국유지,67.18652156647295,126.97746369255286,37.55060645218111,89.0871975,309.40492761,325.86624392,75,미지정,0
281296,1117000000000000025,후암동 15-1 도,도,국유지,74.20288620272186,126.9775126182483,37.55157744069963,27.69949749,290.68784156,432.13317927,75,미지정,0
281297,1117000000000000026,후암동 60-79도,도,국유지,78.79387506772764,126.97784440264292,37.550551713612975,105.71357368,314.15132692,329.67138528,75,미지정,0
281298,1117000000000000027,후암동 66-2도,도,국유지,185.03390976355877,126.97761801686411,37.55058022595605,95.12540905,310.4578825,326.552962,75,미지정,0
281299,1117000000000000028,후암동 257-10도,도,국유지,61.27610171237029,126.9795153393891,37.54626575923702,62.52127829,319.49454984,306.46674624,75,미지정,0
281300,1117000000000000029,후암동 257-6도,도,국유지,56.60260526626371,126.97968470357534,37.546171323687396,79.34540672,337.76645506,324.72345668,75,미지정,0
281301,1117000000000000030,후암동 418-20도,도,국유지,27.325265678577125,126.98107053122754,37.546630274228285,104.31582042,256.76909109,414.79528277,75,미지정,0
281302,1117000000000000031,후암동 415-3도,도,국유지,1315.2898056793492,126.98193185650953,37.54658269353656,96.49047152,184.83080955,531.13615386,75,미지정,0
281303,1117000000000000032,후암동 3-14 도,도,국유지,71.34383980743587,126.97757312596511,37.55173883336769,45.12858064,289.61732436,450.73543339,75,미지정,0
281304,1117000000000000033,후암동 448-193 도,도,국유지,23.88022102881223,126.97856403545518,37.55417395578371,242.94832225,405.31682679,418.50609746,75,미지정,0
281305,1117000000000000034,후암동 418-11도,도,국유지,281.1133293118328,126.98117874267454,37.54666203311062,96.50366087,246.67585787,422.90266473,75,미지정,0
281306,1117000000000000035,후암동 260도,도,국유지,818.7043913879897,126.98077391457265,37.54644675881877,135.90560109,287.10359901,396.85588042,75,미지정,0
281307,1117000000000000036,후암동 400-77 도,도,국유지,113.74131423677318,126.98301595760401,37.54838904972551,158.28286337,160.63800519,349.45988095,75,미지정,0
281308,1117000000000000037,후암동 449-12도,도,국유지,81.21752474579262,126.97679663333945,37.55391581380185,244.70979853,256.51030103,519.346089,75,미지정,0
281309,1117000000000000038,후암동 400-103도,도,국유지,27.609020641364623,126.98253335523975,37.54841010947306,131.83077792,187.10292584,335.67578289,75,미지정,0
281310,1117000000000000039,후암동 17-2도,도,국유지,63.557060025050305,126.97718580510764,37.55138836692129,9.70573877,273.3104269,406.82849663,75,미지정,0
281311,1117000000000000040,후암동 358-54도,도,국유지,93.06592801772058,126.98298019970491,37.54868808051427,180.24001559,191.58434716,317.15290173,75,미지정,0
281312,1117000000000000041,후암동 358-187도,도,국유지,29.29577973857522,126.98255335676815,37.548928693728385,182.96214743,232.96844784,280.15866677,75,미지정,0
281313,1117000000000000042,후암동 400-69 도,도,국유지,14.456728827906772,126.98307147444595,37.54831752736319,156.84799413,151.31438956,358.57002191,75,미지정,0
281314,1117000000000000043,후암동 400-15도,도,국유지,382.38665966666304,126.9826654762534,37.54853171244571,149.57758669,190.60493156,325.28328225,75,미지정,0
281315,1117000000000000044,후암동 358-158도,도,국유지,124.85806104796939,126.98294114082978,37.54871617640051,180.53100883,195.8880045,313.03227334,75,미지정,0
281316,1117000000000000045,후암동 445-13도,도,국유지,61.35818995605223,126.97676987120064,37.55392241780544,246.53260494,255.04605489,521.72866945,75,미지정,0
281317,1117000000000000046,후암동 446-15도,도,국유지,75.07369432365522,126.97690947938169,37.55362038151536,211.46966563,247.25934557,493.60810986,75,미지정,0
281318,1117000000000000047,후암동 1-17도,도,국유지,250.97375045524677,126.97708232751084,37.552374340015504,110.00029805,232.77952663,514.69496986,75,미지정,0
281319,1117000000000000048,후암동 14-1도,도,국유지,56.62306738074403,126.97733809866922,37.551573585346844,19.87720444,276.58976167,429.07930151,75,미지정,0
281320,1117000000000000049,후암동 9-1 도,도,국유지,10.533138131722808,126.9770375339851,37.55173791806331,44.07389008,245.09796909,443.98116719,75,미지정,0
281321,1117000000000000050,후암동 8-1 도,도,국유지,95.95053402200574,126.97726455651518,37.55176040135601,40.33310512,263.02433114,448.67477618,75,미지정,0
281322,1117000000000000051,후암동 2-2 도,도,국유지,47.820787844248116,126.97728469124282,37.55182692240908,47.63504265,262.35849495,456.2288641,75,미지정,0
281323,1117000000000000052,후암동 2-8 도,도,국유지,35.89008180011297,126.97721244609917,37.55178433169377,43.51508158,257.80064491,450.72576123,75,미지정,0
281324,1117000000000000053,후암동 7-4 도,도,국유지,125.3482925784192,126.97731036383433,37.55173668200193,37.63522329,267.71916991,446.62148778,75,미지정,0
281325,1117000000000000054,후암동 358-157도,도,국유지,313.74302149628056,126.98260503692886,37.549455409155065,238.85671479,282.81753821,225.77644865,75,미지정,0
281326,1117000000000000055,후암동 439-12 도,도,국유지,28.382097632566,126.97681293832063,37.55302609168394,185.67207925,214.84332759,471.5049295,75,미지정,0
281327,1117000000000000056,후암동 358-156도,도,국유지,26.514950233045965,126.98232278521667,37.549867589606045,276.21719014,334.78197493,174.40941712,75,미지정,0
281328,1117000000000000057,후암동 398-9도,도,국유지,21.871278899430763,126.98234840044844,37.54893945067264,177.30598043,243.7571182,274.81570869,75,미지정,0
281329,1117000000000000058,후암동 439-23 도,도,국유지,17.20680871559307,126.97673991013586,37.55282584639499,165.91123845,204.07440983,563.14013233,75,미지정,0
281330,1117000000000000059,후암동 1-9도,도,국유지,198.53859960380942,126.97694662155043,37.55257395390403,134.11861032,220.01083003,535.9432941,75,미지정,0
281331,1117000000000000060,후암동 398-5도,도,국유지,15.45701751112938,126.98241904335873,37.54899609052454,185.33275256,245.56650618,270.00706146,75,미지정,0
281332,1117000000000000061,후암동 428도,도,국유지,105.02098037430551,126.97697103590606,37.552774678666474,155.47410739,223.57273656,448.19566548,75,미지정,0
281333,1117000000000000062,후암동 428-14도,도,국유지,216.84270364313852,126.97715797844913,37.55297548338271,140.51795691,243.3444587,441.29791822,75,미지정,0
281334,1117000000000000063,후암동 18-3도,도,국유지,59.781294720305596,126.9774545568589,37.55127294654526,19.76971901,300.29315399,397.97810763,75,미지정,0
281335,1117000000000000064,후암동 31-2도,도,국유지,144.5418117120862,126.97777248732307,37.55146948667847,42.93645987,316.46678141,425.40453984,75,미지정,0
281336,1117000000000000065,후암동 27-41 도,도,국유지,35.32162366807461,126.97781681757598,37.55107267684763,58.55220011,367.86761017,383.94077241,75,미지정,0
281337,1117000000000000066,후암동 26도,도,국유지,49.9299129183637,126.97741988843056,37.55100491828718,44.98104769,351.42756684,368.20294072,75,미지정,0
281338,1117000000000000067,후암동 25-1도,도,국유지,88.26237469498301,126.97737699761096,37.551039305554,40.44403602,354.35399461,371.21904254,75,미지정,0
281339,1117000000000000068,후암동 27-3도,도,국유지,87.57112354971468,126.97735760544295,37.550918458655325,53.48909831,340.87754015,357.72315088,75,미지정,0
281340,1117000000000000069,후암동 27-5도,도,국유지,52.73007545853034,126.97741085554418,37.55080774106451,66.28591969,329.92078111,346.61324002,75,미지정,0
281341,1117000000000000070,후암동 30-134도,도,국유지,27.519758781418204,126.97759001924447,37.551150318840584,37.86994461,370.62493869,387.17334609,75,미지정,0
281342,1117000000000000071,후암동 60-32도,도,국유지,921.3606263183174,126.97833017251409,37.550477218420895,137.13872535,324.91162156,339.03923223,75,미지정,0
281343,1117000000000000072,후암동 60-45도,도,국유지,42.721539770253,126.97904344168963,37.55080662037037,153.41029229,389.20310237,244.8782345,75,미지정,0
281344,1117000000000000073,후암동 45-45도,도,국유지,63.25327275134623,126.9807826404114,37.5511470131018,248.874618,524.64436533,86.6683756,75,미지정,0
281345,1117000000000000074,후암동 41-3 도,도,국유지,80.64183739293367,126.97805150165198,37.55117534196818,71.26249626,385.36909807,325.23150509,75,미지정,0
281346,1117000000000000075,후암동 30-52도,도,국유지,126.0891806576401,126.97830569950352,37.5514584938358,61.78939187,422.72812328,302.26049853,75,미지정,0
281347,1117000000000000076,후암동 30-59 도,도,국유지,25.293326811864972,126.97906663790874,37.5514940071087,96.72025626,455.16719393,235.27699249,75,미지정,0
281348,1117000000000000077,후암동 30-60도,도,국유지,92.42017843201756,126.97898929560851,37.551546527334146,87.76758404,457.00279582,242.51248205,75,미지정,0
281349,1117000000000000078,후암동 41-15 도,도,국유지,648.665874669794,126.97849154612186,37.551145037055214,99.44797516,397.37082694,286.70737281,75,미지정,0
281350,1117000000000000079,후암동 254-43도,도,국유지,2385.5109662350733,126.9797544983197,37.54669409817649,91.10112125,313.76604248,303.05775546,75,미지정,0
281351,1117000000000000080,후암동 448-16 도,도,국유지,48.780428192578256,126.97865856483715,37.554138451983654,240.37115642,411.1048736,410.01334349,75,미지정,0
281352,1117000000000000081,후암동 448-17 도,도,국유지,52.8994576681871,126.97873380082805,37.55408182672103,235.47481163,414.49740363,400.9042525,75,미지정,0
281353,1117000000000000082,후암동 448-13 도,도,국유지,53.801396374125034,126.9779380834245,37.55449168434804,276.68096088,375.7246454,482.00186992,75,미지정,0
281354,1117000000000000083,후암동 448-194 도,도,국유지,97.3609021223383,126.97873186864776,37.55325270338286,146.64203074,385.7601044,337.33603394,75,미지정,0
281355,1117000000000000084,후암동 448-23 도,도,국유지,356.1962251961231,126.97868617250369,37.553479201541855,169.45264849,387.740085,356.52553066,75,미지정,0
281356,1117000000000000085,후암동 30-175 도,도,국유지,61.32445014640689,126.97881687632601,37.55315893293886,139.71488631,391.18005786,325.0045246,75,미지정,0
281357,1117000000000000086,후암동 401-7 도,도,국유지,29.394068959751166,126.98213218946724,37.54830990968747,105.14807061,204.53949276,341.01989294,75,미지정,0
281358,1117000000000000087,후암동 398-10도,도,국유지,10.317735749296844,126.98240278548798,37.548965779784545,181.67908094,243.51465559,272.96608227,75,미지정,0
281359,1117000000000000088,후암동 358-184 도,도,국유지,131.95346649346175,126.98261492234033,37.54895627074971,188.04885262,232.88200054,278.68979742,75,미지정,0
281360,1117000000000000089,후암동 352-6도,도,국유지,69.81595658045262,126.98180634056803,37.549488215775796,228.62038618,321.11684357,208.46753045,75,미지정,0
281361,1117000000000000090,후암동 352-29도,도,국유지,37.52419086592272,126.98179933886566,37.54953392067433,233.661593,325.62185666,203.37715804,75,미지정,0
281362,1117000000000000091,후암동 361-3도,도,국유지,876.9866077232291,126.98192336659265,37.54920578933761,198.12043028,289.72706402,240.32689482,75,미지정,0
281363,1117000000000000092,후암동 357-3도,도,국유지,261.9742891835049,126.98198376662548,37.549095170092215,186.58220774,276.74213046,252.99839626,75,미지정,0
281364,1117000000000000093,후암동 400-38 도,도,국유지,12.357884190510958,126.98298166666667,37.548262666666666,146.84825051,150.20600417,361.807419,75,미지정,0
281365,1117000000000000094,후암동 358-193 도,도,국유지,217.32174590136856,126.98352946255676,37.54837338994944,193.34315221,142.21544013,368.34640648,75,미지정,0
281366,1117000000000000095,후암동 353-20도,도,국유지,171.3358981772326,126.98192590097025,37.549261551179676,204.2994142,294.54367706,234.1715879,75,미지정,0
281367,1117000000000000096,후암동 400-72 도,도,국유지,26.58902075648075,126.98299875876062,37.54829335091602,150.17413243,152.27005604,359.03784388,75,미지정,0
281368,1117000000000000097,후암동 401-4도,도,국유지,525.1410899126786,126.98243451339421,37.548262503987445,113.39863214,181.14097855,350.03328497,75,미지정,0
281369,1117000000000000098,후암동 398-2도,도,국유지,141.64866762887686,126.98215883037331,37.54882940807801,160.70543634,244.03731694,284.05491022,75,미지정,0
281370,1117000000000000099,후암동 399-16도,도,국유지,412.10329915594775,126.98232749713215,37.54873145837101,155.00386085,226.23173524,297.13285251,75,미지정,0
281371,1117000000000000100,후암동 344-2도,도,국유지,33.37056884355843,126.9820230435954,37.5496090325251,243.58414031,321.82978407,196.69842273,75,미지정,0
281372,1117000000000000101,후암동 352-31도,도,국유지,96.00749312108383,126.9818383584125,37.54942604040249,221.87630729,313.85558087,215.47640864,75,미지정,0
281373,1117000000000000102,후암동 358-20도,도,국유지,1706.0366900305962,126.98307110186529,37.54929224977888,239.9977593,251.33536994,258.99099372,75,미지정,0
281374,1117000000000000103,후암동 399-22도,도,국유지,388.75681367039215,126.98224844022286,37.548522812004634,130.90533483,213.24913146,318.85662017,75,미지정,0
281375,1117000000000000104,후암동 398-7도,도,국유지,65.82963693421334,126.98216004998515,37.548886781014104,166.89259552,248.93037979,277.76143827,75,미지정,0
281376,1117000000000000105,후암동 41-6도,도,국유지,104.25797093193978,126.97924775970087,37.55131217576784,121.72810214,446.00481924,218.91890232,75,미지정,0
281377,1117000000000000106,후암동 358-177도,도,국유지,118.66961446218193,126.98361502260423,37.54850791802692,207.95475895,155.32862718,358.40297421,75,미지정,0
281378,1117000000000000107,후암동 358-161도,도,국유지,129.00136615429074,126.98208640127727,37.54893560789681,170.69222625,257.22447831,271.5548739,75,미지정,0
281379,1117000000000000108,후암동 395-12 도,도,국유지,41.01133033121005,126.98200751169831,37.5485494834788,127.33410131,230.43183472,313.52384341,75,미지정,0
281380,1117000000000000109,후암동 403-2도,도,국유지,92.23319687013282,126.9821863880795,37.54801454673542,78.2847138,181.19141774,374.12599992,75,미지정,0
281381,1117000000000000110,후암동 404-83도,도,국유지,117.3275828147307,126.98227265770808,37.54740494477186,51.58451174,147.75601245,442.21231525,75,미지정,0
281382,1117000000000000111,후암동 404-1도,도,국유지,464.860794353066,126.98217576490528,37.547671881190226,50.61920252,164.5571296,411.86111879,75,미지정,0
281383,1117000000000000112,후암동 404-60도,도,국유지,438.47905010415707,126.98233667270578,37.547355226227296,57.77014929,141.13801756,448.34370139,75,미지정,0
281384,1117000000000000113,후암동 406-30도,도,국유지,2179.5185499690124,126.9839658278244,37.547551584946625,201.58015766,47.28878272,467.28517857,75,미지정,0
281385,1117000000000000114,후암동 402-9도,도,국유지,409.01362616417464,126.98234427860434,37.547852322358764,74.41404215,159.87587289,393.72214851,75,미지정,0
281386,1117000000000000115,후암동 447-22 도,도,국유지,65.27034617913887,126.97724331933487,37.55486043262465,327.43355918,321.95050394,554.30021272,75,미지정,0
281387,1117000000000000116,후암동 406-81 도,도,국유지,142.2844486561953,126.98381275286643,37.547129074963806,190.56299659,8.42665549,505.05591325,75,미지정,0
281388,1117000000000000117,후암동 409-198도,도,국유지,65.82650260883383,126.98393656177207,37.54688989485709,186.09029312,26.54621558,533.76429482,75,미지정,0
281389,1117000000000000118,후암동 395-6도,도,국유지,21.13089887634851,126.9818649479384,37.548521994120826,122.13402577,237.77298303,315.82442986,75,미지정,0
281390,1117000000000000119,후암동 396-5도,도,국유지,23.573019319213927,126.9818550939602,37.548561850149085,126.41957297,241.32868125,311.37112531,75,미지정,0
281391,1117000000000000120,후암동 415-8도,도,국유지,609.2035287171602,126.98156885646856,37.54711982675124,36.09302651,206.72057732,471.40881021,75,미지정,0
281392,1117000000000000121,후암동 417-10도,도,국유지,234.88166522840038,126.98205305006678,37.5471266961959,46.55019031,163.93053037,471.33417735,75,미지정,0
281393,1117000000000000122,후암동 404-72도,도,국유지,249.474903844879,126.98201493220239,37.547432572993664,28.73273937,170.67959755,437.24470722,75,미지정,0
281394,1117000000000000123,후암동 418-37도,도,국유지,34.39673870592378,126.98101972754488,37.54684387795836,88.00283989,257.18604767,403.94883655,75,미지정,0
281395,1117000000000000124,후암동 349-1도,도,국유지,330.02055399585515,126.9812295966445,37.54903768657806,182.96188634,317.72421069,262.02171872,75,미지정,0
281396,1117000000000000125,후암동 418-10도,도,국유지,140.16607184929308,126.98134386644274,37.54699655015978,57.04016283,227.07027709,486.05483964,75,미지정,0
281397,1117000000000000126,후암동 418-8도,도,국유지,113.0078613460064,126.98112874029394,37.54695601543425,72.32453318,246.35247589,492.21135106,75,미지정,0
281398,1117000000000000127,후암동 392-14도,도,국유지,314.07706702366704,126.98147044249446,37.54807952010529,74.60245571,239.90851845,365.38352985,75,미지정,0
281399,1117000000000000128,후암동 259-20도,도,국유지,119.81043882202357,126.98061703222675,37.546436899103604,145.41956028,300.77734015,384.39889644,75,미지정,0
281400,1117000000000000129,후암동 263-9 도,도,국유지,76.09074864699505,126.98063968035142,37.54672386562259,121.49706449,292.29256232,375.36226981,75,미지정,0
281401,1117000000000000130,후암동 261-10 도,도,국유지,59.43673006352037,126.98074923245328,37.546678331243115,117.79922151,283.57575318,386.12689284,75,미지정,0
281402,1117000000000000131,후암동 418-32도,도,국유지,137.23890794906765,126.98125825119409,37.54675609932703,83.99954323,237.77735461,513.23301903,75,미지정,0
281403,1117000000000000132,후암동 418-19도,도,국유지,99.98810292687267,126.98134610750897,37.54667148012818,89.54363502,232.00395623,522.04053916,75,미지정,0
281404,1117000000000000133,후암동 418-23도,도,국유지,475.18402501166565,126.98112070413252,37.54682467098396,83.96105152,248.61220478,506.78208219,75,미지정,0
281405,1117000000000000134,후암동 339-18도,도,국유지,1137.8322462285869,126.98207859573664,37.55016884501062,305.86571672,374.22110078,136.41434811,75,미지정,0
281406,1117000000000000135,후암동 303-6도,도,국유지,913.2184490013751,126.98036719297565,37.54899816641067,209.6085943,357.93910676,288.8102853,75,미지정,0
281407,1117000000000000136,후암동 406-96도,도,국유지,271.8243070244789,126.98390831362079,37.548231438499016,215.263045,122.46836188,397.72284067,75,미지정,0
281408,1117000000000000137,후암동 251-11도,도,국유지,19.410086053889245,126.97847358211219,37.54660708826005,41.35263934,223.39104796,209.24674112,75,미지정,0
281409,1117000000000000138,후암동 255-35도,도,국유지,34.76968654175289,126.97854923013634,37.54631838048895,23.93958281,250.09503325,235.01006156,75,미지정,0
281410,1117000000000000139,후암동 251-9도,도,국유지,37.36374798999168,126.97850508461306,37.54662185501159,40.54604762,224.46306177,210.48188059,75,미지정,0
281411,1117000000000000140,후암동 251-10도,도,국유지,65.46882808348164,126.97851510584273,37.54660033001249,38.20286601,226.67498828,212.62245658,75,미지정,0
281412,1117000000000000141,후암동 254-114도,도,국유지,155.99693768424913,126.97862784329875,37.54667508578015,39.38679333,229.31453954,215.95431021,75,미지정,0
281413,1117000000000000142,후암동 249-19도,도,국유지,53.39936104230583,126.97824367725838,37.54742670006428,129.41523124,159.00819229,150.25417824,75,미지정,0
281414,1117000000000000143,후암동 256-4도,도,국유지,109.80152969807386,126.97881860145897,37.54606837361917,31.65389425,286.56636898,271.35264674,75,미지정,0
281415,1117000000000000144,후암동 419-2도,도,국유지,78.51349271275103,126.98134524422238,37.54658496368936,98.65399426,234.36234528,531.62827938,75,미지정,0
281416,1117000000000000145,후암동 1-84 도,도,국유지,57.747064327588305,126.97731460289292,37.55023462899117,129.11074769,266.13745245,282.67162706,75,미지정,0
281417,1117000000000000146,후암동 254-115도,도,국유지,1764.423535325448,126.97834124757128,37.54643637310285,42.99213508,227.87742104,212.63853583,75,미지정,0
281418,1117000000000000147,후암동 214-6도,도,국유지,3209.661134415539,126.97794337081858,37.54787044390273,133.40228326,123.05283278,119.98444812,75,미지정,0
281419,1117000000000000148,후암동 100-3도,도,국유지,680.7687537701568,126.97673601410611,37.55242982190081,124.73744465,201.80600447,519.19026254,75,미지정,0
281420,1117000000000000149,후암동 66-4도,도,국유지,1762.932179347903,126.97714261648402,37.55088861907465,58.09611097,334.15029844,351.34834988,75,미지정,0
281421,1117000000000000150,후암동 458-1 도,도,국유지,183.46937527920818,126.97651993028458,37.550953601049535,84.38855485,254.02966394,355.25455815,75,미지정,0
281422,1117000000000000151,후암동 79-2도,도,국유지,182.4731789326761,126.97663718593964,37.55102516185177,71.34032214,256.25881688,363.15772098,75,미지정,0
281423,1117000000000000152,후암동 63-2도,도,국유지,455.8802813068032,126.97728417546745,37.55035523732587,115.71700434,278.47088177,295.16101066,75,미지정,0
281424,1117000000000000153,후암동 66-3도,도,국유지,52.1712327930145,126.97697282711407,37.5505372034339,99.66933176,293.41246227,310.79174395,75,미지정,0
281425,1117000000000000154,후암동 244-147도,도,국유지,1505.2232196606928,126.97764042231857,37.5490254423612,59.07602439,156.34501711,168.79770947,75,미지정,0
281426,1117000000000000155,후암동 105-56도,도,국유지,2258.4186971225427,126.9771166299783,37.548855086444675,107.25929264,115.6667902,130.72816526,75,미지정,0
281427,1117000000000000156,후암동 244-146도,도,국유지,1736.1384309600107,126.97742847535382,37.54980279741532,115.24840375,223.39252156,239.13450255,75,미지정,0
281428,1117000000000000157,후암동 105-218 도,도,국유지,87.73391278088093,126.97718825254783,37.55010657226166,143.6219832,249.66461776,266.41855239,75,미지정,0
281429,1117000000000000158,후암동 105-2도,도,국유지,184.38273900561035,126.97711272723404,37.550181232269495,135.98277415,256.37177338,273.34809877,75,미지정,0
281430,1117000000000000159,후암동 216-1도,도,국유지,78.23329586256295,126.97783668906587,37.54725989811739,132.72451909,134.80716256,122.74398832,75,미지정,0
281431,1117000000000000160,후암동 113-2도,도,국유지,41.87860031914897,126.97658803801714,37.54983227302888,184.64487666,212.83136297,230.74149051,75,미지정,0
281432,1117000000000000161,후암동 105-57도,도,국유지,29.471857213415205,126.97685616905157,37.550047795562946,154.77190871,238.24899851,255.71620861,75,미지정,0
281433,1117000000000000162,후암동 344-10도,도,국유지,86.67520306073129,126.98176163247524,37.54963409616219,244.66164127,336.66584603,192.18112597,75,미지정,0
281434,1117000000000000163,후암동 343-11도,도,국유지,195.08407218346838,126.98170953303,37.5496880595328,250.57463503,344.20819204,186.17032781,75,미지정,0
281435,1117000000000000164,후암동 249-6도,도,국유지,25.250559048727155,126.97833660328864,37.54748708836667,132.7623615,164.69621344,156.83615384,75,미지정,0
281436,1117000000000000165,후암동 249-24도,도,국유지,66.17417108081281,126.97840940210466,37.547492501655064,131.42722672,170.70034276,163.05090729,75,미지정,0
281437,1117000000000000166,후암동 249-25도,도,국유지,84.76031098223757,126.9784361910823,37.54738190064028,118.97760982,176.70025249,167.96513295,75,미지정,0
281438,1117000000000000167,후암동 110-12 도,도,국유지,166.564679158153,126.97658247002887,37.549103575075065,174.09252119,131.95830398,149.86748871,75,미지정,0
281439,1117000000000000168,후암동 192-113 도,도,국유지,136.83211638196371,126.97793164300057,37.546621013726586,83.63966158,188.37760271,172.55224232,75,미지정,0
281440,1117000000000000169,후암동 192-36도,도,국유지,68.9998290440999,126.97733532738685,37.546434443923225,131.19967733,178.29666464,160.38260547,75,미지정,0
281441,1117000000000000170,후암동 204-2도,도,국유지,38.20235797658097,126.9780999639709,37.54659122139495,68.59468518,200.73598763,185.35139644,75,미지정,0
281442,1117000000000000171,후암동 214-8도,도,국유지,76.35543811647221,126.97795498578469,37.54689183979877,96.77386175,168.11848236,153.6714626,75,미지정,0
281443,1117000000000000172,후암동 216-2도,도,국유지,118.84338884148747,126.97788943886,37.547086901900904,115.48223481,149.71091626,136.32145965,75,미지정,0
281444,1117000000000000173,후암동 238-35도,도,국유지,400.55464063957334,126.977573431301,37.54778403138671,153.46315073,91.42367622,86.65394693,75,미지정,0
281445,1117000000000000174,후암동 238-2도,도,국유지,22.803417585790157,126.97744516107527,37.547609997634396,142.26765683,85.87567073,76.9141793,75,미지정,0
281446,1117000000000000175,후암동 236-11도,도,국유지,83.06315457914025,126.97774147065768,37.5477544125241,150.88531021,106.61049797,101.43637299,75,미지정,0
281447,1117000000000000176,후암동 192-5도,도,국유지,595.7605282592122,126.97768621275527,37.54662215899495,104.23765498,175.01868365,158.37836355,75,미지정,0
281448,1117000000000000177,후암동 247-20 도,도,국유지,173.055726820603,126.9783542463185,37.54767255175834,151.45171973,161.51782741,155.84471927,75,미지정,0
281449,1117000000000000178,후암동 44-66 도,도,국유지,23.385948147508316,126.97969500866711,37.55094211239253,178.45073182,435.91924934,185.37080793,75,미지정,0
281450,1117000000000000179,후암동 44-65 도,도,국유지,38.8180041979067,126.97961613811688,37.551008517096164,168.35070047,437.27509579,190.45254476,75,미지정,0
281451,1117000000000000180,후암동 44-8도,도,국유지,256.6562451312202,126.97991849555792,37.55118585053219,178.49175061,469.35637591,160.8094716,75,미지정,0
281452,1117000000000000181,후암동 92-2 도,도,국유지,50.97875089244917,126.97667490701554,37.55181652193151,71.84744744,212.11880304,451.02600363,75,미지정,0
281453,1117000000000000182,후암동 60-48도,도,국유지,11.16092503350228,126.97882198183945,37.550965828060924,128.61659326,393.57280178,260.26980561,75,미지정,0
281454,1117000000000000183,후암동 250-14도,도,국유지,81.88196511752903,126.97951628633882,37.547127469844874,105.83914604,276.14572327,267.45327442,75,미지정,0
281455,1117000000000000184,후암동 250-15도,도,국유지,187.52893258584663,126.97906921977855,37.547022709806484,77.55168049,243.48900259,233.31327848,75,미지정,0
281456,1117000000000000185,후암동 250-10 도,도,국유지,180.10873608058318,126.97936462112335,37.54722323004875,107.99375212,260.13389828,251.8415524,75,미지정,0
281457,1117000000000000186,후암동 250-16도,도,국유지,107.50025506876409,126.97889896279062,37.5471962631723,93.8122231,222.20683055,212.8979939,75,미지정,0
281458,1117000000000000187,후암동 252-3도,도,국유지,305.0977530233795,126.97879845159181,37.54690541230805,61.26859065,227.95175194,216.37734772,75,미지정,0
281459,1117000000000000188,후암동 251-5도,도,국유지,148.76717892102897,126.97869422290346,37.54726183327839,101.3837381,202.70775232,193.47905191,75,미지정,0
281460,1117000000000000189,후암동 247-30도,도,국유지,26.67248110845685,126.97900196414781,37.54804270196728,126.18116283,216.96478839,215.2347504,75,미지정,0
281461,1117000000000000190,후암동 247-4도,도,국유지,41.109552517998964,126.97945274706746,37.54825103137302,133.49789519,259.03613663,258.62807197,75,미지정,0
281462,1117000000000000191,후암동 247-55도,도,국유지,25.779888719320297,126.97947337258259,37.54825831133092,134.36239391,260.95669683,260.58153941,75,미지정,0
281463,1117000000000000192,후암동 247-15도,도,국유지,613.9632879791316,126.97936986050382,37.547959047681836,151.97388655,249.0594367,246.39576776,75,미지정,0
281464,1117000000000000193,후암동 247-43도,도,국유지,60.63738261349499,126.97931573263243,37.547695421997574,155.32636785,245.43998087,240.6382631,75,미지정,0
281465,1117000000000000194,후암동 297-7도,도,국유지,499.1093994739931,126.97985702356789,37.54851489681134,148.56392804,299.55631081,300.51709083,75,미지정,0
281466,1117000000000000195,후암동 286-5도,도,국유지,254.63094063207973,126.97996531001077,37.54830210496107,167.55378506,304.6761048,304.11616036,75,미지정,0
281467,1117000000000000196,후암동 292-1도,도,국유지,263.9194466442568,126.98035896527193,37.54814617398148,141.91974977,333.37161154,377.11701404,75,미지정,0
281468,1117000000000000197,후암동 283-9도,도,국유지,162.1684777121991,126.97981406087273,37.54792167043657,195.09273043,288.26573806,285.20178282,75,미지정,0
281469,1117000000000000198,후암동 282-5 도,도,국유지,25.892848915886134,126.98008729507572,37.547796907575766,147.33751272,312.68468352,308.77253904,75,미지정,0
281470,1117000000000000199,후암동 279-4도,도,국유지,34.60238504875451,126.97978200566898,37.54753779506803,156.69997569,288.48477229,282.77034984,75,미지정,0
281471,1117000000000000200,후암동 276-4도,도,국유지,33.092112738639116,126.98043560442599,37.5472218319996,113.22527348,307.04035058,344.60166995,75,미지정,0
281472,1117000000000000201,후암동 254-23도,도,국유지,26.05496283993125,126.98039495639624,37.546974964615096,125.09442095,310.92053431,346.8538267,75,미지정,0
281473,1117000000000000202,후암동 250-13도,도,국유지,99.683145721443,126.97976452578672,37.547326964136374,136.71203208,291.29101995,284.17976894,75,미지정,0
281474,1117000000000000203,후암동 278-5도,도,국유지,103.20389255159535,126.98005574269423,37.5475291096064,144.81536703,312.56907792,306.95706393,75,미지정,0
281475,1117000000000000204,후암동 276-29도,도,국유지,146.20786810084246,126.98037030150267,37.54707236621499,123.19023422,312.69577235,342.19516135,75,미지정,0
281476,1117000000000000205,후암동 259-28 도,도,국유지,23.446066827280447,126.98048396534892,37.54683343024472,125.48071989,304.35190911,358.62930381,75,미지정,0
281477,1117000000000000206,후암동 259-1도,도,국유지,20.58210696594324,126.98045805575413,37.5468667629259,125.54692219,306.25595944,355.39295665,75,미지정,0
281478,1117000000000000207,후암동 378-6도,도,국유지,30.169036344625056,126.9804321129172,37.54791750742306,123.59049071,319.42476617,399.34855255,75,미지정,0
281479,1117000000000000208,후암동 282-6 도,도,국유지,16.658695127815008,126.98017738573253,37.54777356157394,138.97066172,320.75540211,316.70386606,75,미지정,0
281480,1117000000000000209,후암동 254-1도,도,국유지,10.435620890464634,126.98018066666667,37.547572,134.28350942,322.91233781,317.62427022,75,미지정,0
281481,1117000000000000210,후암동 281-6도,도,국유지,254.74154805223225,126.980235882442,37.54750696615716,128.76230748,327.22688371,323.02483683,75,미지정,0
281482,1117000000000000211,후암동 292-3도,도,국유지,60.28849633736536,126.98077618307035,37.54862351098097,155.0880456,322.72127688,315.64017523,75,미지정,0
281483,1117000000000000212,후암동 43-8도,도,국유지,67.95082584954798,126.98042892814703,37.55135748295687,211.27118662,513.18629967,114.46871,75,미지정,0
281484,1117000000000000213,후암동 373도,도,국유지,18.041486464440823,126.980620134185,37.54841183953973,144.21977717,323.61324015,342.02353203,75,미지정,0
281485,1117000000000000214,후암동 376-1도,도,국유지,741.823264723469,126.98060136658526,37.54801267156751,115.87570681,308.26895354,385.11708049,75,미지정,0
281486,1117000000000000215,후암동 102-17도,도,국유지,325.4872057600878,126.97580259089023,37.55069506900191,153.2152203,177.59067617,333.23935103,75,미지정,0
281487,1117000000000000216,후암동 389-59도,도,국유지,57.66557039227337,126.9807898514329,37.54778308872636,88.63741634,284.98853789,406.07877045,75,미지정,0
281488,1117000000000000217,후암동 379-1도,도,국유지,107.00424551777542,126.9805787022151,37.54781995847846,107.28306733,304.07520257,406.31552595,75,미지정,0
281489,1117000000000000218,후암동 274-3도,도,국유지,39.02577525249217,126.98068856027474,37.547543317207015,89.36150774,288.21932127,433.96760168,75,미지정,0
281490,1117000000000000219,후암동 264-13도,도,국유지,81.96057404112071,126.98067478053014,37.54697036684019,103.2130864,286.26335094,370.97291699,75,미지정,0
281491,1117000000000000220,후암동 264-34 도,도,국유지,48.56929506867891,126.98057467403743,37.54689380075389,115.14453261,295.719379,364.50988061,75,미지정,0
281492,1117000000000000221,후암동 263-8도,도,국유지,35.06368625210598,126.98054777930071,37.54681959337995,121.57821984,298.91790331,364.47242946,75,미지정,0
281494,1117000000000000223,후암동 276-27도,도,국유지,99.18294364050962,126.98074522360122,37.54735599080346,83.87975194,280.64555211,453.32989035,75,미지정,0
281495,1117000000000000224,후암동 263-20 도,도,국유지,23.058710251003504,126.98064196738974,37.546748295477094,119.60832182,291.68874283,374.73874226,75,미지정,0
281496,1117000000000000225,후암동 276-21도,도,국유지,31.09122120961547,126.98053489137747,37.54734464143009,102.50202725,299.05764704,351.23017851,75,미지정,0
281497,1117000000000000226,후암동 264-15도,도,국유지,31.14036454912275,126.98090203863515,37.547090700052486,79.1704505,265.67748278,479.973155,75,미지정,0
281498,1117000000000000227,후암동 264-1도,도,국유지,60.85850859619677,126.98079987587967,37.54718961933924,83.06022562,274.75828186,376.93432601,75,미지정,0
281499,1117000000000000228,후암동 45-11도,도,국유지,158.9250068080146,126.98062483019116,37.55114791979594,236.01420419,532.20206343,100.10844323,75,미지정,0
281500,1117000000000000229,후암동 394-14도,도,국유지,50.9223670027568,126.98155910397402,37.54817455823061,83.39180216,237.86778483,354.4469066,75,미지정,0
281501,1117000000000000230,후암동 389-7도,도,국유지,42.75734879216179,126.98108974553655,37.54815785640557,96.59106306,274.03223279,360.3888862,75,미지정,0
281502,1117000000000000231,후암동 394-7도,도,국유지,22.86214292421937,126.98152457271556,37.54806349656799,71.76271448,234.83117129,366.89742644,75,미지정,0
281503,1117000000000000232,후암동 389-11도,도,국유지,54.99286349117756,126.9809646856905,37.547819909815104,77.29483605,271.2072192,399.1919112,75,미지정,0
281504,1117000000000000233,후암동 105-203도,도,국유지,28.775952230207622,126.9773729278573,37.54893566473528,83.45686267,134.53009124,148.20136787,75,미지정,0
281505,1117000000000000234,후암동 104-2도,도,국유지,162.0656012110412,126.97690438513521,37.55015869599685,141.79220717,250.97584076,268.37886115,75,미지정,0
281506,1117000000000000235,후암동 392-15도,도,국유지,149.28593603422632,126.9812921472089,37.547868431191574,59.98282684,245.34267979,389.99674884,75,미지정,0
281507,1117000000000000236,후암동 267-5도,도,국유지,22.55332333780825,126.98106152489672,37.547624307095745,59.5439178,257.51104374,419.32761694,75,미지정,0
281508,1117000000000000237,후암동 62-2 도,도,국유지,113.61587803810835,126.9769495927748,37.55024859005567,131.15068322,261.38578105,278.72808626,75,미지정,0
281509,1117000000000000238,후암동 30-159도,도,국유지,72.47072615392972,126.97918365234452,37.5525500605589,107.18424217,417.66334459,260.1705803,75,미지정,0
281510,1117000000000000239,후암동 65-3도,도,국유지,51.66130950441584,126.97682143910774,37.55044252453726,113.9845017,281.54668374,299.14984048,75,미지정,0
281511,1117000000000000240,후암동 30-153도,도,국유지,12.725013047922403,126.97938483211306,37.55233212549775,112.33665558,436.0974893,232.9105892,75,미지정,0
281512,1117000000000000241,후암동 30-86도,도,국유지,52.74874605250079,126.9793621875678,37.552385545815135,112.52480266,433.81306112,237.45749952,75,미지정,0
281513,1117000000000000242,후암동 62-1 도,도,국유지,109.48197066783905,126.97712173618203,37.55027444516109,125.61654981,266.67886002,283.6820753,75,미지정,0
281514,1117000000000000243,후암동 389-35도,도,국유지,134.81889241514727,126.9809527107401,37.54806929409768,96.28198585,281.28623585,372.12890738,75,미지정,0
281515,1117000000000000244,후암동 389-6도,도,국유지,22.1216779993847,126.98103444446909,37.54794766474544,81.54359108,269.74647292,384.19573718,75,미지정,0
281516,1117000000000000245,후암동 268-1도,도,국유지,36.74534134566784,126.98098181524978,37.54766166920236,67.62318967,265.29107053,416.27385433,75,미지정,0
281517,1117000000000000246,후암동 265-25도,도,국유지,123.82035723980516,126.98133736998167,37.54746900805313,31.43684636,230.30566536,433.80331677,75,미지정,0
281518,1117000000000000247,후암동 265-28도,도,국유지,56.047409939579666,126.98115127039405,37.547570801411624,50.0744584,248.52752763,424.18909977,75,미지정,0
281519,1117000000000000248,후암동 265-10도,도,국유지,102.2333625080064,126.98113367769948,37.547284896547886,51.73102281,245.79262254,455.88530295,75,미지정,0
281520,1117000000000000249,후암동 265-20도,도,국유지,112.31621097325115,126.98100758551281,37.54705920876451,73.02159526,256.43180513,482.11463722,75,미지정,0
281521,1117000000000000250,후암동 404-56도,도,국유지,48.004879486048594,126.98169986321383,37.547647581945725,24.11653693,203.48334812,412.63983677,75,미지정,0
281522,1117000000000000251,후암동 403-12도,도,국유지,61.814222197048366,126.98183135858783,37.54792101475604,55.86642178,203.53467753,382.40022732,75,미지정,0
281523,1117000000000000252,후암동 64-6 도,도,국유지,58.93864708323963,126.97692743367445,37.55028768017305,127.42029735,265.4337326,282.82837907,75,미지정,0
281524,1117000000000000253,후암동 403-5도,도,국유지,154.0864664139226,126.98181567264992,37.54805178929167,69.85357716,211.42999156,367.85778466,75,미지정,0
281525,1117000000000000254,후암동 394-18 도,도,국유지,17.732608361635357,126.9819551868547,37.54819550792774,88.0923707,209.33366849,352.4044594,75,미지정,0
281526,1117000000000000255,후암동 404-54도,도,국유지,43.321439592633396,126.9819886518753,37.54780457542825,49.21115493,185.49905014,395.89178059,75,미지정,0
281527,1117000000000000256,후암동 395-9도,도,국유지,50.14250695053488,126.98176025629989,37.54844299452323,112.55367865,239.42875305,324.36727231,75,미지정,0
281528,1117000000000000257,후암동 395-15 도,도,국유지,22.7345063573448,126.98199766033937,37.54845611008054,117.04269114,224.11928915,323.78974113,75,미지정,0
281529,1117000000000000258,후암동 63-3 도,도,국유지,113.7874430664815,126.97711813155782,37.550361051600305,116.12429223,276.06633939,293.11709872,75,미지정,0
281530,1117000000000000259,후암동 105-204도,도,국유지,55.66359412530437,126.97663297683023,37.54931874563183,151.36172978,155.9764022,173.78044395,75,미지정,0
281531,1117000000000000260,후암동 110-11도,도,국유지,11.460315829142928,126.97659536328626,37.54923625074882,153.02411985,146.70628622,164.58973788,75,미지정,0
281532,1117000000000000261,후암동 110-4도,도,국유지,80.59956826968119,126.97650932088102,37.54943599417945,165.07667765,168.8674713,186.90495204,75,미지정,0
281533,1117000000000000262,후암동 1-75도,도,국유지,263.9090742681292,126.97783652607819,37.55254869958566,67.46380595,298.62657405,367.7871826,75,미지정,0
281534,1117000000000000263,후암동 395-17 도,도,국유지,17.688395673641935,126.98200372691988,37.54839366213844,110.44675495,219.21105155,330.74138272,75,미지정,0
281535,1117000000000000264,후암동 3-15 도,도,국유지,102.50186980975559,126.97778755757543,37.55176920438851,43.61770425,306.7215922,350.74365536,75,미지정,0
281536,1117000000000000265,후암동 30-149도,도,국유지,44.6970759385149,126.97974198105683,37.55192580694825,138.20624599,526.90815196,185.88130428,75,미지정,0
281537,1117000000000000266,후암동 38-5도,도,국유지,21.615534076467156,126.97820474712643,37.55160612643678,44.46539801,347.26232928,312.14964561,75,미지정,0
281538,1117000000000000267,후암동 30-177도,도,국유지,29.755653334781528,126.97985574011206,37.55174078026806,150.87592158,515.30471832,170.28949473,75,미지정,0
281539,1117000000000000268,후암동 30-150도,도,국유지,34.63483198918402,126.97979323271507,37.55167651611687,147.07401277,506.29825713,174.09656347,75,미지정,0
281540,1117000000000000269,후암동 105-207도,도,국유지,25.857932179467753,126.9767572603831,37.54956073936406,148.93402215,183.56889225,201.1246446,75,미지정,0
281541,1117000000000000270,후암동 429-1도,도,국유지,182.86560146079864,126.97828117881402,37.55294678206225,104.75322495,340.8077021,351.24287409,75,미지정,0
281542,1117000000000000271,후암동 114-8도,도,국유지,23.700197590049356,126.9765875735568,37.5496950962825,168.74545049,197.60757242,215.5166558,75,미지정,0
281543,1117000000000000272,후암동 394-20도,도,국유지,9.95985492237378,126.98196945905133,37.54815419317248,84.04349778,205.72148758,357.05623807,75,미지정,0
281544,1117000000000000273,후암동 114-5도,도,국유지,29.712252005003393,126.97652253039556,37.549807037244875,189.29253725,210.02281316,228.06385298,75,미지정,0
281545,1117000000000000274,후암동 105-206도,도,국유지,61.298007662408054,126.97670263407998,37.54950789245333,151.26260508,177.30557036,194.9768388,75,미지정,0
281546,1117000000000000275,후암동 108-24 도,도,국유지,17.00170250039082,126.97644011556581,37.549062570810506,165.4125484,127.76298249,145.75290509,75,미지정,0
281547,1117000000000000276,후암동 108-7 도,도,국유지,40.152852778322995,126.97632467334309,37.549069597459706,163.159943,129.72455766,147.56466786,75,미지정,0
281548,1117000000000000277,후암동 254-75 도,도,국유지,25.711937051266432,126.98025035285143,37.54626895740353,127.05825139,337.00461958,362.71850053,75,미지정,0
281549,1117000000000000278,후암동 105-209도,도,국유지,69.98750316957012,126.97699357578941,37.54959966626962,131.95636414,191.01904768,207.95020842,75,미지정,0
281550,1117000000000000279,후암동 105-211도,도,국유지,43.28606641246006,126.97726815448814,37.54964469351611,114.0646509,202.14987011,218.22107645,75,미지정,0
281551,1117000000000000280,후암동 108-21도,도,국유지,26.01013310579583,126.97618338348416,37.54904447473604,157.57305163,129.53398815,147.04794512,75,미지정,0
281552,1117000000000000281,후암동 132-4도,도,국유지,30.05097921815468,126.97622847269365,37.54893307343342,146.35798389,116.56753607,134.11396618,75,미지정,0
281553,1117000000000000282,후암동 113-1도,도,국유지,132.1920047198073,126.97637016466967,37.54995231561375,180.04819472,226.70099283,244.69647771,75,미지정,0
281554,1117000000000000283,후암동 134-12도,도,국유지,192.84124153805897,126.97624110964465,37.54843243217035,93.72864768,63.67379444,80.29916825,75,미지정,0
281555,1117000000000000284,후암동 109-42 도,도,국유지,30.703109107445925,126.97638335505508,37.549094344833094,167.23550292,131.75195081,149.68460397,75,미지정,0
281556,1117000000000000285,후암동 103-2도,도,국유지,619.3155853552744,126.97645273372235,37.55011848425222,160.31384656,244.7307983,262.76037427,75,미지정,0
281557,1117000000000000286,후암동 103-26 도,도,국유지,182.8919031037367,126.97621207780996,37.550194184774064,164.32554523,200.68851667,272.66852222,75,미지정,0
281558,1117000000000000287,후암동 103-25 도,도,국유지,150.78672873880714,126.97638337313948,37.55020393126064,155.07167013,254.49375328,272.50333741,75,미지정,0
281559,1117000000000000288,후암동 103-22 도,도,국유지,143.22997348662466,126.97654712672326,37.55021918332876,146.55897441,255.75029092,273.71416927,75,미지정,0
281560,1117000000000000289,후암동 103-21 도,도,국유지,148.0601955493912,126.97671093743584,37.55023680750505,138.80888279,258.08843835,275.83438632,75,미지정,0
281561,1117000000000000290,후암동 103-4도,도,국유지,223.8772256951779,126.97643916733838,37.550392711832465,134.77220556,275.19019716,293.21939658,75,미지정,0
281562,1117000000000000291,후암동 65-13도,도,국유지,167.05665486125508,126.97622650207924,37.550633519554594,126.92677469,210.61375644,321.06267025,75,미지정,0
281563,1117000000000000292,후암동 69-1도,도,국유지,93.75014885817654,126.97674706079782,37.550647511280815,96.32737296,303.77861026,321.50873735,75,미지정,0
281564,1117000000000000293,후암동 74-5도,도,국유지,59.021630292991176,126.97652702849786,37.55076347825967,97.78473436,240.28676986,334.14534654,75,미지정,0
281565,1117000000000000294,후암동 132-22도,도,국유지,19.586171308532357,126.97624530679352,37.54854596845267,105.61116174,75.1037377,92.13563088,75,미지정,0
281566,1117000000000000295,후암동 107-2도,도,국유지,63.41692690452328,126.97635300964022,37.54888976332612,144.77931494,109.61987869,127.45023496,75,미지정,0
281567,1117000000000000296,후암동 108-5도,도,국유지,394.10738280887017,126.9760971629194,37.549396618873445,195.0088281,169.29555029,186.85310495,75,미지정,0
281568,1117000000000000297,후암동 114-17도,도,국유지,47.29260753374547,126.97623737826629,37.5495327283285,211.73639197,181.70133105,199.53897904,75,미지정,0
281569,1117000000000000298,후암동 102-2도,도,국유지,801.9767189291888,126.97586551583692,37.550156339254315,173.17077562,169.88105051,273.60791905,75,미지정,0
281570,1117000000000000299,후암동 116-14도,도,국유지,87.16023033304373,126.97577381478564,37.55003016664791,173.72214663,161.69849708,261.97697339,75,미지정,0
281571,1117000000000000300,후암동 116-9도,도,국유지,26.760069902637042,126.97602758322644,37.54999941237554,191.39440843,184.25204343,253.65402875,75,미지정,0
281572,1117000000000000301,후암동 102-3도,도,국유지,59.66456106118858,126.97600844763157,37.55011465294102,182.22720608,182.35336368,266.53908449,75,미지정,0
281573,1117000000000000302,후암동 120-13 도,도,국유지,271.86568835860817,126.97556340259852,37.54899685288937,151.20286921,148.50090284,163.3895945,75,미지정,0
281574,1117000000000000303,후암동 120-12도,도,국유지,112.52889457240235,126.97546018528193,37.54916503040338,171.18986201,168.99919629,184.05527072,75,미지정,0
281575,1117000000000000304,후암동 130-3 도,도,국유지,121.68497483816464,126.975763617071,37.54883132509874,131.05525712,123.2860794,138.503614,75,미지정,0
281576,1117000000000000305,후암동 129-2도,도,국유지,414.83844455942744,126.97605693315131,37.54893595092638,143.84075989,121.47764297,138.43493548,75,미지정,0
281577,1117000000000000306,후암동 129-1도,도,국유지,37.38712219893932,126.97610308398913,37.548947942768464,145.76381649,121.32621725,138.4782082,75,미지정,0
281578,1117000000000000307,후암동 123-18도,도,국유지,1015.6390664283535,126.97505062310219,37.54949936710907,176.41041265,117.26994088,234.89783002,75,미지정,0
281579,1117000000000000308,후암동 116-6도,도,국유지,10.543158655054867,126.97542266666667,37.55021366666666,136.6198442,131.34901329,290.80844533,75,미지정,0
281580,1117000000000000309,후암동 124-3도,도,국유지,12.798890592064708,126.97539191136654,37.55022154048532,133.8958973,128.74867124,292.56987962,75,미지정,0
281581,1117000000000000310,후암동 447-15 도,도,국유지,32.30917053669691,126.97735270349575,37.55485172135377,324.17978736,361.75057688,546.75302687,75,미지정,0
281582,1117000000000000311,후암동 447-16 도,도,국유지,69.64435903914273,126.97731314661223,37.554814741181445,321.00002523,356.37721826,546.34435735,75,미지정,0
281583,1117000000000000312,후암동 448-2 도,도,국유지,86.5320267942152,126.97751558653975,37.55477000511891,312.32388101,365.89579222,530.17944363,75,미지정,0
281584,1117000000000000313,후암동 448-68 도,도,국유지,65.09893998724874,126.97761430340464,37.55464777267249,297.41838972,363.54169547,514.40256273,75,미지정,0
281585,1117000000000000314,후암동 448-4 도,도,국유지,21.918667581514455,126.97758457718119,37.554716155108125,305.34480989,366.4689123,521.64366141,75,미지정,0
281586,1117000000000000315,후암동 447-2 도,도,국유지,90.04769472312182,126.97666253495973,37.55491173949032,349.27434898,273.62581604,595.79596031,75,미지정,0
281587,1117000000000000316,후암동 447-8도,도,국유지,75.85206565947738,126.9768492423988,37.55491380498632,343.48922733,289.5713583,583.66717148,75,미지정,0
281588,1117000000000000317,후암동 447-10 도,도,국유지,43.15065251919441,126.9769237517803,37.554986120303035,348.88801006,298.0955431,584.31542727,75,미지정,0
281589,1117000000000000318,후암동 447-35 도,도,국유지,24.29680445906706,126.97701278755467,37.554950809754466,342.7237347,304.59380379,575.91449172,75,미지정,0
281590,1117000000000000319,후암동 447-11 도,도,국유지,20.398492335923947,126.97700960809298,37.55499496698719,347.4837231,305.65255408,579.51353734,75,미지정,0
281591,1117000000000000320,후암동 447-29 도,도,국유지,24.96363864489831,126.97707128337589,37.55494624526943,340.71706116,309.45166232,571.83693597,75,미지정,0
281592,1117000000000000321,후암동 447-28 도,도,국유지,17.358363069593906,126.97710638719398,37.554929617043314,338.06557653,311.98338064,568.32465878,75,미지정,0
281593,1117000000000000322,후암동 447-14 도,도,국유지,100.01153492415324,126.97722450696219,37.55493851215927,336.23852349,322.34040345,561.57449717,75,미지정,0
281594,1117000000000000323,후암동 447-23 도,도,국유지,79.50522587494925,126.97716013700096,37.55489430255746,332.98761833,315.64217552,562.18669101,75,미지정,0
281595,1117000000000000324,후암동 449-2도,도,국유지,42.067131789634004,126.9766260919299,37.55475103862144,334.18915954,266.0767215,586.63613368,75,미지정,0
281596,1117000000000000325,후암동 447-17 도,도,국유지,12.90598998684436,126.9772842393617,37.55477971947822,317.85427741,351.82527679,545.46216468,75,미지정,0
281597,1117000000000000326,후암동 143-7도,도,국유지,323.5296855457127,126.97413513706917,37.54861362333143,184.35370897,164.0549583,233.91222171,75,미지정,0
281598,1117000000000000327,후암동 140-4도,도,국유지,67.23254627292044,126.97544164903965,37.54846163017263,96.39029861,115.36875897,125.72999394,75,미지정,0
281599,1117000000000000328,후암동 209-1도,도,국유지,82.7746305721812,126.97742607855918,37.54697010354089,140.64106557,130.23697305,113.8768593,75,미지정,0
281600,1117000000000000329,후암동 213-1도,도,국유지,177.82404795126058,126.97771501191363,37.54696512500116,118.66723667,147.22160096,132.18522693,75,미지정,0
281601,1117000000000000330,후암동 192-14 도,도,국유지,405.96190282015596,126.97719575714623,37.54629520833683,130.93331203,188.55084762,170.35466806,75,미지정,0
281602,1117000000000000331,후암동 244-6도,도,국유지,67.03497876506299,126.97758301024142,37.55004960790051,129.43355497,253.84257838,269.4424855,75,미지정,0
281603,1117000000000000332,후암동 448-5 도,도,국유지,11.395712339202873,126.97762387248996,37.55472008146873,305.19456544,369.37870788,519.52689606,75,미지정,0
281604,1117000000000000333,후암동 448-60 도,도,국유지,42.23880391707644,126.97769454492689,37.55462903126694,294.24874796,367.70057665,507.93605511,75,미지정,0
281605,1117000000000000334,후암동 448 도,도,국유지,26.885854860767722,126.97738561535654,37.55489355085415,328.06865496,367.09140086,548.00985708,75,미지정,0
281606,1117000000000000335,후암동 448-1 도,도,국유지,37.864779388997704,126.97744486635588,37.554841489769494,321.32619893,366.76664977,540.21851758,75,미지정,0
281607,1117000000000000336,후암동 447-1 도,도,국유지,607.0461873236345,126.97682233987621,37.5550254595783,355.9515717,290.81101168,593.83102537,75,미지정,0
281608,1117000000000000337,후암동 447도,도,국유지,331.69076176697854,126.97668796878757,37.555115446745695,369.44137591,282.8494595,609.32420064,75,미지정,0
281609,1117000000000000338,후암동 449도,도,국유지,417.852839293133,126.9765521483307,37.55454499232138,316.40286724,255.55988307,577.41548387,75,미지정,0
281610,1117000000000000339,후암동 244-3도,도,국유지,180.87209207285196,126.97793397832844,37.54992014252793,103.49996616,253.86374903,268.07949709,75,미지정,0
281611,1117000000000000340,후암동 184-8도,도,국유지,37.48147282609716,126.97656395329061,37.546606260107296,85.47130588,145.24485039,127.20285072,75,미지정,0
281612,1117000000000000341,후암동 191-2 도,도,국유지,78.71938010468148,126.97713583931387,37.54666566301188,134.23498774,147.93639337,129.87724903,75,미지정,0
281613,1117000000000000342,후암동 140-58 도,도,국유지,83.39578387071379,126.97538260815789,37.548499130346165,102.21263277,121.99785145,132.40404719,75,미지정,0
281614,1117000000000000343,후암동 184-2도,도,국유지,42.84642880409956,126.97663937953533,37.5466826791805,95.48842593,136.97723309,118.89483125,75,미지정,0
281615,1117000000000000344,후암동 184-15도,도,국유지,22.32311836804729,126.97664978383129,37.546622213532515,92.99642637,143.73036093,125.63508376,75,미지정,0
281616,1117000000000000345,후암동 184-5도,도,국유지,98.5367268457776,126.97667313306462,37.54651397441896,90.03963989,155.85165312,137.7296184,75,미지정,0
281617,1117000000000000346,후암동 184-7 도,도,국유지,112.68976502679288,126.97686430825249,37.54664033529164,110.96400393,144.12616493,125.82077408,75,미지정,0
281618,1117000000000000347,후암동 244-1도,도,국유지,3957.4388719976414,126.97872543946684,37.548805184568934,44.89428269,215.99154896,221.62934164,75,미지정,0
281619,1117000000000000348,후암동 227-4도,도,국유지,258.5182758376468,126.97759435868932,37.547296703322196,150.40391387,114.85670359,101.92708034,75,미지정,0
281620,1117000000000000349,후암동 230-1도,도,국유지,91.23354920936981,126.97773781975197,37.54739632208129,149.93531361,119.5548472,108.59920262,75,미지정,0
281621,1117000000000000350,후암동 239-6도,도,국유지,14.550024319440126,126.97612415548811,37.54776710987529,28.48487374,41.21216202,37.75561157,75,미지정,0
281622,1117000000000000351,후암동 138-7도,도,국유지,151.08048801746918,126.97578504652468,37.54797366309615,35.99236732,68.08811304,72.00714115,75,미지정,0
281623,1117000000000000352,후암동 135-14도,도,국유지,189.65012205485255,126.9761165816375,37.54793014967376,39.59614979,38.51474724,43.16613408,75,미지정,0
281624,1117000000000000353,후암동 137-2도,도,국유지,12.877721491502598,126.97562433295255,37.548132436659046,56.51845843,85.45896245,92.11776549,75,미지정,0
281625,1117000000000000354,후암동 135-5도,도,국유지,26.157520497217774,126.97594496987875,37.54818446781652,59.88314981,61.42298607,71.89315133,75,미지정,0
281626,1117000000000000355,후암동 139-15도,도,국유지,63.28004432935268,126.97572205739823,37.54839244913722,82.80424932,90.48952583,102.04764978,75,미지정,0
281627,1117000000000000356,후암동 139-14 도,도,국유지,45.831850182730705,126.97565456259362,37.54855482052929,101.48590792,106.46110512,119.19987386,75,미지정,0
281628,1117000000000000357,후암동 138-8도,도,국유지,87.61827393237036,126.97567792595285,37.548252175500444,68.07055877,85.83457891,95.02859759,75,미지정,0
281629,1117000000000000358,후암동 139-13도,도,국유지,69.23814881197177,126.97582388365564,37.5485888457634,103.99195717,98.6677017,112.91091782,75,미지정,0
281630,1117000000000000359,후암동 139-12도,도,국유지,187.9961502936203,126.97598352515479,37.54844439852011,88.91404992,77.31442957,91.73349225,75,미지정,0
281631,1117000000000000360,후암동 139-4 도,도,국유지,19.38514548673993,126.97595000691462,37.54844706594148,88.8226977,79.49069014,93.62928537,75,미지정,0
281632,1117000000000000361,후암동 135-2 도,도,국유지,12.916890031658113,126.97607693533286,37.54852488306758,99.19717087,79.66228728,95.43272456,75,미지정,0
281633,1117000000000000362,후암동 239-8도,도,국유지,205.40071413328405,126.9764247701166,37.548244881103045,83.88744723,38.31295622,55.79586244,75,미지정,0
281634,1117000000000000363,후암동 185-2도,도,국유지,359.16521973442286,126.97599875536716,37.54663193165298,50.56646586,150.5511703,133.58199861,75,미지정,0
281635,1117000000000000364,후암동 185-15도,도,국유지,357.36011598072946,126.975770127975,37.5468339382882,66.55379563,138.44527039,123.08978603,75,미지정,0
281636,1117000000000000365,후암동 428-13도,도,국유지,614.8483036995167,126.97796986368866,37.55312197971081,125.22512398,316.88454712,384.79983658,75,미지정,0
281637,1117000000000000366,후암동 175-2 도,도,국유지,340.70447105681524,126.97675379982917,37.546122626363804,92.56815156,199.7162743,181.53791604,75,미지정,0
281638,1117000000000000367,후암동 448-177도,도,국유지,21.982723568566144,126.97843966242846,37.5535997711354,178.32256867,370.78641396,381.75674342,75,미지정,0
281639,1117000000000000368,후암동 194-25 도,도,국유지,34.254868960008025,126.97830839026486,37.54602808322597,57.63006626,260.66085809,244.1866819,75,미지정,0
281640,1117000000000000369,후암동 192-6 도,도,국유지,43.719721083994955,126.97771428061321,37.54602488745561,104.01128599,233.5624567,215.88824638,75,미지정,0
281641,1117000000000000370,후암동 448-172도,도,국유지,482.31040269427467,126.97805054066897,37.55365030541179,182.82761465,340.30186227,411.93823581,75,미지정,0
281642,1117000000000000371,후암동 158-7도,도,국유지,182.94842929992592,126.97555881705354,37.54710472206437,65.49022898,125.65127721,113.37323098,75,미지정,0
281643,1117000000000000372,후암동 158-8도,도,국유지,44.2242183778435,126.97542786456715,37.54714210164855,67.10652413,131.2425145,120.15621091,75,미지정,0
281644,1117000000000000373,후암동 161-10도,도,국유지,49.88329740933841,126.97590168934329,37.547330226438596,36.17259876,86.67846324,74.07383451,75,미지정,0
281645,1117000000000000374,후암동 190-12도,도,국유지,98.28527125623077,126.97598792971431,37.547567828260654,16.34462654,62.99477756,53.806152,75,미지정,0
281646,1117000000000000375,후암동 161-7도,도,국유지,72.75036724447273,126.97572625305011,37.54748907695763,20.51641745,86.93742945,78.5199515,75,미지정,0
281647,1117000000000000376,후암동 160-7도,도,국유지,101.24721819604747,126.97583646678936,37.54758558114566,7.36399359,73.03378692,65.79844387,75,미지정,0
281648,1117000000000000377,후암동 160-3도,도,국유지,52.90882448712364,126.97571694132915,37.54766541842001,10.63584409,78.81650025,74.33330927,75,미지정,0
281649,1117000000000000378,후암동 159-8 도,도,국유지,92.62097254418768,126.97550120552062,37.54774010375744,31.17042722,94.86217244,92.77929503,75,미지정,0
281650,1117000000000000379,후암동 160-4도,도,국유지,9.940317317843437,126.97569241177438,37.54769488455846,13.56310573,79.78880624,76.13992726,75,미지정,0
281651,1117000000000000380,후암동 136-10도,도,국유지,75.52574403490871,126.97584766086621,37.54775472127353,11.45424243,64.73028897,62.15402325,75,미지정,0
281652,1117000000000000381,후암동 159-9도,도,국유지,63.66325883480022,126.97539821961178,37.547625264263345,38.80817134,106.90540552,102.84150022,75,미지정,0
281653,1117000000000000382,후암동 140-15도,도,국유지,21.778446091804653,126.97545599924945,37.547867432034835,41.23479546,96.99548559,97.6040894,75,미지정,0
281654,1117000000000000383,후암동 146-1도,도,국유지,12.769855566322803,126.97512434383005,37.547973453661044,72.31524809,126.32775577,128.43911371,75,미지정,0
281656,1117000000000000385,후암동 141-10도,도,국유지,15.07957228878513,126.97507504086722,37.548137900271,86.21067806,132.84350269,137.27042982,75,미지정,0
281657,1117000000000000386,후암동 140-23도,도,국유지,10.357078589731827,126.97557775536616,37.54813128645833,57.89411781,89.38042893,95.7391081,75,미지정,0
281658,1117000000000000387,후암동 140-22도,도,국유지,49.009806951042265,126.97542481342137,37.54817289867254,68.29532186,103.64287168,109.92379987,75,미지정,0
281659,1117000000000000388,후암동 150-9도,도,국유지,95.04385093343444,126.9749574718023,37.54743033132107,81.44607742,150.82114981,145.28256296,75,미지정,0
281660,1117000000000000389,후암동 168-3도,도,국유지,17.811458561569452,126.97542258461816,37.54656453744492,44.75740632,180.06329904,165.29482401,75,미지정,0
281661,1117000000000000390,후암동 166-3도,도,국유지,47.98587492015213,126.97536768073581,37.54662311953672,52.86823884,177.50544102,163.22237949,75,미지정,0
281662,1117000000000000391,후암동 165-4도,도,국유지,54.12069287779741,126.9753716640993,37.54679264715476,68.88420172,162.46066946,149.01638559,75,미지정,0
281663,1117000000000000392,후암동 156-4도,도,국유지,132.02011183823925,126.97524238806132,37.547289800440794,66.0914341,134.93101265,126.52259299,75,미지정,0
281664,1117000000000000393,후암동 147-13도,도,국유지,23.892095926217735,126.97525377859878,37.54760709085933,51.69938645,119.70067481,115.76192093,75,미지정,0
281665,1117000000000000394,후암동 155-18도,도,국유지,40.67864928860217,126.97501507357846,37.54711141072935,94.14338631,162.47637995,153.23883433,75,미지정,0
281666,1117000000000000395,후암동 150-8도,도,국유지,49.41741197416559,126.9751388173729,37.54739532509673,67.88183713,137.55235039,130.93231003,75,미지정,0
281667,1117000000000000396,후암동 155-9도,도,국유지,125.09574437665287,126.97467500521383,37.54726102776797,111.4008309,181.04914014,174.51735989,75,미지정,0
281668,1117000000000000397,후암동 164-3도,도,국유지,220.94031019695103,126.97522312343979,37.546870797838096,82.84622966,164.98064824,152.77997961,75,미지정,0
281669,1117000000000000398,후암동 448-186도,도,국유지,72.76443321059924,126.97864094319026,37.55331444854775,150.76304485,379.37433345,347.88936213,75,미지정,0
281670,1117000000000000399,후암동 448-22 도,도,국유지,32.97160812257789,126.97863146202657,37.55362775074361,184.30506893,387.85725903,371.12958276,75,미지정,0
281671,1117000000000000400,후암동 30-170도,도,국유지,159.18773207586491,126.97963012234442,37.55215174873959,129.04598006,459.22333922,204.59848774,75,미지정,0
281672,1117000000000000401,후암동 30-131도,도,국유지,23.36592532787472,126.97957259888072,37.5521828601609,124.50103401,453.84276507,210.67091777,75,미지정,0
281673,1117000000000000402,후암동 46-10도,도,국유지,132.93273269268684,126.97509255887164,37.54704396586369,94.18299018,161.17256214,150.96767395,75,미지정,0
281674,1117000000000000403,후암동 239-9도,도,국유지,12.848284745588899,126.97676334096691,37.548005122137404,90.83339363,21.19215662,31.71992815,75,미지정,0
281675,1117000000000000404,후암동 190-10도,도,국유지,158.0052171368152,126.97708248485417,37.54778391210428,111.11178141,49.0803059,43.33569882,75,미지정,0
281676,1117000000000000405,후암동 190-9도,도,국유지,192.32680902723223,126.97653824800054,37.548248880211126,90.77216647,37.08991031,55.12482454,75,미지정,0
281677,1117000000000000406,후암동 142-64 도,도,국유지,24.436303552705795,126.97458560044151,37.548041039735104,118.64448046,174.33167466,176.61185708,75,미지정,0
281678,1117000000000000407,후암동 143-6도,도,국유지,63.093844507820904,126.97448552712574,37.548244093191336,136.24829425,209.71531529,190.50979277,75,미지정,0
281679,1117000000000000408,갈월동 45-43 도,도,국유지,150.86243450664915,126.97480543308515,37.54668700436671,94.77542921,205.89797861,194.35652257,141,미지정,1
281680,1117000000000000409,후암동 164-15도,도,국유지,48.33902359078638,126.97492368966213,37.54646854252478,74.62862504,215.57807484,202.43825748,75,미지정,0
281681,1117000000000000410,갈월동 51-4 도,도,국유지,307.2180669696536,126.97504386006023,37.54650794803605,66.63441499,205.29377269,191.86602473,141,미지정,1
281682,1117000000000000411,후암동 155-16도,도,국유지,46.577853434719145,126.9744584510423,37.54745757475258,123.638213,191.84116694,187.78815034,75,미지정,0
281683,1117000000000000412,후암동 214-7도,도,국유지,531.4022835870273,126.9782148863521,37.54706641248851,95.32040756,174.53287135,162.29265728,75,미지정,0
281684,1117000000000000413,후암동 51-2도,도,국유지,276.38036071218085,126.97931657772061,37.54947505091673,101.48030178,299.44452436,298.80787129,75,미지정,0
281685,1117000000000000414,후암동 52-3도,도,국유지,77.71619847137481,126.97953030920831,37.5493936900976,114.98561794,310.17135273,292.36438171,75,미지정,0
281686,1117000000000000415,후암동 303-10 도,도,국유지,25.84331725537777,126.9802041063251,37.549163696963944,168.07603386,351.23439278,278.85326019,75,미지정,0
281687,1117000000000000416,후암동 302-1도,도,국유지,38.77972351573408,126.98018721809144,37.54921054889564,167.10941059,351.95597199,275.04173999,75,미지정,0
281688,1117000000000000417,후암동 301-5 도,도,국유지,13.975972499931231,126.98006239953219,37.54930642877193,157.82734588,346.52831435,271.64121246,75,미지정,0
281689,1117000000000000418,후암동 297-8도,도,국유지,35.14594324165955,126.97996695428122,37.54925001274359,148.42810644,336.19249969,281.49295874,75,미지정,0
281690,1117000000000000419,후암동 300-1 도,도,국유지,19.654627006035298,126.9799198835662,37.54928545076514,145.0206312,334.23541975,280.56369494,75,미지정,0
281691,1117000000000000420,후암동 300-3 도,도,국유지,22.14088623225689,126.97986,37.54930018095238,140.16133196,330.29008201,282.27529122,75,미지정,0
281692,1117000000000000421,후암동 335-35도,도,국유지,114.13746213645209,126.98048695778017,37.549118628814895,215.41882739,374.44769888,272.2835213,75,미지정,0
281693,1117000000000000422,후암동 324-2도,도,국유지,133.78244757076027,126.98085739427927,37.54902550447808,191.70682785,342.09580207,270.76404328,75,미지정,0
281694,1117000000000000423,후암동 328-6도,도,국유지,51.80451338738203,126.98104042218858,37.54897525760444,180.80430294,325.96435647,272.07445842,75,미지정,0
281695,1117000000000000424,후암동 301-10 도,도,국유지,31.870151492999867,126.97986657424218,37.54932502082372,141.32824212,332.09465944,279.6998371,75,미지정,0
281696,1117000000000000425,후암동 335-4도,도,국유지,233.8458849415183,126.98059404919685,37.549541695032794,209.57652635,396.90185797,225.71029255,75,미지정,0
281697,1117000000000000426,후암동 334-12도,도,국유지,24.690929188393056,126.98083300754718,37.54916464561404,206.83206506,353.46719083,256.64238847,75,미지정,0
281698,1117000000000000427,후암동 345-6도,도,국유지,75.85741678718477,126.98152990376454,37.54953247145905,233.72765294,339.68269727,204.15812728,75,미지정,0
281699,1117000000000000428,후암동 345-27도,도,국유지,12.43616241030395,126.9811839037855,37.54943085068349,226.4775733,351.10964503,219.95890423,75,미지정,0
281700,1117000000000000429,후암동 326-1도,도,국유지,407.5683893908281,126.98116546455387,37.549425685087606,226.2436431,351.81305623,220.87715509,75,미지정,0
281701,1117000000000000430,후암동 316-1도,도,국유지,74.03867945447564,126.98118618073033,37.54894311467302,173.6871234,313.75215263,273.01858492,75,미지정,0
281702,1117000000000000431,후암동 315-1도,도,국유지,19.30165833479259,126.9812889115854,37.54890675677507,167.6392644,304.2138473,275.57982457,75,미지정,0
281703,1117000000000000432,후암동 368-1도,도,국유지,39.57921103487024,126.98148726498164,37.548864370379555,160.15220405,287.93053729,278.37447952,75,미지정,0
281704,1117000000000000433,후암동 352-19도,도,국유지,23.79348855651915,126.98185493597143,37.54934407831822,212.89151617,305.63707187,224.63355994,75,미지정,0
281705,1117000000000000434,후암동 352-33도,도,국유지,42.29569811979309,126.98182358856036,37.549367293642504,215.29227579,309.35578012,221.93519839,75,미지정,0
281706,1117000000000000435,후암동 352-10도,도,국유지,148.7190699868952,126.98170723556566,37.54931659438783,209.34607521,311.17417606,227.39891644,75,미지정,0
281707,1117000000000000436,후암동 365-1도,도,국유지,36.88211354892701,126.98172279741172,37.54880421477641,152.50031711,268.14781072,284.26191613,75,미지정,0
281708,1117000000000000437,후암동 398-1도,도,국유지,89.48115331400186,126.98196809311119,37.548827377249225,156.98145469,254.8808153,282.50363596,75,미지정,0
281709,1117000000000000438,후암동 397-4도,도,국유지,156.88523494987749,126.98191459615953,37.54873439816204,146.08061565,250.64172671,292.48687574,75,미지정,0
281710,1117000000000000439,후암동 142-60도,도,국유지,41.97780690994114,126.97442057757004,37.547819204789704,126.45870362,188.65069186,188.40977702,75,미지정,0
281711,1117000000000000440,후암동 142-12도,도,국유지,1813.8287419563858,126.97448284893194,37.548200596384,134.19720159,214.36639077,189.41160257,75,미지정,0
281712,1117000000000000441,후암동 364-1도,도,국유지,27.10866540670395,126.9816949176918,37.54883408520261,155.78835093,272.22302505,280.95862483,75,미지정,0
281713,1117000000000000442,후암동 359-3도,도,국유지,11.166135784238577,126.98178061250185,37.54879508798127,151.67192277,263.78065204,285.31596523,75,미지정,0
281714,1117000000000000443,후암동 143-10도,도,국유지,445.1938371483702,126.97368606630464,37.54801566838506,194.23798017,230.69919026,254.85292482,75,미지정,0
281715,1117000000000000444,후암동 195-2도,도,국유지,11.85800074931467,126.97768263027294,37.54618890874,101.85400103,216.05262695,198.51586812,75,미지정,0
281716,1117000000000000445,후암동 192도,도,국유지,11.009625059785321,126.97768853422421,37.54614229294729,102.40035661,220.88966246,203.30433217,75,미지정,0
281717,1117000000000000446,후암동 406-97도,도,국유지,4086.010675172729,126.98441504404106,37.54768723814649,212.13401162,76.54683446,472.36323358,75,미지정,0
281718,1117000000000000447,후암동 404-30도,도,국유지,145.157143546734,126.98212475006761,37.547658432781546,46.01804726,168.23100764,412.93751151,75,미지정,0
281719,1117000000000000448,후암동 358-178 도,도,국유지,1436.1989899722394,126.98396819080254,37.548886675303024,258.18519177,195.26396856,339.04204376,75,미지정,0
281720,1117000000000000449,후암동 358-183도,도,국유지,63.02503002109006,126.98372061271915,37.54842768985372,210.84780054,145.19825588,370.65138204,75,미지정,0
281721,1117000000000000450,후암동 406-75도,도,국유지,29.15369193535298,126.98379883807121,37.54859028550603,226.50844385,162.58300989,358.36414904,75,미지정,0
281722,1117000000000000451,후암동 406-98도,도,국유지,119.29742570407689,126.98418364471573,37.54846264736027,248.37704041,150.11771807,388.54431134,75,미지정,0
281723,1117000000000000452,후암동 406-68도,도,국유지,21.76838404359296,126.983681451453,37.548570210407746,216.74500854,161.31615119,355.11906707,75,미지정,0
281724,1117000000000000453,후암동 399-5 도,도,국유지,11.504514748230577,126.98208,37.548759999999994,151.54022196,242.70639875,290.85816581,75,미지정,0
281725,1117000000000000454,후암동 30-145도,도,국유지,9307.61132218095,126.98328945076456,37.550568665293866,375.89683159,385.76573615,164.04676142,75,미지정,0
281726,1117000000000000455,후암동 49-20도,도,국유지,31.68846136284992,126.98026028546376,37.549833987877854,193.82818681,390.83341327,213.60216901,75,미지정,0
281727,1117000000000000456,후암동 49-4도,도,국유지,63.73975311219692,126.98034836672309,37.54984127324717,201.14221675,397.81611865,208.32282836,75,미지정,0
281728,1117000000000000457,후암동 49-41도,도,국유지,61.92057553981431,126.98012760447186,37.54989965705764,187.09933411,385.17776017,215.3424442,75,미지정,0
281729,1117000000000000458,후암동 49-39도,도,국유지,367.643694270344,126.98004427247422,37.5499199836159,182.01809703,380.47554594,218.5762801,75,미지정,0
281730,1117000000000000459,후암동 51-3도,도,국유지,181.77999676112086,126.97989484819308,37.54968702191408,157.65080084,354.89000299,246.64725187,75,미지정,0
281731,1117000000000000460,후암동 55-57 도,도,국유지,54.13304997468367,126.97866258700968,37.55010688715764,122.82869481,306.55071012,318.8466926,75,미지정,0
281732,1117000000000000461,후암동 56-13도,도,국유지,86.60103559645358,126.97845246927146,37.55002882204604,110.84858367,288.53316848,301.27562338,75,미지정,0
281733,1117000000000000462,후암동 55-34 도,도,국유지,138.23847191780806,126.9783136851957,37.54996029002011,102.51383912,275.26578308,288.27800758,75,미지정,0
281734,1117000000000000463,후암동 301-3 도,도,국유지,311.1918022315949,126.98027857430253,37.54973783111404,190.66837605,386.49744168,221.25139579,75,미지정,0
281735,1117000000000000464,후암동 55-2도,도,국유지,166.05795995821245,126.97841945903592,37.54978572832689,83.71177793,265.23145353,277.33927126,75,미지정,0
281736,1117000000000000465,후암동 244-2도,도,국유지,153.51440553739667,126.97881641176596,37.549616625150406,78.45772164,275.16110231,285.22261449,75,미지정,0
281737,1117000000000000466,후암동 52-4도,도,국유지,292.0819417737657,126.97864735563505,37.54968551974974,77.98365043,270.00924514,280.94017106,75,미지정,0
281738,1117000000000000467,후암동 48-36도,도,국유지,79.98568062274717,126.97962832056075,37.55032310044346,184.34280323,381.23627797,218.37193269,75,미지정,0
281739,1117000000000000468,후암동 192-24도,도,국유지,98.41960602474865,126.97732501727371,37.546061781686504,135.72400101,216.71927735,198.55309468,75,미지정,0
281740,1117000000000000469,후암동 448-183 도,도,국유지,45.90716452198103,126.97866211311687,37.55371656170334,194.51496833,393.57197793,375.91381405,75,미지정,0
281741,1117000000000000470,후암동 30-162 도,도,국유지,154.36178088374436,126.97919305448076,37.55262686946853,112.86245306,418.58615665,263.876371,75,미지정,0
281742,1117000000000000471,후암동 176-8도,도,국유지,99.39034425944556,126.976506836779,37.54629521509514,70.19693178,179.80754466,161.76702068,75,미지정,0
281743,1117000000000000472,후암동 44-58 도,도,국유지,110.63297556666657,126.98038581769428,37.5512029833193,214.24424637,497.95076249,119.64087685,75,미지정,0
281744,1117000000000000473,후암동 44-57 도,도,국유지,61.65973887476139,126.9797829613488,37.55090363384762,187.11339144,437.66625702,179.03900318,75,미지정,0
281745,1117000000000000474,후암동 448-69 도,도,국유지,71.38040067080874,126.97758087767623,37.55461330251196,294.16621315,358.82373938,513.80079394,75,미지정,0
281746,1117000000000000475,후암동 448-8 도,도,국유지,158.9866089783609,126.97777158425602,37.554551358356726,284.778319,367.74504242,497.01766515,75,미지정,0
281747,1117000000000000476,후암동 30-42도,도,국유지,2653.820016880636,126.97870716405717,37.551864236201496,49.07885106,383.144378,272.29557726,75,미지정,0
281748,1117000000000000477,후암동 44-9 도,도,국유지,449.00545952882385,126.97969592699823,37.55108670232114,168.32391281,448.45479717,181.88686422,75,미지정,0
281749,1117000000000000478,후암동 58-51 도,도,국유지,115.07651451061247,126.97948117938668,37.55071257621341,183.88525118,404.2484701,211.0419549,75,미지정,0
281750,1117000000000000479,후암동 59-1 도,도,국유지,81.20614522346295,126.97969539047904,37.55084116239936,186.0806574,427.36522031,188.49028465,75,미지정,0
281751,1117000000000000480,후암동 445-14도,도,국유지,69.13066400482785,126.97666975403133,37.55352431006757,214.99380182,223.56138278,506.85220941,75,미지정,0
281752,1117000000000000481,후암동 449-14도,도,국유지,81.94369175494649,126.97669406839803,37.55352065027027,213.34562838,225.24782538,504.76736155,75,미지정,0
281753,1117000000000000482,후암동 449-5도,도,국유지,111.84899212245364,126.97664660507087,37.55464946554143,323.18136313,265.62724238,578.07196466,75,미지정,0
281754,1117000000000000483,후암동 445-5 도,도,국유지,102.93517190712737,126.97659385313453,37.55407615297891,269.16152436,253.83264109,544.09239196,75,미지정,0
281755,1117000000000000484,후암동 427-2 도,도,국유지,31.770451730117202,126.97663035108302,37.55309163049853,196.95426436,201.31031178,592.4994545,75,미지정,0
281756,1117000000000000485,후암동 449-7도,도,국유지,79.27017181681003,126.97663535700441,37.55455027019671,313.6535106,294.02702142,571.97537842,75,미지정,0
281757,1117000000000000486,후암동 445-12도,도,국유지,100.51813092059456,126.9767135131795,37.55374974919106,232.94092462,239.91035044,515.82576984,75,미지정,0
281758,1117000000000000487,후암동 56-28도,도,국유지,255.7432381210383,126.97775628985146,37.5500221912231,119.78497056,256.95917672,271.97335134,75,미지정,0
281759,1117000000000000488,후암동 56-38 도,도,국유지,60.89556605753023,126.97810960184138,37.54995348241798,103.2686392,264.83763216,278.52721785,75,미지정,0
281760,1117000000000000489,후암동 448-48 도,도,국유지,44.79381766915321,126.97832142390081,37.55424044718116,248.27077551,389.74333565,438.44635162,75,미지정,0
281761,1117000000000000490,후암동 448-36 도,도,국유지,48.770781417842954,126.97866273181849,37.55393427568872,218.16945636,402.23458195,393.0347006,75,미지정,0
281762,1117000000000000491,후암동 448-180 도,도,국유지,23.605705508962274,126.97864617559893,37.55384464298574,208.1276269,397.17074537,386.90608211,75,미지정,0
281763,1117000000000000492,후암동 448-18 도,도,국유지,146.40031149238348,126.97872325767014,37.5539847942792,224.75016662,409.3329989,393.49685208,75,미지정,0
281764,1117000000000000493,후암동 448-37 도,도,국유지,24.929652032908052,126.97869211014952,37.55393940224233,219.24732889,404.85096347,391.66721754,75,미지정,0
281765,1117000000000000494,후암동 448-14 도,도,국유지,25.155045428604353,126.97796874957766,37.554446011436006,271.42653545,375.07552872,476.47452702,75,미지정,0
281766,1117000000000000495,후암동 30-83 도,도,국유지,20.261738655390218,126.97893928226844,37.55288533728622,118.34385547,397.83812597,298.36284654,75,미지정,0
281767,1117000000000000496,후암동 30-165 도,도,국유지,165.96441730111837,126.97943600551531,37.55246614305412,122.0606251,440.05533981,236.24400697,75,미지정,0
281768,1117000000000000497,후암동 30-148 도,도,국유지,17.295376351103187,126.98144752036666,37.55158236074096,292.43667181,540.08314871,34.32151979,75,미지정,0
281769,1117000000000000498,후암동 30-161 도,도,국유지,446.61279223428573,126.97913282560738,37.552776117364594,119.87775453,413.94865259,277.40311703,75,미지정,0
281770,1117000000000000499,후암동 30-121 도,도,국유지,12.926159027963877,126.9813322166161,37.55161254779969,281.84647406,547.31022936,44.18977515,75,미지정,0
281771,1117000000000000500,후암동 30-117 도,도,국유지,85.27050815522671,126.98082921153218,37.551669830505865,236.95124629,572.8252491,86.00844907,75,미지정,0
281772,1117000000000000501,후암동 30-120 도,도,국유지,344.1469502884429,126.98142239367732,37.55145810552239,292.79792357,528.40773593,28.59290905,75,미지정,0
281773,1117000000000000502,후암동 30-96 도,도,국유지,207.85880379378796,126.98153717935105,37.551369570617474,304.85398053,515.27985437,16.54133212,75,미지정,0
281774,1117000000000000503,후암동 47-4도,도,국유지,128.41483422648162,126.98018832453762,37.55072904427129,227.05250675,448.11774034,153.00396604,75,미지정,0
281775,1117000000000000504,후암동 47-12 도,도,국유지,39.411506209056824,126.98032197835012,37.55070645294676,237.90513177,454.94976358,143.88958747,75,미지정,0
281776,1117000000000000505,후암동 48-34 도,도,국유지,97.62413598503917,126.97967444164823,37.55068666231334,197.13742816,413.24536884,196.17688006,75,미지정,0
281777,1117000000000000506,후암동 337-11 도,도,국유지,17.35923542547971,126.98142017476461,37.55104931864407,305.28416873,487.59668962,44.19258781,75,미지정,0
281778,1117000000000000507,후암동 58-33 도,도,국유지,66.23509923950769,126.97947688734234,37.55069273628489,185.37533831,402.3158021,212.16305146,75,미지정,0
281779,1117000000000000508,후암동 47-10 도,도,국유지,30.520920720126014,126.97996733103047,37.550856247697084,202.98691228,444.58850439,165.21966252,75,미지정,0
281780,1117000000000000509,후암동 58-35 도,도,국유지,32.987640373467,126.97932034259946,37.55063262320995,182.69567099,388.36718189,227.46342149,75,미지정,0
281781,1117000000000000510,후암동 48-35도,도,국유지,46.600576216354966,126.97945249237084,37.55052871433583,194.0045237,387.11065426,221.18712368,75,미지정,0
281782,1117000000000000511,후암동 58-36 도,도,국유지,95.71674236352555,126.97912490412759,37.55055143774443,182.93768569,370.5711555,246.82378086,75,미지정,0
281783,1117000000000000512,후암동 337-9도,도,국유지,238.34735097305384,126.98139563147822,37.550698815889994,363.68059198,454.26974473,79.48026503,75,미지정,0
281784,1117000000000000513,후암동 337-10도,도,국유지,363.8050127730239,126.98143853271596,37.55073344935682,367.26608121,455.7998838,74.54719267,75,미지정,0
281785,1117000000000000514,후암동 30-156 도,도,국유지,767.1051280027023,126.98150598340068,37.550703432897365,363.62579236,450.03602657,75.96202324,75,미지정,0
281786,1117000000000000515,후암동 48-17도,도,국유지,383.3826811956242,126.9800178159441,37.55039531445407,213.41595748,411.81018446,185.28757239,75,미지정,0
281787,1117000000000000516,후암동 58-40 도,도,국유지,121.41768127807882,126.97885316976304,37.55037613198708,156.25527498,340.54678345,276.44830852,75,미지정,0
281788,1117000000000000517,후암동 49-14도,도,국유지,76.64639816991985,126.9804695651525,37.550008541266806,219.30293799,416.94268515,187.00951975,75,미지정,0
281789,1117000000000000518,후암동 415-61도,도,국유지,177.00975529302377,126.98208735818444,37.54707325647134,52.97014487,161.01339894,477.44759777,75,미지정,0
281790,1117000000000000519,후암동 49-33 도,도,국유지,16.859221044927835,126.9806266928447,37.550237261780104,244.35578145,450.74487037,158.38228919,75,미지정,0
281791,1117000000000000520,후암동 49-38 도,도,국유지,41.42729986878112,126.9805544467724,37.55012516070864,232.32358688,445.51316156,172.14710531,75,미지정,0
281792,1117000000000000521,후암동 412-42 도,도,국유지,130.2160747985472,126.98262050266761,37.546918973348895,99.93424334,116.12589593,499.79403525,75,미지정,0
281793,1117000000000000522,후암동 410-26도,도,국유지,394.08964793599444,126.9827201830946,37.5471424122937,96.50319584,104.98820261,476.86769551,75,미지정,0
281794,1117000000000000523,후암동 410-22도,도,국유지,22.57297223585192,126.98293513665003,37.54738723339852,110.15421746,90.66672912,454.27830468,75,미지정,0
281795,1117000000000000524,후암동 409-296 도,도,국유지,20.052460334263742,126.98277907483492,37.54692856957691,111.21355123,102.19766838,501.15475785,75,미지정,0
281796,1117000000000000525,후암동 409-287 도,도,국유지,12.95643396070227,126.98341466212464,37.54654721498865,181.22654574,77.82364738,555.19620584,75,미지정,0
281797,1117000000000000526,후암동 409-273 도,도,국유지,22.151471057673916,126.98290447656996,37.54672579986716,132.80933993,99.29067368,525.3691407,75,미지정,0
281798,1117000000000000527,후암동 409-257 도,도,국유지,41.50273847434437,126.98326519969277,37.546759079995276,157.90434889,70.03056455,529.03558314,75,미지정,0
281799,1117000000000000528,후암동 409-252 도,도,국유지,24.22078778455034,126.98318093372475,37.5471669281906,134.9775833,64.40463531,483.39701474,75,미지정,0
281800,1117000000000000529,후암동 409-242 도,도,국유지,19.988763169618323,126.98293870526659,37.54685639614001,127.43532592,90.81447427,511.79518513,75,미지정,0
281801,1117000000000000530,후암동 49-53 도,도,국유지,10.101822341792285,126.98060512621359,37.55016672135922,238.55291532,446.02430026,165.77138536,75,미지정,0
281802,1117000000000000531,후암동 409-181도,도,국유지,607.4707351202378,126.9831241642151,37.54669848403728,150.5536332,84.09377299,532.50837815,75,미지정,0
281803,1117000000000000532,후암동 336-8도,도,국유지,206.2930247078184,126.98119149727424,37.550160319871004,306.16688931,413.39543754,141.79514908,75,미지정,0
281804,1117000000000000533,후암동 336-31도,도,국유지,290.3735578049673,126.98154359663816,37.55012963336938,299.85641375,393.24847776,138.08274627,75,미지정,0
281805,1117000000000000534,후암동 409-180 도,도,국유지,60.525216263660695,126.9837763906444,37.54691153438125,193.1763987,26.69595107,526.49235595,75,미지정,0
281806,1117000000000000535,후암동 338-3도,도,국유지,13.769844432361424,126.981452,37.55026966666667,315.81984794,410.71810112,123.97188115,75,미지정,0
281807,1117000000000000536,후암동 55-28도,도,국유지,983.5270035800058,126.97924189608304,37.55000857909696,135.77656446,332.41472053,266.07591539,75,미지정,0
281808,1117000000000000537,후암동 409-161 도,도,국유지,16.276344066951424,126.9832195211409,37.54710030943055,140.05862976,60.9271769,491.43333472,75,미지정,0
281809,1117000000000000538,후암동 409-149 도,도,국유지,312.5426768383477,126.98364987280588,37.5467825532124,187.54434879,44.61748159,536.30710819,75,미지정,0
281810,1117000000000000539,후암동 339-26 도,도,국유지,121.07029348704964,126.9816772986485,37.54989385723736,273.41186969,364.8229218,163.37748447,75,미지정,0
281811,1117000000000000540,후암동 339-30 도,도,국유지,94.28548254002817,126.98162576356168,37.55002619711864,288.15334264,379.66499739,148.89136791,75,미지정,0
281812,1117000000000000541,후암동 409-69 도,도,국유지,687.2706959840725,126.98328798807195,37.54704849403595,147.45623792,55.50514509,498.61636349,75,미지정,0
281813,1117000000000000542,후암동 402-50 도,도,국유지,35.229775838553905,126.98307415924278,37.54818276837416,148.11439589,138.33108051,372.78904123,75,미지정,0
281814,1117000000000000543,후암동 445-17 도,도,국유지,87.42508789029671,126.97678826062405,37.55421467530429,274.27026704,276.88598868,538.7422467,75,미지정,0
281815,1117000000000000544,후암동 445-16 도,도,국유지,34.40308739547618,126.97675556565945,37.55444087723299,298.12888204,292.2398368,556.12950724,75,미지정,0
281816,1117000000000000545,후암동 43-71도,도,국유지,137.62768292997498,126.98075279044636,37.55144276149079,235.68829603,554.14474946,86.27544374,75,미지정,0
281817,1117000000000000546,후암동 30-164도,도,국유지,192.5237035525497,126.97982863053245,37.5518291157213,146.89642692,522.08069603,175.23791736,75,미지정,0
281818,1117000000000000547,후암동 30-141도,도,국유지,54.12703266221797,126.98015704448267,37.551681809929335,178.27027304,525.62188034,142.87285116,75,미지정,0
282211,1117000000000000940,갈월동 69-43도,도,국유지,265.2906607314944,126.97198635191795,37.54450359755986,274.42827793,22.22767817,541.04219738,141,미지정,1
282212,1117000000000000941,갈월동 69-44도,도,국유지,39.02737239096314,126.97204847926618,37.544416450364416,282.7843366,33.32474532,543.50365022,141,미지정,1
282213,1117000000000000942,갈월동 69-115도,도,국유지,1243.2362559856847,126.97209097875003,37.544700467566315,277.3303815,17.95668468,519.6853754,141,미지정,1
282214,1117000000000000943,갈월동 89-11도,도,국유지,461.56195999868214,126.97228682272753,37.54339617145691,334.91881088,39.59236691,559.37920216,141,미지정,1
282215,1117000000000000944,갈월동 90-20도,도,국유지,44.14797220751643,126.97251544604904,37.54331942235059,345.49382704,54.61786978,557.87761377,141,미지정,1
282216,1117000000000000945,갈월동 87-25도,도,국유지,1671.3339759767987,126.9723222418729,37.543820482797145,332.43390944,18.01704684,605.28047419,141,미지정,1
282217,1117000000000000946,갈월동 89-1도,도,국유지,94.131626307033,126.9722358533917,37.54358877024071,345.72485558,18.28880498,578.45408725,141,미지정,1
282218,1117000000000000947,갈월동 89-7도,도,국유지,39.42993398709223,126.9720493563433,37.543580025000004,333.20082906,18.12753767,572.98730393,141,미지정,1
282219,1117000000000000948,갈월동 87-21도,도,국유지,342.372724452056,126.97218712018949,37.543760025191474,325.49721032,6.04703464,595.49274842,141,미지정,1
282220,1117000000000000949,갈월동 92-56도,도,국유지,37.537589067127556,126.97245740523472,37.54216398885115,282.91382276,88.71926415,437.41282651,141,미지정,1
282221,1117000000000000950,갈월동 92-5도,도,국유지,122.97081098007038,126.97258976210416,37.54216234364947,294.12411959,84.42523087,442.35515636,141,미지정,1
282222,1117000000000000951,갈월동 97-1도,도,국유지,3924.0819844885264,126.97265797004518,37.54221791479623,301.60394884,76.73560017,450.57559586,141,미지정,1
282223,1117000000000000952,갈월동 101-23도,도,국유지,239.8319041877985,126.97262898109145,37.5417926063283,300.47463091,123.26942435,407.7694469,141,미지정,1
282224,1117000000000000953,갈월동 101-7도,도,국유지,753.1777504938655,126.97246854099431,37.54190164253279,277.25131797,115.27131241,411.69845769,141,미지정,1
282225,1117000000000000954,갈월동 95-3 도,도,국유지,78.317197679542,126.9720451772601,37.54194769881228,241.61495176,77.46084222,400.82935536,141,미지정,1
282226,1117000000000000955,갈월동 92-59도,도,국유지,221.22897114837542,126.9722143872398,37.54206852273383,259.37914177,96.8195482,418.94907836,141,미지정,1
282227,1117000000000000956,갈월동 92-44도,도,국유지,27.483786545693874,126.97237512294788,37.54211108493933,274.32598459,97.264412,429.02373278,141,미지정,1
282228,1117000000000000957,갈월동 92-58도,도,국유지,91.19575831573457,126.97241960412296,37.54213878012011,278.93529073,92.71509776,433.46295132,141,미지정,1
282229,1117000000000000958,갈월동 92-22도,도,국유지,19.06305263051763,126.97248362979163,37.542237750879,287.49573155,80.35891212,445.80949209,141,미지정,1
282230,1117000000000000959,갈월동 92-17 도,도,국유지,21.392579307896085,126.97249066743086,37.54232019960263,290.96497518,72.01743658,454.37698768,141,미지정,1
282231,1117000000000000960,갈월동 90-3도,도,국유지,1537.722199956479,126.97244749073977,37.54271431409325,304.71641916,43.91737412,493.03799865,141,미지정,1
282232,1117000000000000961,갈월동 89-20도,도,국유지,58.497953057521954,126.97197941538118,37.54305150704225,289.77637871,76.49775151,514.84386359,141,미지정,1
282233,1117000000000000962,갈월동 69-2 도,도,국유지,103.57534547057003,126.97181181309973,37.544918075978536,248.34681054,26.54205726,523.78405309,141,미지정,1
282234,1117000000000000963,갈월동 98-10 도,도,국유지,1107.7595316129737,126.97204905320731,37.5409767341049,215.99559647,103.56777087,303.7195167,141,미지정,1
282235,1117000000000000964,갈월동 101-44도,도,국유지,250.31488395482302,126.97257223782466,37.54106456876768,263.07390535,134.28699721,336.90806245,141,미지정,1
282236,1117000000000000965,갈월동 103-19도,도,국유지,3106.885254124587,126.97301626359842,37.54090817712828,297.1225918,177.04650323,348.21433356,141,미지정,1
282237,1117000000000000966,갈월동 101-12도,도,국유지,63.09977294784039,126.97287330395358,37.54111443997098,290.17041463,155.79147052,357.38580997,141,미지정,1
282238,1117000000000000967,갈월동 103-22도,도,국유지,387.5586688737967,126.97216379406579,37.540170343364295,217.7405153,183.86148623,236.93966597,141,미지정,1
282239,1117000000000000968,갈월동 103-21도,도,국유지,393.94328802172095,126.97282401566571,37.540292005569114,274.88671568,205.86291827,288.34145018,141,미지정,1
282240,1117000000000000969,갈월동 65-3 도,도,국유지,21.033721601124853,126.97338345465143,37.54534811486748,228.46714402,90.87826723,386.72426153,141,미지정,1
282241,1117000000000000970,갈월동 59-30 도,도,국유지,153.30248407041654,126.97297964753676,37.545320073096605,262.30741103,55.15996962,415.30379802,141,미지정,1
282242,1117000000000000971,갈월동 62-1도,도,국유지,12.628097249136772,126.97259398576053,37.54526801074433,296.07029823,22.00733552,445.31348841,141,미지정,1
282243,1117000000000000972,갈월동 65-12도,도,국유지,81.61426298576407,126.97239615665185,37.54522028041502,296.75038111,12.17588147,462.36969207,141,미지정,1
282244,1117000000000000973,갈월동 65-1 도,도,국유지,9.945489664329216,126.97507394707432,37.54557394049968,92.82298824,241.81646167,274.75721122,141,미지정,1
282245,1117000000000000974,갈월동 56-13 도,도,국유지,94.46784944977844,126.97352040661717,37.54537364887781,216.34195891,103.08597819,376.06157061,141,미지정,1
282246,1117000000000000975,갈월동 18-1도,도,국유지,194.11424927512417,126.97274983432705,37.5453977795631,278.1380834,35.76951469,425.58967828,141,미지정,1
282247,1117000000000000976,갈월동 5-24도,도,국유지,57.28698093583807,126.97298631592763,37.54904630254523,232.34405227,142.98380965,346.19978476,141,미지정,1
282248,1117000000000000977,갈월동 14-34도,도,국유지,303.31206125509925,126.97240954350109,37.54588306261485,294.80684039,36.82795655,420.69421051,141,미지정,1
282249,1117000000000000978,갈월동 68-5도,도,국유지,50.77699208492413,126.97222224383495,37.54557924769815,283.22167856,7.86006484,452.21864432,141,미지정,1
282250,1117000000000000979,갈월동 7-85도,도,국유지,168.5303337193327,126.97276104906017,37.54725029909408,275.37244209,188.53300306,339.51865649,141,미지정,1
282251,1117000000000000980,갈월동 8-11도,도,국유지,926.8543403555523,126.97234685840706,37.54796084406339,365.38885692,260.11362138,372.23594299,141,미지정,1
282252,1117000000000000981,갈월동 8-15도,도,국유지,122.77093836269341,126.97248640316892,37.54745081299514,296.85091668,205.0781448,360.74085253,141,미지정,1
282253,1117000000000000982,갈월동 8-69 도,도,국유지,453.9975396510563,126.9720009345806,37.54699605021047,323.53866995,153.04182479,410.75460167,141,미지정,1
282254,1117000000000000983,갈월동 11-15도,도,국유지,144.9383840773953,126.97233675965714,37.54665362200417,302.20413907,115.61784792,391.86714716,141,미지정,1
282255,1117000000000000984,갈월동 7-89도,도,국유지,100.58411443175282,126.9732385708969,37.54838625436759,292.77257847,198.50625718,301.05267449,141,미지정,1
282256,1117000000000000985,갈월동 7-197 도,도,국유지,53.52723258221522,126.97291626605589,37.54691733583754,258.71740598,158.81370134,334.30155389,141,미지정,1
282257,1117000000000000986,갈월동 6-28도,도,국유지,460.81320149614476,126.97339039363335,37.54880662584824,244.22577001,150.01079979,302.82039027,141,미지정,1
282258,1117000000000000987,갈월동 6-8도,도,국유지,381.75060664245393,126.97341045947827,37.5492211752369,199.83597788,106.78699858,321.86514631,141,미지정,1
282259,1117000000000000988,갈월동 6-4도,도,국유지,124.30241865530843,126.97294041082799,37.5495582598364,185.5427765,106.24716441,376.79620223,141,미지정,1
282260,1117000000000000989,갈월동 1-7 도,도,국유지,68.36406689556316,126.97265052346795,37.54988512540946,175.88277719,116.51581213,418.13500511,141,미지정,1
282261,1117000000000000990,갈월동 5-19도,도,국유지,327.1513283122913,126.97243776290465,37.54915429496499,248.03230249,168.4981166,395.38575827,141,미지정,1
282262,1117000000000000991,갈월동 5-34도,도,국유지,194.67452747136122,126.97264928480865,37.54874638363812,275.66543709,187.49441958,362.01112462,141,미지정,1
282263,1117000000000000992,갈월동 5-86도,도,국유지,40.486495813995134,126.97266781439764,37.548684359778754,280.940766,192.02389478,358.40491117,141,미지정,1
282264,1117000000000000993,갈월동 11-58도,도,국유지,474.74788726848783,126.9725096518125,37.546819959659,290.66877444,136.62909129,371.82211209,141,미지정,1
282265,1117000000000000994,갈월동 5-87도,도,국유지,29.119209769007284,126.97269021847983,37.54904463601659,245.27401477,160.01806638,370.09521167,141,미지정,1
282266,1117000000000000995,갈월동 69-64 도,도,국유지,89.86308781150728,126.97175840387834,37.545163618278394,240.67257588,34.92781378,511.78339893,141,미지정,1
282267,1117000000000000996,갈월동 69-32도,도,국유지,76.34240679908544,126.97183929607505,37.545178394445514,247.72880788,34.30667761,504.95395926,141,미지정,1
282268,1117000000000000997,갈월동 69-36도,도,국유지,75.66595652257092,126.9718478417266,37.54488363341759,252.13186882,22.2043005,523.55773052,141,미지정,1
282269,1117000000000000998,갈월동 69-62도,도,국유지,591.8941517113126,126.97170134173209,37.54500268447493,237.30916132,38.62340196,526.12001837,141,미지정,1
282270,1117000000000000999,갈월동 5-2도,도,국유지,68.92385341611225,126.9731304891498,37.549041236096286,227.47356827,136.29924506,334.4082253,141,미지정,1
282271,1117000000000001000,갈월동 2-7도,도,국유지,103.36761516076513,126.97224370675391,37.54985042849913,206.637077,152.57344197,446.20948392,141,미지정,1
282272,1117000000000001001,갈월동 1-1도,도,국유지,82.35473523580004,126.97272499043308,37.5498550096066,173.22100502,110.78040447,410.81951699,141,미지정,1
282273,1117000000000001002,갈월동 5-5도,도,국유지,52.647874642629176,126.97275054064208,37.54908045994784,239.09380943,153.46134706,366.7668865,141,미지정,1
282274,1117000000000001003,갈월동 9-4도,도,국유지,2657.4596907536616,126.9717099857011,37.54822383921167,369.26332607,291.35718396,430.98398422,141,미지정,1
282275,1117000000000001004,갈월동 2-6도,도,국유지,856.8707519528689,126.97196522616534,37.54963855282761,240.34532288,181.81445824,456.11777173,141,미지정,1
282276,1117000000000001005,갈월동 8-46도,도,국유지,690.2543628113344,126.97196105730052,37.54790934598178,386.47957475,254.38407515,405.98298545,141,미지정,1
282277,1117000000000001006,갈월동 9도,도,국유지,627.366819575429,126.97193834529801,37.548425704452356,339.30031625,255.58624419,414.40958546,141,미지정,1
282278,1117000000000001007,갈월동 8-21도,도,국유지,127.82976935850456,126.97193180257285,37.548675317860386,317.45177804,236.85273328,420.85041737,141,미지정,1
282279,1117000000000001008,갈월동 49-4도,도,국유지,69.28424037154764,126.97426126738863,37.54642060421385,130.18114222,207.71915077,250.5766584,141,미지정,1
282280,1117000000000001009,갈월동 71-37도,도,국유지,557.6987730059191,126.97115761219072,37.54893554895101,344.67325755,220.21490159,494.36699019,141,미지정,1
282281,1117000000000001010,갈월동 5-77도,도,국유지,879.5878595891991,126.97192844496723,37.54898859767552,291.15417018,215.7342784,430.91714993,141,미지정,1
282282,1117000000000001011,갈월동 3-15 도,도,국유지,2350.6693733725697,126.9716966342624,37.549044289795894,301.07441865,229.77672787,452.30418665,141,미지정,1
282283,1117000000000001012,갈월동 71-1도,도,국유지,109.69950469431933,126.97146900086426,37.54909543641782,312.19405243,230.09289083,473.182688,141,미지정,1
282284,1117000000000001013,갈월동 45-16도,도,국유지,196.2879742733203,126.97471677143193,37.54681700762838,109.35215166,202.8530937,192.48159614,141,미지정,1
282285,1117000000000001014,갈월동 5-68도,도,국유지,25.112701614387333,126.97191032389509,37.54912213526004,281.54406658,209.1181852,437.36375187,141,미지정,1
282286,1117000000000001015,갈월동 3-4 도,도,국유지,34.40545986639336,126.97191134601863,37.54926966528886,270.11475307,201.17144032,443.23761911,141,미지정,1
282287,1117000000000001016,갈월동 48-3도,도,국유지,75.16902818554081,126.9745507325592,37.54648019906926,106.48712827,237.97347014,226.22908459,141,미지정,1
282288,1117000000000001017,갈월동 3-13도,도,국유지,227.76416074391454,126.97195763663895,37.54935632491495,260.61969197,193.31372182,443.23121121,141,미지정,1
282289,1117000000000001018,갈월동 69-61도,도,국유지,39.46348817413673,126.97178294718526,37.54509697071372,243.35245803,42.43988919,514.19374917,141,미지정,1
282290,1117000000000001019,갈월동 65-9도,도,국유지,105.5313467415981,126.97304210934529,37.545304312870805,257.92387734,60.72087335,412.27547275,141,미지정,1
282291,1117000000000001020,갈월동 65-10도,도,국유지,43.93592400290072,126.9727455906909,37.54526568560479,283.72511101,35.09813149,435.03593127,141,미지정,1
282292,1117000000000001021,갈월동 7-92도,도,국유지,54.69920745724812,126.97399494232265,37.54705901948479,177.42247289,227.94060931,238.62417825,141,미지정,1
282293,1117000000000001022,갈월동 7-129도,도,국유지,40.06547039351426,126.97414441060792,37.54738767682577,152.34337204,220.65640714,216.48503771,141,미지정,1
282294,1117000000000001023,갈월동 7-20도,도,국유지,43.64051336504053,126.97430914413604,37.54729654069746,140.58309553,209.74482334,204.46749318,141,미지정,1
282295,1117000000000001024,갈월동 8-72도,도,국유지,22.38158144801855,126.97235920683612,37.54793973707274,367.02282202,257.85150809,371.00817569,141,미지정,1
282296,1117000000000001025,갈월동 8-31도,도,국유지,25.176980144402478,126.97236078665104,37.54748927230229,307.64121968,208.02468985,371.43511492,141,미지정,1
282297,1117000000000001026,갈월동 7-94도,도,국유지,37.775332438293844,126.97320972707604,37.547370052490365,234.19002567,215.32888246,298.29850753,141,미지정,1
282298,1117000000000001027,갈월동 7-91도,도,국유지,37.628193816170096,126.97383193405447,37.54743393170858,178.75189514,249.94504137,242.86631832,141,미지정,1
282299,1117000000000001028,갈월동 7-204 도,도,국유지,37.76557323813904,126.97295590087866,37.54728035359044,257.84106667,197.26163958,321.98602672,141,미지정,1
282300,1117000000000001029,갈월동 14-61도,도,국유지,54.66519532597158,126.97227342812714,37.546574980831906,306.54219177,106.27301131,399.95579869,141,미지정,1
282301,1117000000000001030,갈월동 14-67도,도,국유지,19.885853321989998,126.9722522083847,37.54650359515002,314.63130255,98.20670342,404.37520987,141,미지정,1
282302,1117000000000001031,갈월동 65-14도,도,국유지,17.47825170820579,126.97328219528617,37.545335284511786,237.16880132,81.90168113,394.21735828,141,미지정,1
282303,1117000000000001032,갈월동 65-11도,도,국유지,20.89152715075761,126.97259242840376,37.545245472300465,297.11490991,22.72659864,446.97441345,141,미지정,1
282304,1117000000000001033,갈월동 14-8도,도,국유지,11.191001348546706,126.972295,37.546560666666664,304.45820784,104.90561157,398.67884191,141,미지정,1
282305,1117000000000001034,갈월동 53-27 도,도,국유지,841.6791142511647,126.97459711739347,37.545475675122944,129.98014402,198.79963114,306.03925105,141,미지정,1
282306,1117000000000001035,갈월동 53-28 도,도,국유지,666.7471134910011,126.97317263350665,37.545283015431345,248.39684195,72.36262204,405.26644276,141,미지정,1
282307,1117000000000001036,갈월동 16-7도,도,국유지,3030.8377677449025,126.97193977927267,37.5455651445515,258.25063217,19.78395524,474.32008024,141,미지정,1
282308,1117000000000001037,갈월동 66-3도,도,국유지,315.7952560711419,126.97224922556968,37.54531218311748,283.70433489,9.5004704,466.75484936,141,미지정,1
282309,1117000000000001038,갈월동 69-117 도,도,국유지,413.2457473434624,126.9716115857948,37.545145886101366,227.84112322,38.69684574,523.65576862,141,미지정,1
282310,1117000000000001039,갈월동 69-39도,도,국유지,142.96095069684088,126.971937323671,37.54465000734109,265.56925182,6.36666091,533.65378973,141,미지정,1
282311,1117000000000001040,갈월동 40-1도,도,국유지,119.77613310981542,126.97392175760179,37.54646473894529,160.58091988,187.50115469,272.77528995,141,미지정,1
282312,1117000000000001041,갈월동 69-97도,도,국유지,233.17242664750665,126.97190462709098,37.544794426716585,258.96255673,12.30126632,525.70849994,141,미지정,1
282313,1117000000000001042,갈월동 7-101도,도,국유지,27.447672500275075,126.97333109350247,37.54704225346912,228.97244651,188.93610613,295.25340775,141,미지정,1
282314,1117000000000001043,갈월동 7-202도,도,국유지,71.94645028666127,126.97294522913685,37.5471638573376,265.63547313,184.89909303,325.26448819,141,미지정,1
282315,1117000000000001044,갈월동 69-33도,도,국유지,24.638317425036803,126.97186555015924,37.54511040512208,250.50871064,42.19283751,507.3660423,141,미지정,1
282316,1117000000000001045,갈월동 69-78도,도,국유지,62.062533831223845,126.97154393765307,37.544091135624925,257.84534663,43.77188431,618.75143363,141,미지정,1
282317,1117000000000001046,갈월동 14-88 도,도,국유지,122.50749165611342,126.973047396528,37.546624722015395,239.74343319,136.53343106,333.94934273,141,미지정,1
282318,1117000000000001047,갈월동 14-109 도,도,국유지,42.77790026506409,126.97310595078143,37.54645834475907,231.97030382,125.37839844,336.61246755,141,미지정,1
282319,1117000000000001048,갈월동 14-115도,도,국유지,53.17451979737962,126.97312720102063,37.54636443425866,229.21905043,119.22464997,339.51524511,141,미지정,1
282320,1117000000000001049,갈월동 8-18 도,도,국유지,103.94970734621165,126.97195163438222,37.547290062335875,340.42936054,185.93505057,409.66822945,141,미지정,1
282321,1117000000000001050,갈월동 7-81도,도,국유지,2304.0538103969884,126.97346163120002,37.5474118307757,211.51566083,229.88068731,275.60832112,141,미지정,1
282322,1117000000000001051,갈월동 69-116도,도,국유지,356.4702041481505,126.97125341310917,37.54421047423427,229.01846679,76.4724384,628.03175162,141,미지정,1
282323,1117000000000001052,갈월동 14-99 도,도,국유지,160.65149543224834,126.97202355970371,37.546366701099956,289.89486272,83.38314256,428.62772672,141,미지정,1
282324,1117000000000001053,갈월동 14-65도,도,국유지,258.9573552215006,126.9720136680933,37.54653367174826,297.29093176,101.87526323,423.16093592,141,미지정,1
282325,1117000000000001054,갈월동 14-43도,도,국유지,254.45502037269762,126.97302445256692,37.54664342667723,242.11739906,137.07923056,335.06186984,141,미지정,1
282326,1117000000000001055,갈월동 12-1도,도,국유지,236.37367825134424,126.97200011620332,37.546728818430154,306.98196677,123.52974508,417.89562219,141,미지정,1
282327,1117000000000001056,갈월동 8-44도,도,국유지,76.70808061101707,126.9719819069599,37.54728945134892,342.41232681,185.63218036,407.02281401,141,미지정,1
282328,1117000000000001057,갈월동 8-68도,도,국유지,134.81551714637317,126.9719881258715,37.54720846211488,337.05898913,176.62843503,407.71141842,141,미지정,1
282329,1117000000000001058,갈월동 10-4도,도,국유지,270.9198041037889,126.97197110861917,37.547482568123804,356.0316483,207.07428322,405.82740122,141,미지정,1
282330,1117000000000001059,갈월동 10-5도,도,국유지,72.06874030147446,126.97197750000001,37.547476,355.94392042,206.30456264,405.31866251,141,미지정,1
282331,1117000000000001060,갈월동 7-87도,도,국유지,232.12329396331916,126.97270606462587,37.54786512594894,277.60866404,253.6926886,340.003868,141,미지정,1
282332,1117000000000001061,갈월동 7-86도,도,국유지,84.64241242036223,126.97297092568559,37.54755138261877,253.43920277,226.00481543,317.15337649,141,미지정,1
282333,1117000000000001062,갈월동 8-75도,도,국유지,54.59531335183419,126.9724184017785,37.54829380930567,329.56265382,240.16818105,370.10496798,141,미지정,1
282334,1117000000000001063,갈월동 7-88도,도,국유지,70.90078381937928,126.9727911449947,37.54835369852908,309.42402919,217.44070366,338.89179978,141,미지정,1
282335,1117000000000001064,갈월동 7-90도,도,국유지,34.332474579510745,126.9731025671095,37.547896584583164,243.08115931,253.93911515,305.15504296,141,미지정,1
282336,1117000000000001065,갈월동 69-29 도,도,국유지,427.6717618133407,126.9717361647689,37.54547948250332,239.34524131,0.74330717,494.64561212,141,미지정,1
282337,1117000000000001066,갈월동 69-52 도,도,국유지,123.24442269123392,126.97169335146499,37.54579611889698,241.38816367,35.58117132,481.05348518,141,미지정,1
282338,1117000000000001067,갈월동 12-6도,도,국유지,2451.650257584115,126.9717832584101,37.54645421338667,275.17323928,97.89660755,445.27693081,141,미지정,1
282339,1117000000000001068,갈월동 10-7도,도,국유지,2832.332853187574,126.97174849644945,37.54732659188572,329.84349759,192.47376386,427.01628151,141,미지정,1
282340,1117000000000001069,갈월동 69-4도,도,국유지,447.6433363966644,126.97179449765193,37.5442945964745,267.04942742,32.02976971,645.02706483,141,미지정,1
282341,1117000000000001070,갈월동 89-12도,도,국유지,54.01022000052035,126.9718353084234,37.543539935742615,316.8343191,33.51980945,563.99610521,141,미지정,1
282342,1117000000000001071,갈월동 69-63 도,도,국유지,99.70551729854196,126.97174591117015,37.54527355294869,239.20844595,22.70485846,505.96041895,141,미지정,1
282343,1117000000000001072,갈월동 69-30도,도,국유지,61.58585504628718,126.97181593119923,37.54526821611722,245.39932866,24.13917658,501.10433319,141,미지정,1
282344,1117000000000001073,갈월동 88-36도,도,국유지,20.558398000895977,126.97158806870227,37.543940684001264,270.03876185,42.81944739,602.99925955,141,미지정,1
282345,1117000000000001074,갈월동 99-4도,도,국유지,643.3167142793536,126.97176303385862,37.5417971350532,213.83304947,48.08187166,376.3916422,141,미지정,1
282346,1117000000000001075,갈월동 95도,도,국유지,586.0037932050764,126.97171625512678,37.541889734283494,211.84399117,48.74549534,384.7858602,141,미지정,1
282347,1117000000000001076,갈월동 95-2도,도,국유지,300.7190811755718,126.97122283695657,37.54184469974069,168.30767741,20.86593089,368.52245694,141,미지정,1
282348,1117000000000001077,갈월동 25-2도,도,국유지,164.40400297637098,126.97325090627609,37.545958666408154,220.00432268,105.85823538,353.09760236,141,미지정,1
282349,1117000000000001078,갈월동 93-48도,도,국유지,222.18562180479057,126.97158566444467,37.54195430967098,202.44461238,44.43346928,388.19616103,141,미지정,1
282350,1117000000000001079,갈월동 93-59도,도,국유지,30.897246887907386,126.97177924550263,37.54199164867725,220.036042,59.81923341,397.27617487,141,미지정,1
282351,1117000000000001080,갈월동 93-55도,도,국유지,173.30409904476255,126.97191613195794,37.54201604358037,232.41705866,71.19580744,403.82733976,141,미지정,1
282352,1117000000000001081,갈월동 14-74도,도,국유지,140.0796786584542,126.97280017497553,37.54603314748168,258.65457686,73.22921167,382.456961,141,미지정,1
282353,1117000000000001082,갈월동 30-1도,도,국유지,89.76882794080302,126.97397285961942,37.54607613320587,155.05950826,165.45912404,294.13585187,141,미지정,1
282354,1117000000000001083,갈월동 34-34도,도,국유지,97.29642712231725,126.97317671071907,37.54619170967743,224.45277383,110.44375305,344.84176387,141,미지정,1
282355,1117000000000001084,갈월동 14-113도,도,국유지,32.778650170657784,126.97313795451826,37.54629896768402,227.93179551,115.04444166,342.03481125,141,미지정,1
282356,1117000000000001085,갈월동 28-15도,도,국유지,47.785328968428075,126.97370281838398,37.54587144673646,182.44612527,133.61648383,326.99837167,141,미지정,1
282357,1117000000000001086,갈월동 34-4도,도,국유지,328.4491029490018,126.97333420746553,37.54616605760857,210.62367763,127.24825994,334.3705345,141,미지정,1
282358,1117000000000001087,갈월동 26-1도,도,국유지,36.01050212234259,126.97353258822461,37.54601651954242,194.47971374,129.26445332,329.03428892,141,미지정,1
282359,1117000000000001088,갈월동 52-31도,도,국유지,291.1889726809459,126.9740905141553,37.54591255147055,148.05948865,166.61304519,298.28060958,141,미지정,1
282360,1117000000000001089,갈월동 16-5도,도,국유지,109.69928748207167,126.97207178210917,37.545823565976725,274.64856625,23.41947811,450.00649585,141,미지정,1
282361,1117000000000001090,갈월동 16-6도,도,국유지,70.90816332621034,126.97210113638563,37.54567483551191,274.07864081,7.33902676,455.84987868,141,미지정,1
282362,1117000000000001091,갈월동 22-2도,도,국유지,10.573234854266047,126.97305438466294,37.54558583426097,246.02537671,68.20510351,391.53129455,141,미지정,1
282363,1117000000000001092,갈월동 58-10도,도,국유지,249.4562004832551,126.9734519975426,37.54561946017391,211.4453275,102.2587916,361.98881799,141,미지정,1
282364,1117000000000001093,갈월동 57-9도,도,국유지,108.38523244368844,126.97338659523699,37.545701436933484,214.22679791,100.23688698,360.56906447,141,미지정,1
282365,1117000000000001094,갈월동 14-100도,도,국유지,530.6091600786312,126.97202807674512,37.54613289848858,280.4964765,57.70495324,438.24376978,141,미지정,1
282366,1117000000000001095,갈월동 24-11도,도,국유지,40.71859634516295,126.97329788578426,37.545733652173915,220.84089341,94.82463403,364.4734167,141,미지정,1
282367,1117000000000001096,갈월동 24-5도,도,국유지,37.46225331409369,126.97331006728633,37.54576963341625,218.8207991,97.72553767,361.1780094,141,미지정,1
282368,1117000000000001097,갈월동 58-11도,도,국유지,60.119243307737634,126.97333848274737,37.54561661478642,221.05905086,92.69769022,369.83850016,141,미지정,1
282369,1117000000000001098,갈월동 56-4 도,도,국유지,96.66958948294632,126.97353563742895,37.54559732230789,205.3006617,108.57916678,358.06633427,141,미지정,1
282370,1117000000000001099,갈월동 53-7도,도,국유지,15.84018839278724,126.97430789195047,37.54574986078432,135.62318404,178.86095616,297.80332197,141,미지정,1
282371,1117000000000001100,갈월동 51-9도,도,국유지,24.76063168235123,126.97437397570475,37.54601380649633,121.12928956,194.06371299,272.47456494,141,미지정,1
282372,1117000000000001101,갈월동 49-3도,도,국유지,222.4379031280987,126.97451039873889,37.54624961443039,106.55101815,216.31675366,245.62996062,141,미지정,1
282373,1117000000000001102,갈월동 49-5도,도,국유지,106.63383243465796,126.97422704247913,37.546207553593334,131.61797787,192.21531215,267.52746509,141,미지정,1
282374,1117000000000001103,갈월동 28-14 도,도,국유지,19.925299235037528,126.9739335133317,37.545812609648046,164.37510822,149.58079291,315.9909274,141,미지정,1
282375,1117000000000001104,갈월동 53-25도,도,국유지,80.83900215476751,126.97408108578009,37.54563232850035,159.2512241,156.25895987,320.94087958,141,미지정,1
282376,1117000000000001105,갈월동 51-4 도,도,국유지,75.80210599466227,126.97469943924003,37.546100835155585,91.07550792,224.31819704,245.70092966,141,미지정,1
282377,1117000000000001106,갈월동 51-14도,도,국유지,38.972500189207494,126.97463363835408,37.546178827607896,95.85837715,222.50602357,243.32544481,141,미지정,1
282378,1117000000000001107,갈월동 51-18도,도,국유지,25.466775642242283,126.9748484214648,37.54611488202067,77.8352407,250.15019049,235.93392025,141,미지정,1
282379,1117000000000001108,갈월동 51-45도,도,국유지,67.13641245500185,126.97490815680548,37.546258744290235,71.43505952,234.28356229,220.35337108,141,미지정,1
282380,1117000000000001109,갈월동 51-1도,도,국유지,400.32447719806805,126.97498994376323,37.54598554736966,69.91784208,254.76958225,239.75285429,141,미지정,1
282381,1117000000000001110,갈월동 59-18도,도,국유지,60.01632063253783,126.97334411208257,37.54549675333661,225.08646178,89.4186064,378.12971827,141,미지정,1
282382,1117000000000001111,갈월동 59-2도,도,국유지,35.392922721104696,126.97336370412454,37.5454263077918,226.46187953,89.80221737,382.07274764,141,미지정,1
282383,1117000000000001112,갈월동 65-20 도,도,국유지,57.186756944225635,126.97377100677473,37.54539951676529,195.34383608,125.36343002,358.52915873,141,미지정,1
282384,1117000000000001113,갈월동 94-4도,도,국유지,22.71682531503029,126.97169166191709,37.542002153281516,212.91752636,54.76385827,395.99680624,141,미지정,1
282385,1117000000000001114,갈월동 93-49도,도,국유지,470.38527272094507,126.97166835041826,37.542512398566046,233.51754214,101.87277564,449.81342889,141,미지정,1
282386,1117000000000001115,갈월동 103-23도,도,국유지,182.14150683395565,126.9716243294559,37.54006599249645,172.55060577,159.9076583,198.05355987,141,미지정,1
282387,1117000000000001116,갈월동 100-6 도,도,국유지,512.8248858528677,126.97097421718117,37.54062188600921,113.95544256,117.48609582,231.31410978,141,미지정,1
282388,1117000000000001117,갈월동 53-29 도,도,국유지,154.05297456815606,126.97234938762082,37.54517578631989,292.77671511,16.58081115,468.65536757,141,미지정,1
282389,1117000000000001118,갈월동 87-15도,도,국유지,549.5241965139285,126.97209530049443,37.544092607075285,300.64411688,5.11361159,629.05004962,141,미지정,1
282406,1117000000000001135,용산동1가 8-47도,도,국유지,787.4586209548288,126.98019076134806,37.53482053423566,261.64045799,421.08061189,686.3150606,132,미지정,1
282407,1117000000000001136,용산동1가 8-65도,도,국유지,1413.3344663511962,126.97741405601748,37.534789025128916,135.79677688,178.28405933,439.48193199,132,미지정,1
282408,1117000000000001137,용산동1가 8-3도,도,국유지,463.34202988725156,126.97819259779594,37.53479865416851,142.5931108,245.84611581,506.79525218,132,미지정,1
282409,1117000000000001138,용산동1가 1-2도,도,국유지,3259.064308013825,126.97590756459411,37.54557031058443,75.78079033,266.37763838,248.76120607,132,미지정,1
282410,1117000000000001139,용산동1가 8-48도,도,국유지,1697.7574792541564,126.97630144563017,37.53780994006128,484.5352254,263.64224183,411.49519034,132,미지정,1
282411,1117000000000001140,용산동1가 4-11도,도,국유지,1768.1367429187521,126.97624357494553,37.53790532758874,496.06968189,269.97364559,413.80800991,132,미지정,1
282412,1117000000000001141,용산동1가 1-1 도,도,국유지,58.08384306356311,126.97836966666667,37.54583566666667,69.73736368,281.16693804,264.44681449,132,미지정,1
282413,1117000000000001142,용산동1가 4-10도,도,국유지,1887.3091270314762,126.97760328012048,37.53793292504813,482.85017593,348.95052856,515.4550502,132,미지정,1
282414,1117000000000001143,용산동1가 6-1도,도,국유지,2258.4230964219896,126.97875897514291,37.53796853354963,496.16492106,432.06459565,607.78640595,132,미지정,1
282415,1117000000000001144,용산동1가 7-1도,도,국유지,2117.3958553906414,126.97991080891613,37.53801512240243,530.25968697,522.27405209,703.00508648,132,미지정,1
282416,1117000000000001145,용산동1가 2-5도,도,국유지,1892.9335292689502,126.97462073679768,37.53777686543041,340.73138335,106.0635756,301.87760791,132,미지정,1
282417,1117000000000001146,용산동1가 8-53 도,도,국유지,96.81528050778434,126.97517098584865,37.53514471026901,280.87802347,55.28249275,237.37039955,132,미지정,1
282418,1117000000000001147,용산동1가 8-4도,도,국유지,6261.018322925898,126.97758816356689,37.53472922350444,127.4536083,191.91282802,455.92692607,132,미지정,1
282419,1117000000000001148,용산동1가 2-11도,도,국유지,1218.299535810016,126.97347844751559,37.54004006535512,334.82062302,266.63886953,319.43309377,132,미지정,1
282420,1117000000000001149,용산동1가 2-10도,도,국유지,1391.00030153431,126.97368150860613,37.53924178877972,419.83478903,223.86749247,302.92947261,132,미지정,1
282421,1117000000000001150,용산동1가 2-4도,도,국유지,1682.5831452351995,126.9739167710531,37.53834532643668,344.36469095,126.70870939,326.36342637,132,미지정,1
282422,1117000000000001151,용산동1가 2-9도,도,국유지,624.235009319149,126.97482321110743,37.537877443051165,361.65034331,127.12521271,321.68913036,132,미지정,1
282423,1117000000000001152,용산동1가 1-4 도,도,국유지,2086.3779265661724,126.97618840676857,37.545550328911986,86.78431895,264.39621857,246.48489453,132,미지정,1
282424,1117000000000001153,동자동 43-214도,도,국유지,51.673153327952605,126.97220287657372,37.55464819693807,178.33373159,50.72836129,856.38987049,124,미지정,1
282425,1117000000000001154,동자동 49-1 도,도,국유지,907.7281717491569,126.97267367274415,37.55208115544824,69.19328977,31.28089501,590.10558501,124,미지정,1
282426,1117000000000001155,동자동 14-229 도,도,국유지,222.75388890871545,126.9725828081495,37.55219066839842,71.76130469,21.80893085,604.66367389,124,미지정,1
282427,1117000000000001156,동자동 14-162도,도,국유지,395.6944880344672,126.97266885923779,37.55255653758644,63.73672046,21.81192422,634.03314366,124,미지정,1
282428,1117000000000001157,동자동 14-170도,도,국유지,75.27073285076767,126.97270738002175,37.552725601693815,68.74331426,40.35896429,648.10219952,124,미지정,1
282429,1117000000000001158,동자동 14-166도,도,국유지,72.34321737475693,126.97272093260128,37.55277816231727,71.16442857,46.21634655,652.45562516,124,미지정,1
282430,1117000000000001159,동자동 14-3도,도,국유지,1233.2818946619518,126.97213684788285,37.550664226184274,180.77634062,196.85502056,506.55955053,124,미지정,1
282432,1117000000000001161,동자동 59 도,도,국유지,45.06531975721009,126.97318533333335,37.551092000000004,87.94922979,127.27798185,475.23479896,124,미지정,1
282433,1117000000000001162,동자동 53 도,도,국유지,825.7422745896038,126.97359925682886,37.551341933058566,67.93605068,90.48328285,476.19563094,124,미지정,1
282434,1117000000000001163,동자동 1-13도,도,국유지,664.3488743186463,126.97588552288022,37.55271343572898,191.92037483,127.56277623,553.75659826,124,미지정,1
282435,1117000000000001164,동자동 43-210도,도,국유지,364.8609326205915,126.9724456756624,37.55242828215467,80.69633693,14.21185481,633.19878826,124,미지정,1
282436,1117000000000001165,동자동 14-94도,도,국유지,175.8892255597748,126.97261843892127,37.55233038608084,65.57109879,8.3100399,615.57925111,124,미지정,1
282437,1117000000000001166,동자동 14-40도,도,국유지,14.730565368197858,126.97257432711939,37.5523906307146,69.18897072,11.86587877,623.29903186,124,미지정,1
282438,1117000000000001167,동자동 43-211도,도,국유지,3748.407897324534,126.97216370035967,37.55135246225521,155.76207908,120.51090123,556.74451844,124,미지정,1
282439,1117000000000001168,동자동 57 도,도,국유지,852.6266231898917,126.9725317448348,37.551080646450735,162.1268078,143.02209888,512.4510292,124,미지정,1
282440,1117000000000001169,동자동 14-179도,도,국유지,91.28821852291003,126.97227818002435,37.55087648660651,192.69459904,169.10525493,512.63776324,124,미지정,1
282441,1117000000000001170,동자동 14-87도,도,국유지,1162.9309775859583,126.97237535324872,37.551313894422584,147.19387301,119.88874071,540.74923604,124,미지정,1
282442,1117000000000001171,동자동 58 도,도,국유지,93.52882470207987,126.97322313074329,37.55119674779356,88.03264207,115.27575302,482.31325489,124,미지정,1
282443,1117000000000001172,동자동 19-39도,도,국유지,83.2905628263834,126.97511523673828,37.55053988199391,94.63139157,115.10827153,334.39120533,124,미지정,1
282444,1117000000000001173,동자동 19-36도,도,국유지,41.211168590700254,126.97514353561797,37.550776969855626,88.61511174,130.87581803,357.99987453,124,미지정,1
282445,1117000000000001174,동자동 19-119 도,도,국유지,58.212746153527405,126.97520207337207,37.55045520554292,105.81195852,118.46024329,322.80375857,124,미지정,1
282446,1117000000000001175,동자동 14-187 도,도,국유지,544.6420462005772,126.97251567536404,37.55191051729271,91.13816229,52.78968996,583.22165033,124,미지정,1
282447,1117000000000001176,동자동 49 도,도,국유지,817.7009624531493,126.97300185998084,37.551354664927544,118.60891195,114.86237519,508.14981495,124,미지정,1
282448,1117000000000001177,동자동 43-212도,도,국유지,2741.7476447318913,126.97164101675902,37.54968605636398,261.17387504,208.34801213,484.06529994,124,미지정,1
282449,1117000000000001178,동자동 19-38도,도,국유지,846.1249221512116,126.9751952674707,37.55065860184919,96.24087198,127.55112697,344.09272767,124,미지정,1
282450,1117000000000001179,동자동 1-17도,도,국유지,525.979234729486,126.97509636009316,37.55256227405538,154.92140782,56.51929928,549.10537788,124,미지정,1
282451,1117000000000001180,동자동 43-5도,도,국유지,826.5344201059779,126.97167849751901,37.54975172313686,254.56944426,203.66737425,484.39388191,124,미지정,1
282452,1117000000000001181,동자동 35-123도,도,국유지,259.5041575394571,126.97435628987773,37.55154029961575,70.98173418,86.55313916,462.99745993,124,미지정,1
282453,1117000000000001182,동자동 35-51도,도,국유지,212.82193864916917,126.97427819973116,37.55116284345621,28.92402293,119.19684224,428.50972879,124,미지정,1
282454,1117000000000001183,동자동 35-130도,도,국유지,215.6558258883888,126.97431099620243,37.55135281173914,49.84678011,101.5826081,445.9498112,124,미지정,1
282455,1117000000000001184,동자동 35-175도,도,국유지,21.18390904815169,126.9742939280864,37.551953319290085,95.64158037,53.22634784,507.12920935,124,미지정,1
282456,1117000000000001185,동자동 19-64도,도,국유지,472.51420806965325,126.974883573982,37.551881942389066,124.50797099,82.94710027,481.4412158,124,미지정,1
282457,1117000000000001186,동자동 18-52도,도,국유지,79.14076341164764,126.97399873649749,37.55171912001982,89.70987476,52.75481776,494.67387911,124,미지정,1
282458,1117000000000001187,동자동 35-56도,도,국유지,226.94307278067572,126.97444932705993,37.55171879488619,92.26293549,78.5131804,477.80279081,124,미지정,1
282459,1117000000000001188,동자동 35-46도,도,국유지,90.52692538930569,126.97424636550927,37.55188455471895,107.263407,53.21657464,501.81219869,124,미지정,1
282460,1117000000000001189,동자동 35-48도,도,국유지,222.491175427509,126.97481021613915,37.551479080159574,84.68204819,122.63883243,441.30484775,124,미지정,1
282461,1117000000000001190,동자동 19-125도,도,국유지,25.700309117208235,126.974889290975,37.5516139595497,100.52801308,110.4467134,453.05304649,124,미지정,1
282462,1117000000000001191,동자동 8-1도,도,국유지,107.19861306960229,126.97440937535644,37.55247591258405,93.50897084,9.00768114,557.37457723,124,미지정,1
282463,1117000000000001192,동자동 19-128 도,도,국유지,1046.7302309608203,126.97402167968093,37.551576629303945,73.77392136,68.10030361,479.70467885,124,미지정,1
282464,1117000000000001193,동자동 19-56도,도,국유지,154.599955575075,126.97464818231994,37.551157412672744,50.72620797,134.3584874,413.64340113,124,미지정,1
282465,1117000000000001194,동자동 1-19도,도,국유지,392.15868520451477,126.9745902825245,37.55260209261039,111.57883798,13.23591601,565.46569093,124,미지정,1
282466,1117000000000001195,동자동 1-22도,도,국유지,248.02618642162997,126.97404153848028,37.552565618920525,63.6920976,36.76561547,578.41528655,124,미지정,1
282467,1117000000000001196,동자동 15-3도,도,국유지,263.8248149869032,126.97402432237962,37.55281383884738,75.7458968,48.316164,604.51217507,124,미지정,1
282468,1117000000000001197,동자동 1-21도,도,국유지,142.18085760821123,126.97422861925622,37.55267280004598,83.34823155,24.49749039,583.40133068,124,미지정,1
282469,1117000000000001198,동자동 35-69도,도,국유지,136.56734932184918,126.97421791395568,37.552036087779754,85.34839634,43.71184345,518.2233067,124,미지정,1
282470,1117000000000001199,동자동 21-15도,도,국유지,19.066077227704227,126.97456243689989,37.54961505521262,149.27512149,75.39143757,271.33331711,124,미지정,1
282471,1117000000000001200,동자동 20-6 도,도,국유지,601.9174062708626,126.97488267543554,37.55004814861978,116.14660244,82.93680952,294.38547975,124,미지정,1
282472,1117000000000001201,동자동 21-17도,도,국유지,41.7020997274667,126.97455527249923,37.549761725932896,133.36070586,64.69680528,284.32480461,124,미지정,1
282473,1117000000000001202,동자동 1-29도,도,국유지,26.81775912363082,126.97654968994941,37.55326550411411,217.50209568,201.34930404,611.80075038,124,미지정,1
282474,1117000000000001203,동자동 1-47도,도,국유지,21.428713798872195,126.97659037574371,37.5533100985507,221.18544197,206.63298674,502.38058154,124,미지정,1
282475,1117000000000001204,동자동 14-133도,도,국유지,120.31489702756517,126.97207451158206,37.55000237697167,210.37089013,165.55404394,467.81049232,124,미지정,1
282476,1117000000000001205,동자동 14-184도,도,국유지,40.1327256411314,126.97208800000001,37.550056,206.49649636,164.14343653,470.0137471,124,미지정,1
282477,1117000000000001206,동자동 14-161도,도,국유지,29.633682092186064,126.9720932186552,37.550079490319376,204.88711885,163.65360194,471.05130503,124,미지정,1
282478,1117000000000001207,동자동 14-178도,도,국유지,487.88558347831713,126.97221785520107,37.55061567173911,174.67521071,163.64788081,497.60943537,124,미지정,1
282479,1117000000000001208,동자동 55-1 도,도,국유지,59.49262387305498,126.97228083547644,37.55046338048137,173.39363714,152.98225499,482.62494648,124,미지정,1
282480,1117000000000001209,동자동 38-2도,도,국유지,811.6934126205742,126.97271086915008,37.550339432046705,143.15928807,112.69721772,444.52530033,124,미지정,1
282481,1117000000000001210,동자동 61 도,도,국유지,712.7257972049993,126.97282060496205,37.55042710113777,130.18937199,106.42231755,443.61909788,124,미지정,1
282482,1117000000000001211,동자동 22-8도,도,국유지,37.87231534940656,126.97443551745869,37.5495504750313,154.05900416,73.3736354,273.45383362,124,미지정,1
282483,1117000000000001212,동자동 23-9도,도,국유지,49.39099668728886,126.9744439887146,37.55025609269922,78.00137669,48.03665206,334.49964075,124,미지정,1
282484,1117000000000001213,동자동 23-25도,도,국유지,45.41402499860851,126.97412927095706,37.55022968912644,76.73665063,22.93539503,348.4245307,124,미지정,1
282485,1117000000000001214,동자동 19-4도,도,국유지,2189.323662062583,126.97431817984828,37.550379085841264,61.7781343,46.46406708,352.03216178,124,미지정,1
282486,1117000000000001215,동자동 19-53도,도,국유지,291.4155197516666,126.97451457034684,37.55078570653071,34.96259504,92.719155,381.74652099,124,미지정,1
282487,1117000000000001216,동자동 20-2도,도,국유지,97.40875717811286,126.97501192371459,37.55035771418982,98.03367524,99.03668826,319.555353,124,미지정,1
282488,1117000000000001217,동자동 1-31도,도,국유지,14.65683642635122,126.97656792204754,37.55331556116873,222.33248216,205.07573972,504.43278198,124,미지정,1
282489,1117000000000001218,후암동 1-46 도,도,국유지,64.16746689152205,126.9766105936115,37.55443386415508,303.07152396,282.91006399,565.82863799,75,미지정,0
282490,1117000000000001219,동자동 22-10도,도,국유지,1934.899457178486,126.9738532637745,37.54963866590639,144.80455526,50.08994408,317.27629577,124,미지정,1
282491,1117000000000001220,동자동 14-198도,도,국유지,51.222287295386195,126.97310652303915,37.5542291822069,94.29477618,51.34525019,780.63758366,124,미지정,1
282492,1117000000000001221,동자동 14-199도,도,국유지,57.30277492618188,126.97331417981634,37.5541137641052,75.68051314,35.31870706,761.77989817,124,미지정,1
282493,1117000000000001222,후암동 1-52 도,도,국유지,401.3072105922038,126.97651525084314,37.55384996935484,252.0731018,232.3130078,536.57026868,75,미지정,0
282494,1117000000000001223,동자동 14-143도,도,국유지,148.75225222640438,126.97205687149734,37.549913901210964,216.63405066,167.92946175,463.97670991,124,미지정,1
282495,1117000000000001224,동자동 14-127도,도,국유지,328.42179544991814,126.97213180980894,37.55019980394089,196.03882442,160.75717686,475.69985745,124,미지정,1
282496,1117000000000001225,동자동 14-114도,도,국유지,73.49293899443,126.97219036126867,37.55042481626299,182.29966195,159.61527193,486.27882537,124,미지정,1
282497,1117000000000001226,동자동 55 도,도,국유지,93.9073329489911,126.97235329691907,37.550453904003476,167.60371605,146.53887846,476.97334386,124,미지정,1
282498,1117000000000001227,동자동 37-103도,도,국유지,267.7769088689238,126.97293770095467,37.5500941074119,141.5200939,89.03607449,411.71075054,124,미지정,1
282499,1117000000000001228,동자동 1-34 도,도,국유지,26.121383571182378,126.97649258563294,37.553400918966275,233.35399018,203.27691692,514.54216582,124,미지정,1
282500,1117000000000001229,동자동 1-35도,도,국유지,57.337578125530854,126.97648823977306,37.55346805861057,240.57753744,206.51964593,518.19987632,124,미지정,1
282501,1117000000000001230,동자동 1-32 도,도,국유지,23.056656805914827,126.97647001283137,37.55335889040123,229.53990977,199.36456502,622.2490487,124,미지정,1
282502,1117000000000001231,동자동 1-30도,도,국유지,59.333489538985305,126.97647957966939,37.5532953839394,222.59252877,197.04862811,615.18726274,124,미지정,1
282503,1117000000000001232,동자동 1-1도,도,국유지,88.83365565445274,126.97650385548687,37.553178980293666,209.68540064,193.96436537,602.23755307,124,미지정,1
282504,1117000000000001233,동자동 1-2도,도,국유지,17.731425588193815,126.97653491187316,37.55311628890118,202.21075563,194.15397176,595.24993382,124,미지정,1
282505,1117000000000001234,후암동 1-45 도,도,국유지,25.49343248398509,126.97659194127078,37.55434284971469,294.90902911,274.38334655,561.13828515,75,미지정,0
282506,1117000000000001235,후암동 1-44 도,도,국유지,52.67376412131125,126.97659004021598,37.55420060584621,281.21103091,263.02303531,552.12680171,75,미지정,0
282507,1117000000000001236,동자동 1-33도,도,국유지,112.13037862174679,126.9765377329631,37.55339343126193,231.37727834,206.43605491,510.59400995,124,미지정,1
282508,1117000000000001237,동자동 44-4도,도,국유지,52.738703679293394,126.96917348358903,37.552500707856794,137.57126112,129.89357423,761.59320018,124,미지정,1
282509,1117000000000001238,동자동 19-73도,도,국유지,51.40018534223782,126.97455480926033,37.55223999729696,107.03621213,35.22474353,528.39254753,124,미지정,1
282510,1117000000000001239,동자동 35-59도,도,국유지,78.13510513614165,126.97459238780802,37.552097369294174,136.13954856,51.38989357,512.36671759,124,미지정,1
282511,1117000000000001240,동자동 44-3 도,도,국유지,1039.7918138229288,126.96922646877945,37.55262412129345,129.39130452,115.69095008,775.04165241,124,미지정,1
282513,1117000000000001242,동자동 14-52도,도,국유지,2442.941445416829,126.97298645023773,37.55403294550036,81.38249663,74.45680198,764.93656768,124,미지정,1
282514,1117000000000001243,동자동 43-207도,도,국유지,6816.394676627067,126.97247721849007,37.55332017834989,97.24889225,3.30352699,715.17157916,124,미지정,1
282515,1117000000000001244,동자동 1-4도,도,국유지,186.5238969186321,126.9764600698074,37.552892981693724,181.60746726,181.09952717,570.56493678,124,미지정,1
282516,1117000000000001245,동자동 1-25도,도,국유지,3380.264723104425,126.97442530037121,37.553602437457954,77.75173642,75.56437055,675.91862637,124,미지정,1
282517,1117000000000001246,동자동 43-216도,도,국유지,99.73741081217304,126.97224764115043,37.55455217812193,167.84999206,50.50227009,845.09202301,124,미지정,1
282518,1117000000000001247,동자동 1-26 도,도,국유지,243.49874243489467,126.97362013714752,37.55318316785817,31.28366371,31.29810142,656.04462573,124,미지정,1
282519,1117000000000001248,동자동 12-1도,도,국유지,865.0779117653146,126.97379029913994,37.55360632037357,25.70447392,23.85469998,694.01335256,124,미지정,1
282520,1117000000000001249,동자동 48 도,도,국유지,301.94895543786697,126.97402830220696,37.5531290018784,55.2133671,53.81547584,637.02589326,124,미지정,1
282521,1117000000000001250,동자동 1-56 도,도,국유지,1381.8302257536561,126.97456299108316,37.553174245513034,93.90007693,70.1702173,626.88715662,124,미지정,1
282522,1117000000000001251,동자동 1-24도,도,국유지,205.9663987935637,126.97442569422815,37.55301445089631,90.91897514,51.88089377,613.4874346,124,미지정,1
282523,1117000000000001252,동자동 43-213도,도,국유지,500.198581547942,126.9704051112059,37.54842970255556,369.57104743,227.90316796,548.28331,124,미지정,1
282524,1117000000000001253,동자동 43-202도,도,국유지,38.325828520581126,126.97228241585634,37.554598208418625,169.50413567,54.95196674,848.28665194,124,미지정,1
282525,1117000000000001254,동자동 12-3도,도,국유지,418.14070982823614,126.97319025935741,37.55214051982111,30.90673681,49.52425671,570.44003199,124,미지정,1
282526,1117000000000001255,동자동 12-4도,도,국유지,135.63045744545525,126.97354260079301,37.55219920512913,26.34679969,18.64836377,560.59366416,124,미지정,1
282527,1117000000000001256,동자동 1-27도,도,국유지,11.896133715927135,126.97320774251166,37.55321840368233,41.41191863,24.48125394,674.78011093,124,미지정,1
282528,1117000000000001257,동자동 14-149도,도,국유지,59.38748086174019,126.9728354740594,37.55324074386922,68.82551336,19.66712819,691.99836881,124,미지정,1
282529,1117000000000001258,동자동 47 도,도,국유지,17.540158717427403,126.97295799301091,37.55324127695462,58.80956349,13.86445299,686.98021043,124,미지정,1
282530,1117000000000001259,동자동 14-56 도,도,국유지,23.0713990838849,126.97306466014878,37.5532335424017,50.81000938,15.4550051,681.90918217,124,미지정,1
282531,1117000000000001260,동자동 14-67도,도,국유지,369.377685606305,126.97286643500868,37.55334184259505,62.99861282,11.80718375,700.62023058,124,미지정,1
282532,1117000000000001261,동자동 12-2도,도,국유지,47.417682624422014,126.97301153605653,37.55331419913822,51.42772943,5.46258143,692.01621996,124,미지정,1
282533,1117000000000001262,동자동 14-147도,도,국유지,18.079544376349077,126.97298041958231,37.553321990235965,53.78682109,4.70868891,694.03337489,124,미지정,1
282534,1117000000000001263,동자동 14-148도,도,국유지,16.152404263382778,126.97303755960331,37.55338164055859,47.30006754,4.14089085,697.67504071,124,미지정,1
282535,1117000000000001264,동자동 14-146도,도,국유지,1844.5716168488725,126.97303434020704,37.55364027527343,50.79023162,31.03882544,723.61618918,124,미지정,1
282536,1117000000000001265,동자동 14-83도,도,국유지,63.197395673487335,126.97285163966481,37.55343670111732,62.95249993,15.32341202,710.55978547,124,미지정,1
282537,1117000000000001266,동자동 14-53도,도,국유지,137.94184825848788,126.9730712080623,37.55392346827343,67.24317597,62.63822097,750.7820884,124,미지정,1
282538,1117000000000001267,동자동 43-242 도,도,국유지,44.77421743120067,126.97245287394591,37.55413163070858,123.13747098,87.51282785,795.26315043,124,미지정,1
282539,1117000000000001268,동자동 43-240 도,도,국유지,62.91710780910216,126.97230182539687,37.554421984256884,154.25084652,53.57466421,830.03625374,124,미지정,1
282540,1117000000000001269,동자동 43-67 도,도,국유지,152.42091773962602,126.97232345722342,37.554473079000985,156.88268593,55.6384309,834.23993219,124,미지정,1
282541,1117000000000001270,동자동 14-200도,도,국유지,1140.293388755992,126.9726080485248,37.55285600115678,84.34407213,55.00542414,665.02820514,124,미지정,1
282542,1117000000000001271,동자동 14-164도,도,국유지,237.3205114575103,126.97274609771955,37.55288825644841,77.68171758,55.0744335,661.79987284,124,미지정,1
282543,1117000000000001272,동자동 14-140도,도,국유지,32.23634891258553,126.97276897839976,37.55298386730555,84.36686098,46.59220474,669.95067889,124,미지정,1
282544,1117000000000001273,동자동 14-151도,도,국유지,338.55474666133523,126.97280134628193,37.55311350196498,77.62161947,32.59324323,681.0620433,124,미지정,1
282545,1117000000000001274,동자동 62 도,도,국유지,86.11526713334024,126.97335345179657,37.55041598248011,90.45141966,63.96819769,408.9501574,124,미지정,1
282546,1117000000000001275,동자동 54 도,도,국유지,677.6452631402644,126.97324092348649,37.5507624651697,82.84202975,97.69028586,444.04343274,124,미지정,1
282547,1117000000000001276,동자동 60 도,도,국유지,283.7900443604449,126.97321092642957,37.550807790313094,84.54345272,103.26309758,449.57633315,124,미지정,1
282548,1117000000000001277,서계동 100-34도,도,국유지,55.2162303137593,126.9685800433689,37.5508557598283,213.11788631,91.74823857,594.44935469,159,미지정,1
282549,1117000000000001278,서계동 104-1도,도,국유지,63.33231283072382,126.96815328496585,37.55048747428055,157.51305659,108.03737073,539.14747345,159,미지정,1
282550,1117000000000001279,서계동 107-5 도,도,국유지,67.10803790856153,126.967985108854,37.55062264766777,160.29355262,126.01626476,538.16136802,159,미지정,1
282551,1117000000000001280,서계동 115-5도,도,국유지,66.25501498032827,126.96897939816938,37.55036059087657,205.55548472,33.69159339,587.98775035,159,미지정,1
282552,1117000000000001281,서계동 129-6도,도,국유지,48.31201366969617,126.9690409362566,37.55051634439708,219.32233233,36.2907983,602.50056353,159,미지정,1
282553,1117000000000001282,서계동 129-7도,도,국유지,81.13777781405952,126.96869997193683,37.55056658745317,198.43575846,64.69721789,581.93533737,159,미지정,1
282554,1117000000000001283,서계동 129-8도,도,국유지,34.85603282810189,126.96849164743945,37.55051716901144,180.92553924,79.77827685,564.15528319,159,미지정,1
282555,1117000000000001284,서계동 129-11도,도,국유지,87.72346628451487,126.96925996226732,37.55061180358507,241.31531114,35.06575425,624.37949691,159,미지정,1
282556,1117000000000001285,서계동 238-25 도,도,국유지,11.106739704497159,126.96570399838116,37.552604794701985,157.15367938,196.26521297,618.42014766,159,미지정,1
282557,1117000000000001286,서계동 33-155도,도,국유지,31.755989258002955,126.96617620249124,37.552488969991764,167.9044565,217.82129144,620.6095891,159,미지정,1
282558,1117000000000001287,서계동 238-57도,도,국유지,23.037185871973634,126.96589681041576,37.552954713849864,116.27085573,237.0337799,660.63297418,159,미지정,1
282559,1117000000000001288,서계동 238-60 도,도,국유지,88.93708289111964,126.96572742596165,37.552789772858425,136.59970701,213.39205252,638.60192711,159,미지정,1
282560,1117000000000001289,서계동 238-77 도,도,국유지,165.55157369561493,126.96563052125234,37.55267947043433,150.39153589,198.4760116,624.36055174,159,미지정,1
282561,1117000000000001290,서계동 239-17 도,도,국유지,210.88251400151057,126.9656468805023,37.55204701983491,219.0361529,151.04721489,558.16224394,159,미지정,1
282562,1117000000000001291,서계동 239-18도,도,국유지,45.60895925271325,126.96571512805075,37.55221703666272,199.48774386,167.14455407,577.96365021,159,미지정,1
282563,1117000000000001292,서계동 240-1 도,도,국유지,15.691615887917578,126.96540577520835,37.55280196645833,143.57273812,198.290303,631.90294561,159,미지정,1
282564,1117000000000001293,서계동 266-9도,도,국유지,32.36006022291258,126.96366657367275,37.55036590225792,321.85781725,112.96253453,339.90729275,159,미지정,1
282565,1117000000000001294,서계동 268도,도,국유지,69.68769153987523,126.96360117151033,37.55029710060283,313.20908311,122.38929794,332.13678993,159,미지정,1
282566,1117000000000001295,서계동 266-10도,도,국유지,190.88487999589415,126.96368239937318,37.55028098692391,312.95111264,120.89157486,330.5364693,159,미지정,1
282567,1117000000000001296,서계동 266-12도,도,국유지,270.24337678059237,126.96360240689663,37.55015112232725,297.36179865,136.93488158,315.93870073,159,미지정,1
282568,1117000000000001297,서계동 259-6도,도,국유지,13.622761119157076,126.96362894384448,37.549964356731465,277.64586994,155.24313553,295.26331367,159,미지정,1
282569,1117000000000001298,서계동 267-144도,도,국유지,33.517335356911644,126.96338853572296,37.55036620946109,317.66906043,125.8509669,340.04575064,159,미지정,1
282570,1117000000000001299,서계동 260-34도,도,국유지,48.56179828173481,126.96373615274828,37.5509430239658,385.85290037,57.75114056,404.14520085,159,미지정,1
282571,1117000000000001300,서계동 266-29도,도,국유지,73.92886574729346,126.96361095314852,37.55092534120457,381.96601077,67.73385042,401.86907609,159,미지정,1
282572,1117000000000001301,서계동 260-44도,도,국유지,52.67125991452485,126.96391623675635,37.55077516115817,308.86036717,62.47130145,386.5600212,159,미지정,1
282573,1117000000000001302,서계동 266-5도,도,국유지,1176.6516079789726,126.96343457942069,37.55108300146837,397.10571743,74.16667545,419.43505111,159,미지정,1
282574,1117000000000001303,서계동 0-20 도,도,국유지,20.698735061800107,126.96383864731898,37.550784423280426,370.49624561,65.00956373,387.0625313,159,미지정,1
282575,1117000000000001304,서계동 260-47도,도,국유지,11.872008225182071,126.96383055170043,37.55075753077241,367.42714973,67.91226444,384.03675418,159,미지정,1
282576,1117000000000001305,서계동 260-28 도,도,국유지,17.403425273718312,126.96378283159574,37.550762524560916,367.05397618,69.78523611,384.33509001,159,미지정,1
282577,1117000000000001306,서계동 260-26도,도,국유지,63.7881614677608,126.96376811423738,37.55066833051456,356.56192526,79.23370534,373.82572532,159,미지정,1
282578,1117000000000001307,서계동 269도,도,국유지,85.19798657030333,126.9638478789187,37.55062653651051,353.62475956,79.9369144,369.63898602,159,미지정,1
282579,1117000000000001308,서계동 267-136 도,도,국유지,32.46288416208699,126.96329636963743,37.55067818585096,351.11755901,106.44709329,375.03254574,159,미지정,1
282580,1117000000000001309,서계동 260-40 도,도,국유지,41.7353292197804,126.96316117561587,37.551727257862375,357.23028369,107.51128891,491.99232004,159,미지정,1
282581,1117000000000001310,서계동 259-7도,도,국유지,209.41000328655355,126.96416361020047,37.55078208917198,290.34052606,55.24946301,389.79211154,159,미지정,1
282582,1117000000000001311,서계동 260-41도,도,국유지,13.818599080201238,126.96311337142181,37.55178412408328,355.85205402,114.24517845,498.59357551,159,미지정,1
282583,1117000000000001312,서계동 266-46도,도,국유지,10.89601791545283,126.9630839453945,37.55168250345034,365.5739205,111.4965933,487.55842881,159,미지정,1
282584,1117000000000001313,서계동 266-3 도,도,국유지,37.635858258698136,126.96307476469056,37.55175964147666,360.19630276,115.94290793,496.15766223,159,미지정,1
282585,1117000000000001314,서계동 266-45도,도,국유지,63.99821682670154,126.96305477725844,37.55162989543585,371.51818863,111.67589205,481.96445054,159,미지정,1
282586,1117000000000001315,서계동 266-33도,도,국유지,217.5636267696973,126.96321944088325,37.55124401876769,413.14821769,90.07644056,438.13391984,159,미지정,1
282587,1117000000000001316,서계동 267-139도,도,국유지,82.9859160988708,126.9630120224152,37.55108299251509,394.4568696,110.43872191,421.94865328,159,미지정,1
282588,1117000000000001317,서계동 266-63도,도,국유지,43.804900949355215,126.96242134616962,37.55139358685026,430.94792698,161.05487124,464.51046708,159,미지정,1
282589,1117000000000001318,서계동 265-25도,도,국유지,14.014718598686159,126.96301702962444,37.551812072544905,359.96257742,123.18979595,502.40385478,159,미지정,1
282590,1117000000000001319,서계동 266-42도,도,국유지,26.323069923208095,126.96302795050919,37.55154781445603,379.66672109,111.08957048,473.11442401,159,미지정,1
282591,1117000000000001320,서계동 266-67도,도,국유지,14.35804431932047,126.96265788592898,37.551535439207655,445.10013898,142.55679712,476.02190861,159,미지정,1
282592,1117000000000001321,서계동 266-40도,도,국유지,21.875450352556072,126.96300680960923,37.551511735858924,383.84073645,111.88667458,469.31417205,159,미지정,1
282593,1117000000000001322,서계동 265-7도,도,국유지,408.92633044952527,126.96348062685469,37.552210254524816,299.9582708,123.38035074,544.46407102,159,미지정,1
282594,1117000000000001323,서계동 266-53도,도,국유지,673.0578468167223,126.96267333417116,37.55160467387708,452.71123801,142.98273405,483.3839879,159,미지정,1
282595,1117000000000001324,서계동 240-27도,도,국유지,28.627453196502756,126.96430275014272,37.55255218082677,221.23211274,141.71747745,586.23290898,159,미지정,1
282596,1117000000000001325,서계동 243-33 도,도,국유지,115.1126808654517,126.96413133324818,37.55275195467519,217.18531101,164.04543945,606.78205649,159,미지정,1
282597,1117000000000001326,서계동 243-20도,도,국유지,231.36193072749302,126.96449443856416,37.55310681624349,167.66863539,204.41963038,649.39803066,159,미지정,1
282598,1117000000000001327,서계동 243-25도,도,국유지,66.68921396927908,126.9643173925245,37.55292552791666,192.29431509,183.17338185,627.55548206,159,미지정,1
282599,1117000000000001328,서계동 240-42도,도,국유지,15.838808741653338,126.96479983157896,37.55236351351909,211.28278773,130.47627289,572.30927125,159,미지정,1
282600,1117000000000001329,서계동 240-43 도,도,국유지,91.82533464045264,126.96538449407242,37.55276590074407,147.99064508,193.89416006,627.5489992,159,미지정,1
282601,1117000000000001330,서계동 240-48도,도,국유지,12.038425891892985,126.96428322416835,37.55257978031229,220.22569629,144.72032762,589.08226508,159,미지정,1
282602,1117000000000001331,서계동 240-50도,도,국유지,13.151575793512166,126.96452468965948,37.55249324832215,213.28787209,137.41642846,582.32993838,159,미지정,1
282603,1117000000000001332,서계동 240-52도,도,국유지,26.45027335989289,126.96473738956865,37.55243945748362,207.0805511,136.42499945,579.55096895,159,미지정,1
282604,1117000000000001333,서계동 240-53도,도,국유지,15.750515945255756,126.96435482731427,37.552464349937736,225.35311966,132.2572647,577.10313122,159,미지정,1
282605,1117000000000001334,서계동 240-57도,도,국유지,56.906934759463184,126.9646949491311,37.55230713094926,221.46167028,121.32078882,564.42799283,159,미지정,1
282606,1117000000000001335,서계동 240-62도,도,국유지,24.331965523946565,126.96477566794302,37.552268658739756,221.44224045,119.94517632,561.56731776,159,미지정,1
282607,1117000000000001336,서계동 240-64도,도,국유지,45.618714364187326,126.96474035776987,37.55233856243505,216.37931464,125.97317164,568.59218181,159,미지정,1
282608,1117000000000001337,서계동 240-65도,도,국유지,20.79150923632551,126.96437074119494,37.55231699323898,237.07064244,116.09300089,561.0599582,159,미지정,1
282609,1117000000000001338,서계동 242-14도,도,국유지,112.86214654939249,126.96481758124783,37.552584203163015,189.79044198,153.92585225,596.65098763,159,미지정,1
282610,1117000000000001339,서계동 242-31도,도,국유지,338.9042365445057,126.96492525069078,37.55282979837852,162.08201093,182.79649862,625.22859252,159,미지정,1
282611,1117000000000001340,서계동 243-8 도,도,국유지,11.459747837856412,126.96469000813006,37.55299240094138,162.48298516,194.60403156,639.31713175,159,미지정,1
282612,1117000000000001341,서계동 244-21 도,도,국유지,15.181741694454104,126.96418516537466,37.55219641343669,257.76465563,102.22268102,545.84851448,159,미지정,1
282613,1117000000000001342,서계동 245-37 도,도,국유지,75.42854595393874,126.96419806743813,37.55181593097992,291.09425579,59.99088373,503.99627736,159,미지정,1
282614,1117000000000001343,서계동 245-38 도,도,국유지,22.096029599779285,126.96411245761207,37.55181552596538,295.39882985,60.86163628,503.13998246,159,미지정,1
282615,1117000000000001344,서계동 245-41 도,도,국유지,11.59233142901212,126.96422099999998,37.551774,293.87039324,55.2536061,499.61207879,159,미지정,1
282616,1117000000000001345,서계동 251-77도,도,국유지,678.1455690675648,126.9650788843117,37.5507506585389,222.83175904,94.47442494,405.78022784,159,미지정,1
282617,1117000000000001346,서계동 256-8도,도,국유지,104.51837439002702,126.9641575554096,37.550991357761724,303.48288699,32.41964004,412.73030166,159,미지정,1
282618,1117000000000001347,서계동 277-4도,도,국유지,127.87491078540916,126.96412368738736,37.5509624745689,304.1297829,36.27134443,409.16710648,159,미지정,1
282619,1117000000000001348,서계동 251-98도,도,국유지,247.90914361842442,126.96451836177752,37.55084932408927,268.37368194,53.47919754,402.70274919,159,미지정,1
282620,1117000000000001349,서계동 278도,도,국유지,125.93834173597861,126.96444946426816,37.55072128739972,265.34785685,64.37687127,387.52995385,159,미지정,1
282621,1117000000000001350,서계동 266-62도,도,국유지,32.50181389087811,126.96238728585797,37.55140257342587,432.24902667,164.13705752,466.1355895,159,미지정,1
282622,1117000000000001351,서계동 258-15 도,도,국유지,47.87990298261866,126.96416579994536,37.55138606418135,333.23004032,13.7470744,456.28168794,159,미지정,1
282623,1117000000000001352,서계동 277도,도,국유지,320.6919966872083,126.96427994641019,37.55167896341885,300.06773633,44.83872525,489.80616266,159,미지정,1
282624,1117000000000001353,서계동 245-55 도,도,국유지,118.39002272253856,126.96421024305185,37.551646333457604,306.36149858,41.13691199,485.43135366,159,미지정,1
282625,1117000000000001354,서계동 256-1도,도,국유지,32.173383506247774,126.964158567444,37.551149317939334,313.78665038,15.74960213,430.12745234,159,미지정,1
282626,1117000000000001355,서계동 265-20도,도,국유지,130.6140942107886,126.96334402893325,37.552186465597934,310.81737919,128.23280803,542.08287969,159,미지정,1
282627,1117000000000001356,서계동 265-21도,도,국유지,125.09752768557519,126.96323541910026,37.55209851488899,324.4524999,127.18206556,532.73148089,159,미지정,1
282628,1117000000000001357,서계동 265-22도,도,국유지,75.64413202297874,126.96314540920092,37.55204289692727,334.50979459,128.68317027,527.03835628,159,미지정,1
282629,1117000000000001358,서계동 265-3도,도,국유지,319.8229902293533,126.96311158086095,37.55194325427392,344.0174164,124.04047611,516.21707089,159,미지정,1
282630,1117000000000001359,서계동 270도,도,국유지,1141.7257497920655,126.96300191106815,37.55183664742661,359.12399988,125.68837502,505.24458912,159,미지정,1
282631,1117000000000001360,서계동 265-19도,도,국유지,36.40475243225228,126.96342734024782,37.55227055845906,299.17613148,131.55765078,551.22461524,159,미지정,1
282632,1117000000000001361,서계동 282도,도,국유지,320.0313734188094,126.96411381227013,37.55252324218556,235.26867728,138.82449228,581.35866221,159,미지정,1
282633,1117000000000001362,서계동 265-16도,도,국유지,61.21708323364146,126.96372651052015,37.55250557649792,262.1858037,143.72120731,577.43807907,159,미지정,1
282634,1117000000000001363,서계동 265-9도,도,국유지,124.31244031299138,126.9636352144294,37.552389150329375,276.64447336,134.50365045,564.3483428,159,미지정,1
282635,1117000000000001364,서계동 237-36도,도,국유지,420.04118255572394,126.96487401991986,37.55341135416764,120.88696671,243.53346695,687.85949169,159,미지정,1
282636,1117000000000001365,서계동 243-39 도,도,국유지,68.17974403547123,126.96473214636073,37.55310744665804,151.1614785,207.86763317,652.51655109,159,미지정,1
282637,1117000000000001366,서계동 243-38도,도,국유지,40.37644941639155,126.96406585438426,37.552853627520044,214.82535975,175.7185515,617.5668332,159,미지정,1
282638,1117000000000001367,서계동 263-12 도,도,국유지,42.696141272899695,126.96379128946059,37.5523494973393,269.22529054,125.47706973,560.31626596,159,미지정,1
282639,1117000000000001368,서계동 265-15도,도,국유지,401.0591045562178,126.96385397942241,37.55254523011118,250.6998928,144.86103418,582.2587235,159,미지정,1
282641,1117000000000001370,서계동 265-17도,도,국유지,56.99998979154043,126.96367503911448,37.55246310983024,268.68986369,140.79687947,572.61654288,159,미지정,1
282642,1117000000000001371,서계동 274도,도,국유지,72.19162339583272,126.9637154633429,37.55234357240865,274.61948548,127.13041027,559.43750795,159,미지정,1
282643,1117000000000001372,서계동 265-18도,도,국유지,53.19977811630815,126.96352166866379,37.552346975143635,287.34508681,134.63433166,559.61316051,159,미지정,1
282644,1117000000000001373,서계동 279-1 도,도,국유지,287.205309069599,126.96443530480336,37.55281760462126,192.17131624,171.94697555,616.89364169,159,미지정,1
282645,1117000000000001374,서계동 104-2도,도,국유지,127.61083352658898,126.96777218554101,37.55052972557609,141.57467339,142.00574798,517.41111978,159,미지정,1
282646,1117000000000001375,서계동 33-61도,도,국유지,4445.711276937567,126.96698837270237,37.551868213559096,217.37972092,219.3933197,590.89802465,159,미지정,1
282647,1117000000000001376,서계동 115-3도,도,국유지,124.58077631308697,126.96843344799576,37.55030455931245,161.90471488,81.36326267,545.4648745,159,미지정,1
282648,1117000000000001377,서계동 115-1도,도,국유지,141.5676720966585,126.96872596922876,37.550193190943,176.90433411,56.88199277,558.98206281,159,미지정,1
282649,1117000000000001378,서계동 115-2도,도,국유지,109.10912360437214,126.96807960865922,37.55039209513109,145.28637821,113.04558893,527.3066932,159,미지정,1
282650,1117000000000001379,서계동 110 도,도,국유지,41.544769179075956,126.96793717087658,37.5504885853006,145.66358989,126.86592663,524.95161745,159,미지정,1
282651,1117000000000001380,서계동 106-2도,도,국유지,97.95769709540764,126.96798175457216,37.5505874813109,156.90209951,125.2671354,535.28119575,159,미지정,1
282652,1117000000000001381,서계동 130-3도,도,국유지,35.140294841257855,126.96932863484977,37.5508721162899,263.00618324,62.99471589,646.57472023,159,미지정,1
282653,1117000000000001382,서계동 33-163도,도,국유지,13.318328518187627,126.96580913942074,37.55230878890526,188.376637,180.01389679,590.34413825,159,미지정,1
282654,1117000000000001383,서계동 56-1도,도,국유지,307.8151564326836,126.96891378264725,37.55163313181568,217.00138832,152.46830854,675.23074022,159,미지정,1
282655,1117000000000001384,서계동 50-1도,도,국유지,174.19296742300503,126.96913735543168,37.552166250185316,168.13178508,167.09897124,731.72674574,159,미지정,1
282656,1117000000000001385,서계동 50-6도,도,국유지,72.40755919646472,126.96888005275632,37.55213777631044,162.41452186,164.61315644,714.18774795,159,미지정,1
282657,1117000000000001386,서계동 33-176도,도,국유지,435.0152217881987,126.96704175720689,37.551912985638936,210.66594003,212.68714532,597.5890021,159,미지정,1
282658,1117000000000001387,서계동 279 도,도,국유지,2665.0164126013406,126.96504603904405,37.55339062589444,109.7767203,245.28174682,688.36175696,159,미지정,1
282659,1117000000000001388,서계동 281도,도,국유지,1866.2081636862713,126.96583690712679,37.55276310655991,137.99341138,217.23427076,638.78382728,159,미지정,1
282660,1117000000000001389,서계동 285도,도,국유지,158.99533485830761,126.9659494857822,37.552703291851735,143.76661418,218.98365447,635.74832954,159,미지정,1
282661,1117000000000001390,서계동 233-13도,도,국유지,90.44076506607234,126.96612158908046,37.554236858219475,27.87721341,207.09162592,802.37421956,159,미지정,1
282662,1117000000000001391,서계동 233-17도,도,국유지,60.29392230405938,126.96583979847107,37.55416681565821,25.08849692,227.94561089,788.14931688,159,미지정,1
282663,1117000000000001392,서계동 280 도,도,국유지,309.6541396728717,126.96583526702452,37.55398015414337,17.08155549,222.96267122,768.04316496,159,미지정,1
282664,1117000000000001393,서계동 280-1 도,도,국유지,19.516120545566082,126.96564788936347,37.55409216750419,35.15365866,241.96251552,775.90919634,159,미지정,1
282665,1117000000000001394,서계동 238-56도,도,국유지,41.64641243981896,126.96627910275129,37.55292210746105,121.37097917,191.5015508,668.65488566,159,미지정,1
282666,1117000000000001395,서계동 239-20도,도,국유지,54.49400684639113,126.96625161486544,37.552775281502136,137.05127083,200.17970773,652.5929838,159,미지정,1
282667,1117000000000001396,서계동 295 도,도,국유지,87.94481554348022,126.9667491523836,37.55425618269677,69.9562224,157.97094579,821.85607414,159,미지정,1
282668,1117000000000001397,서계동 218-4 도,도,국유지,177.39468032261357,126.96675584597031,37.55442719964803,80.13331941,167.75391393,839.89920499,159,미지정,1
282669,1117000000000001398,서계동 233-1 도,도,국유지,215.10293743794318,126.96655692965861,37.55434668724402,60.78161529,177.7026185,825.65991584,159,미지정,1
282670,1117000000000001399,서계동 233-8 도,도,국유지,262.5890102736885,126.96626877104069,37.55425124298331,35.35895366,195.69929145,807.68658096,159,미지정,1
282671,1117000000000001400,서계동 293도,도,국유지,137.18142780067865,126.96649378854497,37.55414651514395,44.42064015,172.85003366,802.83312135,159,미지정,1
282672,1117000000000001401,서계동 233-7도,도,국유지,39.24784393829759,126.96636482675328,37.554329420956186,47.42408096,191.7194072,818.51782228,159,미지정,1
282673,1117000000000001402,서계동 33-97도,도,국유지,27.308336296817288,126.96678658412638,37.55262400736218,166.51229514,168.4010428,656.22341579,159,미지정,1
282674,1117000000000001403,서계동 33-131도,도,국유지,349.64960710529704,126.96669585370151,37.55247239105333,179.24076115,185.19506352,637.58406631,159,미지정,1
282675,1117000000000001404,서계동 246-101 도,도,국유지,10.905747765209526,126.96462883303354,37.552191452038365,235.44937347,107.27645546,550.75706779,159,미지정,1
282676,1117000000000001405,서계동 218-1 도,도,국유지,597.9016371858888,126.96711610022719,37.55432088793026,102.69085174,135.30068376,840.23777848,159,미지정,1
282677,1117000000000001406,서계동 217-67 도,도,국유지,17.471216740086675,126.96705424436337,37.55451758490037,107.55993139,153.96661957,858.51861263,159,미지정,1
282679,1117000000000001408,서계동 217-73 도,도,국유지,24.40473765321076,126.96737541048824,37.55468529294756,152.34748361,150.41299186,886.3484216,159,미지정,1
282680,1117000000000001409,서계동 217-45 도,도,국유지,488.3300387985073,126.96744680141852,37.55468885454406,149.40671062,147.4247279,889.14162328,159,미지정,1
282681,1117000000000001410,서계동 112-3도,도,국유지,26.637346360599622,126.96815668845115,37.55036926748895,148.15489102,106.0602441,530.87580971,159,미지정,1
282682,1117000000000001411,서계동 217-63도,도,국유지,13.700450412929058,126.9671903171081,37.55455126151276,119.75539889,148.40545648,866.40436572,159,미지정,1
282683,1117000000000001412,서계동 217-69도,도,국유지,187.12315618351568,126.96701456707112,37.554449218110996,100.62901824,151.36765418,850.17673451,159,미지정,1
282684,1117000000000001413,서계동 45-1 도,도,국유지,76.437849634327,126.9678143946198,37.55267354182705,103.8285538,105.98671094,705.30122112,159,미지정,1
282685,1117000000000001414,서계동 45-16도,도,국유지,11.655941753357183,126.96770666666666,37.55264633333333,110.75149717,112.84500948,697.68625513,159,미지정,1
282686,1117000000000001415,서계동 246-122 도,도,국유지,35.74761265562847,126.96546878765433,37.55239162469135,184.90322044,164.77331251,589.63255027,159,미지정,1
282687,1117000000000001416,서계동 299도,도,국유지,437.73350094485795,126.96766795243857,37.55256161709256,120.66349074,122.76863268,687.8962657,159,미지정,1
282688,1117000000000001417,서계동 114-1도,도,국유지,208.40613392321393,126.96834102589075,37.5502540648172,152.01103001,89.70786707,535.57523916,159,미지정,1
282689,1117000000000001418,서계동 33-77도,도,국유지,118.28109674016014,126.96748867418428,37.55230568065172,153.17754013,155.27558205,655.4136475,159,미지정,1
282690,1117000000000001419,서계동 217-4 도,도,국유지,431.2506798901595,126.96857867128304,37.55516368033383,183.44663291,104.05204284,979.14225208,159,미지정,1
282691,1117000000000001420,서계동 217-18도,도,국유지,60.680426463484764,126.96841782246464,37.55522554502357,188.92918371,116.98663925,978.92769721,159,미지정,1
282692,1117000000000001421,서계동 115-10도,도,국유지,12.215344494208694,126.96855072179845,37.55010424193764,158.58162081,74.41120063,540.63467087,159,미지정,1
282693,1117000000000001422,서계동 217-19도,도,국유지,81.2014868883416,126.96832418961354,37.555188344082126,184.51985868,118.15284251,971.59603477,159,미지정,1
282694,1117000000000001423,서계동 217-20 도,도,국유지,23.629822868853807,126.96819165719027,37.555140497682785,179.44403322,121.39461679,961.75756447,159,미지정,1
282695,1117000000000001424,서계동 217-28 도,도,국유지,481.5369282073807,126.9680036362467,37.5549766846634,163.10861929,121.47820591,938.2507496,159,미지정,1
282696,1117000000000001425,서계동 217-39 도,도,국유지,219.61279811616987,126.9677720866025,37.554842663109085,153.36345318,151.15791016,916.24062915,159,미지정,1
282697,1117000000000001426,서계동 54-13도,도,국유지,43.84379319270374,126.96859341382394,37.55212887536815,157.23312615,159.52749055,696.96439919,159,미지정,1
282698,1117000000000001427,서계동 56-2도,도,국유지,115.67263503721915,126.96811152328056,37.552141146339395,154.58210232,156.91174166,671.58835815,159,미지정,1
282699,1117000000000001428,서계동 54-10도,도,국유지,125.12216484430246,126.96823741398856,37.55203250906617,165.84193401,168.17900835,668.83227345,159,미지정,1
282701,1117000000000001430,서계동 246-125 도,도,국유지,29.76032224483788,126.96535533926513,37.55219268874609,208.89153441,141.74494786,565.60899365,159,미지정,1
282702,1117000000000001431,서계동 115-4도,도,국유지,58.93872435390949,126.9682757159775,37.550142856782315,140.08618615,96.98368029,523.50128758,159,미지정,1
282703,1117000000000001432,서계동 115-6도,도,국유지,69.12402349896729,126.96883829161936,37.55003678216042,178.3523986,54.44149872,557.51420415,159,미지정,1
282704,1117000000000001433,서계동 214-1도,도,국유지,25.96076402324252,126.96900834888551,37.54997306705704,189.94851327,47.85833061,566.45503646,159,미지정,1
282705,1117000000000001434,서계동 78-2도,도,국유지,664.0658304414246,126.96935791274619,37.551431197317996,250.63164687,125.00591173,688.25393708,159,미지정,1
282706,1117000000000001435,서계동 129-10도,도,국유지,69.57410344621167,126.96944471365477,37.551192166290775,278.12010502,98.80018452,676.78586038,159,미지정,1
282707,1117000000000001436,서계동 145-3도,도,국유지,16.84438673313707,126.96954633333333,37.550873,314.41415388,65.29810376,661.94739219,159,미지정,1
282708,1117000000000001437,서계동 129-1도,도,국유지,101.48810841655359,126.9695048862582,37.55085296132908,274.26708736,62.26857704,657.68218498,159,미지정,1
282709,1117000000000001438,서계동 50-9도,도,국유지,43.81430863938294,126.96922066267489,37.55209689722068,178.31504313,173.95462918,731.10107697,159,미지정,1
282710,1117000000000001439,서계동 300도,도,국유지,182.80319437826984,126.96907306483546,37.55241678944356,140.85064667,140.5952651,748.7450011,159,미지정,1
282711,1117000000000001440,서계동 193-4도,도,국유지,73.96934191434411,126.96952173574655,37.54970421415627,227.42301302,68.29288106,591.57567426,159,미지정,1
282712,1117000000000001441,서계동 130-1도,도,국유지,457.1364965974353,126.96944273908878,37.55101388672202,296.57630967,79.07700495,664.21052816,159,미지정,1
282713,1117000000000001442,서계동 50-10도,도,국유지,146.2867073462112,126.96934945674664,37.55188813305622,204.12583075,175.72036938,722.45958006,159,미지정,1
282714,1117000000000001443,서계동 50-11도,도,국유지,26.11208197986707,126.96927421158063,37.551947521815336,195.25299194,182.44827487,722.43954709,159,미지정,1
282715,1117000000000001444,서계동 66-1도,도,국유지,537.7232662047027,126.96924907338031,37.55189674248186,199.37922299,176.91946405,716.86680019,159,미지정,1
282716,1117000000000001445,서계동 182-3도,도,국유지,1630.3255472779274,126.9696324559619,37.55020499550826,250.52918609,26.9729109,626.96369714,159,미지정,1
282717,1117000000000001446,서계동 194-7도,도,국유지,230.93513881787658,126.96938888747093,37.549942614981695,221.16056541,40.32594565,593.70710061,159,미지정,1
282718,1117000000000001447,서계동 247-46 도,도,국유지,39.13138030661503,126.96596939010026,37.55195713546365,226.47411107,170.63462169,559.05981948,159,미지정,1
282719,1117000000000001448,서계동 247-47도,도,국유지,61.237304315087385,126.96600051233187,37.551765788783904,247.66467879,164.94541613,540.60538147,159,미지정,1
282720,1117000000000001449,서계동 115-8도,도,국유지,76.0777338524349,126.96908668886167,37.549928525890586,195.04372408,47.99775785,569.82599734,159,미지정,1
282721,1117000000000001450,서계동 249-11도,도,국유지,24.655842665582895,126.96594723309468,37.55146838106602,244.25502759,152.53245758,508.56312326,159,미지정,1
282722,1117000000000001451,서계동 235-13 도,도,국유지,18.574829223565757,126.96604628282294,37.55324847632876,83.10946932,201.81161193,695.74082268,159,미지정,1
282723,1117000000000001452,서계동 235-15도,도,국유지,20.104736760258675,126.96597916398373,37.55326635626017,81.2201733,207.35681711,695.76543849,159,미지정,1
282724,1117000000000001453,서계동 235-17 도,도,국유지,24.61115185637027,126.96590037298269,37.553295946403665,78.62937432,213.78971489,696.7769658,159,미지정,1
282725,1117000000000001454,서계동 236-31도,도,국유지,20.71272679930553,126.96551164157195,37.55354224005682,68.0148754,275.52058599,713.77322846,159,미지정,1
282726,1117000000000001455,서계동 249-12도,도,국유지,1353.390074484516,126.96578026543754,37.55119800514991,223.24212605,136.55938411,475.13597783,159,미지정,1
282727,1117000000000001456,서계동 249-14도,도,국유지,65.7442381111905,126.96564438539568,37.5513029658636,239.23259073,124.31024627,480.99409221,159,미지정,1
282728,1117000000000001457,서계동 235-20 도,도,국유지,10.101382397348061,126.96594749676373,37.553415378317155,64.95346634,208.31485082,710.67110838,159,미지정,1
282729,1117000000000001458,서계동 235-22도,도,국유지,22.973318751901388,126.96577131312701,37.55335286780505,75.0014991,224.40686848,699.51417259,159,미지정,1
282730,1117000000000001459,서계동 237-22 도,도,국유지,19.668288287241012,126.96559566060002,37.55342550195296,74.03136216,266.9998371,703.092006,159,미지정,1
282731,1117000000000001460,서계동 237-24 도,도,국유지,15.725777078187093,126.96548898877457,37.553510538197685,71.97322244,271.49163306,709.87389828,159,미지정,1
282732,1117000000000001461,서계동 237-33도,도,국유지,18.25598557665944,126.96519132366372,37.55363229223744,84.24727445,274.71572575,717.19443879,159,미지정,1
282733,1117000000000001462,서계동 236-33 도,도,국유지,22.546662057982758,126.96545657010294,37.55358582731623,68.03053551,278.02255729,717.30388373,159,미지정,1
282734,1117000000000001463,서계동 236-4 도,도,국유지,98.26726764533669,126.96549523113772,37.553843596540254,50.01613152,249.94180434,745.92041011,159,미지정,1
282735,1117000000000001464,서계동 236-6도,도,국유지,48.187319811433554,126.96540214426238,37.55377413564669,60.53947982,295.69426988,736.54468484,159,미지정,1
282736,1117000000000001465,서계동 236-9도,도,국유지,54.00790936104022,126.96537230349253,37.553646375522064,69.7591499,281.4936098,722.13411502,159,미지정,1
282737,1117000000000001466,서계동 236-7 도,도,국유지,54.09121355228126,126.96532788091137,37.55372276215514,68.90532176,288.09586901,729.54135644,159,미지정,1
282738,1117000000000001467,서계동 237-29도,도,국유지,23.880396850407124,126.9652383760438,37.55366825954825,78.69697899,279.80362631,721.9545922,159,미지정,1
282739,1117000000000001468,서계동 233-18도,도,국유지,156.63872035988607,126.96588000830623,37.55409792365807,17.16800721,222.33774219,781.69410189,159,미지정,1
282740,1117000000000001469,서계동 236-18도,도,국유지,75.96093337796628,126.9657106757257,37.553992210681464,27.99165271,234.00378871,766.5100544,159,미지정,1
282741,1117000000000001470,서계동 236-1도,도,국유지,57.52349815284833,126.96565402943769,37.55402981942433,33.19043614,239.79672134,769.32402669,159,미지정,1
282742,1117000000000001471,서계동 236-36도,도,국유지,10.670163089875132,126.9656242156863,37.553900705882356,37.19909932,239.60494593,754.78330432,159,미지정,1
282743,1117000000000001472,서계동 236-3도,도,국유지,64.47191498149186,126.96558792543861,37.55393986368016,39.34963222,243.50935383,758.22890777,159,미지정,1
282744,1117000000000001473,서계동 290-1도,도,국유지,20.16835360787809,126.96616915633354,37.55378811613583,26.36470384,190.10813407,756.03001836,159,미지정,1
282745,1117000000000001474,서계동 232-45 도,도,국유지,14.519440942676738,126.96615683282675,37.553736530226274,31.10360332,190.46932632,750.24701813,159,미지정,1
282746,1117000000000001475,서계동 232-46 도,도,국유지,14.406654562219046,126.96606582368956,37.553732692761514,29.54620465,198.41919635,747.40460358,159,미지정,1
282747,1117000000000001476,서계동 236-59 도,도,국유지,27.675716802943498,126.96599523523507,37.55375298304985,27.24714085,204.86287552,747.72364005,159,미지정,1
282748,1117000000000001477,서계동 235-35 도,도,국유지,12.180454296991229,126.96609811594203,37.55368708695652,34.97489518,195.11305552,743.43604601,159,미지정,1
282749,1117000000000001478,서계동 235-37 도,도,국유지,15.529608808923513,126.96604896158298,37.55369052815494,34.08354247,199.47306298,742.49344143,159,미지정,1
282750,1117000000000001479,서계동 236-2도,도,국유지,15.882589116226882,126.96566362622208,37.553932451373875,32.93576572,236.78140862,759.05292876,159,미지정,1
282751,1117000000000001480,서계동 289도,도,국유지,29.897069458849728,126.96616235017223,37.55362521207151,42.96736524,189.01621889,738.65410347,159,미지정,1
282752,1117000000000001481,서계동 235-33 도,도,국유지,21.546339258551598,126.96622176369294,37.55343564345319,64.64261435,183.98269916,720.41086801,159,미지정,1
282753,1117000000000001482,서계동 288도,도,국유지,97.2479329124908,126.96622247117449,37.55342043334003,66.2878309,184.04149304,718.83719852,159,미지정,1
282754,1117000000000001483,서계동 235-11 도,도,국유지,29.73542933911085,126.96612580491424,37.553220974659176,86.58280287,195.42572772,695.12205268,159,미지정,1
282755,1117000000000001484,서계동 238-93도,도,국유지,47.883750312263146,126.96625558894007,37.55306657893838,105.23096065,188.28644632,682.89791262,159,미지정,1
282756,1117000000000001485,서계동 287도,도,국유지,407.7889608417172,126.96657137253433,37.55305553529901,115.03081469,162.12671879,692.05144988,159,미지정,1
282757,1117000000000001486,서계동 32-6도,도,국유지,85.64675676316256,126.96651603492502,37.552744954444826,145.53017598,180.97222412,658.42936265,159,미지정,1
282758,1117000000000001487,서계동 234-36 도,도,국유지,48.28046020399779,126.96647341451688,37.55377426257702,46.53071036,163.2901823,763.2614605,159,미지정,1
282759,1117000000000001488,서계동 232-43 도,도,국유지,24.743397697340697,126.96632620504691,37.553766012286964,36.81254252,176.02448404,758.08197137,159,미지정,1
282760,1117000000000001489,서계동 234-37 도,도,국유지,13.166099967667833,126.96638561415267,37.553747788081935,42.04508797,170.5507581,757.89208481,159,미지정,1
282761,1117000000000001490,서계동 232-44 도,도,국유지,26.665600284701213,126.9662610017163,37.55374467028319,34.80307811,181.4309157,753.98720099,159,미지정,1
282762,1117000000000001491,서계동 233-4도,도,국유지,64.78542421711609,126.96647733012918,37.554292066000606,51.49803814,180.98057121,817.66682776,159,미지정,1
282763,1117000000000001492,서계동 234-40 도,도,국유지,18.589417305076495,126.96624249582344,37.55365333016793,42.63017138,182.11767487,743.85847228,159,미지정,1
282764,1117000000000001493,서계동 290도,도,국유지,264.76772522425745,126.9665524564376,37.553812243497894,50.73081388,157.12833891,769.61308859,159,미지정,1
282765,1117000000000001494,서계동 235-4 도,도,국유지,14.284120845142752,126.96622111992218,37.55355776610596,51.68227757,183.62772974,733.20806729,159,미지정,1
282766,1117000000000001495,서계동 234-33도,도,국유지,95.771751988912,126.96642394475448,37.5535468593518,61.03559013,165.70179516,738.0492977,159,미지정,1
282767,1117000000000001496,서계동 33-96도,도,국유지,83.56767191831023,126.96685700737392,37.552711020263665,160.46687865,157.63498154,667.63017076,159,미지정,1
282768,1117000000000001497,서계동 234-9 도,도,국유지,45.28967300313525,126.96657448801794,37.553201466760505,100.67588621,157.15096834,707.12081248,159,미지정,1
282769,1117000000000001498,서계동 230-4 도,도,국유지,72.56282944558188,126.9669592315853,37.55387280974905,83.48662161,123.80121589,788.96363302,159,미지정,1
282770,1117000000000001499,서계동 230-19 도,도,국유지,45.49032799853012,126.96685993424596,37.553858894577985,75.14733734,131.80353607,784.21624731,159,미지정,1
282771,1117000000000001500,서계동 230-20 도,도,국유지,53.86559208622202,126.96673753436507,37.55384259110909,65.05102442,141.83830982,778.55265133,159,미지정,1
282772,1117000000000001501,서계동 230-21 도,도,국유지,38.66948540136218,126.96675653267393,37.553816530983184,67.47386771,139.55720605,776.46993378,159,미지정,1
282773,1117000000000001502,서계동 234-1 도,도,국유지,54.06175029696897,126.96657783461825,37.55379981088436,53.34097843,154.66989253,769.09716486,159,미지정,1
282774,1117000000000001503,서계동 230-8도,도,국유지,23.331188137177378,126.96676550889731,37.55374071612722,71.15974504,137.21513268,768.93746846,159,미지정,1
282775,1117000000000001504,서계동 224-70 도,도,국유지,31.676865549292415,126.96769260474716,37.55411248286894,84.28578656,82.53484591,839.80264488,159,미지정,1
282776,1117000000000001505,서계동 224-3도,도,국유지,126.16797461896203,126.96775270816168,37.554199185891946,88.93318473,87.01377522,850.77890727,159,미지정,1
282777,1117000000000001506,서계동 224-53도,도,국유지,29.28396334592253,126.96738729939719,37.554047068095564,99.13609008,97.84238275,821.7647033,159,미지정,1
282778,1117000000000001507,서계동 224-75 도,도,국유지,36.10966861457564,126.96864356789789,37.55403709913091,64.40614031,29.89970022,872.56525445,159,미지정,1
282779,1117000000000001508,서계동 230-7도,도,국유지,11.077168956398964,126.96690200000002,37.55369333333333,84.31706953,124.52332598,768.63012761,159,미지정,1
282780,1117000000000001509,서계동 224-54 도,도,국유지,81.38406547741033,126.96757766706834,37.55413024098733,92.4943837,90.85793652,837.20187875,159,미지정,1
282781,1117000000000001510,서계동 224-76 도,도,국유지,17.64297310821712,126.96831217380026,37.55403486381323,56.49627313,43.43344222,857.5921498,159,미지정,1
282782,1117000000000001511,서계동 226-1도,도,국유지,331.4375046856003,126.96822413522015,37.55372164443984,22.69197536,20.48690141,823.55639756,159,미지정,1
282783,1117000000000001512,서계동 224-42 도,도,국유지,703.5751557982294,126.9677268417099,37.553538579350054,50.53247376,50.5835103,784.41136477,159,미지정,1
282784,1117000000000001513,서계동 224-68 도,도,국유지,264.9001645363169,126.96745928221216,37.55377674383893,79.20713001,78.47509942,797.28084241,159,미지정,1
282785,1117000000000001514,서계동 226-5도,도,국유지,70.6165977800265,126.96848347941118,37.55335656065553,24.91211564,26.68143995,801.03300186,159,미지정,1
282786,1117000000000001515,서계동 226-11도,도,국유지,86.31801889464259,126.96779973171235,37.55330146935179,50.62721281,51.86949506,764.44918767,159,미지정,1
282787,1117000000000001516,서계동 7-1도,도,국유지,88.44617865834152,126.96737509332665,37.55324766849623,87.24447614,88.1559422,741.38714973,159,미지정,1
282788,1117000000000001517,서계동 217-42도,도,국유지,131.3255296512507,126.96763810419935,37.55474437308641,147.28342569,145.16614678,901.47450164,159,미지정,1
282789,1117000000000001518,서계동 301도,도,국유지,539.1291158784879,126.96872287685358,37.552787579671666,90.122303,92.22674704,761.39840983,159,미지정,1
282790,1117000000000001519,서계동 217-55도,도,국유지,57.62118788040243,126.96730586934449,37.554553780302385,128.75729767,142.09132565,870.51176033,159,미지정,1
282791,1117000000000001520,서계동 33-200 도,도,국유지,34.418590993154794,126.96799988136962,37.55266338618987,99.30413549,101.57443136,713.26521818,159,미지정,1
282792,1117000000000001521,서계동 47-4 도,도,국유지,65.31644214689732,126.96829269949951,37.55260531366366,102.18090481,104.51749607,722.61283288,159,미지정,1
282793,1117000000000001522,서계동 228-35 도,도,국유지,29.931278774514794,126.9670882592835,37.55392721089994,94.06016058,115.02173104,798.94600198,159,미지정,1
282794,1117000000000001523,서계동 228-36 도,도,국유지,42.4991107970709,126.96708444394444,37.55388246159763,94.26553188,113.61232564,794.24645949,159,미지정,1
282795,1117000000000001524,서계동 223-3도,도,국유지,16.85337417339906,126.96850478867229,37.554590347299005,119.53338357,60.94752374,919.78159617,159,미지정,1
282796,1117000000000001525,서계동 222-11도,도,국유지,357.9035614671884,126.96825795414838,37.55432459566969,88.71250201,71.75309888,883.47145477,159,미지정,1
282797,1117000000000001526,서계동 217-26도,도,국유지,275.95298315258697,126.96830155634926,37.555082960427875,172.8097776,110.19316739,960.19917563,159,미지정,1
282798,1117000000000001527,서계동 217-72 도,도,국유지,30.13716131140245,126.96867368152726,37.55408988794881,70.82792449,35.64928777,878.95687123,159,미지정,1
282799,1117000000000001528,서계동 222-14 도,도,국유지,31.279606541851535,126.9683340939541,37.554073325599624,60.83350872,45.13665674,862.2619104,159,미지정,1
282800,1117000000000001529,서계동 222-10 도,도,국유지,57.79305282328278,126.96815840211548,37.554173419028224,72.91980248,70.62939952,864.52723874,159,미지정,1
282801,1117000000000001530,서계동 224-73 도,도,국유지,81.87437625043094,126.96813453328943,37.554067553133294,61.83287043,59.57920403,853.17971621,159,미지정,1
282802,1117000000000001531,서계동 223-103 도,도,국유지,28.26893387234304,126.96852927129228,37.5540792771321,64.70957438,36.72131073,871.42802175,159,미지정,1
282803,1117000000000001532,서계동 223-105 도,도,국유지,14.46049939841032,126.96839099864361,37.55428548762293,84.6949022,62.5195531,885.27404884,159,미지정,1
282804,1117000000000001533,서계동 224-77 도,도,국유지,125.3493743755389,126.96854522153113,37.55405030019951,62.14595685,33.21721074,869.37036599,159,미지정,1
282805,1117000000000001534,서계동 220-32 도,도,국유지,27.719741689157672,126.96884412046701,37.55403186809364,74.0089645,32.91155254,881.35646416,159,미지정,1
282806,1117000000000001535,서계동 224-71 도,도,국유지,23.630176313221455,126.96800166666667,37.554069,65.73180385,63.62192706,847.80252034,159,미지정,1
282807,1117000000000001536,서계동 224-48 도,도,국유지,53.26716165733524,126.96805845849826,37.554185069808845,76.16728892,73.94403732,861.5428748,159,미지정,1
282808,1117000000000001537,서계동 224-47도,도,국유지,18.14305455610156,126.96788759126126,37.55425074252253,88.25783212,86.1598465,861.17487326,159,미지정,1
282809,1117000000000001538,서계동 224-37도,도,국유지,122.3786953301169,126.96876676981739,37.55348257740647,41.65648308,32.82943757,826.50927191,159,미지정,1
282810,1117000000000001539,서계동 225-1도,도,국유지,199.70943475724198,126.96891074613077,37.55300553058987,79.1392984,87.27853695,790.71010887,159,미지정,1
282811,1117000000000001540,서계동 224-44 도,도,국유지,27.763881930033676,126.96880376886847,37.55400393076652,69.33711083,28.56949351,876.83608932,159,미지정,1
282812,1117000000000001541,서계동 224-33도,도,국유지,346.15191289409995,126.96896176216379,37.553857850105764,69.22259797,27.40851591,870.72867142,159,미지정,1
282813,1117000000000001542,서계동 224-36도,도,국유지,613.8454852937721,126.96894161319564,37.5534247714759,57.92590903,44.97193499,829.9765006,159,미지정,1
282814,1117000000000001543,서계동 217-12 도,도,국유지,171.0337242980022,126.96883281633215,37.55489723592316,159.35117828,67.8591529,963.58410077,159,미지정,1
282815,1117000000000001544,서계동 220-24 도,도,국유지,110.1037361259805,126.96872891063211,37.55433963777797,97.99107244,33.71127092,905.27853769,159,미지정,1
282816,1117000000000001545,서계동 220-1도,도,국유지,182.79352154186927,126.96889554178514,37.554393543653994,109.79714178,20.3435939,917.94172596,159,미지정,1
282817,1117000000000001546,서계동 220-34 도,도,국유지,12.675664530077484,126.96884377317862,37.55406000322373,76.38585881,35.69895095,883.9869797,159,미지정,1
282818,1117000000000001547,서계동 220-22도,도,국유지,763.0624548881315,126.96898342986431,37.554314418682864,106.40007456,11.28047607,914.48433337,159,미지정,1
282819,1117000000000001548,서계동 220-31 도,도,국유지,42.88637458067387,126.96889656906015,37.55409817733822,82.62159571,31.64457442,890.05362457,159,미지정,1
282820,1117000000000001549,서계동 250-5도,도,국유지,21.566575570032,126.96596814915871,37.55124063756253,220.22807135,152.93593875,486.52169466,159,미지정,1
282821,1117000000000001550,서계동 251-78도,도,국유지,20.18353370000841,126.96452078911564,37.55195254713314,263.09375904,79.10053856,523.00626727,159,미지정,1
282822,1117000000000001551,서계동 251-95도,도,국유지,32.16829866543412,126.96483063714432,37.55152105482724,294.46010013,58.99205383,481.55896157,159,미지정,1
282823,1117000000000001552,서계동 251-97도,도,국유지,630.0349814190995,126.9646905967288,37.55132808403314,292.03477553,40.4037444,457.8781991,159,미지정,1
282824,1117000000000001553,서계동 251-99도,도,국유지,14.75533964089118,126.96434032934532,37.551192693918246,304.30177171,12.96038855,437.20009455,159,미지정,1
282825,1117000000000001554,서계동 251-101 도,도,국유지,13.44110205117613,126.96533029964733,37.551252385382476,249.41206981,96.557651,465.69480419,159,미지정,1
282826,1117000000000001555,서계동 251-104도,도,국유지,32.486884385347366,126.96456829041509,37.551963848452814,259.90511574,81.69537051,524.95093065,159,미지정,1
282827,1117000000000001556,서계동 251-106도,도,국유지,24.072369378060102,126.96475479255788,37.551390380321855,310.40449433,47.38761575,465.89349847,159,미지정,1
282828,1117000000000001557,서계동 251-107도,도,국유지,45.46245998912491,126.96466317455862,37.551270205227766,289.12669561,37.5767163,451.07834824,159,미지정,1
282829,1117000000000001558,서계동 251-110도,도,국유지,27.38729017309379,126.96439008069237,37.55128177899136,334.30141096,13.45210281,447.67465568,159,미지정,1
282830,1117000000000001559,서계동 252-33도,도,국유지,23.34662441490218,126.9650402468669,37.55135325582861,273.80372282,71.40248201,468.37124304,159,미지정,1
282831,1117000000000001560,서계동 252-47도,도,국유지,212.8859787689289,126.96487123241883,37.55106396457281,259.95328833,60.71805532,433.38503005,159,미지정,1
282832,1117000000000001561,서계동 252-98도,도,국유지,72.24143377272412,126.96491659582298,37.5514880007467,295.27584729,64.40103662,479.85851697,159,미지정,1
282833,1117000000000001562,서계동 252-110도,도,국유지,38.01866349368356,126.96460536360117,37.55108453592158,278.72424879,38.8202574,429.85288843,159,미지정,1
282834,1117000000000001563,서계동 252-123도,도,국유지,68.20635085366666,126.96478172420737,37.55077080060872,244.52628859,73.86996313,399.92281713,159,미지정,1
282835,1117000000000001564,서계동 253-18도,도,국유지,123.23508724849671,126.964683363628,37.55154497539562,296.94493463,49.37266355,481.24896981,159,미지정,1
282836,1117000000000001565,서계동 257-8도,도,국유지,128.5898942584754,126.96451681392927,37.55154176204097,303.45145206,38.40241673,478.0353391,159,미지정,1
282837,1117000000000001566,서계동 257-21도,도,국유지,42.66696716239676,126.96459088763743,37.551878815461826,267.18619048,73.77998505,516.0115252,159,미지정,1
282838,1117000000000001567,서계동 258-8 도,도,국유지,18.6291205137386,126.96433393138544,37.551822003860664,284.02972782,61.15143074,506.18159448,159,미지정,1
282839,1117000000000001568,서계동 258-11 도,도,국유지,25.361776298843324,126.96446155529779,37.55205290603249,256.33590732,88.42327801,533.17414035,159,미지정,1
282840,1117000000000001569,서계동 258-14 도,도,국유지,43.56457186979242,126.96417843722797,37.551472391227676,324.36804908,22.38575852,465.92770502,159,미지정,1
282841,1117000000000001570,서계동 258-16 도,도,국유지,39.87188076577149,126.96444573857254,37.55186397486984,274.92955644,67.75343998,512.23961917,159,미지정,1
282842,1117000000000001571,서계동 258-18 도,도,국유지,11.278474044054747,126.964407,37.55183666666666,279.28327079,63.95634373,508.72139305,159,미지정,1
282843,1117000000000001572,서계동 261-24 도,도,국유지,16.57936626911396,126.96392111505473,37.551869582372085,300.66388509,71.54862444,507.72023249,159,미지정,1
282844,1117000000000001573,서계동 261-25 도,도,국유지,29.579065581783652,126.96401020590184,37.55180141003536,301.92876993,61.65381355,500.75677399,159,미지정,1
282845,1117000000000001574,서계동 261-26 도,도,국유지,25.131365712964907,126.96390441352845,37.55192635889431,296.67150121,77.93296392,513.91471718,159,미지정,1
282846,1117000000000001575,서계동 261-28 도,도,국유지,19.752062145387754,126.96395832158227,37.55184256231381,301.01674062,67.52762603,504.95563133,159,미지정,1
282847,1117000000000001576,서계동 262-5 도,도,국유지,20.541465759684797,126.9639726180473,37.55212836134321,275.65578089,97.42734309,536.68499465,159,미지정,1
282848,1117000000000001577,서계동 262-10도,도,국유지,21.443700525444,126.96377290227912,37.552250779403906,277.94650338,115.69559062,549.3060097,159,미지정,1
282849,1117000000000001578,서계동 262-11 도,도,국유지,49.80172547668917,126.96392341998163,37.55203391407378,286.42970396,88.55646629,525.93404142,159,미지정,1
282850,1117000000000001579,서계동 262-13 도,도,국유지,20.865092298481613,126.96390156059537,37.552154847081866,277.65949749,101.93426949,539.21284945,159,미지정,1
282851,1117000000000001580,서계동 262-14 도,도,국유지,53.60685259604361,126.96391188163189,37.55222134516404,271.64172464,108.76996689,546.63431684,159,미지정,1
282852,1117000000000001581,서계동 263-9 도,도,국유지,46.36405873298645,126.96385426719547,37.55230853347435,268.32372784,119.47285971,556.0199667,159,미지정,1
282853,1117000000000001582,서계동 272도,도,국유지,37.94457370438613,126.96396970535024,37.552214246230726,268.73086436,106.76082249,546.17603042,159,미지정,1
282854,1117000000000001583,서계동 273도,도,국유지,40.008996468328405,126.96393321354742,37.552298249050125,264.19000318,116.5723488,555.26844433,159,미지정,1
282855,1117000000000001584,서계동 275도,도,국유지,32.2121507152915,126.96408313954429,37.55220416329224,262.89907351,103.88139358,545.84318903,159,미지정,1
282856,1117000000000001585,서계동 275-1도,도,국유지,58.82924630586058,126.96433021780446,37.552198570392605,249.67650441,102.67926721,547.56513044,159,미지정,1
282857,1117000000000001586,서계동 275-2도,도,국유지,117.49180253967643,126.96462696125484,37.55221962629383,232.88134796,110.18987866,553.80798801,159,미지정,1
282858,1117000000000001587,서계동 277-1도,도,국유지,152.37764046201482,126.96428804951624,37.55163152453284,304.23200592,39.66742776,484.68477924,159,미지정,1
282859,1117000000000001588,서계동 277-2도,도,국유지,21.645017362665385,126.96421990258267,37.551365418365805,332.9048869,10.01403378,454.61049444,159,미지정,1
282860,1117000000000001589,서계동 281-1도,도,국유지,99.50003011664376,126.96538237734303,37.552366538629606,189.74008888,157.69008814,584.80013224,159,미지정,1
282861,1117000000000001590,서계동 281-4도,도,국유지,44.23099704645574,126.96536095506279,37.552310587730965,196.23180742,151.73236839,578.30882432,159,미지정,1
282862,1117000000000001591,서계동 282-1도,도,국유지,13.543901402968913,126.96441854694666,37.55227376997346,238.31861451,111.84536175,556.87448619,159,미지정,1
282863,1117000000000001592,서계동 283도,도,국유지,271.73084402736276,126.96522336012559,37.55241572154449,189.35270452,153.53358582,586.33259949,159,미지정,1
282864,1117000000000001593,서계동 33-309도,도,국유지,28.42672076751478,126.96668753096434,37.551736726410205,257.85485096,246.27144912,564.90217544,159,미지정,1
282865,1117000000000001594,서계동 33-323도,도,국유지,23.621204723604023,126.96667957871426,37.55140841900215,221.69984778,216.24713449,533.10996355,159,미지정,1
282866,1117000000000001595,서계동 33-346도,도,국유지,142.70823005377315,126.96713429514578,37.55120052191143,197.6324031,219.91131832,536.28715326,159,미지정,1
282867,1117000000000001596,서계동 53-23도,도,국유지,13.269385286141187,126.96885118292683,37.55182432261641,195.07240327,174.39723915,686.69811281,159,미지정,1
282868,1117000000000001597,서계동 56-3도,도,국유지,80.68031678255647,126.96820323375677,37.55193308977087,176.98872402,179.32532697,658.31806114,159,미지정,1
282869,1117000000000001598,서계동 56-4도,도,국유지,22.252933303359896,126.96851250962241,37.55178243976789,194.43058516,180.06738663,663.12664961,159,미지정,1
282870,1117000000000001599,서계동 56-5도,도,국유지,80.07242091931403,126.9684939739523,37.551719779717075,201.20604676,174.46497925,656.83918493,159,미지정,1
282871,1117000000000001600,서계동 56-6도,도,국유지,97.45642012380995,126.96873514498003,37.55138055108851,241.21933459,131.32041538,644.24960655,159,미지정,1
282872,1117000000000001601,서계동 224-61도,도,국유지,68.01219420938287,126.96902223753906,37.55400652648402,83.27476181,36.41376033,887.46179034,159,미지정,1
282873,1117000000000001602,서계동 303도,도,국유지,367.97923726716544,126.9690319971705,37.55350834102224,64.84295418,35.54980221,842.15774832,159,미지정,1
282874,1117000000000001603,서계동 217-44 도,도,국유지,1189.3304638519185,126.96833322403506,37.55466260974301,126.19296179,78.09679924,919.76670456,159,미지정,1
282875,1117000000000001604,서계동 178-3도,도,국유지,120.74207081267377,126.9699009146292,37.54967887176783,260.33652681,84.6266468,620.47973023,159,미지정,1
282876,1117000000000001605,서계동 50-12도,도,국유지,116.50701373629272,126.9693827757201,37.551651597766465,229.03354422,149.48861593,706.37029265,159,미지정,1
282877,1117000000000001606,서계동 50-8도,도,국유지,179.94506541918963,126.96928710402587,37.55214686359095,176.23590311,168.01808154,739.16388387,159,미지정,1
282878,1117000000000001607,서계동 50-7도,도,국유지,102.05505815101787,126.96932627458517,37.552168167099104,175.9476371,165.50808451,743.25997596,159,미지정,1
282879,1117000000000001608,서계동 129-4도,도,국유지,53.72551978426054,126.96962247623827,37.550812353291946,280.30837136,61.10708024,663.37913617,159,미지정,1
282880,1117000000000001609,서계동 129-2도,도,국유지,141.67358639999293,126.96956000625339,37.55122214438174,278.93672429,103.41475268,686.76763487,159,미지정,1
282881,1117000000000001610,서계동 96-11도,도,국유지,528.492635915638,126.96815790605653,37.55147526258654,227.94055307,167.4748808,616.83098558,159,미지정,1
282882,1117000000000001611,서계동 99-5도,도,국유지,262.6493289414793,126.96899160362956,37.551023264975136,251.65059279,85.92720632,634.0833628,159,미지정,1
282883,1117000000000001612,서계동 99-25 도,도,국유지,45.30037919431925,126.96891258519163,37.55163512600131,216.76061144,152.70932334,675.31387493,159,미지정,1
282884,1117000000000001613,서계동 99-33 도,도,국유지,43.71163253672421,126.9689015,37.5515635,224.23116874,145.30448589,668.98619527,159,미지정,1
282885,1117000000000001614,청파동1가 26-2도,도,국유지,207.4160104067414,126.96828840114746,37.55010782488907,138.84812157,96.6871877,522.07101346,127,미지정,1
282886,1117000000000001615,청파동1가 32-10도,도,국유지,111.75829905382125,126.96884758448148,37.54962983290915,167.28113258,87.28009172,535.01670199,127,미지정,1
282887,1117000000000001616,청파동1가 141-11도,도,국유지,17.447836863575503,126.96962543788645,37.549593340078694,235.20607307,82.53162122,594.411876,127,미지정,1
282888,1117000000000001617,청파동1가 46-2도,도,국유지,60.606459722621366,126.96953081400868,37.5496437172641,227.40190966,75.02456113,589.30404056,127,미지정,1
282889,1117000000000001618,청파동1가 44-1도,도,국유지,25.387056295759976,126.96930945875987,37.54987849191938,212.59274878,47.49102693,584.09804274,127,미지정,1
282890,1117000000000001619,청파동1가 41-1도,도,국유지,250.66942492790986,126.96920403881289,37.54948860877334,197.34925318,91.56507397,555.80399322,127,미지정,1
282891,1117000000000001620,청파동1가 141-3도,도,국유지,101.97037569992244,126.96978143599117,37.54954742470586,248.61829302,92.15850949,604.78907116,127,미지정,1
282892,1117000000000001621,청파동1가 141-8도,도,국유지,58.649940680130385,126.9697952057971,37.54959810702342,250.20331786,87.59207754,608.2304385,127,미지정,1
282893,1117000000000001622,청파동1가 1-90도,도,국유지,34.56632743572118,126.96655702397506,37.551257325247086,206.69906531,204.93132406,513.15500208,127,미지정,1
282894,1117000000000001623,청파동1가 1-125도,도,국유지,53.10827274271287,126.96512651175749,37.549959818497996,173.58084175,165.87724855,326.16794891,127,미지정,1
282895,1117000000000001624,청파동1가 1-130도,도,국유지,42.560226370813325,126.96493173130544,37.549861922418096,186.73021673,168.52914625,309.16382771,127,미지정,1
282896,1117000000000001625,청파동1가 1-143도,도,국유지,44.79159735608846,126.96456885179913,37.549632154258816,213.6230829,184.81308501,273.71689389,127,미지정,1
282897,1117000000000001626,청파동1가 1-148도,도,국유지,41.888546833302826,126.96432996675253,37.549535894521206,255.74860228,193.34052099,257.17233801,127,미지정,1
282898,1117000000000001627,청파동1가 1-166도,도,국유지,48.05716209503589,126.96528298204083,37.55013339374151,168.73457934,156.90381975,349.52614634,127,미지정,1
282899,1117000000000001628,청파동1가 1-189도,도,국유지,74.17446318047587,126.96749244871963,37.55059829501081,138.14647477,167.70710382,505.32975963,127,미지정,1
282900,1117000000000001629,청파동1가 180-39 도,도,국유지,19.654947032686323,126.97022684697272,37.548126863023946,332.68057782,253.73753275,560.40232834,127,미지정,1
282901,1117000000000001630,청파동1가 154-39 도,도,국유지,13.922222082153894,126.97020052870727,37.54833870494305,354.38850602,230.683584,564.94460617,127,미지정,1
282902,1117000000000001631,청파동1가 3-16도,도,국유지,582.2336629322963,126.96541515179526,37.54940355557701,137.61160829,232.43284567,285.6537159,127,미지정,1
282903,1117000000000001632,청파동1가 3-61도,도,국유지,159.8798768048291,126.96466818843867,37.549357619942946,203.73440652,216.32225826,248.54770068,127,미지정,1
282904,1117000000000001633,청파동1가 3-71도,도,국유지,48.959591978695244,126.96535691953792,37.54991499879808,152.76481475,180.56961405,331.04115749,127,미지정,1
282905,1117000000000001634,청파동1가 3-78도,도,국유지,90.40795260900632,126.96597823723515,37.548847165527576,104.94797019,310.38285372,274.9117184,127,미지정,1
282906,1117000000000001635,청파동1가 3-79도,도,국유지,89.8831945178099,126.9657090558314,37.54890012710277,124.96377859,294.02812458,260.6817509,127,미지정,1
282907,1117000000000001636,청파동1가 3-80도,도,국유지,117.25654854136519,126.96535575136967,37.5489612239834,152.63533339,275.28116793,243.78205579,127,미지정,1
282908,1117000000000001637,청파동1가 3-81도,도,국유지,120.3949945885688,126.96499260171346,37.548957874736935,178.49100734,265.82225999,223.7112968,127,미지정,1
282909,1117000000000001638,청파동1가 3-92도,도,국유지,36.12145379325375,126.96527533686306,37.550020309258755,163.87855653,166.84227591,337.99208336,127,미지정,1
282910,1117000000000001639,청파동1가 3-108도,도,국유지,52.98569767223671,126.96553977174149,37.549882065741166,136.38505673,192.82003835,336.03946728,127,미지정,1
282911,1117000000000001640,청파동1가 3-113도,도,국유지,47.69458805816248,126.96563305106586,37.549755590170676,123.90940716,209.0105974,328.73229297,127,미지정,1
282912,1117000000000001641,청파동1가 3-115도,도,국유지,53.74590302584693,126.9653575363747,37.5497524975669,147.25255603,195.93781657,315.40697831,127,미지정,1
282913,1117000000000001642,청파동1가 4-1도,도,국유지,26.62794312555343,126.96579122817678,37.54925136764887,106.11434789,263.34446269,293.44514586,127,미지정,1
282914,1117000000000001643,청파동1가 5-3도,도,국유지,225.19491892913356,126.9662102756413,37.54924683037905,70.15864649,284.80334349,319.33058494,127,미지정,1
282915,1117000000000001644,청파동1가 6-4도,도,국유지,14.221177844912745,126.96620751724136,37.549254873563214,70.14770363,283.94836015,319.75429796,127,미지정,1
282916,1117000000000001645,청파동1가 7-1도,도,국유지,29.81520118471235,126.96611223695174,37.549916925986835,93.60193103,224.04046833,368.1771195,127,미지정,1
282917,1117000000000001646,청파동1가 7-8도,도,국유지,96.06601459847298,126.96617224876638,37.54963101706653,74.31111073,250.12282136,347.27246189,127,미지정,1
282918,1117000000000001647,청파동1가 7-28도,도,국유지,142.053741174459,126.96625257386317,37.549825585047884,77.62136302,240.036554,368.18781787,127,미지정,1
282919,1117000000000001648,청파동1가 9-1도,도,국유지,135.76362906908616,126.96616340692309,37.549017916549275,84.52713529,302.9486627,299.5516979,127,미지정,1
282920,1117000000000001649,청파동1가 17-1도,도,국유지,96.20850753842387,126.96641163180249,37.54943174672511,49.54225684,280.72543618,346.32604961,127,미지정,1
282921,1117000000000001650,청파동1가 54-4도,도,국유지,153.99585611216025,126.96897609361093,37.54918212109248,179.11098447,129.01647671,523.29991221,127,미지정,1
282922,1117000000000001651,청파동1가 54-6도,도,국유지,122.45439160370734,126.96814650086093,37.549129117282696,108.82668936,168.57912965,454.33237519,127,미지정,1
282923,1117000000000001652,청파동1가 58-9도,도,국유지,78.18691273964942,126.96842144066736,37.54941146404082,128.07347031,128.94448291,490.34939928,127,미지정,1
282924,1117000000000001653,청파동1가 58-13도,도,국유지,170.00154204666615,126.96810651138928,37.54937785234757,100.36971983,150.80630553,464.21568351,127,미지정,1
282925,1117000000000001654,청파동1가 58-23도,도,국유지,59.135688989714254,126.96828608494347,37.54921266901623,118.46178257,153.63615142,469.51535445,127,미지정,1
282926,1117000000000001655,청파동1가 60-2도,도,국유지,17.310532616451383,126.96780725344665,37.549460014730876,73.89622317,165.76989284,446.26214941,127,미지정,1
282927,1117000000000001656,청파동1가 62-16도,도,국유지,166.98685278440826,126.96815003455495,37.54889991940758,119.26207499,188.78232051,443.86808705,127,미지정,1
282928,1117000000000001657,청파동1가 62-30도,도,국유지,18.850543479435146,126.96816911168922,37.54872928685397,130.92476822,203.83277622,438.23278813,127,미지정,1
282929,1117000000000001658,청파동1가 62-31도,도,국유지,47.793378745554946,126.96826778425337,37.54863441945413,144.21386817,208.78460606,442.75704242,127,미지정,1
282930,1117000000000001659,청파동1가 67-4도,도,국유지,13.245442441198975,126.96832689374305,37.54842917931631,148.81778481,227.11442494,440.70265526,127,미지정,1
282931,1117000000000001660,청파동1가 67-5도,도,국유지,21.47420025221072,126.96833066171882,37.548493422699245,158.39925502,220.46013474,443.09202779,127,미지정,1
282932,1117000000000001661,청파동1가 68-1도,도,국유지,45.223947494174354,126.96836515687126,37.54825312061736,148.52823415,243.91859249,438.85564093,127,미지정,1
282933,1117000000000001662,청파동1가 76-4도,도,국유지,24.701090271410067,126.96832852868772,37.54814236456886,144.33772907,256.55848422,432.90954861,127,미지정,1
282934,1117000000000001663,청파동1가 79-1도,도,국유지,31.70882879238343,126.96821281013507,37.54809074636561,134.01251747,265.63769335,421.70587453,127,미지정,1
282935,1117000000000001664,청파동1가 89-96도,도,국유지,17.825696962303482,126.96504528968362,37.5484632082531,151.54267959,320.27086261,184.7436151,127,미지정,1
282936,1117000000000001665,청파동1가 89-120도,도,국유지,29.72778513515368,126.96628583613769,37.547746698889256,52.92908208,392.60032457,247.21487163,127,미지정,1
282937,1117000000000001666,청파동1가 89-172도,도,국유지,98.80803865962662,126.9671607498304,37.54904758932619,45.03270044,238.83587336,373.58358615,127,미지정,1
282938,1117000000000001667,청파동1가 89-178도,도,국유지,47.79335938033182,126.96465007483413,37.548519289930894,189.25851691,308.15948922,166.49837425,127,미지정,1
282939,1117000000000001668,청파동1가 91-3도,도,국유지,12.529353281250224,126.96647311415525,37.54923288767124,48.9644793,300.74526149,335.84570659,127,미지정,1
282940,1117000000000001669,청파동1가 91-6도,도,국유지,282.9673134695622,126.96775517563502,37.54921331888578,73.05305099,186.12830675,428.2001413,127,미지정,1
282941,1117000000000001670,청파동1가 91-13도,도,국유지,44.55655621760525,126.96618502641424,37.54905456933746,80.77602809,300.68054839,303.61609881,127,미지정,1
282942,1117000000000001671,청파동1가 91-21잡,잡,국유지,24.519302359956782,126.96646961420001,37.54916088680001,53.1857355,306.61760134,330.56959921,127,미지정,1
282943,1117000000000001672,청파동1가 91-26도,도,국유지,114.75041013973532,126.96704908417381,37.54914390337608,31.87965821,241.03103008,370.94958071,127,미지정,1
282944,1117000000000001673,청파동1가 91-69도,도,국유지,24.857695257407613,126.9676528647991,37.5490849473269,70.98193096,202.32588998,413.37092418,127,미지정,1
282945,1117000000000001674,청파동1가 91-70도,도,국유지,24.990092021704186,126.9677473142988,37.549025734236004,81.55194609,200.79529819,417.67561162,127,미지정,1
282946,1117000000000001675,청파동1가 93-21도,도,국유지,374.8091788140591,126.9649467699101,37.54870729068484,168.92407558,291.93235597,198.98488939,127,미지정,1
282947,1117000000000001676,청파동1가 130-2도,도,국유지,32.390048953471705,126.96952742412316,37.54907530835226,229.10100345,137.32567751,564.0853951,127,미지정,1
282948,1117000000000001677,청파동1가 132-30도,도,국유지,37.264511136338115,126.96904690862833,37.54911216168795,186.58582567,135.13592961,526.03697453,127,미지정,1
282949,1117000000000001678,청파동1가 132-56도,도,국유지,71.36105476593366,126.96962679093367,37.54908267869249,237.62784606,137.77394503,572.6058451,127,미지정,1
282950,1117000000000001679,청파동1가 134-1도,도,국유지,42.29568779934198,126.9693671074396,37.54937786488888,211.69455335,102.89607224,563.67939738,127,미지정,1
282951,1117000000000001680,청파동1가 134-3도,도,국유지,29.28097674692981,126.96955288779097,37.54924792067213,228.88919122,118.61857335,573.12493419,127,미지정,1
282952,1117000000000001681,청파동1가 200-4도,도,국유지,28.535429500974715,126.96409107160457,37.5494582136106,238.27378255,202.20854982,243.83414116,127,미지정,1
282953,1117000000000001682,청파동1가 200-9도,도,국유지,59.218863614602014,126.96389697731034,37.549357923208575,220.9860377,215.04423772,229.98707302,127,미지정,1
282954,1117000000000001683,청파동1가 201-3도,도,국유지,50.55880459211767,126.96442243834466,37.54914635855157,223.94093418,236.96460004,218.62817603,127,미지정,1
282955,1117000000000001684,청파동1가 202-5도,도,국유지,86.90149417892098,126.96387478874404,37.548975697007315,181.88252474,257.3540605,187.72948829,127,미지정,1
282956,1117000000000001685,청파동1가 202-16 도,도,국유지,15.206941994896624,126.96423439266904,37.54895430216059,196.91965089,257.71959842,192.96508309,127,미지정,1
282957,1117000000000001686,청파동1가 202-19도,도,국유지,40.30007543344982,126.96428811600549,37.54884638898352,190.45048991,269.73282182,183.29142292,127,미지정,1
282958,1117000000000001687,청파동1가 203-5도,도,국유지,61.808833772083744,126.96399730053948,37.5484868673437,143.47462668,310.32880431,137.16632022,127,미지정,1
282959,1117000000000001688,청파동1가 200-14도,도,국유지,3009.4551378968754,126.96411111909887,37.548749930166984,172.28109015,280.62630057,168.03125317,127,미지정,1
282960,1117000000000001689,청파동1가 59-3도,도,국유지,230.17624733876437,126.96790352994024,37.549572696464836,83.92553645,151.77936491,460.18674183,127,미지정,1
282961,1117000000000001690,청파동1가 31-5도,도,국유지,303.94445988722146,126.96847755323405,37.549571057071255,134.01388791,112.40440799,503.32656145,127,미지정,1
282962,1117000000000001691,청파동1가 141-9도,도,국유지,404.55277229094645,126.96998887484801,37.549387722317185,266.60627713,116.22300635,607.6267771,127,미지정,1
282963,1117000000000001692,청파동1가 1-75도,도,국유지,5471.037182874221,126.96687987527582,37.550241379721186,91.0257347,218.76012152,439.45744057,127,미지정,1
282964,1117000000000001693,청파동1가 1-74도,도,국유지,93.30908957717475,126.96538527680258,37.55041501242029,178.18370284,139.34429421,381.61496469,127,미지정,1
282965,1117000000000001694,청파동1가 151-3 도,도,국유지,32.43426795210689,126.96986236800726,37.54885244400766,263.17152228,167.34270272,584.17571742,127,미지정,1
282966,1117000000000001695,청파동1가 149-4 도,도,국유지,19.777319544460624,126.96983271344739,37.54901527679974,256.82485637,149.24797351,587.26136688,127,미지정,1
282967,1117000000000001696,청파동1가 146-1도,도,국유지,87.62219389213715,126.96986869231772,37.549165509626135,257.56467008,134.38289305,595.84203101,127,미지정,1
282968,1117000000000001697,청파동1가 146-4도,도,국유지,52.01031376689207,126.96978603793453,37.549218205481175,249.70346348,126.50285149,591.07186949,127,미지정,1
282969,1117000000000001698,청파동1가 150-3 도,도,국유지,25.490334304515272,126.96984789585737,37.54893232583045,259.92361794,158.46292682,585.62670047,127,미지정,1
282970,1117000000000001699,청파동1가 137-1도,도,국유지,165.58335942949634,126.96949007924147,37.54932790897155,222.75623335,109.09702399,571.41582529,127,미지정,1
282971,1117000000000001700,청파동1가 128-3도,도,국유지,116.59969012986403,126.96961494929273,37.54878772289747,243.99438987,169.95756023,561.16642049,127,미지정,1
282972,1117000000000001701,청파동1가 155-1도,도,국유지,47.744225093571,126.96977845679267,37.54879274544646,257.70537564,171.96730703,575.15542834,127,미지정,1
282973,1117000000000001702,청파동1가 138-1도,도,국유지,67.40338385198265,126.96930510377106,37.54941877191709,206.15300924,98.44520683,560.56676195,127,미지정,1
282974,1117000000000001703,청파동1가 52-5도,도,국유지,50.244828608469106,126.96924681072291,37.54938913120568,201.03928088,102.08136658,554.51221999,127,미지정,1
282975,1117000000000001704,청파동1가 123-4도,도,국유지,63.063990951515734,126.96947954377919,37.54874939836704,233.89563888,172.99691512,548.47990341,127,미지정,1
282976,1117000000000001705,청파동1가 64-1도,도,국유지,30.943489934317768,126.96864312836767,37.54885024791337,160.82578497,173.24551371,482.15019878,127,미지정,1
282977,1117000000000001706,청파동1가 64-2도,도,국유지,188.73562671389664,126.96865217116604,37.54885598632439,161.30953187,172.36292747,483.12367533,127,미지정,1
282978,1117000000000001707,청파동1가 65-1도,도,국유지,19.282058196607977,126.96858179552392,37.54882145133944,157.19868142,178.23218556,475.94913656,127,미지정,1
282979,1117000000000001708,청파동1가 65-2도,도,국유지,17.389183138962835,126.96846471818012,37.54874126941155,152.13786327,190.5142454,463.1482485,127,미지정,1
282980,1117000000000001709,청파동1가 121-19도,도,국유지,62.6815849901177,126.9684385337193,37.5485977194753,158.78051667,206.03044314,455.71222141,127,미지정,1
282981,1117000000000001710,청파동1가 97-81도,도,국유지,36.24003487767186,126.96735679413624,37.54811137379342,58.39884472,300.70673916,348.62860462,127,미지정,1
282982,1117000000000001711,청파동1가 98-7도,도,국유지,1110.8227511418518,126.96779298290474,37.54746008513785,119.75890223,344.56520537,375.88469931,127,미지정,1
282983,1117000000000001712,청파동1가 67-7도,도,국유지,531.2863471006858,126.96825750612116,37.54815488504294,138.12709371,257.55424413,427.08660685,127,미지정,1
282984,1117000000000001713,청파동1가 77-2도,도,국유지,26.054625246673822,126.9682778418972,37.5480204089968,139.99733212,270.80431257,425.80549906,127,미지정,1
282985,1117000000000001714,청파동1가 81-1도,도,국유지,79.52719613933004,126.96802372473329,37.54793000702966,118.70661966,288.61685479,401.91232937,127,미지정,1
282986,1117000000000001715,청파동1가 91-68도,도,국유지,253.8038151850924,126.96727551418195,37.54935889421517,27.77563394,211.57678344,400.88559346,127,미지정,1
282987,1117000000000001716,청파동1가 18-1도,도,국유지,103.8292535264045,126.96667139139473,37.54928366170752,30.83926865,262.77319011,353.00656927,127,미지정,1
282988,1117000000000001717,청파동1가 97-46도,도,국유지,1857.1574564770563,126.96697220475968,37.54770610741841,49.47601381,357.07301538,306.21221643,127,미지정,1
282989,1117000000000001718,청파동1가 89-72도,도,국유지,3823.579316019721,126.96640084647827,37.54848937472607,51.06156105,329.71672661,284.64205008,127,미지정,1
282990,1117000000000001719,청파동1가 1-136도,도,국유지,79.6134971305728,126.9647230066112,37.54976169803922,202.24631016,173.48535313,291.90469085,127,미지정,1
282991,1117000000000001720,청파동1가 100-6도,도,국유지,271.17075044545345,126.96851990047506,37.54722682553288,220.61929237,349.49381246,439.8002049,127,미지정,1
282992,1117000000000001721,청파동1가 101-8 도,도,국유지,60.27022475458216,126.96904105475994,37.546931189937624,182.98361446,288.23754423,487.5244952,127,미지정,1
282993,1117000000000001722,청파동1가 102-3 도,도,국유지,20.989132610266097,126.96883931199373,37.54698817204049,190.12937881,306.58892882,469.24935989,127,미지정,1
282994,1117000000000001723,청파동1가 102-13도,도,국유지,129.37255681841634,126.96895878847154,37.54693597572749,183.65188467,294.58254744,480.23575973,127,미지정,1
282995,1117000000000001724,청파동1가 196-2도,도,국유지,343.8439799080952,126.97023640405529,37.54700939382444,218.92898761,215.96988304,564.07695408,127,미지정,1
282996,1117000000000001725,청파동1가 195-2도,도,국유지,54.851052084821276,126.97019481555652,37.54727821719565,243.91150952,242.21404509,564.15133014,127,미지정,1
282997,1117000000000001726,청파동1가 195-3도,도,국유지,25.04951224080287,126.97017591836334,37.547376205951444,253.16127264,252.17391857,564.9060428,127,미지정,1
282998,1117000000000001727,청파동1가 180-3도,도,국유지,765.0963567679864,126.97011017523958,37.54713311224348,226.15453251,233.6586194,573.30617975,127,미지정,1
282999,1117000000000001728,청파동1가 194-1도,도,국유지,69.28378809872083,126.96986029728197,37.54689589052472,193.21218923,229.09157386,559.9971453,127,미지정,1
283000,1117000000000001729,청파동1가 107-1도,도,국유지,87.77683361200616,126.96945972721005,37.546887897256816,182.01457641,255.43178697,524.7992528,127,미지정,1
283001,1117000000000001730,청파동1가 101-4도,도,국유지,50.67787210288225,126.96922176320884,37.547130753370745,205.76680421,288.68737634,502.10692046,127,미지정,1
283002,1117000000000001731,청파동1가 100-35도,도,국유지,67.76310928212479,126.9684833184735,37.54741561465721,174.94805043,329.78103963,436.66403211,127,미지정,1
283003,1117000000000001732,청파동1가 113-12도,도,국유지,427.5951373501448,126.96884655760721,37.54775467163644,193.71220766,286.57741209,471.24393672,127,미지정,1
283004,1117000000000001733,청파동1가 118-1도,도,국유지,35.61727658426389,126.9694324666575,37.54803147253201,241.89116037,252.41785355,526.57926743,127,미지정,1
283005,1117000000000001734,청파동1가 119-5도,도,국유지,83.10686094051925,126.96935120036981,37.54817516004798,234.7828272,236.37565065,522.19650488,127,미지정,1
283006,1117000000000001735,청파동1가 116-21도,도,국유지,133.47998687555082,126.96870921498463,37.54816114456813,178.03463669,244.66239153,466.24223954,127,미지정,1
283007,1117000000000001736,청파동1가 118-2도,도,국유지,129.8954199909349,126.96930964101983,37.548011504001806,231.11910924,254.5698039,515.51423029,127,미지정,1
283008,1117000000000001737,청파동1가 160-6도,도,국유지,92.2178758350201,126.96950427873796,37.548564452805095,243.26580325,193.62341568,544.94794223,127,미지정,1
283009,1117000000000001738,청파동1가 165-9도,도,국유지,109.97501103079412,126.96927997727342,37.54846099403966,230.27211031,204.75644915,522.87924056,127,미지정,1
283010,1117000000000001739,청파동1가 121-14도,도,국유지,121.8379384339787,126.96868679923529,37.548230510391114,176.54898073,237.66598527,465.93964898,127,미지정,1
283011,1117000000000001740,청파동1가 132-38도,도,국유지,24.568463660776615,126.96855481077846,37.548682234730535,162.31463601,193.45451092,468.45239141,127,미지정,1
283012,1117000000000001741,청파동1가 176-2도,도,국유지,38.34389590867795,126.96923794517633,37.54792404813064,225.39280421,264.44551727,507.84924138,127,미지정,1
283013,1117000000000001742,청파동1가 116-22도,도,국유지,31.699047663481906,126.96913606652231,37.54801197184407,215.79124741,255.21639788,500.36770035,127,미지정,1
283014,1117000000000001743,청파동1가 186-2도,도,국유지,78.1059290599078,126.96983846790567,37.547099207530195,213.64779591,246.45459811,556.70070672,127,미지정,1
283015,1117000000000001744,청파동1가 105-6도,도,국유지,18.64499397785403,126.96950986919167,37.54706739014554,202.42136162,264.7767342,527.8511832,127,미지정,1
283016,1117000000000001745,청파동1가 177-14 도,도,국유지,29.585678691975772,126.96939439549148,37.54749335095862,247.3772456,312.06830205,517.4276739,127,미지정,1
283017,1117000000000001746,청파동1가 108-1도,도,국유지,80.7394483255921,126.96954098809528,37.546997477324275,195.43972915,257.58701226,531.03717285,127,미지정,1
283018,1117000000000001747,청파동1가 107-2도,도,국유지,39.10451239766553,126.96926991430482,37.546973961040045,188.83546037,274.55492765,507.31499879,127,미지정,1
283019,1117000000000001748,청파동1가 171-4도,도,국유지,12.907177062879782,126.96963218693011,37.54791967730496,297.34921088,265.86828534,542.32693965,127,미지정,1
283020,1117000000000001749,청파동1가 171-5도,도,국유지,43.743167084641755,126.96980659103139,37.547904013004484,298.75564136,269.45158619,557.40979763,127,미지정,1
283021,1117000000000001750,청파동1가 175-1도,도,국유지,101.96803351707058,126.9697947234807,37.547655981083395,271.75809605,296.56411997,553.75431146,127,미지정,1
283022,1117000000000001751,청파동1가 140-1도,도,국유지,46.905252410448156,126.96975547238195,37.54944817564035,245.9637387,101.48257446,598.23421559,127,미지정,1
283023,1117000000000001752,청파동1가 142-2도,도,국유지,321.6826778942486,126.96983769798877,37.54934620051425,253.36519421,114.66154481,600.54787587,127,미지정,1
283024,1117000000000001753,청파동1가 148-1도,도,국유지,63.00487194210291,126.96987346658368,37.54909303606268,259.00380603,142.11401439,593.50011205,127,미지정,1
283025,1117000000000001754,청파동1가 149-1도,도,국유지,52.59400878706947,126.9698758289044,37.549017823030304,260.52654475,150.10283856,590.95900239,127,미지정,1
283026,1117000000000001755,청파동1가 150-1도,도,국유지,30.320657045114785,126.96988258660843,37.5489381441048,262.78803976,158.71685242,588.74206398,127,미지정,1
283027,1117000000000001756,청파동1가 154-54 도,도,국유지,35.34232564846752,126.96987225169974,37.548732318856665,267.53897976,180.44128568,581.23635879,127,미지정,1
283028,1117000000000001757,청파동1가 163-1도,도,국유지,20.748450024751946,126.96982476593398,37.54831083045773,280.75041707,225.19025016,566.15164538,127,미지정,1
283029,1117000000000001758,청파동1가 158-2도,도,국유지,641.7841928572743,126.96995197145306,37.54844392277188,284.92195155,213.19379094,580.21408126,127,미지정,1
283030,1117000000000001759,청파동1가 180-2도,도,국유지,648.1759409838123,126.97006091574742,37.547645549351614,277.3783402,282.84446857,573.64572032,127,미지정,1
283031,1117000000000001760,청파동1가 172-7도,도,국유지,504.3449074984528,126.97000414564312,37.548064134882594,320.28913605,255.24368691,577.07216605,127,미지정,1
283032,1117000000000001761,청파동1가 172-6도,도,국유지,155.48426481103525,126.97009536223432,37.547963177295586,311.82036768,268.02823114,570.95797681,127,미지정,1
283033,1117000000000001762,청파동1가 182-6도,도,국유지,24.01968762424076,126.97002525330065,37.54735484524296,245.96043949,257.81128086,572.77457008,127,미지정,1
283034,1117000000000001763,청파동1가 154-1도,도,국유지,808.4431140494999,126.9699774663529,37.5489314024514,271.14902863,162.08594163,596.49788756,127,미지정,1
283035,1117000000000001764,청파동1가 154-50도,도,국유지,302.2326551991864,126.97011939495273,37.548457693866176,298.09469708,215.88063461,573.71921263,127,미지정,1
283036,1117000000000001765,청파동1가 154-55도,도,국유지,175.549252435565,126.970126931309,37.54881806132558,286.78696,178.59085285,579.87748217,127,미지정,1
283037,1117000000000001766,청파동1가 180-6도,도,국유지,606.2068415404065,126.97046144211288,37.54838625884518,366.69355414,234.34902087,542.70686473,127,미지정,1
283038,1117000000000001767,청파동1가 1-194도,도,국유지,103.36202674463857,126.96808341098146,37.55027385930038,136.11686199,112.34751422,519.13530806,127,미지정,1
283039,1117000000000001768,청파동1가 37-6도,도,국유지,15.211582303978503,126.9686781271223,37.55002383698689,164.76939882,67.39594985,544.89425245,127,미지정,1
283040,1117000000000001769,청파동1가 37-9도,도,국유지,20.65482408949174,126.96866855903768,37.55009141967395,167.17905084,65.05565764,548.38524746,127,미지정,1
283041,1117000000000001770,청파동1가 34-1도,도,국유지,82.18819892313331,126.96853095869133,37.549694721260934,140.96909613,99.39039586,514.36102866,127,미지정,1
283042,1117000000000001771,청파동1가 30-1도,도,국유지,69.07517145876773,126.96833424267595,37.54985675225995,129.56679162,102.94352811,509.32378834,127,미지정,1
283043,1117000000000001772,청파동1가 35-1도,도,국유지,61.87632576818578,126.96848843807788,37.54989572972473,143.82955878,88.96759109,523.06939182,127,미지정,1
283044,1117000000000001773,청파동2가 36-2도,도,국유지,25.163016051519662,126.96912542097057,37.54528867264341,7.65896036,232.39729498,541.54153828,134,미지정,1
283045,1117000000000001774,청파동2가 68-10도,도,국유지,67.33355389139615,126.96730113913577,37.54514730080115,154.31863213,290.68039241,409.25233248,134,미지정,1
283046,1117000000000001775,청파동2가 66-18도,도,국유지,40.92007118137553,126.96737592102107,37.544998559803446,150.31950522,272.89829296,424.37263923,134,미지정,1
283047,1117000000000001776,청파동2가 68-9도,도,국유지,42.31761422182899,126.96741463174567,37.54520919774405,143.78801754,293.56879319,413.53077312,134,미지정,1
283048,1117000000000001777,청파동2가 68-12도,도,국유지,314.2900359192863,126.96770085352723,37.545214184488785,118.50647468,286.652021,434.38919267,134,미지정,1
283049,1117000000000001778,청파동2가 54-10 잡,잡,국유지,15.345045043155551,126.96746260381377,37.544938088100565,144.46769032,263.8600975,434.5311192,134,미지정,1
283050,1117000000000001779,청파동2가 71-152 잡,잡,국유지,57.324409265071154,126.96753972937518,37.54488193945876,139.76243531,255.64615072,443.72810986,134,미지정,1
283051,1117000000000001780,청파동2가 70-3도,도,국유지,71.83543248474598,126.96789900919349,37.545265185986715,100.77048241,288.26949475,446.40016397,134,미지정,1
283052,1117000000000001781,청파동2가 134-3도,도,국유지,473.99590136297047,126.96307704815955,37.54389675868159,46.05816426,136.69141417,345.87927355,134,미지정,1
283053,1117000000000001782,청파동2가 80-3 도,도,국유지,55.073577081551775,126.96938072840605,37.54477088780054,64.3107565,240.3064594,690.48492798,134,미지정,1
283054,1117000000000001783,청파동2가 90-35도,도,국유지,119.34223732259125,126.96946193404563,37.54485218345319,60.64152435,251.16214698,698.59559635,134,미지정,1
283055,1117000000000001784,청파동2가 90-34도,도,국유지,31.327664479147643,126.96957422886662,37.54486872380505,65.92059645,203.35970873,699.376386,134,미지정,1
283056,1117000000000001785,청파동2가 90-38도,도,국유지,81.59502204880118,126.96968488852825,37.54488253383819,72.30252782,193.63583513,700.01193853,134,미지정,1
283057,1117000000000001786,청파동2가 71-62 도,도,국유지,17.21836135420017,126.96815170008546,37.545158296686616,79.6239438,273.05475868,471.66451052,134,미지정,1
283058,1117000000000001787,청파동2가 104-32도,도,국유지,109.03141896962188,126.96987333394802,37.546467338490835,150.75696827,198.47973733,566.96357341,134,미지정,1
283059,1117000000000001788,청파동2가 79-2도,도,국유지,122.45139134320198,126.96928559822182,37.54491846107842,45.903059,253.54302846,572.27071292,134,미지정,1
283060,1117000000000001789,청파동2가 90-21도,도,국유지,75.12633352633566,126.96955572258851,37.545009019170095,54.82481632,200.30280335,589.12483959,134,미지정,1
283061,1117000000000001790,청파동2가 104-8도,도,국유지,30.96910796035081,126.96996254996043,37.546153252995516,126.48838232,174.38415108,581.38884178,134,미지정,1
283062,1117000000000001791,청파동2가 13-3 도,도,국유지,13.760657442791853,126.96913070254216,37.54685915371822,175.17552165,277.2067851,496.14901967,134,미지정,1
283063,1117000000000001792,청파동2가 10-154 도,도,국유지,60.55483722873032,126.96868463475869,37.54664013816003,153.90184948,299.57738862,460.19848487,134,미지정,1
283064,1117000000000001793,청파동2가 106-17도,도,국유지,91.22003051778302,126.96950444393673,37.54636889147536,127.39500226,221.26357346,536.83381112,134,미지정,1
283065,1117000000000001794,청파동2가 25-1도,도,국유지,89.24891812022543,126.96958715211464,37.54615766258222,108.53651536,205.01597699,548.9586321,134,미지정,1
283066,1117000000000001795,청파동2가 11-12 도,도,국유지,29.12487663788488,126.96901242813045,37.54689285873044,178.74477307,287.996366,485.38460107,134,미지정,1
283067,1117000000000001796,청파동2가 11-10도,도,국유지,42.16484887711704,126.968673840428,37.54666188671784,156.45992874,301.48268976,458.87627145,134,미지정,1
283068,1117000000000001797,청파동2가 1-5도,도,국유지,183.00119490968063,126.96610382301185,37.54756527470947,78.64354075,443.65930293,228.05741077,134,미지정,1
283069,1117000000000001798,청파동2가 1-11도,도,국유지,49.387996225152165,126.9660841803859,37.547301948399706,103.21746585,470.3126497,224.47484634,134,미지정,1
283070,1117000000000001799,청파동2가 1-63도,도,국유지,66.45370069617638,126.96614454131307,37.54747606065973,84.14939567,454.1891842,230.60125204,134,미지정,1
283071,1117000000000001800,청파동2가 1-178도,도,국유지,18.899711042176932,126.96470739240615,37.54822334051202,176.83756978,341.37662354,144.78327849,134,미지정,1
283072,1117000000000001801,청파동2가 1-179도,도,국유지,39.97677350207232,126.96480992852467,37.54820612929342,167.1599753,344.48506945,150.07251132,134,미지정,1
283073,1117000000000001802,청파동2가 2-18 도,도,국유지,176.5005803781096,126.96689524281071,37.54669901517047,155.82140951,464.90940912,303.64384614,134,미지정,1
283074,1117000000000001803,청파동2가 2-24도,도,국유지,41.90971442114096,126.96720494094703,37.54677500577267,153.13751712,435.3850514,328.78370033,134,미지정,1
283075,1117000000000001804,청파동2가 3도,도,국유지,107.18200105900178,126.96619952923686,37.5468946142783,140.1691056,406.86126087,239.00811743,134,미지정,1
283076,1117000000000001805,청파동2가 4-1도,도,국유지,51.84039313852554,126.96625014073096,37.546683122662635,161.47760974,398.8777957,248.84442115,134,미지정,1
283077,1117000000000001806,청파동2가 4-8도,도,국유지,15.668381078634411,126.96627161251956,37.54656833427231,173.43953286,394.61004186,254.46093278,134,미지정,1
283078,1117000000000001807,청파동2가 5-6도,도,국유지,39.01149667467689,126.96654234087575,37.54663899912004,162.05964331,469.30422419,275.02432954,134,미지정,1
283079,1117000000000001808,청파동2가 6-21도,도,국유지,29.938902883208357,126.96654558962601,37.54704757810538,116.90132806,438.51814555,266.76159966,134,미지정,1
283080,1117000000000001809,청파동2가 7-3도,도,국유지,126.63186570489779,126.96666391252938,37.546556172114215,170.70432591,456.81318635,287.90050446,134,미지정,1
283081,1117000000000001810,청파동2가 8-4도,도,국유지,28.55122186196968,126.96712216454829,37.546533268979736,177.26320957,441.41141371,327.54309922,134,미지정,1
283082,1117000000000001811,청파동2가 8-16도,도,국유지,22.117237237165682,126.96678803045086,37.546283197634885,201.14060943,424.5994558,308.21502322,134,미지정,1
283083,1117000000000001812,청파동2가 10-60도,도,국유지,71.18656867038226,126.96768063116562,37.54690852606319,157.72723508,404.9293126,368.16737104,134,미지정,1
283084,1117000000000001813,청파동2가 45-6도,도,국유지,77.8906993761193,126.96691588471953,37.54651542676657,176.27387964,444.99327064,310.53344202,134,미지정,1
283085,1117000000000001814,청파동2가 46-7도,도,국유지,77.40531293849926,126.96677693843988,37.54641208063017,186.80870756,438.31234456,302.32680826,134,미지정,1
283086,1117000000000001815,청파동2가 46-9도,도,국유지,30.94442333932966,126.96668702123613,37.54653782715267,172.71834654,454.18016424,290.44563595,134,미지정,1
283087,1117000000000001816,청파동2가 133-1도,도,국유지,66.2534836519626,126.9669788373304,37.546519430175174,176.5328022,443.67066099,315.75275724,134,미지정,1
283088,1117000000000001817,청파동2가 33-7도,도,국유지,145.35705136455363,126.96936167944213,37.54571028940618,55.37902601,212.13577425,543.65700262,134,미지정,1
283089,1117000000000001818,청파동2가 93-2도,도,국유지,40.98367400304414,126.97017019995214,37.545260428104186,99.98764115,141.19761217,739.64819813,134,미지정,1
283090,1117000000000001819,청파동2가 131도,도,국유지,1232.6361182900146,126.9705175320286,37.545440261828226,131.81981632,108.50193182,591.71759186,134,미지정,1
283091,1117000000000001820,청파동2가 35-54도,도,국유지,17.326205419376493,126.96880519369753,37.54544016605341,27.08240891,303.36887251,508.83794625,134,미지정,1
283092,1117000000000001821,청파동2가 8-9도,도,국유지,657.4815312006976,126.96737417797296,37.54620956013942,179.53924226,400.83629244,359.57639474,134,미지정,1
283093,1117000000000001822,청파동2가 8-50도,도,국유지,207.69103720784187,126.96726601151491,37.5463933177729,195.35395157,423.00780247,344.06519242,134,미지정,1
283094,1117000000000001823,청파동2가 2-27도,도,국유지,247.75989551085513,126.9668974851154,37.547008116444324,121.82422524,425.45912108,298.14984047,134,미지정,1
283095,1117000000000001824,청파동2가 81도,도,국유지,1244.1866946538212,126.96887942191132,37.54477437731161,58.13516292,230.60404765,548.706071,134,미지정,1
283096,1117000000000001825,청파동2가 71-11도,도,국유지,343.4235434602015,126.96858570496143,37.54454989408372,90.64752263,203.61301258,540.26112797,134,미지정,1
283097,1117000000000001826,청파동2가 71-128도,도,국유지,44.49535101617221,126.9685813438407,37.54470064528453,76.20375629,220.32982087,530.65332465,134,미지정,1
283098,1117000000000001827,청파동2가 2-25도,도,국유지,238.93251591402804,126.96651410711108,37.547116044100534,109.72890659,433.87808034,263.28740861,134,미지정,1
283099,1117000000000001828,청파동2가 48-7도,도,국유지,286.1503041908145,126.9662071532705,37.54649758305055,151.49819862,385.99949228,251.75231679,134,미지정,1
283100,1117000000000001829,청파동2가 47-39도,도,국유지,97.53156100591877,126.96660346743421,37.5463795049276,190.46500522,440.60551959,289.14610589,134,미지정,1
283101,1117000000000001830,청파동2가 1-36 잡,잡,국유지,28.291082152165473,126.96539794227768,37.54723209360374,149.38256791,372.9978144,164.02171371,134,미지정,1
283102,1117000000000001831,청파동2가 3-24도,도,국유지,227.4924755555112,126.96591446216416,37.5467434214505,159.36047565,376.60810792,218.49365867,134,미지정,1
283103,1117000000000001832,청파동2가 1-170도,도,국유지,869.3703445468564,126.9652551798466,37.54666701309439,133.50601867,323.45790256,166.88513035,134,미지정,1
283104,1117000000000001833,청파동2가 16-1도,도,국유지,67.68057840527035,126.96920034806656,37.54651121619207,137.11398868,252.37196272,507.52008691,134,미지정,1
283105,1117000000000001834,청파동2가 22-1도,도,국유지,78.65116511913948,126.96936817387868,37.54625398071248,111.67436374,226.96043758,527.69072192,134,미지정,1
283106,1117000000000001835,청파동2가 36-14도,도,국유지,31.27352722606156,126.96907925456065,37.54534091187078,7.38966551,236.0156864,535.4439316,134,미지정,1
283107,1117000000000001836,청파동2가 24-1도,도,국유지,76.51302476413548,126.96948722646668,37.546199865786434,109.24587113,214.9532495,539.28918512,134,미지정,1
283108,1117000000000001837,청파동2가 117-4도,도,국유지,229.0477299001068,126.97032507348092,37.54651488318417,177.82891839,170.21385132,567.06670636,134,미지정,1
283109,1117000000000001838,청파동2가 53-25 도,도,국유지,51.83654752932489,126.96510318621887,37.54520685181331,29.61569142,250.06531924,270.39785056,134,미지정,1
283110,1117000000000001839,청파동2가 53-40도,도,국유지,41.22404018417001,126.96510132579903,37.545173872234116,33.25232143,249.52299004,273.47090928,134,미지정,1
283111,1117000000000001840,청파동2가 117-2도,도,국유지,24.677085098810494,126.97036510943296,37.54658191322204,185.82318354,172.81544914,561.86804107,134,미지정,1
283112,1117000000000001841,청파동2가 53-24도,도,국유지,25.4573112456128,126.96540586855454,37.54518712380402,43.13697056,276.45497191,286.74942153,134,미지정,1
283113,1117000000000001842,청파동2가 53-17도,도,국유지,149.93799208360724,126.9655524390986,37.54544695810165,42.3066372,293.30562364,271.92195866,134,미지정,1
283114,1117000000000001843,청파동2가 116-2도,도,국유지,109.42345162667334,126.97030218518354,37.54666837619325,190.04727728,183.56198548,565.15890339,134,미지정,1
283115,1117000000000001844,청파동2가 53-15도,도,국유지,81.6337810024852,126.96562520873886,37.54531628809725,51.64680881,297.34009406,287.14360644,134,미지정,1
283116,1117000000000001845,청파동2가 1-174도,도,국유지,458.3285413910635,126.96477625296748,37.546944047699554,165.41598268,311.21698897,115.95673304,134,미지정,1
283117,1117000000000001846,청파동2가 1-182 도,도,국유지,67.17657169158338,126.96509768832436,37.54683301309193,150.98852083,323.81791165,146.87825009,134,미지정,1
283118,1117000000000001847,청파동2가 1-181 도,도,국유지,84.64215352479368,126.96515493344921,37.54682853348783,150.64432495,327.3934393,151.78953943,134,미지정,1
283119,1117000000000001848,청파동2가 35-32도,도,국유지,39.87035186588764,126.96894832058221,37.545394623534236,14.80515141,299.65029074,522.44921376,134,미지정,1
283120,1117000000000001849,청파동2가 115-2도,도,국유지,131.2657945516985,126.97028164039052,37.54677520857773,198.75642155,193.4797057,564.5354143,134,미지정,1
283121,1117000000000001850,청파동2가 115-3도,도,국유지,553.644558908185,126.97017352119354,37.54665490402672,182.34915875,190.60358361,576.58745673,134,미지정,1
283122,1117000000000001851,청파동2가 112-3 도,도,국유지,30.086089156160597,126.96967777636515,37.54687608823689,185.65502858,239.64017231,544.10906744,134,미지정,1
283123,1117000000000001852,청파동2가 114-10도,도,국유지,47.23056051088497,126.9696170055377,37.54679364929222,175.32127772,238.03841989,539.64151269,134,미지정,1
283124,1117000000000001853,청파동2가 114-11도,도,국유지,11.141900901740883,126.96960666079812,37.546875106220654,183.73713645,244.39432757,537.85837486,134,미지정,1
283125,1117000000000001854,청파동2가 111-4 도,도,국유지,42.566811434866395,126.96950293410137,37.546866095161285,180.475196,250.93189558,528.81931912,134,미지정,1
283126,1117000000000001855,청파동2가 35-31도,도,국유지,10.48990685842,126.96831019354839,37.545306333333336,64.46916858,288.115804,475.93813298,134,미지정,1
283127,1117000000000001856,청파동2가 53-43도,도,국유지,72.22812830610201,126.9639933751132,37.545111499388916,103.63671774,151.42054794,246.46152493,134,미지정,1
283128,1117000000000001857,청파동2가 14-1도,도,국유지,73.60443499742541,126.96936940984295,37.54671646207832,161.80604352,250.87806658,518.89248069,134,미지정,1
283129,1117000000000001858,청파동2가 113-1도,도,국유지,131.91816271760035,126.96974896303595,37.546690595501865,168.40075646,221.82092939,552.5304936,134,미지정,1
283130,1117000000000001859,청파동2가 15-1도,도,국유지,41.537117794388905,126.96924219598577,37.54661291641086,148.74579092,254.47643803,509.34299125,134,미지정,1
283131,1117000000000001860,청파동2가 13-4 도,도,국유지,48.083815695892554,126.96931084086351,37.54685135811661,175.771302,263.58822243,512.07558739,134,미지정,1
283132,1117000000000001861,청파동2가 134-2도,도,국유지,1785.6578704162966,126.96365966916325,37.544779959534466,139.4340108,122.55442322,280.22456589,134,미지정,1
283133,1117000000000001862,청파동2가 71-141도,도,국유지,17.203627954469994,126.96823124116304,37.54532169004181,71.52440894,290.35494445,468.97314727,134,미지정,1
283134,1117000000000001863,청파동2가 1-169도,도,국유지,2357.410389055207,126.96355069093961,37.547196945483066,67.93177377,272.35438425,11.79669712,134,미지정,1
283135,1117000000000001864,청파동2가 71-73도,도,국유지,56.35315671074204,126.9681697869057,37.54531120360861,76.88891812,289.7320868,464.73602501,134,미지정,1
283136,1117000000000001865,청파동2가 40-30도,도,국유지,47.33925507217646,126.96787858883248,37.54545869905729,104.40424831,309.70380858,434.31843457,134,미지정,1
283137,1117000000000001866,청파동2가 76-5도,도,국유지,13.211769353947602,126.96893380821578,37.54471969289781,63.1551023,225.31527366,555.94734358,134,미지정,1
283138,1117000000000001867,청파동2가 1-8도,도,국유지,797.6995380906155,126.96557330524266,37.54746534677618,121.31134384,439.1259574,180.21955304,134,미지정,1
283139,1117000000000001868,청파동2가 104-16 도,도,국유지,14.113897552713752,126.96989795042852,37.54611285244383,119.38837873,177.73129067,576.83125668,134,미지정,1
283140,1117000000000001869,청파동2가 104-17 도,도,국유지,22.215364293195307,126.96981353421634,37.54611693598234,115.15460216,184.77733562,569.46723052,134,미지정,1
283141,1117000000000001870,청파동2가 53-42 도,도,국유지,34.31860594311729,126.96332597770792,37.54612961446128,159.79630583,159.03833736,131.66005728,134,미지정,1
283142,1117000000000001871,청파동2가 101-5도,도,국유지,111.60166900174227,126.96988739239207,37.54608604029528,116.50403951,177.43550588,576.61303208,134,미지정,1
283143,1117000000000001872,청파동2가 104-18도,도,국유지,29.002602342749014,126.96970781400066,37.546120748619096,110.21633428,193.59355267,560.2826694,134,미지정,1
283144,1117000000000001873,청파동2가 103-5 도,도,국유지,18.767881456762552,126.96966420642802,37.54590865856633,88.77604741,189.93892577,562.55341275,134,미지정,1
283145,1117000000000001874,청파동2가 103-4 도,도,국유지,30.12564042734448,126.96965272760323,37.54603521791742,99.59804338,194.91137601,557.87011569,134,미지정,1
283146,1117000000000001875,청파동2가 26-2 도,도,국유지,33.61245967447758,126.969606,37.545929666666666,87.57198122,195.50621267,556.96724548,134,미지정,1
283147,1117000000000001876,청파동2가 35-49도,도,국유지,335.87236076628324,126.9686091614687,37.54535944801037,38.94227757,293.48716686,496.88295443,134,미지정,1
283148,1117000000000001877,청파동2가 40-29도,도,국유지,112.82871357211843,126.96771491602553,37.54540349077816,117.78855212,306.72912362,424.62595736,134,미지정,1
283149,1117000000000001878,청파동2가 103-6 도,도,국유지,33.548794734699186,126.96967900243628,37.54581652083029,81.91827029,186.34667188,566.70332851,134,미지정,1
283150,1117000000000001879,청파동2가 104-19도,도,국유지,34.54908204724779,126.96960885256684,37.54613558396025,107.23610518,202.33742842,551.39515046,134,미지정,1
283151,1117000000000001880,청파동2가 32-1도,도,국유지,111.6362217736314,126.96962807308323,37.54593741914133,89.40047995,193.84588684,558.60952107,134,미지정,1
283152,1117000000000001881,청파동2가 33-17도,도,국유지,117.32511505129514,126.96945163769989,37.54583388896782,71.23261862,206.42672974,546.93479224,134,미지정,1
283153,1117000000000001882,청파동2가 118-3도,도,국유지,27.546017199754715,126.9704180135897,37.54632880921013,168.32821741,150.51130569,564.53038864,134,미지정,1
283154,1117000000000001883,청파동2가 124-1 도,도,국유지,149.0395681313239,126.97044814126986,37.5459444235245,144.57546533,125.70091881,575.42839711,134,미지정,1
283155,1117000000000001884,청파동2가 134-1도,도,국유지,77.24836221628357,126.9631854238192,37.54648402450482,118.68777611,186.96907777,96.27182074,134,미지정,1
283156,1117000000000001885,청파동2가 120-4도,도,국유지,573.3232043037424,126.97037922521127,37.54617304004574,154.25419872,143.18962102,572.87358818,134,미지정,1
283157,1117000000000001886,청파동2가 118-5도,도,국유지,102.85243144701235,126.97035113139114,37.546392327977244,169.16232702,159.54651896,568.29378826,134,미지정,1
283158,1117000000000001887,청파동2가 104-33도,도,국유지,531.535197903635,126.97021736068285,37.54624848454151,149.45312094,159.75294423,584.05987461,134,미지정,1
283159,1117000000000001888,청파동2가 104-15 도,도,국유지,63.72334792994661,126.970068556385,37.546099325509196,128.43290526,163.35917007,591.85429899,134,미지정,1
283160,1117000000000001889,청파동2가 10-83도,도,국유지,23.56881304894341,126.96890381502286,37.54641882181995,126.68225122,271.87271195,483.70901499,134,미지정,1
283161,1117000000000001890,청파동2가 1-145 도,도,국유지,102.34930365456967,126.9633918255953,37.54855053726862,121.1452123,311.63593545,138.90232962,134,미지정,1
283162,1117000000000001891,청파동2가 10-142 도,도,국유지,17.350558932637796,126.96888260618051,37.546126264367814,94.6621842,262.93268811,489.52141863,134,미지정,1
283163,1117000000000001892,청파동2가 10-150도,도,국유지,19.78789123718161,126.96891112862455,37.546063427757126,87.40710783,258.67035863,493.84864912,134,미지정,1
283164,1117000000000001893,청파동2가 106-7도,도,국유지,34.05852591525763,126.96967812479004,37.54646857758579,143.24068006,213.13568549,549.92941735,134,미지정,1
283165,1117000000000001894,청파동2가 71-148도,도,국유지,59.89431677584071,126.96807878825841,37.54474923019187,103.46612052,229.06814871,490.85560262,134,미지정,1
283166,1117000000000001895,청파동2가 71-17도,도,국유지,51.341564532602206,126.96813929830927,37.54467090339733,104.5508056,219.61797061,500.25755425,134,미지정,1
283167,1117000000000001896,청파동2가 71-15도,도,국유지,314.6159013955621,126.96823640463165,37.544705510087866,95.56698917,222.26937042,505.04595863,134,미지정,1
283168,1117000000000001897,청파동2가 71-13도,도,국유지,122.86856621369952,126.96832541222962,37.5447034035816,90.04987595,221.27473956,511.6556971,134,미지정,1
283169,1117000000000001898,청파동2가 71-41도,도,국유지,78.39294813293964,126.96833761686999,37.54459516071317,98.29930186,209.21343111,519.40491248,134,미지정,1
283170,1117000000000001899,청파동2가 36-27도,도,국유지,79.04931440204382,126.96900994875615,37.54535519657962,8.46867049,296.05015409,529.20494408,134,미지정,1
283171,1117000000000001900,청파동2가 71-101 도,도,국유지,10.995085650589317,126.96763264079688,37.544800574487056,135.31291246,244.4048814,455.73632274,134,미지정,1
283172,1117000000000001901,청파동2가 71-54도,도,국유지,30.08692225255072,126.96773025846238,37.54475242021191,129.76850745,236.65282934,465.83412569,134,미지정,1
283173,1117000000000001902,청파동2가 71-112 도,도,국유지,20.47972696647048,126.96774197246167,37.54477274976053,127.83214132,238.5066767,465.29126789,134,미지정,1
283174,1117000000000001903,청파동2가 71-111 도,도,국유지,44.17164534237236,126.96781743303356,37.54475510303097,122.80934614,234.77179702,471.79674477,134,미지정,1
283175,1117000000000001904,청파동2가 71-146도,도,국유지,16.090498707839288,126.96789859930912,37.54474152605912,117.31788384,231.50306301,478.45140993,134,미지정,1
283176,1117000000000001905,청파동2가 71-21도,도,국유지,87.11239767633379,126.96804534260352,37.54469285381598,109.52388686,223.4472902,492.10309271,134,미지정,1
283177,1117000000000001906,청파동2가 71-25도,도,국유지,41.06727174995467,126.96773508641827,37.54483763474246,125.37110331,245.58010039,460.49070582,134,미지정,1
283178,1117000000000001907,청파동2가 71-147도,도,국유지,69.37898412626237,126.96795507115763,37.54473486194953,113.45385239,229.64083552,482.91061604,134,미지정,1
283179,1117000000000001908,청파동2가 8-35도,도,국유지,10.298513331450522,126.96739596666666,37.54625735333334,181.0832264,405.49203531,359.64259476,134,미지정,1
283180,1117000000000001909,청파동2가 66-20도,도,국유지,49.61507545202039,126.96696259141378,37.544991351850015,175.1743643,287.77628925,396.35629957,134,미지정,1
283181,1117000000000001910,청파동2가 63-10도,도,국유지,48.26152604538947,126.96692638383631,37.54501850540257,171.21836411,291.95841561,391.96661015,134,미지정,1
283182,1117000000000001911,청파동2가 66-19도,도,국유지,103.12900479929522,126.96717869217115,37.54497991953968,167.80338079,277.975175,411.89118425,134,미지정,1
283183,1117000000000001912,청파동2가 1-176도,도,국유지,23.578103354782797,126.96494231253466,37.548175914309475,155.26391161,349.69412137,156.89690142,134,미지정,1
283184,1117000000000001913,청파동2가 1-177도,도,국유지,664.2889561771299,126.96501444933064,37.547796086704544,152.25685805,392.31383682,140.92323433,134,미지정,1
283185,1117000000000001914,청파동2가 10-19도,도,국유지,2102.114583958115,126.96833872428235,37.54663798201336,162.67527015,327.33851047,430.09241683,134,미지정,1
283186,1117000000000001915,청파동2가 67-11도,도,국유지,140.10568386135856,126.9669941989686,37.545230530353415,171.73783912,310.10380607,381.93727534,134,미지정,1
283187,1117000000000001916,청파동2가 67-4도,도,국유지,22.87281567044556,126.9672269810606,37.54514464772728,160.87008238,292.90901644,404.12827725,134,미지정,1
283188,1117000000000001917,청파동2가 67-10도,도,국유지,119.59166825562716,126.96733693526338,37.54531279007081,150.46124003,306.71051823,401.42966703,134,미지정,1
283189,1117000000000001918,청파동2가 60-2도,도,국유지,20.611933148931712,126.96698919890555,37.545482893885314,169.18261439,335.71163584,365.38346414,134,미지정,1
283190,1117000000000001919,청파동2가 60-10도,도,국유지,141.7969100313494,126.9669761443015,37.54558580017753,168.49307181,346.64364889,358.21719577,134,미지정,1
283191,1117000000000001920,청파동2가 41-22도,도,국유지,40.532291874988005,126.96704823520871,37.54564558144787,175.44782596,350.32861519,360.19345704,134,미지정,1
283192,1117000000000001921,청파동2가 42-2도,도,국유지,129.91877841204405,126.96713135920277,37.54584644536715,179.83377592,368.5950628,355.861096,134,미지정,1
283193,1117000000000001922,청파동2가 42-19도,도,국유지,56.39691205101553,126.96701207565216,37.545739598434785,173.74351779,361.20409707,352.19310392,134,미지정,1
283194,1117000000000001923,청파동2가 41-21도,도,국유지,44.38194446731359,126.96710050099448,37.545727789834245,178.30326204,357.16007155,359.64894222,134,미지정,1
283195,1117000000000001924,청파동2가 42-27도,도,국유지,174.55629334633704,126.966495033058,37.54558201800863,126.09321791,365.14951211,323.26001034,134,미지정,1
283196,1117000000000001925,청파동2가 42-26도,도,국유지,112.48971974523738,126.96667457402565,37.54582803542884,146.77143917,382.11574995,321.46202041,134,미지정,1
283197,1117000000000001926,청파동2가 42-25도,도,국유지,124.07753516663797,126.96662768238409,37.54613366515157,155.60609097,414.68948897,301.83734601,134,미지정,1
283198,1117000000000001927,청파동2가 123-4도,도,국유지,73.94353584363125,126.9705429723438,37.54597876858116,153.73331022,119.83345468,566.24520249,134,미지정,1
283199,1117000000000001928,청파동2가 55-13도,도,국유지,26.64416596153751,126.96596630701266,37.544924294680655,99.55949697,333.40950408,339.89451078,134,미지정,1
283200,1117000000000001929,청파동2가 59-6도,도,국유지,83.38461686100345,126.96598783136312,37.545276365719786,83.57789172,361.92079604,311.832559,134,미지정,1
283201,1117000000000001930,청파동2가 56-9 도,도,국유지,32.65158610092476,126.96573615550214,37.545251149193945,63.40862227,306.20538318,298.98955341,134,미지정,1
283203,1117000000000001932,청파동2가 54-1도,도,국유지,2619.7813549912535,126.96617450094999,37.545004011558724,110.2306766,328.02154829,345.1809447,134,미지정,1
283204,1117000000000001933,청파동2가 54-11 도,도,국유지,12.000417791772634,126.96666128102439,37.544870614766396,155.31310722,290.31764255,385.71376253,134,미지정,1
283205,1117000000000001934,청파동2가 60-20도,도,국유지,148.0456580715254,126.96660958002077,37.54511579971071,141.29851636,315.53907706,363.76575152,134,미지정,1
283206,1117000000000001935,청파동2가 63-22도,도,국유지,85.97393337311223,126.96617465499207,37.54531202855892,98.81919508,355.13880043,320.74608713,134,미지정,1
283207,1117000000000001936,청파동2가 60-14도,도,국유지,135.25028340530116,126.96647496925199,37.54540149079614,123.98788806,348.7518574,334.11327165,134,미지정,1
283208,1117000000000001937,청파동2가 97-16도,도,국유지,128.61476286844118,126.96968452229345,37.54557052577594,65.38409409,182.32364459,575.70618111,134,미지정,1
283209,1117000000000001938,청파동2가 98-6도,도,국유지,101.05841023498215,126.96992394930527,37.545744066271986,93.48147312,163.56158735,589.75484283,134,미지정,1
283210,1117000000000001939,청파동2가 97-20 도,도,국유지,18.12065831455402,126.96972267442489,37.54542945593143,62.57166133,178.74518167,584.27329369,134,미지정,1
283211,1117000000000001940,청파동2가 97-18 도,도,국유지,16.924025542568415,126.96971919801024,37.54559679039892,69.49027013,179.45456885,577.63305219,134,미지정,1
283212,1117000000000001941,청파동2가 97-19 도,도,국유지,30.091541428118944,126.96972858322468,37.54550779791395,65.86190151,178.17174584,581.72568838,134,미지정,1
283213,1117000000000001942,청파동2가 93-1도,도,국유지,730.8201927274931,126.97037269053114,37.54532216385949,117.93420469,122.4501127,608.96790804,134,미지정,1
283214,1117000000000001943,청파동2가 90-27도,도,국유지,20.611995815765113,126.97027128408281,37.54523786509636,109.0033074,132.88499054,737.00536084,134,미지정,1
283215,1117000000000001944,청파동2가 95-1도,도,국유지,726.6961087406962,126.9702614828454,37.54580254662508,122.47668906,135.90455881,596.44748013,134,미지정,1
283216,1117000000000001945,청파동2가 129-3 도,도,국유지,40.2086622947827,126.97042875557996,37.54558541110705,127.32482301,116.87398779,592.07109904,134,미지정,1
283217,1117000000000001946,청파동2가 124-2도,도,국유지,387.64264967443887,126.97042707143181,37.54584612165222,137.68748456,123.37147698,581.05718211,134,미지정,1
283218,1117000000000001947,청파동2가 35-36도,도,국유지,151.8754260665737,126.96935502365804,37.54530430046174,28.02336217,212.03316314,559.39425853,134,미지정,1
283219,1117000000000001948,청파동2가 35-7도,도,국유지,45.15216678287834,126.9694758273777,37.545324356576515,38.87292212,201.20308626,568.34623341,134,미지정,1
283220,1117000000000001949,청파동2가 97-15도,도,국유지,57.51543039176613,126.96959312193039,37.545310345497946,49.05740164,191.02225617,578.5131762,134,미지정,1
283221,1117000000000001950,청파동2가 97-1도,도,국유지,36.07463272602763,126.96982843755664,37.54526252256661,69.79062753,170.99976774,599.76560322,134,미지정,1
283222,1117000000000001951,청파동2가 91-3도,도,국유지,23.711397902690805,126.9699840440538,37.545252788900385,83.57175661,157.56345579,739.33873326,134,미지정,1
283223,1117000000000001952,청파동2가 90-5도,도,국유지,40.40014647814678,126.97006607125518,37.54511796965285,92.57474317,153.60924058,724.10204681,134,미지정,1
283224,1117000000000001953,청파동2가 90-26도,도,국유지,30.79784073261544,126.97013950573248,37.54522311380042,97.46830287,144.62402961,735.5715628,134,미지정,1
283225,1117000000000001954,청파동2가 97-21 도,도,국유지,66.45555548556149,126.96968321235822,37.54533750734264,57.24783927,182.81834145,584.74618546,134,미지정,1
283226,1117000000000001955,청파동2가 91-6도,도,국유지,65.73968933941796,126.96985576943929,37.54522402767624,72.46205011,169.26772901,736.73572287,134,미지정,1
283227,1117000000000001956,청파동2가 91-5도,도,국유지,111.80892650969326,126.96998966029214,37.545243216793146,84.11608123,157.24610924,738.25574943,134,미지정,1
283228,1117000000000001957,청파동2가 89-2도,도,국유지,107.34149266639724,126.96902944281496,37.54510019531249,20.25271132,268.36027278,542.92203563,134,미지정,1
283229,1117000000000001958,청파동2가 84-6도,도,국유지,37.06547154625878,126.96904932680603,37.54491878808326,40.37884216,248.85156237,553.82517164,134,미지정,1
283230,1117000000000001959,청파동2가 89-1도,도,국유지,108.3319359018933,126.96919721000451,37.54523177028822,15.06468098,226.75456379,549.93614823,134,미지정,1
283231,1117000000000001960,청파동2가 71-2도,도,국유지,60.43837792426348,126.96851015530672,37.5451807504598,48.08900354,273.56012666,498.08375869,134,미지정,1
283232,1117000000000001961,청파동2가 36-22도,도,국유지,100.17146000207867,126.96869610455624,37.54520915024968,31.38570692,277.12710742,511.18060371,134,미지정,1
283233,1117000000000001962,청파동3가 132-169도,도,국유지,38.822213371284306,126.96457751675932,37.54275949688394,138.79729862,316.76895177,315.52268788,159,미지정,1
283234,1117000000000001963,청파동3가 132-173도,도,국유지,82.73496167943813,126.96459343054732,37.54291895712309,129.57499952,304.28841004,328.16319427,159,미지정,1
283235,1117000000000001964,청파동3가 132-227 도,도,국유지,149.56978804897517,126.96468099580298,37.54314182179159,125.31562441,291.92450947,350.70348628,159,미지정,1
283236,1117000000000001965,청파동3가 132-76도,도,국유지,345.6318321953295,126.96434798026277,37.54309206040831,101.05599718,275.51772106,326.14787016,159,미지정,1
283237,1117000000000001966,청파동3가 132-84 도,도,국유지,112.9895008909516,126.96453267825571,37.542826296309144,131.09123886,308.5362137,317.32112951,159,미지정,1
283238,1117000000000001967,청파동3가 132-228 도,도,국유지,101.00812862697057,126.96456382404352,37.54299766417428,122.81501466,296.06931214,332.15946575,159,미지정,1
283239,1117000000000001968,청파동3가 132-177도,도,국유지,11.456388836493716,126.96476492979453,37.54273635273972,153.51347128,329.50034247,326.85960333,159,미지정,1
283240,1117000000000001969,청파동3가 132-121도,도,국유지,44.678308618604206,126.96217294968898,37.54214288144896,123.62568103,303.00502033,136.61518841,159,미지정,1
283241,1117000000000001970,청파동3가 132-77 도,도,국유지,151.49805757921422,126.96462906775437,37.54270994556128,145.80622976,323.91045292,315.59177289,159,미지정,1
283242,1117000000000001971,청파동3가 132-225 도,도,국유지,52.41657155007124,126.96467611246257,37.543214176771464,122.25207038,286.1220193,356.03514779,159,미지정,1
283243,1117000000000001972,청파동3가 132-172 도,도,국유지,16.895177765749395,126.96465481277211,37.54304087276244,127.67578735,298.14229047,341.30392106,159,미지정,1
283244,1117000000000001973,청파동3가 132-175도,도,국유지,10.392136668320745,126.96466594966179,37.54282876655655,140.45084293,316.02268447,326.44845032,159,미지정,1
283245,1117000000000001974,청파동3가 132-113도,도,국유지,39.8427007192513,126.96217696110291,37.542060537666174,116.07320514,294.33529824,127.80128146,159,미지정,1
283246,1117000000000001975,청파동3가 132-209도,도,국유지,57.581339374301024,126.96310833818809,37.542453500241315,123.33732563,287.13942146,202.13021247,159,미지정,1
283247,1117000000000001976,청파동3가 133-28도,도,국유지,195.59386664466,126.96478984210921,37.54202185422832,182.11171535,338.88147015,287.56299216,159,미지정,1
283248,1117000000000001977,청파동3가 132-137도,도,국유지,82.3583973380737,126.96218388790966,37.54192561503802,104.23030737,280.20465988,113.48170509,159,미지정,1
283249,1117000000000001978,청파동3가 132-182도,도,국유지,18.24402228463441,126.96478366666668,37.54226233333333,190.30273804,371.48816899,299.19130509,159,미지정,1
283250,1117000000000001979,청파동3가 132-213도,도,국유지,51.22012629033998,126.96482308122694,37.5429035038619,147.91025828,319.43973623,342.43220116,159,미지정,1
283251,1117000000000001980,청파동3가 132-201도,도,국유지,642.572734921705,126.96293798647334,37.5439079974534,40.55273622,129.7530931,343.36335117,159,미지정,1
283252,1117000000000001981,청파동3가 132-157도,도,국유지,226.4960218805354,126.96347395504934,37.54377317660518,27.14115652,167.94658638,346.08599375,159,미지정,1
283253,1117000000000001982,청파동3가 132-64도,도,국유지,3146.8840912251035,126.96235046892967,37.543067115651915,66.84149708,209.86577161,240.23933148,159,미지정,1
283254,1117000000000001983,청파동3가 118-114도,도,국유지,72.73486354481429,126.96700649003215,37.54316885107768,282.92602236,143.21854703,551.51886358,159,미지정,1
283255,1117000000000001984,청파동3가 118-115도,도,국유지,138.87853438174352,126.96713169233941,37.54316216345316,274.30738585,132.63539672,558.34427091,159,미지정,1
283256,1117000000000001985,청파동3가 122-1도,도,국유지,250.34069091978017,126.96936796951054,37.54215594385998,77.35308608,97.09213866,404.35370678,159,미지정,1
283257,1117000000000001986,청파동3가 70-1도,도,국유지,22.034946576692164,126.97086915557534,37.54266054477335,187.29306015,116.2211825,453.24264934,159,미지정,1
283258,1117000000000001987,청파동3가 56-4도,도,국유지,274.19418827281334,126.97083790869853,37.543819287569306,227.25295101,110.0746951,581.12440403,159,미지정,1
283259,1117000000000001988,청파동3가 132-171도,도,국유지,34.06027805642225,126.96462512186224,37.54260031226302,153.59024912,333.15536632,307.89553148,159,미지정,1
283260,1117000000000001989,청파동3가 66-2도,도,국유지,2614.4404924210976,126.9706788482429,37.54229649938941,147.62947601,86.91863681,411.53916865,159,미지정,1
283261,1117000000000001990,청파동3가 121-125도,도,국유지,22.898048003204167,126.96930365345895,37.54282790461912,152.07768422,70.01231341,478.52781098,159,미지정,1
283262,1117000000000001991,청파동3가 79-4도,도,국유지,194.31936300935922,126.97095539647171,37.54190974599971,147.85700691,38.08430183,371.45561142,159,미지정,1
283263,1117000000000001992,청파동3가 105-24도,도,국유지,143.30330778064672,126.96962685304585,37.54258091793293,126.39299176,98.61114088,446.68760782,159,미지정,1
283264,1117000000000001993,청파동3가 100-10도,도,국유지,22.04959063557908,126.9693445308422,37.542876441874256,157.34404307,74.66878365,483.1363444,159,미지정,1
283265,1117000000000001994,청파동3가 9-5 도,도,국유지,104.92966401739977,126.97081817492364,37.54434021245403,188.82878323,101.39169579,638.68099365,159,미지정,1
283266,1117000000000001995,청파동3가 56-5도,도,국유지,473.6708857390331,126.97077608337732,37.54412708771893,200.01946799,115.60222482,614.83952226,159,미지정,1
283267,1117000000000001996,청파동3가 24-27도,도,국유지,28.346014806535095,126.96945320403692,37.544634287197226,80.71732335,228.19395985,674.66086129,159,미지정,1
283268,1117000000000001997,청파동3가 64-1도,도,국유지,216.35968367743772,126.970872030744,37.543528141389174,253.28140267,113.39533456,549.14954719,159,미지정,1
283269,1117000000000001998,청파동3가 121-127도,도,국유지,112.965206952882,126.96936068613066,37.54266548429858,133.90933865,74.15445685,459.86903159,159,미지정,1
283270,1117000000000001999,청파동3가 121-133도,도,국유지,19.180692478024866,126.96939683533625,37.54254512085571,120.54654928,79.43424893,446.14674054,159,미지정,1
283271,1117000000000002000,청파동3가 105-52도,도,국유지,10.951285344082862,126.96964825645618,37.542466746678606,114.30664898,103.13579713,433.87571913,159,미지정,1
283272,1117000000000002001,청파동3가 93-3도,도,국유지,55.90404880116694,126.9694744362371,37.54244507208232,109.74532777,89.21517299,433.97148255,159,미지정,1
283273,1117000000000002002,청파동3가 121-135도,도,국유지,73.338824576349,126.96941372720788,37.54244494561098,109.45841115,84.18836692,434.94718138,159,미지정,1
283274,1117000000000002003,청파동3가 94-1도,도,국유지,75.27603047399316,126.96973510819382,37.54241087106652,110.17627964,112.26183643,426.69250138,159,미지정,1
283275,1117000000000002004,청파동3가 90-8도,도,국유지,405.7020900398493,126.96936821254208,37.542606628205476,127.370007,75.5884563,453.32987806,159,미지정,1
283276,1117000000000002005,청파동3가 125-1도,도,국유지,123.58345316397026,126.96914186352632,37.542381498273734,104.5368875,66.02947319,433.32603368,159,미지정,1
283277,1117000000000002006,청파동3가 130-11도,도,국유지,42.088779802434146,126.9687673659986,37.54223757399208,102.01316329,57.28986127,427.52482719,159,미지정,1
283278,1117000000000002007,청파동3가 119-12 도,도,국유지,245.0176949086599,126.96830480620496,37.542723429083274,169.52253908,19.38880142,492.30585234,159,미지정,1
283279,1117000000000002008,청파동3가 121-54도,도,국유지,43.87376871914603,126.96894555477307,37.54251380143827,123.22550535,43.49204101,452.02673129,159,미지정,1
283280,1117000000000002009,청파동3가 121-70도,도,국유지,12.196862075477839,126.96921829647498,37.543204480498595,194.25224592,81.87886437,520.99341268,159,미지정,1
283281,1117000000000002010,청파동3가 121-60도,도,국유지,23.45703563373536,126.96922586507773,37.54314971656561,188.14140324,78.51476015,514.90024691,159,미지정,1
283282,1117000000000002011,청파동3가 100-8도,도,국유지,59.861294650589116,126.96928476246654,37.543124763531594,185.06725072,81.10739371,511.19837738,159,미지정,1
283283,1117000000000002012,청파동3가 121-33도,도,국유지,21.019682579673827,126.96920568455435,37.54294187704153,165.30124546,65.25183733,492.65000761,159,미지정,1
283284,1117000000000002013,청파동3가 100-9도,도,국유지,20.17614129022695,126.96931369040676,37.54297174226219,167.99356452,75.34019662,494.03501792,159,미지정,1
283285,1117000000000002014,청파동3가 121-155도,도,국유지,15.683845474384725,126.9692781713571,37.54291444684177,161.78454835,70.19480189,488.38725299,159,미지정,1
283286,1117000000000002015,청파동3가 118-144도,도,국유지,157.2840136041632,126.96767425547483,37.54324209098562,256.57957572,95.12496667,567.14544329,159,미지정,1
283287,1117000000000002016,청파동3가 118-140도,도,국유지,101.00760491704568,126.96792668571568,37.543413451802934,229.55801247,93.69426852,575.81826702,159,미지정,1
283288,1117000000000002017,청파동3가 118-43도,도,국유지,141.71718054020312,126.96785836158311,37.54367125491691,207.04599322,121.24781433,554.83993693,159,미지정,1
283289,1117000000000002018,청파동3가 118-374도,도,국유지,20.156266589765437,126.96784311873478,37.54390851711273,185.54258296,145.39100769,535.05665576,159,미지정,1
283290,1117000000000002019,청파동3가 121-121도,도,국유지,15.992735953768715,126.96915130757434,37.5432467733824,199.44900375,80.89316524,526.76009511,159,미지정,1
283291,1117000000000002020,청파동3가 105-50도,도,국유지,252.29790950927418,126.96882044216798,37.54350628897528,198.08376781,91.541306,561.32317724,159,미지정,1
283292,1117000000000002021,청파동3가 121-27도,도,국유지,390.5244190199883,126.96863709472149,37.54335122082133,217.27382235,71.206719,548.88335997,159,미지정,1
283293,1117000000000002022,청파동3가 121-145도,도,국유지,56.20705976849422,126.96811210353955,37.54382486254835,181.34018265,128.34068722,612.95172877,159,미지정,1
283294,1117000000000002023,청파동3가 108-47 도,도,국유지,27.811762905213982,126.96834007206255,37.54377369887733,178.4907053,118.5117163,601.32138401,159,미지정,1
283295,1117000000000002024,청파동3가 108-48도,도,국유지,18.949883217457682,126.96842672049691,37.54373949792961,179.60296295,113.92068604,595.46435314,159,미지정,1
283296,1117000000000002025,청파동3가 108-42도,도,국유지,241.69397630705498,126.96814164824919,37.54383042647566,179.62145076,128.22029126,612.69926027,159,미지정,1
283297,1117000000000002026,청파동3가 106-4도,도,국유지,107.2305811420083,126.96949768857382,37.54375734357801,174.05873016,144.09158478,577.59279678,159,미지정,1
283298,1117000000000002027,청파동3가 106-7도,도,국유지,41.95559307001531,126.96954967808298,37.543616457938825,190.33713361,134.92324121,561.4959082,159,미지정,1
283299,1117000000000002028,청파동3가 106-6도,도,국유지,34.69735792581923,126.96940432782098,37.54359765078916,189.76396562,125.0109271,561.19547769,159,미지정,1
283300,1117000000000002029,청파동3가 107-66도,도,국유지,47.76215049403254,126.96934802789474,37.54368809306225,179.05450167,130.16742363,571.87314847,159,미지정,1
283301,1117000000000002030,청파동3가 107-75도,도,국유지,50.47425275412388,126.96924682199769,37.54358736044178,189.03447605,115.90271598,562.31335671,159,미지정,1
283302,1117000000000002031,청파동3가 106-5도,도,국유지,104.09209050796926,126.96950813003534,37.54358890421672,192.48553022,130.19297266,558.93964098,159,미지정,1
283303,1117000000000002032,청파동3가 107-20도,도,국유지,33.1181034068577,126.96919347677576,37.54382377530974,162.47565272,136.44432946,588.97253226,159,미지정,1
283304,1117000000000002033,청파동3가 107-67도,도,국유지,209.25789900915697,126.96917110258815,37.5437077431078,175.16889605,124.04077267,576.6485534,159,미지정,1
283305,1117000000000002034,청파동3가 105-51도,도,국유지,162.60474446887383,126.96923002063983,37.54342126721158,207.26326072,100.10093253,544.43615947,159,미지정,1
283306,1117000000000002035,청파동3가 57-1 도,도,국유지,81.5816939859651,126.9707733123735,37.54362599228534,239.35316944,122.76256184,559.3220104,159,미지정,1
283307,1117000000000002036,청파동3가 60-1도,도,국유지,39.567314956802875,126.97050005639562,37.543541634564534,232.38249422,148.63074739,548.8696642,159,미지정,1
283308,1117000000000002037,청파동3가 101-6도,도,국유지,102.01763949985616,126.97040225050475,37.54355109407749,226.80351711,156.18026758,549.77969107,159,미지정,1
283309,1117000000000002038,청파동3가 50-3 도,도,국유지,908.2743428121903,126.97066455844481,37.543772140121916,220.7601677,126.23673648,574.96370532,159,미지정,1
283310,1117000000000002039,청파동3가 61-4도,도,국유지,242.76964708359446,126.97067990943803,37.54331802963517,236.10561178,136.05662083,524.7007578,159,미지정,1
283311,1117000000000002040,청파동3가 61-1도,도,국유지,126.48991305491654,126.97068145201354,37.54344825635856,248.89805542,131.76781089,539.14007368,159,미지정,1
283312,1117000000000002041,청파동3가 48-11도,도,국유지,24.001257126918063,126.9703746913227,37.54359094265087,221.7628109,156.84870494,554.18757789,159,미지정,1
283313,1117000000000002042,청파동3가 8-1도,도,국유지,435.48017540294677,126.9706716381412,37.54443621299278,172.15362428,110.34886776,648.61871953,159,미지정,1
283314,1117000000000002043,청파동3가 23도,도,국유지,231.8444753945805,126.97055904377228,37.54443748026795,163.82429681,119.97547545,648.4004115,159,미지정,1
283315,1117000000000002044,청파동3가 1도,도,국유지,351.18501438136445,126.9706007359726,37.544943419955295,143.04485193,117.20322446,704.63866381,159,미지정,1
283316,1117000000000002045,청파동3가 56-6도,도,국유지,196.21586901607225,126.97037745556942,37.544390302382716,154.25469597,136.80331478,642.90710062,159,미지정,1
283317,1117000000000002046,청파동3가 2-4도,도,국유지,652.1135837321053,126.97051754853902,37.544821264822666,140.32505963,121.3896698,690.8917298,159,미지정,1
283318,1117000000000002047,청파동3가 107-59도,도,국유지,108.97584510815796,126.96826033807358,37.54419012114666,139.41294887,165.2604469,541.37416731,159,미지정,1
283319,1117000000000002048,청파동3가 107-40도,도,국유지,41.99449494550936,126.968202146483,37.54431945766672,129.98267601,180.22301785,528.31079536,159,미지정,1
283320,1117000000000002049,청파동3가 107-58도,도,국유지,120.20120603509713,126.968106776105,37.54439686100911,128.25980481,190.16402307,516.3608757,159,미지정,1
283321,1117000000000002050,청파동3가 21-11도,도,국유지,137.24763777537737,126.96991064956288,37.54463632440031,105.24165222,174.16584479,671.33559796,159,미지정,1
283322,1117000000000002051,청파동3가 118-372도,도,국유지,128.3085869057104,126.96761698109287,37.54394770973003,194.27312445,158.47201929,517.92022557,159,미지정,1
283323,1117000000000002052,청파동3가 104-1도,도,국유지,31.372247317805886,126.96998080172999,37.54361440800375,202.98330153,162.84229615,557.7467375,159,미지정,1
283324,1117000000000002053,청파동3가 113-17도,도,국유지,61.68003084685188,126.96754030569026,37.54404582714479,190.74358348,171.29382816,505.38794563,159,미지정,1
283325,1117000000000002054,청파동3가 108-9도,도,국유지,22.1081158046145,126.9681479409938,37.54390388886425,172.08824034,135.96546527,554.85755567,159,미지정,1
283326,1117000000000002055,청파동3가 113-20도,도,국유지,56.0991344138165,126.96757357755631,37.54397500078678,194.50598065,163.03479513,513.0769952,159,미지정,1
283327,1117000000000002056,청파동3가 108-41도,도,국유지,64.39206607104279,126.96771725013963,37.54404534602692,180.27743743,163.86437398,516.4733448,159,미지정,1
283328,1117000000000002057,청파동3가 113-22도,도,국유지,42.91168926144019,126.96734763440001,37.54401435866667,205.31565963,177.68842573,496.2037425,159,미지정,1
283329,1117000000000002058,청파동3가 107-61도,도,국유지,91.42401342862286,126.96868130170229,37.54399611368595,146.23381737,142.75553778,617.04998273,159,미지정,1
283330,1117000000000002059,청파동3가 24-95도,도,국유지,204.06260092183948,126.96851321754384,37.54433060045662,115.42012994,179.20357755,549.25638992,159,미지정,1
283331,1117000000000002060,청파동3가 107-4도,도,국유지,29.43001147126779,126.96852720779874,37.544151559740044,133.42461254,159.32994848,637.1232469,159,미지정,1
283332,1117000000000002061,청파동3가 24-39도,도,국유지,41.082327431067824,126.9687720775934,37.54418534598704,124.03724663,164.54661784,635.65421532,159,미지정,1
283333,1117000000000002062,청파동3가 107-62도,도,국유지,197.24675171636045,126.96902610977955,37.543969180863584,145.76813375,145.99468431,607.54794366,159,미지정,1
283334,1117000000000002063,청파동3가 24-40도,도,국유지,92.43909078044817,126.97059175668028,37.544071169398904,192.10022495,132.7270047,607.85629815,159,미지정,1
283335,1117000000000002064,청파동3가 51-1 도,도,국유지,168.38574388623238,126.97073783677493,37.543908677238974,213.97767655,116.58850673,590.44032407,159,미지정,1
283336,1117000000000002065,청파동3가 24-41도,도,국유지,13.133420186582953,126.97055062882745,37.54410902937515,186.56384043,133.79988936,611.93999965,159,미지정,1
283337,1117000000000002066,청파동3가 24-2도,도,국유지,176.8006576456246,126.97060858834246,37.544200817,183.44156453,124.60096244,622.28967748,159,미지정,1
283338,1117000000000002067,청파동3가 26-1도,도,국유지,1181.5429140095948,126.96986181097101,37.54432629520545,128.64383702,182.79231896,637.26510422,159,미지정,1
283339,1117000000000002068,청파동3가 26-28도,도,국유지,446.6731363746803,126.96920772162196,37.544159547467416,125.5228927,171.23149148,625.50191951,159,미지정,1
283340,1117000000000002069,청파동3가 29-23도,도,국유지,11.519968911539763,126.96921697658578,37.54390029132965,154.21277773,145.00858641,596.9856072,159,미지정,1
283341,1117000000000002070,청파동3가 29-13도,도,국유지,73.93548575183377,126.96946256089153,37.544172727027494,128.731847,181.71378933,623.71304244,159,미지정,1
283342,1117000000000002071,청파동3가 26-22도,도,국유지,29.61632703896612,126.9697182296738,37.54419710752332,134.58886271,195.34816178,623.96909117,159,미지정,1
283343,1117000000000002072,청파동3가 39-4도,도,국유지,54.54458177322522,126.96987664856444,37.54381646871065,178.75657341,170.90214915,580.72736034,159,미지정,1
283344,1117000000000002073,청파동3가 50-14도,도,국유지,20.146411978639662,126.97009173945152,37.54409319287569,161.48536008,171.19283436,610.35642254,159,미지정,1
283345,1117000000000002074,청파동3가 26-2도,도,국유지,31.50444236258045,126.96996850498131,37.54420624896223,144.96466844,177.13557154,623.39079733,159,미지정,1
283346,1117000000000002075,청파동3가 118-120도,도,국유지,73.16173468530178,126.96769830660946,37.543004707825,227.03030186,79.69604199,542.3888653,159,미지정,1
283347,1117000000000002076,청파동3가 118-118도,도,국유지,76.58974986686371,126.9675149831807,37.543047927600256,241.43856182,96.48199087,553.8585719,159,미지정,1
283348,1117000000000002077,청파동3가 118-121도,도,국유지,70.26824310189113,126.96786381795552,37.54297378482691,215.03624951,64.98118601,533.10071933,159,미지정,1
283349,1117000000000002078,청파동3가 118-66도,도,국유지,12.888402706943452,126.96824340296803,37.54302219748858,200.51330402,42.06962063,525.18943925,159,미지정,1
283350,1117000000000002079,청파동3가 111-51도,도,국유지,19.577341375988908,126.96733821776886,37.54476370875083,160.96242787,250.26668357,438.01870231,159,미지정,1
283351,1117000000000002080,청파동3가 118-94도,도,국유지,49.312367354519665,126.96795410644788,37.54299472613956,212.01738285,59.10624106,531.99212449,159,미지정,1
283352,1117000000000002081,청파동3가 118-76도,도,국유지,26.924402745440602,126.96821827231331,37.542986982695815,198.28322897,40.4296958,522.33408935,159,미지정,1
283353,1117000000000002082,청파동3가 118-105도,도,국유지,85.62340813316405,126.96830347816793,37.54310070170113,205.58541388,46.9345995,531.5145016,159,미지정,1
283354,1117000000000002083,청파동3가 110-1도,도,국유지,821.4155250164913,126.967710859776,37.54470734618552,133.6153473,232.40406976,467.53990018,159,미지정,1
283355,1117000000000002084,청파동3가 111-76 도,도,국유지,17.30178667837754,126.96741234353742,37.544867272108846,150.96666802,258.1862085,435.83130375,159,미지정,1
283356,1117000000000002085,청파동3가 21-10도,도,국유지,185.3026949511841,126.96997408189316,37.5449544015703,90.29537338,166.89594251,706.29561303,159,미지정,1
283357,1117000000000002086,청파동3가 111-15도,도,국유지,45.6872188039124,126.96748273797766,37.544419489051094,167.60636885,210.27115342,472.84583816,159,미지정,1
283358,1117000000000002087,청파동3가 24-21도,도,국유지,57.4865509425872,126.96979073272476,37.54455842137293,104.26236641,185.21443539,663.41030075,159,미지정,1
283359,1117000000000002088,청파동3가 13-2도,도,국유지,1214.6916950861341,126.96996716102984,37.54484121304442,95.52666324,172.23323184,693.7768827,159,미지정,1
283360,1117000000000002089,청파동3가 24-96도,도,국유지,67.87854640418664,126.96865039563616,37.54441173812104,102.56830467,188.53752343,553.72871045,159,미지정,1
283361,1117000000000002090,청파동3가 113-19도,도,국유지,76.83354865154251,126.96767464328421,37.54451944294804,147.35071629,213.77159101,478.22437788,159,미지정,1
283362,1117000000000002091,청파동3가 113-18도,도,국유지,106.03811193600995,126.96759123859951,37.54426426209416,170.71471619,190.58706554,491.60427507,159,미지정,1
283363,1117000000000002092,청파동3가 108-43도,도,국유지,96.82325697061606,126.96785559411778,37.54418566014959,160.49574674,173.48072086,514.67697575,159,미지정,1
283364,1117000000000002093,청파동3가 109-22도,도,국유지,57.11876820703037,126.9679746110014,37.54449172364843,128.65700087,202.97605307,500.6641542,159,미지정,1
283365,1117000000000002094,청파동3가 118-25도,도,국유지,237.37391162855783,126.96729171819345,37.54365864292109,237.33655501,151.01473599,522.78213188,159,미지정,1
283366,1117000000000002095,청파동3가 118-185도,도,국유지,66.79039448167896,126.96761141393152,37.54380654879212,206.76922539,145.4455861,528.96340041,159,미지정,1
283367,1117000000000002096,청파동3가 25-2도,도,국유지,250.558668974787,126.96893468653315,37.544483016708746,89.2125404,199.44746157,665.07260072,159,미지정,1
283368,1117000000000002097,청파동3가 24-98도,도,국유지,101.11880983691663,126.96907310978548,37.544572210162144,78.89194663,211.65488035,672.6364614,159,미지정,1
283369,1117000000000002098,청파동3가 140-1 도,도,국유지,372.77479562489316,126.96542170038107,37.54356155786223,214.32083732,289.78142207,447.19173939,159,미지정,1
283370,1117000000000002099,청파동3가 115-20도,도,국유지,533.0345630904776,126.9656477855963,37.54357863708685,216.23381085,271.61764096,453.25437426,159,미지정,1
283371,1117000000000002100,청파동3가 117-7도,도,국유지,48.21349803544581,126.96558386115348,37.54344954572271,229.01107324,272.29004114,464.13515895,159,미지정,1
283372,1117000000000002101,청파동3가 117-6도,도,국유지,90.04158195573837,126.96573700288673,37.54351692959333,224.82021333,261.85030263,462.75524492,159,미지정,1
283373,1117000000000002102,청파동3가 118-258도,도,국유지,60.14024217892438,126.9673820245182,37.54382889146211,217.88413972,159.50449115,513.53839976,159,미지정,1
283374,1117000000000002103,청파동3가 117-19 도,도,국유지,77.22198707144707,126.96588089322157,37.543595185147545,220.2245913,253.14581031,460.4439236,159,미지정,1
283375,1117000000000002104,청파동3가 111-21도,도,국유지,125.859975558531,126.96724730908403,37.544770953008104,168.21603974,254.45599723,431.37565313,159,미지정,1
283376,1117000000000002105,청파동3가 111-40도,도,국유지,16.21311428048648,126.9668694228675,37.54477384694495,176.54752959,271.19259235,406.40143762,159,미지정,1
283377,1117000000000002106,청파동3가 111-24도,도,국유지,167.5402086665854,126.96698623348848,37.544816220277305,183.9630163,269.82117575,410.75230629,159,미지정,1
283378,1117000000000002107,청파동3가 118-117도,도,국유지,71.23920529149473,126.96734199531876,37.5430791711414,254.56546578,111.96642973,563.99763929,159,미지정,1
283379,1117000000000002108,청파동3가 118-403도,도,국유지,28.027712256880477,126.96714539247593,37.54331688206474,274.95667252,138.89263725,545.00273874,159,미지정,1
283380,1117000000000002109,청파동3가 118-113도,도,국유지,57.031391713768244,126.96702144151115,37.543337827070246,279.96180603,149.65223367,536.77187648,159,미지정,1
283381,1117000000000002110,청파동3가 37-1도,도,국유지,18.54282862955006,126.96985054315441,37.543724248699654,187.22531329,162.06735063,570.69326578,159,미지정,1
283382,1117000000000002111,청파동3가 105-3도,도,국유지,96.86830865312368,126.96978069734712,37.543532801015914,204.95706801,143.36201972,550.04214434,159,미지정,1
283383,1117000000000002112,청파동3가 118-213도,도,국유지,63.26906824950129,126.96694060124535,37.54387456197194,242.17778521,190.04042384,484.66297418,159,미지정,1
283384,1117000000000002113,청파동3가 118-208도,도,국유지,25.992230764124542,126.96700994088049,37.54396992610063,231.03997288,193.05941364,480.28228392,159,미지정,1
283385,1117000000000002114,청파동3가 44-2도,도,국유지,93.92559875082225,126.97012906068991,37.54361611953494,208.52894716,173.49609449,557.32217599,159,미지정,1
283386,1117000000000002115,청파동3가 105-61도,도,국유지,10.230206467444077,126.9698229290508,37.54362223330138,196.8600678,152.62296299,559.6036225,159,미지정,1
283387,1117000000000002116,청파동3가 107-88도,도,국유지,52.57815414480865,126.96884309112954,37.54363779516836,183.36341475,106.12329106,575.03244859,159,미지정,1
283388,1117000000000002117,청파동3가 37-2도,도,국유지,124.37581303855404,126.96979361782526,37.54365757012736,192.28029792,153.3300206,563.73235347,159,미지정,1
283389,1117000000000002118,청파동3가 107-65도,도,국유지,52.75963572319597,126.96911626699514,37.543598479271246,187.03135654,111.05284257,565.64035268,159,미지정,1
283390,1117000000000002119,청파동3가 107-79도,도,국유지,55.22146006976254,126.96898184635882,37.54361375429247,185.28074652,107.5419126,569.70777,159,미지정,1
283391,1117000000000002120,청파동3가 107-64도,도,국유지,76.39800147293136,126.96887838323276,37.54359366086789,187.9791073,102.32054343,569.54786644,159,미지정,1
283392,1117000000000002121,청파동3가 107-63도,도,국유지,101.30134076997638,126.96888480278527,37.543795173654125,165.63851444,123.94672347,591.21930594,159,미지정,1
283393,1117000000000002122,청파동3가 107-86 도,도,국유지,30.612136634532362,126.9686340631208,37.543662207946184,183.36154914,105.46707287,582.20693029,159,미지정,1
283394,1117000000000002123,청파동3가 108-40도,도,국유지,21.004739472758956,126.96850513183905,37.54370979375827,180.81839372,110.31163677,590.35354781,159,미지정,1
283395,1117000000000002124,청파동3가 118-47도,도,국유지,337.3265266070375,126.9666589097257,37.5436853635879,242.79802186,196.83196254,486.82224517,159,미지정,1
283396,1117000000000002125,청파동3가 107-84도,도,국유지,57.114481144584715,126.96871820404715,37.54364341152899,184.11711739,104.35244764,578.29320621,159,미지정,1
283397,1117000000000002126,청파동3가 107-60도,도,국유지,183.7064650444663,126.96854783010762,37.543898546695495,159.62074423,131.26521315,609.51749027,159,미지정,1
283398,1117000000000002127,청파동3가 116-5 도,도,국유지,63.64572173845954,126.96511497059126,37.54511128106539,40.27321835,250.15327247,280.09159575,159,미지정,1
283399,1117000000000002128,청파동3가 132-220도,도,국유지,147.8721994367661,126.96446224688243,37.54351031903908,97.72435008,250.23351391,367.7935558,159,미지정,1
283400,1117000000000002129,청파동3가 132-221도,도,국유지,89.75726020522416,126.96480875598297,37.54354447113248,128.26252315,272.21940339,390.66870838,159,미지정,1
283401,1117000000000002130,청파동3가 132-74도,도,국유지,114.22927603847347,126.9648858606532,37.54344489674566,135.55025113,284.20169579,387.28867134,159,미지정,1
283402,1117000000000002131,청파동3가 117-12도,도,국유지,66.11407620320097,126.96485419971319,37.54336802425637,133.76045701,287.11060293,379.24036176,159,미지정,1
283403,1117000000000002132,청파동3가 132-224 도,도,국유지,51.96524540241808,126.96484307899208,37.54342245318988,132.02045766,282.65419031,382.86864326,159,미지정,1
283404,1117000000000002133,청파동3가 117-13도,도,국유지,89.20806733844802,126.964892080722,37.54337851764706,136.908099,289.05162502,382.42811699,159,미지정,1
283405,1117000000000002134,청파동3가 86-13도,도,국유지,34.384099979070015,126.96987903960445,37.54224269452765,97.47597597,130.76727277,406.68627389,159,미지정,1
283406,1117000000000002135,청파동3가 132-51도,도,국유지,62.289014662615955,126.96235130876832,37.54296728037162,77.04252447,220.94474364,229.38689861,159,미지정,1
283407,1117000000000002136,청파동3가 134-55 도,도,국유지,49.75462918524863,126.96733705224248,37.54159567718088,181.27203066,162.678937,426.20272962,159,미지정,1
283408,1117000000000002137,청파동3가 133-9도,도,국유지,30.33338923228439,126.96574808967932,37.54162989970358,200.90934836,273.33898996,354.41372676,159,미지정,1
283409,1117000000000002138,청파동3가 118-18도,도,국유지,37.232941155612934,126.96716924069194,37.54341825662978,264.79719776,142.86129098,537.16355166,159,미지정,1
283410,1117000000000002139,청파동3가 132-174도,도,국유지,193.02331923879683,126.96470605360197,37.54239139800464,175.08165843,355.89891582,300.64300459,159,미지정,1
283411,1117000000000002140,청파동3가 114-11도,도,국유지,207.91324767813785,126.96712229945352,37.54402982179501,219.14425334,191.33164682,481.64069797,159,미지정,1
283412,1117000000000002141,청파동3가 114-6도,도,국유지,150.21483599953353,126.9669847602242,37.54432619837849,211.38165262,224.59299735,449.02068938,159,미지정,1
283413,1117000000000002142,청파동3가 115-17도,도,국유지,70.39909831155092,126.96679510665271,37.54467041660283,176.18657826,265.32482925,409.78309467,159,미지정,1
283414,1117000000000002143,청파동3가 115-3도,도,국유지,140.2392568870564,126.96680881989326,37.54460140344803,181.2028682,258.38749819,416.11893118,159,미지정,1
283415,1117000000000002144,청파동3가 111-17도,도,국유지,130.20060549094342,126.9672426813691,37.54453582468897,179.08307719,231.55454471,448.51638087,159,미지정,1
283416,1117000000000002145,청파동3가 111-43도,도,국유지,21.764669527416117,126.96683016809372,37.544495216764304,189.30036859,247.79483743,425.97418681,159,미지정,1
283417,1117000000000002146,청파동3가 111-55도,도,국유지,22.971110355341807,126.96692067200398,37.544476685881015,197.05460474,241.37874211,432.95425617,159,미지정,1
283418,1117000000000002147,청파동3가 111-42도,도,국유지,27.041523293126374,126.96683856208439,37.54457869725546,184.77205928,254.80549911,419.75735193,159,미지정,1
283419,1117000000000002148,청파동3가 111-41도,도,국유지,43.916678418405354,126.96684892774987,37.54467770470873,179.90858592,263.28315314,412.55995256,159,미지정,1
283420,1117000000000002149,청파동3가 132-62도,도,국유지,94.42109767708462,126.962660036306,37.54348238454614,14.78842465,166.92849647,291.26233909,159,미지정,1
283421,1117000000000002150,청파동3가 132-53 도,도,국유지,49.880809063557535,126.96305990390981,37.54349317412251,26.95941624,176.1498377,303.2026488,159,미지정,1
283422,1117000000000002151,청파동3가 65-4도,도,국유지,25.075425799703225,126.97093519629702,37.54319519505836,236.63214774,121.12912141,512.86838233,159,미지정,1
283423,1117000000000002152,청파동3가 10-1도,도,국유지,52.81313643360045,126.97095759488657,37.544197102423624,207.98311457,97.91610789,623.77011294,159,미지정,1
283424,1117000000000002153,청파동3가 135-39도,도,국유지,97.36094667669386,126.96486507535766,37.541665134058704,173.14556645,383.4441481,279.80934871,159,미지정,1
283425,1117000000000002154,청파동3가 24-47도,도,국유지,59.22758048976539,126.9691247456322,37.54445884747867,91.72934497,200.58824577,659.47142577,159,미지정,1
283426,1117000000000002155,청파동3가 134-14도,도,국유지,174.54084236733615,126.96814403752097,37.54164650243053,111.28004017,123.35946495,390.55118175,159,미지정,1
283427,1117000000000002156,청파동3가 118-410도,도,국유지,430.3584871866624,126.9663450585279,37.54386083077502,211.20399619,230.70582832,455.23131579,159,미지정,1
283428,1117000000000002157,청파동3가 115-19도,도,국유지,171.48942692566197,126.96665255841533,37.54420684510601,197.94071055,233.94826075,439.95174881,159,미지정,1
283429,1117000000000002158,청파동3가 118-373도,도,국유지,64.19093485339545,126.96672429722157,37.54409251689713,211.45977356,220.53745405,453.83154911,159,미지정,1
283430,1117000000000002159,청파동3가 114-2도,도,국유지,161.70049769245088,126.96675261635127,37.54428341833475,198.51602681,234.02945466,439.00438498,159,미지정,1
283431,1117000000000002160,청파동3가 130-4도,도,국유지,493.54027607059106,126.96909804702187,37.54199605760148,64.63255063,94.64928821,393.08233216,159,미지정,1
283432,1117000000000002161,청파동3가 118-124도,도,국유지,55.64869316481054,126.96816629570223,37.54291535874387,194.03209069,38.58629064,516.62704777,159,미지정,1
283433,1117000000000002162,청파동3가 118-92도,도,국유지,25.12458473443985,126.96804939156743,37.54288905615199,197.58089397,46.13209868,517.88999728,159,미지정,1
283434,1117000000000002163,청파동3가 134-70 도,도,국유지,247.38485738629242,126.96789705706885,37.54171389725493,134.16056063,124.25794174,408.2136142,159,미지정,1
283435,1117000000000002164,청파동3가 67-10도,도,국유지,141.00697622005828,126.97070548984418,37.54315176224263,221.34986822,141.30253886,506.41147305,159,미지정,1
283436,1117000000000002165,청파동3가 85-21도,도,국유지,68.05670114490204,126.97045720621652,37.54265325058252,163.13414936,130.73027426,450.20950538,159,미지정,1
283437,1117000000000002166,청파동3가 85-22도,도,국유지,161.1991343795089,126.97001571547658,37.542497499061945,128.17854167,143.33379654,433.83588296,159,미지정,1
283438,1117000000000002167,청파동3가 85-6 도,도,국유지,26.213459155289456,126.97006866223889,37.54245275684441,125.92294195,136.55185404,428.58416834,159,미지정,1
283439,1117000000000002168,청파동3가 66-1 도,도,국유지,94.1421817720402,126.97078046641663,37.542978426616656,209.12326168,152.28781566,487.68296946,159,미지정,1
283440,1117000000000002169,청파동3가 81-4도,도,국유지,328.60029163677245,126.97008328953363,37.54168433977592,66.91245053,102.96621057,343.38801508,159,미지정,1
283441,1117000000000002170,청파동3가 92-7도,도,국유지,34.22712510963902,126.96957344925254,37.54234245073316,99.50876322,101.59028301,421.25440892,159,미지정,1
283442,1117000000000002171,청파동3가 91-1도,도,국유지,155.46661329391645,126.96956414045214,37.542239188422705,88.08342484,106.06766462,410.08986809,159,미지정,1
283443,1117000000000002172,청파동3가 118-255도,도,국유지,13.962388928979635,126.96687881348791,37.543179094836674,300.3671907,154.21045547,544.38345004,159,미지정,1
283814,1117000000000002543,산천동 37-9도,도,국유지,11.629276085703168,126.9526283534374,37.534596833263045,140.89869791,262.15476198,198.3076718,95,미지정,0
283815,1117000000000002544,산천동 37-7도,도,국유지,45.079997651220765,126.9526428573242,37.53470553831649,128.76648007,251.11086659,188.48152768,95,미지정,0
283816,1117000000000002545,산천동 1-44도,도,국유지,474.5094807430869,126.95371931892116,37.5371236117089,162.86390966,63.5471624,219.63362438,95,미지정,0
283817,1117000000000002546,산천동 36-4도,도,국유지,516.6616226867773,126.95221639218519,37.534698474048625,138.30007112,273.11369703,172.84683976,95,미지정,0
283818,1117000000000002547,산천동 1-34도,도,국유지,143.14236500498373,126.95375322390504,37.536857832470986,140.10564215,39.53970971,209.70238335,95,미지정,0
283819,1117000000000002548,산천동 30-3도,도,국유지,128.2648384156637,126.95281275431147,37.534993489426796,96.26271635,216.01928835,171.30461465,95,미지정,0
283820,1117000000000002549,산천동 13-8도,도,국유지,306.0259594184463,126.9532410723841,37.53566568720818,46.01276083,132.90977405,159.54686413,95,미지정,0
283821,1117000000000002550,산천동 13-6도,도,국유지,20.379179087060038,126.95322934159648,37.53564413630164,46.294237,135.46205125,159.42172892,95,미지정,0
283822,1117000000000002551,산천동 13-4도,도,국유지,13.590987265110016,126.95318272043787,37.53575113737519,37.47951494,128.51592372,151.59711639,95,미지정,0
283823,1117000000000002552,산천동 1-53 도,도,국유지,91.61474125599489,126.95334775114652,37.536319737441325,71.43568207,76.33523992,160.10121041,95,미지정,0
283824,1117000000000002553,산천동 207 도,도,국유지,26.8875278593041,126.95354106214278,37.53624408962666,79.49621843,67.00434767,176.46472369,95,미지정,0
283825,1117000000000002554,산천동 1-43도,도,국유지,158.7360495487228,126.95327224349072,37.53604666813949,48.0454866,99.31871739,153.0134672,95,미지정,0
283826,1117000000000002555,산천동 1-51도,도,국유지,100.56589710339904,126.95335314598775,37.53623769932695,65.61749517,80.6183025,159.84174539,95,미지정,0
283827,1117000000000002556,산천동 1-42도,도,국유지,254.20923907513497,126.95343175817092,37.53660722050293,100.85773331,60.08473907,173.73219197,95,미지정,0
283828,1117000000000002557,산천동 1-50도,도,국유지,177.45099380909232,126.95348495679936,37.53663623338862,106.20248884,55.25664752,179.16372567,95,미지정,0
283829,1117000000000002558,산천동 1-26도,도,국유지,57.85557966027409,126.95361419882445,37.53650573844241,102.6914739,46.40103992,186.62662219,95,미지정,0
283830,1117000000000002559,산천동 1-49 도,도,국유지,22.65460760204587,126.95353779367831,37.536723026629154,116.7607537,51.35557587,186.61985635,95,미지정,0
283831,1117000000000002560,산천동 1-2도,도,국유지,54.39779944717884,126.95351674952654,37.53655397493461,100.7346543,53.36436827,179.42478236,95,미지정,0
283832,1117000000000002561,산천동 2-14 도,도,국유지,194.81724634673446,126.95361128635567,37.53709487564933,155.39917553,66.77480646,209.74648807,95,미지정,0
283833,1117000000000002562,산천동 71-4도,도,국유지,104.88423553679604,126.95187920817746,37.534638470289316,98.81713897,297.27771331,171.56822458,95,미지정,0
283834,1117000000000002563,산천동 79-1도,도,국유지,28.349763999285642,126.95150564117645,37.534516200922724,74.02920809,329.70724355,182.6149707,95,미지정,0
283835,1117000000000002564,산천동 147 도,도,국유지,59.67207990726456,126.94934306616801,37.53429715998137,75.71077019,495.28171059,284.05962789,95,미지정,0
283836,1117000000000002565,산천동 149도,도,국유지,118.54969410272315,126.94933807083162,37.534208479740734,78.68134804,500.89761319,291.60160152,95,미지정,0
283837,1117000000000002566,산천동 150 도,도,국유지,118.84888817800675,126.94942830344053,37.534198456096185,71.55669274,494.81025241,287.17058708,95,미지정,0
283838,1117000000000002567,산천동 151 도,도,국유지,75.63739761337638,126.94950364023086,37.53412976979445,68.78438519,493.52395624,288.78906184,95,미지정,0
283839,1117000000000002568,산천동 106-191도,도,국유지,89.42772930918727,126.95128475297537,37.5359013345765,121.2143699,262.92926775,36.91236009,95,미지정,0
283840,1117000000000002569,산천동 106-194도,도,국유지,67.61646000854671,126.95134469720489,37.53588999376178,122.01787869,258.30741897,34.93984596,95,미지정,0
283841,1117000000000002570,산천동 106-195 도,도,국유지,37.3691255148733,126.95141910451939,37.535817566041025,117.56743257,254.87173653,39.74297306,95,미지정,0
283842,1117000000000002571,산천동 201도,도,국유지,7216.248409269378,126.95133917053472,37.53478453561238,48.55803195,320.19351341,153.88175189,95,미지정,0
283843,1117000000000002572,산천동 65-1도,도,국유지,169.98195058852434,126.95069369848417,37.53410587983803,57.93142326,412.87869007,240.21838252,95,미지정,0
283844,1117000000000002573,산천동 93-5도,도,국유지,245.18207843473647,126.95100720875678,37.53433370754981,63.14958611,375.3683277,208.33674321,95,미지정,0
283845,1117000000000002574,산천동 79-3도,도,국유지,190.06639703625115,126.95134683722569,37.534476816331605,65.60700341,342.70745355,187.77361921,95,미지정,0
283846,1117000000000002575,산천동 6-82 도,도,국유지,92.81168007943779,126.95093352822846,37.53612335198788,138.60425724,286.61618851,54.23355007,95,미지정,0
283847,1117000000000002576,산천동 106-60도,도,국유지,67.84170313924551,126.95093107422402,37.53607635796221,133.38876517,287.92283559,55.09877037,95,미지정,0
283848,1117000000000002577,산천동 106-197도,도,국유지,159.37851664656773,126.95116109893833,37.536031280176445,131.76643094,269.3378635,36.89414211,95,미지정,0
283849,1117000000000002578,산천동 164-1도,도,국유지,33.62763555510901,126.95054714663553,37.53394813632828,62.68999527,434.31038216,260.99190465,95,미지정,0
283850,1117000000000002579,산천동 35-2도,도,국유지,10.888636064250022,126.9526926021021,37.53478756966967,119.33657056,241.04567806,183.12499687,95,미지정,0
283851,1117000000000002580,산천동 137-1 도,도,국유지,18.92279987805523,126.94914463780889,37.53445035597028,91.76111631,501.82154963,284.74224297,95,미지정,0
283852,1117000000000002581,산천동 6-80 도,도,국유지,55.913349041715264,126.95156051672514,37.536513902105256,130.01976631,225.79309065,39.02710705,95,미지정,0
283853,1117000000000002582,산천동 131 도,도,국유지,23.253721583401784,126.9490737471701,37.534486134922304,98.18527149,505.41717738,286.8516995,95,미지정,0
283854,1117000000000002583,산천동 132도,도,국유지,122.12988344929181,126.94912226096386,37.53439636109771,93.80445536,506.47558202,290.22957085,95,미지정,0
283855,1117000000000002584,산천동 37-3도,도,국유지,13.439123109914362,126.95256598065693,37.53472445717762,127.51313407,252.9158885,183.25045369,95,미지정,0
283856,1117000000000002585,산천동 35-3도,도,국유지,39.63072582450695,126.95263412578385,37.534766944967,122.06368948,245.70870637,182.26022735,95,미지정,0
283857,1117000000000002586,산천동 184-3도,도,국유지,50.19128126162104,126.95071630222476,37.53389876758199,75.73868146,427.48179867,261.58013761,95,미지정,0
283858,1117000000000002587,산천동 183-3도,도,국유지,84.66733324434608,126.95068484571118,37.53403921001815,62.26929689,418.5260279,247.49548833,95,미지정,0
283859,1117000000000002588,산천동 148도,도,국유지,84.59845862118527,126.94923798840442,37.53421900282157,86.79175889,507.74845774,296.7425305,95,미지정,0
283860,1117000000000002589,산천동 134-4 도,도,국유지,52.70233645592816,126.94923817204906,37.53428024383434,85.17003075,504.16596458,291.83088,95,미지정,0
283861,1117000000000002590,산천동 134-3 도,도,국유지,40.28821191797033,126.94913539980524,37.53425989083678,94.52214085,513.106535,299.83416963,95,미지정,0
283862,1117000000000002591,산천동 133-10도,도,국유지,67.6766919430811,126.94906899004685,37.534316352418216,99.26918254,514.97417246,299.71613855,95,미지정,0
283863,1117000000000002592,산천동 135 도,도,국유지,61.545689005521126,126.94917270276802,37.5343120475773,90.2578824,507.30771952,293.42324744,95,미지정,0
283864,1117000000000002593,산천동 136-2 도,도,국유지,93.75562614796218,126.94924316067662,37.534350121178825,83.53604344,499.79616607,286.02012821,95,미지정,0
283865,1117000000000002594,산천동 20-1도,도,국유지,70.9964842023328,126.95302624658605,37.53520152412205,76.26581597,186.47279045,168.71512002,95,미지정,0
283866,1117000000000002595,산천동 30-5도,도,국유지,41.11190113943303,126.95275995641452,37.53485863051778,111.20705525,231.21577859,180.08566167,95,미지정,0
283867,1117000000000002596,산천동 187-3도,도,국유지,22.807436651550233,126.95099784896057,37.53426705469533,70.06139358,381.05468897,215.72971935,95,미지정,0
283868,1117000000000002597,산천동 82-1도,도,국유지,205.9827668655198,126.95141102180368,37.53432192520717,81.92633398,351.1002938,204.48822637,95,미지정,0
283869,1117000000000002598,산천동 106-124 도,도,국유지,530.2053980659693,126.94931850394849,37.53580674871647,170.56111121,433.54554535,200.70542997,95,미지정,0
283870,1117000000000002599,산천동 106-188도,도,국유지,119.66955381259322,126.95041648068906,37.53606520733091,136.02067825,332.69051688,100.33620994,95,미지정,0
283871,1117000000000002600,산천동 191도,도,국유지,32.57218603603542,126.95076087130452,37.53612129287759,137.9421045,301.62332723,69.47177286,95,미지정,0
283872,1117000000000002601,산천동 206-1도,도,국유지,46.07483600452542,126.95097788623946,37.53617685512029,144.88898397,281.62577947,50.17946347,95,미지정,0
283873,1117000000000002602,산천동 30-2도,도,국유지,16.386839592829347,126.95279089025243,37.53501047680336,94.34133438,215.46330771,168.61497873,95,미지정,0
283874,1117000000000002603,산천동 89-1도,도,국유지,226.67230919207213,126.95108781967944,37.53402556616316,98.002706,394.64583523,240.45966048,95,미지정,0
283875,1117000000000002604,산천동 86-1도,도,국유지,79.47785928053781,126.95158085310214,37.534149808154375,106.19782239,355.72802989,223.26852599,95,미지정,0
283876,1117000000000002605,산천동 85-1도,도,국유지,84.91751141753048,126.95171963936541,37.53401513244383,125.53172596,360.14508942,238.69163658,95,미지정,0
283877,1117000000000002606,산천동 83-1도,도,국유지,77.2856058308389,126.95164599043805,37.53408043102537,115.79495834,358.22113355,231.11782283,95,미지정,0
283878,1117000000000002607,청암동 104-7 도,도,국유지,542.0738556798897,126.94618953217214,37.535290157341045,365.53166885,715.96495577,483.13294355,95,미지정,0
283879,1117000000000002608,청암동 5도,도,국유지,240.96847757109208,126.9489139446763,37.534465585587604,112.18938515,518.95777145,299.17765981,95,미지정,0
283880,1117000000000002609,청암동 55-7도,도,국유지,482.7264303746633,126.94802668754679,37.53450135299079,190.7023181,587.87077478,361.46104889,95,미지정,0
283881,1117000000000002610,청암동 10-3도,도,국유지,81.73375405976549,126.94870722011522,37.53447536795888,130.48727632,534.70505388,312.94120789,95,미지정,0
283882,1117000000000002611,청암동 10-5도,도,국유지,100.92626393400133,126.94861354690511,37.534503449725406,138.90279709,540.73564661,317.80116284,95,미지정,0
283883,1117000000000002612,청암동 53-3도,도,국유지,244.95074823941104,126.94824770708766,37.53460877242479,172.12837613,565.19140534,338.57766356,95,미지정,0
283884,1117000000000002613,청암동 51-3도,도,국유지,139.8162694434286,126.94842325511587,37.53462909551205,157.02012682,550.08196811,324.12833474,95,미지정,0
283885,1117000000000002614,청암동 1-8도,도,국유지,51.20135849987855,126.94903769406396,37.53441068186608,101.22172097,512.22380448,294.73764476,95,미지정,0
283886,1117000000000002615,청암동 10-4도,도,국유지,70.02586421190063,126.94852462492116,37.53456388048375,147.26164423,544.93332179,320.48259157,95,미지정,0
283887,1117000000000002616,청암동 52-3도,도,국유지,308.8900179232005,126.94835295002933,37.534527645500205,162.05645245,560.38898833,335.38543816,95,미지정,0
283888,1117000000000002617,청암동 7도,도,국유지,432.73625825857744,126.94872825909681,37.534576369573195,129.527334,528.08011715,304.84964087,95,미지정,0
283889,1117000000000002618,청암동 51-1도,도,국유지,25.867884107632563,126.94851991277969,37.534729683352296,150.60818892,537.7815415,311.03879852,95,미지정,0
283890,1117000000000002619,청암동 179-1 도,도,국유지,25.446021166921128,126.94855169493704,37.53490716184784,153.46590086,527.69562161,298.96341964,95,미지정,0
283891,1117000000000002620,청암동 58-4도,도,국유지,10.241226839425508,126.94763230284161,37.53451796918902,225.60620811,619.20684954,390.99020413,95,미지정,0
283892,1117000000000002621,청암동 81 도,도,국유지,55.905004728469066,126.94780933698895,37.53450380014038,209.90888428,605.38387913,377.98339722,95,미지정,0
283893,1117000000000002622,청암동 1-6도,도,국유지,167.57301795575768,126.94890758868239,37.53439444358263,112.77147468,523.17526159,304.63630706,95,미지정,0
283894,1117000000000002623,청암동 118-2도,도,국유지,161.74569712596713,126.94664461959351,37.53459952969243,313.25140409,697.71549727,466.5348814,95,미지정,0
283895,1117000000000002624,청암동 113-1도,도,국유지,113.04122548550367,126.94670532750467,37.53445741748022,307.3503507,697.96785204,467.70980362,95,미지정,0
283896,1117000000000002625,청암동 106-3도,도,국유지,248.7720615605358,126.94689250376577,37.534464740115666,290.8163118,682.19153832,452.28944455,95,미지정,0
283897,1117000000000002626,청암동 168-19도,도,국유지,199.25810549908783,126.94554344422565,37.53439498514051,410.05239133,797.20102171,565.5305947,95,미지정,0
283898,1117000000000002627,청암동 165-2도,도,국유지,70.28052076720633,126.94583531995718,37.53502874131715,389.88602277,752.97677657,520.08550707,95,미지정,0
283899,1117000000000002628,청암동 112-1도,도,국유지,94.18718063517008,126.94666480593317,37.53434902492667,311.0583164,705.57886474,475.94575705,95,미지정,0
283900,1117000000000002629,청암동 107-1 도,도,국유지,229.72699837759137,126.94685858255222,37.534359766139296,293.90421344,689.19449325,459.96093251,95,미지정,0
283901,1117000000000002630,청암동 108-3도,도,국유지,85.84906624897849,126.94688402256757,37.53428568811061,292.00045069,690.17888932,461.58625595,95,미지정,0
283902,1117000000000002631,청암동 89도,도,국유지,742.4141146548209,126.94714943480398,37.53423671002132,268.96681323,670.67698876,443.36924627,95,미지정,0
283903,1117000000000002632,청암동 84-5도,도,국유지,90.36656712833792,126.94758752435229,37.53417352715662,231.16183651,638.32613085,413.56165247,95,미지정,0
283904,1117000000000002633,청암동 85도,도,국유지,629.9128165636212,126.94742818560225,37.534148998427135,245.47614816,652.22369158,426.9575937,95,미지정,0
283905,1117000000000002634,청암동 58-11도,도,국유지,498.859589506872,126.94745176500041,37.53431176133966,241.73726161,642.85565174,415.97772964,95,미지정,0
283906,1117000000000002635,청암동 88도,도,국유지,162.37960427458165,126.94738202506095,37.534028448448424,251.56161463,661.67807086,437.53189095,95,미지정,0
283907,1117000000000002636,청암동 161-1도,도,국유지,53.849306975957006,126.94591240632117,37.53531508792544,389.91844686,739.37469541,506.63420428,95,미지정,0
283908,1117000000000002637,청암동 168-53도,도,국유지,88.92389089986682,126.9454370072072,37.53479904169885,421.40390065,793.40618926,560.64332373,95,미지정,0
283909,1117000000000002638,청암동 110 도,도,국유지,4437.588011095708,126.94578769752333,37.53447730475872,388.47416937,773.84012073,542.11481443,95,미지정,0
283910,1117000000000002639,청암동 163-1도,도,국유지,176.58080185594736,126.94574648989878,37.53533056603338,404.54922864,753.41617901,520.74444216,95,미지정,0
283911,1117000000000002640,청암동 165-1도,도,국유지,31.532781500776764,126.94553232664492,37.535071875823085,417.0898435,777.92593718,545.02745179,95,미지정,0
283912,1117000000000002641,청암동 105-5 도,도,국유지,58.460372040979564,126.94691675294347,37.53452582554465,288.83628606,677.8074856,447.54919516,95,미지정,0
283913,1117000000000002642,청암동 176도,도,국유지,2185.4818301191553,126.94851392000746,37.53511371135642,165.72722361,522.92059497,292.06275456,95,미지정,0
283914,1117000000000002643,청암동 92-1도,도,국유지,366.8408619442489,126.94728532258354,37.53442325984509,256.07749667,651.56952696,423.04985429,95,미지정,0
283915,1117000000000002644,청암동 78-2 도,도,국유지,456.8197074281634,126.9476503575485,37.534411802119465,223.8238072,622.32625442,395.2332368,95,미지정,0
283916,1117000000000002645,청암동 79-4 도,도,국유지,68.56926450901665,126.94767254153552,37.534493544015255,221.95387395,616.9632347,389.13014125,95,미지정,0
283917,1117000000000002646,청암동 58-6도,도,국유지,100.35729691846063,126.94783420821722,37.53447887815844,207.6255078,604.45627509,377.42541048,95,미지정,0
283918,1117000000000002647,청암동 80-3도,도,국유지,24.484812802576926,126.94776828405448,37.534547765558216,213.77080463,606.83650066,378.82616716,95,미지정,0
283919,1117000000000002648,청암동 59-3도,도,국유지,22.25309902522713,126.94803033333334,37.53459338703989,191.06209574,583.51834482,356.08190365,95,미지정,0
283920,1117000000000002649,청암동 113-2도,도,국유지,209.51887396606617,126.94658523120381,37.53445545483063,317.96282568,708.00501199,477.52367696,95,미지정,0
283921,1117000000000002650,청암동 104-8 도,도,국유지,96.98728319018846,126.94662241375877,37.534816029382014,317.52936874,692.1541711,460.00621054,95,미지정,0
283922,1117000000000002651,청암동 101-8 도,도,국유지,58.01379755139351,126.94662779945892,37.53484618205388,317.52402329,690.72529949,458.47958008,95,미지정,0
283923,1117000000000002652,청암동 173도,도,국유지,12.296163517981768,126.94827666666669,37.53563766666666,215.08942089,527.51097602,294.67880505,95,미지정,0
283924,1117000000000002653,원효로3가 163-1도,도,국유지,27.50622673012549,126.95669248603187,37.534316270387556,53.96110179,54.32008066,498.79795122,86,미지정,0
283925,1117000000000002654,원효로3가 125-2도,도,국유지,44.66855850908905,126.95726460773763,37.533702535668525,133.70058855,136.29244047,574.37345194,86,미지정,0
283926,1117000000000002655,원효로3가 290도,도,국유지,66.88770020660013,126.95716050020778,37.5335580688079,145.31415071,147.14057446,574.19732412,86,미지정,0
283927,1117000000000002656,원효로3가 132-2도,도,국유지,118.51132565946318,126.95694006315705,37.5336457343625,130.86252939,131.82617667,552.46637472,86,미지정,0
283928,1117000000000002657,원효로3가 141-2도,도,국유지,74.93652540497715,126.95668836304925,37.53365498263299,127.24284285,126.91307345,532.85461535,86,미지정,0
283929,1117000000000002658,원효로3가 142-2도,도,국유지,28.17353579076007,126.95654008902041,37.533664460190344,126.45805733,125.33972294,521.16341865,86,미지정,0
283930,1117000000000002659,원효로3가 167-3도,도,국유지,25.907264278212097,126.95653905143253,37.534310524485676,55.19788504,53.64940825,486.7347157,86,미지정,0
283931,1117000000000002660,원효로3가 112-1도,도,국유지,348.807684695872,126.95685047815505,37.534022799470335,88.27740819,89.39977338,525.4567963,86,미지정,0
283932,1117000000000002661,원효로3가 164-1도,도,국유지,413.47620373859536,126.9571082118347,37.534355120980656,64.3127464,68.85576506,530.86767151,86,미지정,0
283933,1117000000000002662,원효로3가 1-148도,도,국유지,69.21172404976096,126.95643552576006,37.534550375947845,33.32021855,29.06740183,467.63794071,86,미지정,0
283934,1117000000000002663,원효로3가 7-1도,도,국유지,93.44131932035089,126.95602922032089,37.53465874589261,56.52116775,49.00975647,429.86540646,86,미지정,0
283935,1117000000000002664,원효로3가 1-57도,도,국유지,134.7742160120397,126.95676307341633,37.53457607152389,27.10381772,30.2400622,493.4844562,86,미지정,0
283936,1117000000000002665,원효로3가 145-3 도,도,국유지,759.8242240094114,126.95625370844712,37.53394138480307,101.41793841,98.32505632,483.54281087,86,미지정,0
283937,1117000000000002666,원효로3가 1-137 도,도,국유지,37.68808344658464,126.95660920158774,37.535434052012846,70.33889797,71.22076158,454.64967188,86,미지정,0
283938,1117000000000002667,원효로3가 5-1도,도,국유지,77.79487986199092,126.95624821289114,37.53478076661833,34.99081943,27.34728265,442.89593423,86,미지정,0
283939,1117000000000002668,원효로3가 257-1도,도,국유지,1003.2026030315901,126.95617002977691,37.53359891492773,139.80771295,136.9495649,497.89579767,86,미지정,0
283940,1117000000000002669,원효로3가 250-10도,도,국유지,318.64475332852453,126.95468199511009,37.5324100346243,199.95454944,137.97935381,500.21898474,86,미지정,0
283941,1117000000000002670,원효로3가 294-16도,도,국유지,41.294638903811574,126.9559458268995,37.53255249297224,219.37464181,83.6117101,558.28130268,86,미지정,0
283942,1117000000000002671,원효로3가 294-1도,도,국유지,1243.2874124113005,126.95590033355556,37.53261822382569,211.06707324,91.34407126,550.24984683,86,미지정,0
283943,1117000000000002672,원효로3가 289도,도,국유지,62.25262368936092,126.95706143765099,37.533513365269464,147.59995957,148.92520136,569.19623143,86,미지정,0
283944,1117000000000002673,원효로3가 123-3도,도,국유지,99.11229766439646,126.95760643653186,37.53385779525246,134.91679526,139.24674328,593.49772106,86,미지정,0
283945,1117000000000002674,원효로3가 101-1도,도,국유지,277.3294143328676,126.95754825298008,37.53402786947756,117.29527992,122.05388532,580.91051144,86,미지정,0
283946,1117000000000002675,원효로3가 55-5도,도,국유지,24.77935470547527,126.95763273066775,37.53374064476116,146.61035909,150.65302166,601.29466047,86,미지정,0
283947,1117000000000002676,원효로3가 288-2도,도,국유지,35.60941540263593,126.95700243939395,37.53341803829202,156.72654549,157.67031107,570.31767787,86,미지정,0
283948,1117000000000002677,원효로3가 291도,도,국유지,207.34945107251406,126.95696538762206,37.53321845689234,177.92168454,178.51512036,579.7416795,86,미지정,0
283949,1117000000000002678,원효로3가 283-2도,도,국유지,79.7584114104975,126.95679896342988,37.53324971483918,172.70910069,172.68936082,565.66176543,86,미지정,0
283950,1117000000000002679,원효로3가 281-2도,도,국유지,39.61192812118679,126.95670583457158,37.53317669650817,180.3490676,163.25771011,563.65333098,86,미지정,0
283951,1117000000000002680,원효로3가 283-4도,도,국유지,165.42699465010082,126.95685599832971,37.53335859447919,161.17604662,161.45250218,563.03742079,86,미지정,0
283952,1117000000000002681,원효로3가 280-2도,도,국유지,43.85468531213701,126.9566400126384,37.533137702270444,184.59246078,157.18167954,561.53447399,86,미지정,0
283953,1117000000000002682,원효로3가 279-2도,도,국유지,29.954217358492315,126.95656254478466,37.53310105927624,188.79412284,151.14238182,558.52570254,86,미지정,0
283954,1117000000000002683,원효로3가 159-1도,도,국유지,18.56481337803416,126.95649110867457,37.53404109220608,85.39319742,83.73309476,496.36393592,86,미지정,0
283955,1117000000000002684,원효로3가 131-5도,도,국유지,891.5133309166413,126.95722079074538,37.53362618742745,140.01160145,142.2341875,575.06938719,86,미지정,0
283956,1117000000000002685,원효로3가 133-1도,도,국유지,121.08128583419602,126.95678676165977,37.53377534653921,114.52568011,114.83033612,533.53180356,86,미지정,0
283957,1117000000000002686,한강로3가 54-17 도,도,국유지,138.5545688085258,126.95653134064946,37.532568310700455,247.98518351,95.19212892,594.2993371,313,미지정,1
283958,1117000000000002687,한강로3가 54-18 도,도,국유지,108.31085635488853,126.95642650513237,37.53251436065573,254.49783525,85.84253596,591.5461231,313,미지정,1
283959,1117000000000002688,한강로3가 54-19 도,도,국유지,75.39877947419882,126.95632793455636,37.53245683359354,261.64920265,76.74277966,589.66040894,313,미지정,1
283960,1117000000000002689,한강로3가 54-20 도,도,국유지,56.215591959655285,126.9562185494285,37.532393359189136,247.5418338,67.27621074,587.76433118,313,미지정,1
283961,1117000000000002690,원효로3가 51-51 도,도,국유지,225.43773170746863,126.95755615804363,37.5334556697997,169.70793132,153.12493772,610.18433469,86,미지정,0
283962,1117000000000002691,한강로3가 51-57 도,도,국유지,270.1771797500551,126.95738938187824,37.532929979757824,217.86618933,172.53456113,628.7658502,313,미지정,1
283963,1117000000000002692,한강로3가 51-58 도,도,국유지,276.57825657725334,126.95724117929345,37.53288211902651,219.41725795,159.76616858,621.15236143,313,미지정,1
283964,1117000000000002693,한강로3가 54-14 도,도,국유지,469.89625849947333,126.95702889643462,37.53280581151554,224.03546348,141.25020751,611.17577725,313,미지정,1
283965,1117000000000002694,한강로3가 54-15 도,도,국유지,340.73543015588075,126.95680156546902,37.53270549581103,232.9821294,120.43690229,602.40304349,313,미지정,1
283966,1117000000000002695,한강로3가 54-16 도,도,국유지,151.2386068040505,126.95664181719316,37.53262301669154,241.7160137,105.19139388,597.56408846,313,미지정,1
283967,1117000000000002696,원효로3가 55-3 도,도,국유지,347.8726464714855,126.95758950441316,37.533637975866185,153.79399378,157.41027591,603.08860541,86,미지정,0
283968,1117000000000002697,원효로3가 55-2도,도,국유지,337.1852427609265,126.95746727507938,37.53352989200668,158.75405135,161.69317448,599.29967165,86,미지정,0
283969,1117000000000002698,원효로3가 54-1도,도,국유지,556.08590570651,126.9572588197088,37.53340442341865,164.26017925,166.19446209,590.38158611,86,미지정,0
283970,1117000000000002699,원효로3가 26-7도,도,국유지,780.8146217343165,126.95785015883749,37.534652113251774,107.93792927,115.35273434,581.76039147,86,미지정,0
283971,1117000000000002700,원효로3가 61-11 도,도,국유지,240.63545208470896,126.95828966123123,37.53428738967815,156.27558128,75.13110109,595.89974519,86,미지정,0
283972,1117000000000002701,원효로3가 56-7도,도,국유지,662.1536060266662,126.95789565239265,37.53400093189631,141.89686656,106.8013668,610.24357651,86,미지정,0
283973,1117000000000002702,원효로3가 61-9도,도,국유지,43.72649007290602,126.95825360830064,37.534481887306036,146.66380418,86.95089271,593.80083233,86,미지정,0
283974,1117000000000002703,원효로3가 97-6도,도,국유지,46.60079470090568,126.95800890969369,37.534211575763955,137.28125491,97.47361563,610.78597395,86,미지정,0
283975,1117000000000002704,원효로3가 56-1도,도,국유지,501.0829574773088,126.95817170223474,37.53408324680978,156.82002476,82.02138973,612.12283969,86,미지정,0
283976,1117000000000002705,원효로3가 58-3도,도,국유지,46.36531382147223,126.95793684400016,37.5342667312317,128.78594945,104.80054645,602.669872,86,미지정,0
283977,1117000000000002706,원효로3가 51-20 도,도,국유지,372.0952886790037,126.95869506272791,37.533116783123745,260.42879095,112.95729844,609.90189556,86,미지정,0
283978,1117000000000002707,원효로3가 296 도,도,국유지,133.1538719208911,126.95966781347921,37.535615917894496,101.12400646,177.47833008,453.93653125,86,미지정,0
283979,1117000000000002708,원효로3가 35-5도,도,국유지,99.6995583018288,126.95847209081518,37.534881186533504,179.77560152,104.60096118,566.44191418,86,미지정,0
283980,1117000000000002709,원효로3가 1-150도,도,국유지,2041.3545743472641,126.95941949950299,37.53497059486972,162.60852209,102.57545823,482.1912124,86,미지정,0
283981,1117000000000002710,원효로3가 43-26도,도,국유지,777.6016280328622,126.95971916015407,37.534694175664434,198.30906118,87.24379721,462.31195932,86,미지정,0
283982,1117000000000002711,원효로3가 43-29도,도,국유지,19.96746338531375,126.95900749381805,37.53450857651683,211.9717994,48.02244013,528.31814286,86,미지정,0
283983,1117000000000002712,원효로3가 43-44 도,도,국유지,16.42619810672477,126.95921097700807,37.53448643953419,214.33803515,45.93422671,511.52647909,86,미지정,0
283984,1117000000000002713,원효로3가 43-45도,도,국유지,89.66980253532529,126.95914070845639,37.53445922477482,217.21820019,42.00510445,518.30725975,86,미지정,0
283985,1117000000000002714,원효로3가 43-25도,도,국유지,447.38337413733825,126.95876243889212,37.53430562551391,236.39398453,38.77690295,555.07768351,86,미지정,0
283986,1117000000000002715,원효로3가 46-9도,도,국유지,119.80869384063408,126.96011996550264,37.53502817119035,177.56686361,138.40348215,420.07926248,86,미지정,0
283987,1117000000000002716,원효로3가 46-2도,도,국유지,222.98166019225027,126.96006317083862,37.534756555628874,202.15484645,113.37494888,431.1314877,86,미지정,0
283988,1117000000000002717,원효로3가 51-49도,도,국유지,89.90588342957199,126.95975855530097,37.53386358697944,288.86738776,63.08447072,489.03254975,86,미지정,0
283989,1117000000000002718,원효로3가 55-11 도,도,국유지,21.37049836292863,126.9577883062505,37.53366828888379,161.37888014,124.67875674,617.18569346,86,미지정,0
283990,1117000000000002719,원효로3가 51-45도,도,국유지,73.06284875096753,126.95786336736931,37.53363674404761,168.29264986,119.93655332,624.68561131,86,미지정,0
283991,1117000000000002720,원효로3가 52-7도,도,국유지,201.62357808178058,126.95896010494562,37.53387974072542,228.87341024,25.63207389,553.48670075,86,미지정,0
283992,1117000000000002721,원효로3가 51-42도,도,국유지,43.005494149867445,126.96105110462288,37.534210597931875,298.37526335,173.06320698,369.24175669,86,미지정,0
283993,1117000000000002722,원효로3가 51-40도,도,국유지,304.85865649487823,126.96069023107285,37.53445890189579,257.74014743,146.66554033,387.71488599,86,미지정,0
283994,1117000000000002723,원효로3가 56-8도,도,국유지,134.33455148804933,126.95813931125555,37.533768933048535,174.93238128,91.72781123,625.77179872,86,미지정,0
283995,1117000000000002724,원효로3가 47-12도,도,국유지,180.0367955134716,126.95849196081475,37.534117266713885,180.15020692,53.85621399,583.94796156,86,미지정,0
283996,1117000000000002725,원효로3가 56-2도,도,국유지,683.4461173601449,126.95815312173018,37.53390357969777,166.51041721,85.97959284,619.72507644,86,미지정,0
283997,1117000000000002726,원효로3가 55-1도,도,국유지,368.8941947701387,126.9579181275628,37.53380327912954,157.97158843,108.92440181,620.99745683,86,미지정,0
283998,1117000000000002727,원효로3가 53-1도,도,국유지,50.06860654056072,126.95857666666667,37.53398,193.65094902,47.59891834,581.54439663,86,미지정,0
283999,1117000000000002728,원효로3가 57-2도,도,국유지,464.28714927472174,126.95841202552671,37.5340120356543,179.17580599,61.27671923,594.22077258,86,미지정,0
284000,1117000000000002729,원효로3가 47-2도,도,국유지,3022.6082456242293,126.9592765011843,37.53436277583072,228.3294115,34.84430891,509.67920095,86,미지정,0
284001,1117000000000002730,원효로3가 52-8도,도,국유지,33.681550706911366,126.95867602402795,37.53404096373963,198.47390586,37.7249533,571.05821011,86,미지정,0
284002,1117000000000002731,원효로3가 51-1도,도,국유지,125.18019825220108,126.96023505832873,37.53469494151451,214.92662385,121.22373985,418.1079707,86,미지정,0
284003,1117000000000002732,원효로3가 46-10도,도,국유지,222.08426499844063,126.96016066558451,37.534725410131266,208.95283352,117.85673505,423.60825217,86,미지정,0
284004,1117000000000002733,원효로3가 49-1도,도,국유지,174.48338298872113,126.96009041266096,37.5346220787654,216.78310448,106.10493419,432.57746424,86,미지정,0
284005,1117000000000002734,원효로3가 248-1도,도,국유지,342.38257094082655,126.95459585249651,37.53289287871277,146.21426082,176.12451052,451.98696464,86,미지정,0
284006,1117000000000002735,원효로3가 245-5도,도,국유지,53.45818959164899,126.95480977756371,37.533569690002146,73.60544904,205.69039901,407.38689121,86,미지정,0
284007,1117000000000002736,원효로3가 176-5도,도,국유지,90.84217524342239,126.9556113915376,37.53432482580137,73.28296533,98.46872083,413.07823747,86,미지정,0
284008,1117000000000002737,원효로3가 250-12도,도,국유지,321.38122255774215,126.95525244840923,37.53251743812256,196.68529719,105.75432286,520.49431038,86,미지정,0
284009,1117000000000002738,원효로3가 175-6도,도,국유지,66.91633560426999,126.95574496547673,37.534480212929694,67.11386034,79.77563441,415.35180732,86,미지정,0
284010,1117000000000002739,원효로3가 278-3 도,도,국유지,256.5371062364429,126.9559087922769,37.5327941404599,195.45786883,110.62768401,537.00197779,86,미지정,0
284011,1117000000000002740,원효로3가 291-2도,도,국유지,2320.860162728699,126.95651517901494,37.53297492686577,202.97442589,136.53304382,563.88502605,86,미지정,0
284012,1117000000000002741,원효로3가 171-9도,도,국유지,405.96204570221016,126.95602692456019,37.53434449546121,74.38817082,68.426289,444.38976176,86,미지정,0
284013,1117000000000002742,원효로3가 264-1도,도,국유지,525.5886702170246,126.9562534158328,37.533194888380855,181.54579106,155.55345164,530.57112729,86,미지정,0
284014,1117000000000002743,원효로3가 280-5도,도,국유지,30.84684243053198,126.95658747368422,37.53323116149891,174.28927021,165.58668038,551.63836502,86,미지정,0
284015,1117000000000002744,원효로3가 251-18 도,도,국유지,307.52820947556756,126.95515287593437,37.532892379873914,154.37963983,144.29980521,482.99982847,86,미지정,0
284016,1117000000000002745,원효로3가 280-7도,도,국유지,94.8606460983865,126.95661180008618,37.53318415101688,179.45859224,161.25574614,556.45975563,86,미지정,0
284017,1117000000000002746,원효로3가 252-3도,도,국유지,42.31456299405545,126.95592949978747,37.533038002318285,175.66153789,137.41758795,519.88584336,86,미지정,0
284018,1117000000000002747,원효로3가 251-3도,도,국유지,1140.021093971096,126.95545523577069,37.53312262159836,142.70233154,155.41961248,482.84612729,86,미지정,0
284019,1117000000000002748,원효로3가 185-1도,도,국유지,96.90035643870942,126.95529695464668,37.53375415826416,80.12938347,160.36976092,425.77884251,86,미지정,0
284020,1117000000000002749,원효로3가 207-1도,도,국유지,150.2396963238716,126.9552227838464,37.534283375055765,67.84300936,130.83672256,386.05084594,86,미지정,0
284021,1117000000000002750,원효로3가 191-1도,도,국유지,57.175646057818085,126.95543897455033,37.53412748222813,87.85704372,123.43190225,411.49959631,86,미지정,0
284022,1117000000000002751,원효로3가 282-1도,도,국유지,32.04852385655977,126.95663751698807,37.533284365779004,168.31516823,167.66673689,551.77696557,86,미지정,0
284023,1117000000000002752,원효로3가 238-1 도,도,국유지,601.9114451938076,126.95510857356352,37.533497817368406,91.21135821,205.46383749,431.91111516,86,미지정,0
284024,1117000000000002753,원효로3가 278-14도,도,국유지,27.48724542185664,126.95531749999998,37.5325765,192.26792986,107.21071742,519.08809947,86,미지정,0
284025,1117000000000002754,원효로3가 262-8도,도,국유지,366.7916366760037,126.95650729538696,37.533438045680064,151.73472646,150.52445652,532.56684171,86,미지정,0
284026,1117000000000002755,원효로3가 277-40도,도,국유지,458.7461036934983,126.95633933619166,37.53299343706341,202.39491466,134.64095598,550.55388544,86,미지정,0
284027,1117000000000002756,원효로3가 217-1도,도,국유지,68.58437468332704,126.95504090288205,37.53402018343702,44.76513044,159.15688944,389.72617436,86,미지정,0
284028,1117000000000002757,원효로3가 8-3도,도,국유지,179.4279317384353,126.95617162805935,37.53443362884296,58.30386767,52.51992583,451.52989376,86,미지정,0
284029,1117000000000002758,원효로3가 279-4도,도,국유지,30.22886132961139,126.95652061766454,37.533139114013736,184.75402107,154.1199424,553.01617639,86,미지정,0
284030,1117000000000002759,원효로3가 150-3도,도,국유지,611.1685074509587,126.95581080069809,37.533880785484754,125.08520704,120.90524354,454.02499894,86,미지정,0
284031,1117000000000002760,원효로3가 277-43도,도,국유지,14.435148862190545,126.95606512776078,37.53289984573564,195.07809047,121.72112529,539.05598678,86,미지정,0
284032,1117000000000002761,원효로3가 214-1도,도,국유지,310.10886524250964,126.95485688686445,37.53392464408066,39.29388993,178.57195826,383.74641333,86,미지정,0
284033,1117000000000002762,원효로3가 205-3잡,잡,국유지,21.507672594161704,126.95513034473584,37.53422114116305,47.40255373,141.21746082,383.04352043,86,미지정,0
284152,1117000000000002881,효창동 239-1도,도,국유지,30.142921641701832,126.96023889933832,37.53960450840654,182.63183126,67.84842643,204.54279787,74,미지정,0
284153,1117000000000002882,효창동 254도,도,국유지,50.80575352534652,126.96308848278638,37.546571906048904,107.55115285,192.55341065,90.58870713,74,미지정,0
284154,1117000000000002883,효창동 3-24도,도,국유지,38.909363983199,126.95790339143771,37.54503185240736,453.63705057,255.00821982,394.8011538,74,미지정,0
284155,1117000000000002884,효창동 288-7 도,도,국유지,76.1542977191275,126.96220653508489,37.54695401762294,88.90078309,221.7246711,124.37980807,74,미지정,0
284156,1117000000000002885,효창동 255-10도,도,국유지,319.86293065187056,126.9620905479932,37.542476840409265,136.13196834,275.88187237,171.84128259,74,미지정,0
284157,1117000000000002886,효창동 3-19도,도,국유지,23.578912096098065,126.9583763937881,37.54548329118136,502.40241335,298.93465783,442.33343064,74,미지정,0
284158,1117000000000002887,효창동 255-2도,도,국유지,2618.2494216854684,126.95863788736759,37.54547761238957,470.66954075,297.97400957,442.13499243,74,미지정,0
284159,1117000000000002888,효창동 3-367 도,도,국유지,58.30853084498085,126.9622596501822,37.54704714600504,78.29943413,231.95185795,116.99886664,74,미지정,0
284160,1117000000000002889,효창동 3-151도,도,국유지,2614.6341256641317,126.96206088017922,37.54681585512874,108.88112353,207.26411202,141.78159072,74,미지정,0
284161,1117000000000002890,효창동 255-1도,도,국유지,2904.0105219421093,126.9609221191007,37.54662787467576,201.86650405,221.37130695,243.51422534,74,미지정,0
284162,1117000000000002891,효창동 3-152도,도,국유지,61.8002872360521,126.96227861736232,37.54691420316881,87.98440098,217.18308115,119.86293035,74,미지정,0
284163,1117000000000002892,효창동 3-339도,도,국유지,59.15648087952286,126.9617899333499,37.54762684213437,99.1842332,299.5640152,159.06237736,74,미지정,0
284164,1117000000000002893,효창동 3-200도,도,국유지,1981.5860618357547,126.96207885691788,37.547875139968156,82.50244026,324.37444457,144.10667434,74,미지정,0
284165,1117000000000002894,효창동 3-26도,도,국유지,14.771426060702652,126.95746179725543,37.54398104116865,343.77383417,163.42945017,288.14327445,74,미지정,0
284166,1117000000000002895,효창동 3-341도,도,국유지,207.97675755945966,126.95757078576369,37.5440905632585,353.76206212,168.20110004,297.23130289,74,미지정,0
284167,1117000000000002896,효창동 3-328 도,도,국유지,130.0244800169021,126.96094163913403,37.5471157749868,179.5475217,267.58645056,230.9078636,74,미지정,0
284168,1117000000000002897,효창동 288-4 도,도,국유지,250.5077733695507,126.96224566065025,37.547938379108494,73.87099026,330.87568944,134.55478096,74,미지정,0
284169,1117000000000002898,효창동 137-1도,도,국유지,11.235990752931684,126.96054423817837,37.54075059319075,91.27207211,149.24650859,115.74704202,74,미지정,0
284170,1117000000000002899,효창동 126-29 도,도,국유지,227.64057123370003,126.96085900963027,37.54149891762179,16.55004734,222.03956222,105.87294199,74,미지정,0
284171,1117000000000002900,효창동 136-3 도,도,국유지,79.42175265192054,126.96059118169278,37.5409027794039,73.98300121,163.38435099,109.7265188,74,미지정,0
284172,1117000000000002901,효창동 133-4도,도,국유지,106.86188769206638,126.96034070114887,37.54088606053512,81.42322014,170.56707217,131.92267798,74,미지정,0
284173,1117000000000002902,효창동 130-10도,도,국유지,33.70788924739463,126.96030752359474,37.54097445734516,73.74498868,180.64228178,134.76081558,74,미지정,0
284174,1117000000000002903,효창동 130-11도,도,국유지,11.853913633269258,126.96020439401465,37.540967878775355,78.96319798,184.26994886,143.85526032,74,미지정,0
284175,1117000000000002904,효창동 127-26도,도,국유지,64.90446334838634,126.96048907747723,37.54128658107907,35.64281528,206.58812778,124.67414777,74,미지정,0
284176,1117000000000002905,효창동 127-27도,도,국유지,81.42264428269118,126.96045312488457,37.54105262080874,60.58659903,183.27675168,122.46586564,74,미지정,0
284177,1117000000000002906,효창동 130-19도,도,국유지,94.97355149214854,126.96038163570016,37.540962853533,72.16482859,176.63402198,128.18326952,74,미지정,0
284178,1117000000000002907,효창동 5-58도,도,국유지,92.37368510430679,126.96148749438103,37.54135732896204,74.06420614,205.30127332,55.21008529,74,미지정,0
284179,1117000000000002908,효창동 5-768도,도,국유지,84.67369102715747,126.96121571109178,37.541510939357075,46.76203254,221.02327117,83.35786245,74,미지정,0
284180,1117000000000002909,효창동 130-21도,도,국유지,11.785246197134256,126.96040320599252,37.54097379026218,70.33151378,176.9458665,126.30588288,74,미지정,0
284181,1117000000000002910,효창동 31-5도,도,국유지,55.25459055847023,126.96386986277295,37.53858593200781,113.11381299,58.35463794,333.57912253,74,미지정,0
284182,1117000000000002911,효창동 31-3도,도,국유지,34.03756994684227,126.9638884454851,37.538544458933714,108.49612735,59.10357532,328.71319554,74,미지정,0
284183,1117000000000002912,효창동 139-1 도,도,국유지,20.90256821899675,126.96035873212894,37.54073924034101,96.19579104,155.46561138,132.10695049,74,미지정,0
284184,1117000000000002913,효창동 126-9도,도,국유지,88.41609209595481,126.960553447674,37.5411937503513,42.91706877,195.03122316,116.38116246,74,미지정,0
284185,1117000000000002914,효창동 286-4 도,도,국유지,30.206250604765955,126.96040358229148,37.540712872219515,97.88448379,150.98168976,128.74733656,74,미지정,0
284186,1117000000000002915,효창동 135-1도,도,국유지,41.83455628255615,126.96017129112933,37.540785061821026,97.95273277,172.45319109,147.77474012,74,미지정,0
284187,1117000000000002916,효창동 5-57 도,도,국유지,53.73717353469692,126.96164722807337,37.54130141471206,89.42312904,201.27843466,43.06839716,74,미지정,0
284188,1117000000000002917,효창동 5-665도,도,국유지,54.28624554380076,126.96094411955308,37.54158776628421,22.52559983,230.87498602,106.24411318,74,미지정,0
284189,1117000000000002918,효창동 5-789 도,도,국유지,110.34187473962083,126.96132945476094,37.54237824946295,106.48612311,298.59931937,165.44215191,74,미지정,0
284190,1117000000000002919,효창동 5-33도,도,국유지,4002.282982145727,126.96196003271294,37.54067246577693,109.75874903,146.95213689,31.9378233,74,미지정,0
284191,1117000000000002920,효창동 126-19도,도,국유지,80.24526771297678,126.96064453526465,37.54132443010228,26.97122645,206.75780954,113.18194372,74,미지정,0
284192,1117000000000002921,효창동 286-5 도,도,국유지,451.0270124699455,126.9606674138441,37.54021096856345,150.25314187,91.13882566,131.00971816,74,미지정,0
284193,1117000000000002922,효창동 199-7 도,도,국유지,650.6246924533043,126.95924580017235,37.540574500152005,88.88279154,201.73665346,126.14730834,74,미지정,0
284194,1117000000000002923,효창동 5-400도,도,국유지,82.25556520005921,126.9620343880873,37.541775155735756,103.04747534,260.39743535,94.1520201,74,미지정,0
284195,1117000000000002924,효창동 3-346도,도,국유지,254.3131225213874,126.96337456275026,37.548034908161235,69.69684413,354.73573612,82.39240014,74,미지정,0
284196,1117000000000002925,효창동 288-5 도,도,국유지,609.5334480050369,126.96335963809727,37.54754398884899,40.14446749,302.21558014,31.13355715,74,미지정,0
284197,1117000000000002926,효창동 3-364 도,도,국유지,102.82684435293777,126.96267876530905,37.546770313366395,86.6627333,204.10893321,96.65890079,74,미지정,0
284198,1117000000000002927,효창동 288-8 도,도,국유지,266.13560170773417,126.96291509822679,37.54688991582057,71.04092109,221.4643794,72.05335884,74,미지정,0
284200,1117000000000002929,효창동 127-1도,도,국유지,300.82389771495946,126.96020459200389,37.54135364682034,48.94292895,222.59943554,150.88869115,74,미지정,0
284201,1117000000000002930,효창동 5-25도,도,국유지,554.6003389611142,126.96197433160302,37.542071545998255,128.71557495,290.9076117,125.96196911,74,미지정,0
284202,1117000000000002931,효창동 5-2도,도,국유지,13516.536318857106,126.96346697032573,37.54132295902767,43.96729584,272.50393801,150.55167879,74,미지정,0
284203,1117000000000002932,효창동 130-24도,도,국유지,169.55004676175304,126.96007776466791,37.54081122286502,99.64025767,178.4983493,155.68964353,74,미지정,0
284204,1117000000000002933,효창동 5-56도,도,국유지,23.45761977415532,126.96174077677887,37.54126860903199,98.4292997,199.43266356,37.09980764,74,미지정,0
284205,1117000000000002934,효창동 5-463도,도,국유지,14.183435773011297,126.96183310926696,37.54124429737206,101.55021216,198.86035543,33.51708773,74,미지정,0
284206,1117000000000002935,효창동 5-405 도,도,국유지,42.647838852368295,126.96144816314015,37.542321708678315,107.42180765,301.86250078,156.80763038,74,미지정,0
284207,1117000000000002936,효창동 89-1 도,도,국유지,15.046852455474436,126.96100974554541,37.54012327096914,162.43501172,69.62473831,116.29824062,74,미지정,0
284208,1117000000000002937,효창동 127-5도,도,국유지,188.90620073030004,126.95974545598594,37.541406485772875,85.3784527,186.44884581,118.13324601,74,미지정,0
284209,1117000000000002938,효창동 126-22도,도,국유지,483.5594613866415,126.96157937287182,37.540005114054644,133.68980579,62.39101774,106.29485362,74,미지정,0
284210,1117000000000002939,효창동 5-664도,도,국유지,245.01754965237342,126.96160722029178,37.53974195161936,129.86707232,39.77848029,134.60656736,74,미지정,0
284211,1117000000000002940,효창동 5-745도,도,국유지,26.983442937023938,126.95858340306559,37.54243440694293,165.82735587,39.95000892,105.00851842,74,미지정,0
284212,1117000000000002941,효창동 5-464도,도,국유지,134.29613503499422,126.962181115607,37.54139886253028,73.10747392,229.90676072,59.33065778,74,미지정,0
284213,1117000000000002942,효창동 87-3도,도,국유지,117.87896816071589,126.96123674713265,37.53972800406352,162.64160107,23.1667885,144.58641186,74,미지정,0
284214,1117000000000002943,효창동 5-786 도,도,국유지,38.925141741055995,126.9609968939986,37.54251176909831,108.54462289,218.01522809,189.17744307,74,미지정,0
284215,1117000000000002944,효창동 273도,도,국유지,59.40084968833253,126.95878095728754,37.54241546218624,167.27872123,46.46528437,106.87682345,74,미지정,0
284216,1117000000000002945,효창동 5-639도,도,국유지,300.3681771560805,126.9616467852361,37.540042753232974,128.5549805,73.33718825,101.08119828,74,미지정,0
284217,1117000000000002946,효창동 4-2도,도,국유지,217.52837700326927,126.96212851180655,37.54132993598473,76.18089898,221.40059605,50.37883001,74,미지정,0
284218,1117000000000002947,효창동 5-343도,도,국유지,53.16782653005794,126.95990038378994,37.54194364299111,81.55022216,151.74643845,140.38974012,74,미지정,0
284219,1117000000000002948,효창동 126-20도,도,국유지,314.9708461398259,126.96183826474835,37.54071243652226,116.50472903,143.10578411,25.42967182,74,미지정,0
284220,1117000000000002949,효창동 85-1도,도,국유지,91.32587325503118,126.96106546102074,37.53999533311854,177.28951554,54.62873297,124.95883306,74,미지정,0
284221,1117000000000002950,효창동 75-5도,도,국유지,114.48054439900443,126.96142227651161,37.539473854896755,150.84186955,16.72140399,166.86312244,74,미지정,0
284222,1117000000000002951,효창동 271도,도,국유지,181.95962311769836,126.95952183272242,37.542265778385705,129.34628488,103.56582628,129.81742175,74,미지정,0
284223,1117000000000002952,효창동 246-1도,도,국유지,1285.5147555099684,126.96101451248967,37.539493698534976,185.49296953,16.47891975,176.17585963,74,미지정,0
284224,1117000000000002953,효창동 199-5도,도,국유지,489.56915944302455,126.95905776086758,37.54049097247767,69.92521778,208.64919125,125.42508273,74,미지정,0
284225,1117000000000002954,효창동 5-53도,도,국유지,1124.885088160343,126.96204809312462,37.54101342863933,86.10688042,185.57202878,20.6727688,74,미지정,0
284226,1117000000000002955,효창동 5-101도,도,국유지,126.91259044781327,126.96167559455628,37.53997669901199,124.81125637,66.33125,107.96735784,74,미지정,0
284227,1117000000000002956,효창동 5-100도,도,국유지,325.62005838606274,126.96182870692698,37.5403122556846,122.96594598,105.39117364,69.83897854,74,미지정,0
284228,1117000000000002957,효창동 5-79도,도,국유지,322.7401670849649,126.96190851405647,37.540546115024966,121.80201531,132.26053126,44.40355079,74,미지정,0
284229,1117000000000002958,효창동 127-20도,도,국유지,41.574342699721456,126.95990288329206,37.541288478392524,76.08784085,205.15234416,133.64723059,74,미지정,0
284230,1117000000000002959,효창동 5-640도,도,국유지,22.383400288410485,126.95797323320187,37.54177324773591,95.17731637,124.39659718,49.48418475,74,미지정,0
284231,1117000000000002960,효창동 5-697도,도,국유지,83.74788376968354,126.95864846378933,37.540529438998206,42.62545542,251.43632977,109.48018503,74,미지정,0
284232,1117000000000002961,효창동 5-698도,도,국유지,70.94241871498525,126.95859039679686,37.54054121689135,40.52722309,250.01388646,107.33112411,74,미지정,0
284233,1117000000000002962,효창동 5-696도,도,국유지,68.34798251837492,126.95873713679201,37.54052147959721,47.53992882,252.6958386,112.08574406,74,미지정,0
284234,1117000000000002963,효창동 5-277 도,도,국유지,1223.7932607046096,126.95751732983075,37.540914088841674,69.64267063,227.89546801,102.34847374,74,미지정,0
284235,1117000000000002964,효창동 5-700도,도,국유지,55.82691679894924,126.9584110387127,37.540663113385456,33.97636422,236.81023703,92.66031625,74,미지정,0
284236,1117000000000002965,효창동 5-701도,도,국유지,189.6878608064726,126.95828139881583,37.5406701812619,31.8954655,236.92302947,92.61658606,74,미지정,0
284237,1117000000000002966,효창동 5-703도,도,국유지,219.3980684299022,126.95783410776053,37.540937949949715,41.53750067,215.60387134,80.54301974,74,미지정,0
284238,1117000000000002967,효창동 5-704 도,도,국유지,27.02804845618084,126.95767770785703,37.54103833532933,56.03721105,209.69771915,82.66393209,74,미지정,0
284239,1117000000000002968,효창동 170-10 도,도,국유지,108.04473968135426,126.959147073521,37.54024209033136,71.9998386,186.4963094,153.72029547,74,미지정,0
284240,1117000000000002969,효창동 190-9 도,도,국유지,775.5475737589877,126.95883760144693,37.54033547967522,45.90596822,215.27832836,134.35222441,74,미지정,0
284241,1117000000000002970,효창동 286-2 도,도,국유지,123.19426341215149,126.95935742353066,37.5405200105365,95.79567746,190.37214189,136.88557725,74,미지정,0
284242,1117000000000002971,효창동 3-48도,도,국유지,101.28025024983799,126.963039735212,37.54855633696478,114.53069129,319.91994286,145.86494117,74,미지정,0
284243,1117000000000002972,효창동 172-7 도,도,국유지,16.709409070783295,126.95919806418159,37.54033488161628,77.23697247,188.417247,146.52442715,74,미지정,0
284244,1117000000000002973,효창동 156-1도,도,국유지,250.93233530491125,126.96002535568631,37.53973489286739,159.75258644,91.13386092,208.38000697,74,미지정,0
284245,1117000000000002974,효창동 5-270도,도,국유지,578.4670479551423,126.95713370109964,37.541087322975734,104.3900012,227.27701609,121.95884581,74,미지정,0
284246,1117000000000002975,효창동 165-1도,도,국유지,853.5888923603343,126.95937907007806,37.54016455747588,92.87424066,164.57134334,170.82467495,74,미지정,0
284247,1117000000000002976,효창동 69-2도,도,국유지,1242.7239147543442,126.96204670576284,37.53914912268337,117.21223862,35.92416487,199.83661778,74,미지정,0
284248,1117000000000002977,효창동 191-1도,도,국유지,12.055093232775107,126.95887061187958,37.54041593300786,51.44582653,217.45630999,126.70108166,74,미지정,0
284249,1117000000000002978,효창동 74-13도,도,국유지,32.78656501183286,126.96147842692595,37.53929710944901,152.34970575,12.89570381,185.1600578,74,미지정,0
284250,1117000000000002979,효창동 287-4 도,도,국유지,683.2717455141246,126.96338234124367,37.538908677962766,104.48828189,51.01395617,263.97360175,74,미지정,0
284251,1117000000000002980,효창동 252-1도,도,국유지,23.306138180894777,126.9611628613216,37.53942748512909,174.32692775,11.54444761,178.13366968,74,미지정,0
284252,1117000000000002981,효창동 112-3 도,도,국유지,61.55590528418543,126.96018667936157,37.539857074389836,194.68523356,86.72802368,188.74564191,74,미지정,0
284253,1117000000000002982,효창동 62-4도,도,국유지,108.81180314021185,126.9628006443703,37.53888387226178,106.38685493,31.02394375,243.89584853,74,미지정,0
284254,1117000000000002983,효창동 74-14도,도,국유지,34.86119049973786,126.96145673944852,37.53925983520915,155.72250748,17.31799857,189.56480252,74,미지정,0
284255,1117000000000002984,효창동 190-4도,도,국유지,35.875918523874134,126.95896829642287,37.540295922579176,56.54900348,203.10028492,142.13219341,74,미지정,0
284256,1117000000000002985,효창동 91-1도,도,국유지,118.01606266200542,126.96085481664798,37.53985312895317,190.50622529,49.33287306,148.48189205,74,미지정,0
284257,1117000000000002986,효창동 96-4도,도,국유지,43.282001785351895,126.96069689756376,37.539686048423036,208.49920415,42.39251876,171.68496168,74,미지정,0
284258,1117000000000002987,효창동 247-3도,도,국유지,34.47357699868735,126.9611550865936,37.539607718167595,171.14591048,11.51403143,159.65819634,74,미지정,0
284259,1117000000000002988,효창동 95-2 도,도,국유지,31.437674442189746,126.96066290556423,37.53967442537701,209.80313467,42.9334809,174.49512957,74,미지정,0
284260,1117000000000002989,효창동 247-2도,도,국유지,94.16601198597346,126.9606671935764,37.539582478645855,220.00348663,34.79164692,182.60557221,74,미지정,0
284261,1117000000000002990,효창동 98-6도,도,국유지,1036.1878551664995,126.96043598695685,37.539684385371594,209.89563332,57.53545983,186.23774308,74,미지정,0
284262,1117000000000002991,효창동 75-4도,도,국유지,20.19665742153302,126.96129723498463,37.53951155552857,160.62179357,6.55892601,165.58892109,74,미지정,0
284263,1117000000000002992,효창동 5-574도,도,국유지,14.585767388809472,126.96192541717103,37.540413617350374,121.14095936,118.35381978,59.16983807,74,미지정,0
284264,1117000000000002993,효창동 5-250도,도,국유지,577.0394680118188,126.9584069430775,37.540504965518416,30.20830641,254.35738119,110.21411955,74,미지정,0
284265,1117000000000002994,효창동 178-1도,도,국유지,93.71402127458714,126.95905041799247,37.540240393465226,63.4570806,193.71512366,150.49299734,74,미지정,0
284266,1117000000000002995,효창동 49-11도,도,국유지,70.56141008232953,126.96323984499898,37.5388939735641,103.54233031,47.51339362,259.09119071,74,미지정,0
284267,1117000000000002996,효창동 5-813 도,도,국유지,18.067819034215063,126.95809139630836,37.54085334455302,21.9950945,219.22359603,77.00828678,74,미지정,0
284268,1117000000000002997,효창동 77-1도,도,국유지,37.877248939475976,126.96110569938276,37.5396884147352,211.43809317,21.4499782,153.167905,74,미지정,0
284269,1117000000000002998,효창동 29도,도,국유지,479.4777002854389,126.9639592554844,37.538653406142814,120.74033253,67.97707846,339.01365119,74,미지정,0
284270,1117000000000002999,효창동 74-12도,도,국유지,67.22595769976033,126.96151886396247,37.539329342817545,147.69944005,7.8566513,181.05456138,74,미지정,0
284271,1117000000000003000,효창동 74-3도,도,국유지,20.59888019412756,126.96144361261905,37.53936800928572,152.44819321,11.7201502,177.97615036,74,미지정,0
284272,1117000000000003001,효창동 5-35도,도,국유지,128.5528127073776,126.96212977224171,37.541608647464265,86.02610711,245.30458824,78.50093444,74,미지정,0
284273,1117000000000003002,효창동 62-6도,도,국유지,568.1589933621581,126.96267724829947,37.5390038491103,96.8560119,33.48533642,227.66615065,74,미지정,0
284274,1117000000000003003,효창동 12-25도,도,국유지,16.28305797558278,126.96413914919681,37.53866712951808,124.07100789,83.64928585,337.37147505,74,미지정,0
284275,1117000000000003004,효창동 5-280 도,도,국유지,287.3343894309364,126.95787575709626,37.54074734911044,44.39124398,234.92715916,95.92142541,74,미지정,0
284276,1117000000000003005,효창동 2-16 도,도,국유지,282.6126430716831,126.96319620981272,37.54306825738381,55.00349069,224.41844873,264.97556921,74,미지정,0
284277,1117000000000003006,효창동 75-7도,도,국유지,65.28849428519607,126.9612957146936,37.53952165995594,160.52000361,6.36896236,164.55301076,74,미지정,0
284278,1117000000000003007,효창동 71-1도,도,국유지,54.008458629250526,126.96181511877951,37.53916428078459,132.76270416,16.22826339,197.25514465,74,미지정,0
284279,1117000000000003008,효창동 74-16도,도,국유지,21.403239063743968,126.96167788756492,37.53929143751909,136.46939101,13.78368011,183.64126017,74,미지정,0
284280,1117000000000003009,효창동 73-6도,도,국유지,38.127612738870084,126.9615174762027,37.5392093501415,153.19655152,15.29012094,194.24414894,74,미지정,0
284281,1117000000000003010,효창동 12-14도,도,국유지,1320.041024653241,126.96294161209386,37.53888318916023,104.34560706,42.08742726,248.61324887,74,미지정,0
284282,1117000000000003011,효창동 252-4 도,도,국유지,25.110982694663107,126.96127242662764,37.539382323893236,166.34985326,15.82539865,179.97245909,74,미지정,0
284283,1117000000000003012,효창동 155-4도,도,국유지,174.9765885695233,126.95992699983182,37.539827848838186,148.14338622,103.72600916,208.84545145,74,미지정,0
284284,1117000000000003013,효창동 11-1 도,도,국유지,38.461077108746395,126.96238303379239,37.53931696357222,82.52513045,65.33377301,186.76930787,74,미지정,0
284285,1117000000000003014,효창동 167-8도,도,국유지,202.95133971003816,126.95957579923156,37.53995308235664,114.38996363,137.58898213,199.87032163,74,미지정,0
284286,1117000000000003015,효창동 152-12도,도,국유지,1029.1319535796647,126.95990160807489,37.5399249330779,143.00649427,111.39127731,218.57015108,74,미지정,0
284287,1117000000000003016,효창동 170-11도,도,국유지,21.08906690136064,126.95920514728682,37.540307953488366,77.50661752,186.19602735,149.45614541,74,미지정,0
284288,1117000000000003017,효창동 5-584도,도,국유지,71.06076110433787,126.96169257652933,37.53982924374814,122.05974918,50.45140512,124.05855492,74,미지정,0
284289,1117000000000003018,효창동 25-1도,도,국유지,19.66722330637276,126.96417457040731,37.538669477472986,124.91862405,86.73778988,337.09759101,74,미지정,0
284290,1117000000000003019,효창동 74-10도,도,국유지,64.53340033814311,126.96161382231342,37.53926197669351,142.98696167,14.03237666,187.39939684,74,미지정,0
284291,1117000000000003020,효창동 74-4도,도,국유지,11.09398901835084,126.96142038815209,37.53931129442971,156.53642955,15.86658473,184.55014432,74,미지정,0
284292,1117000000000003021,효창동 74-6도,도,국유지,69.3642835104838,126.9613851068373,37.53932447983689,158.9410656,18.02304653,183.76018319,74,미지정,0
284293,1117000000000003022,효창동 36도,도,국유지,1105.6583412600448,126.96336864092984,37.5387733294771,118.78204047,36.33434733,276.32565883,74,미지정,0
284294,1117000000000003023,효창동 6-4 도,도,국유지,22.580382661661133,126.96433068737326,37.53907596206196,138.26011628,118.7342002,302.72763767,74,미지정,0
284295,1117000000000003024,효창동 166-9 도,도,국유지,29.73569865722675,126.95960001874761,37.54002211682886,114.59455182,139.60966584,194.48281717,74,미지정,0
284296,1117000000000003025,효창동 5-335도,도,국유지,156.43731185840443,126.96175031880742,37.54002057193466,119.10246948,72.28524353,102.46513532,74,미지정,0
284297,1117000000000003026,효창동 22-7 도,도,국유지,27.99493242672179,126.96431002733009,37.53906663536556,137.42243828,116.64410013,302.11025138,74,미지정,0
284298,1117000000000003027,효창동 6-74도,도,국유지,164.85938138887286,126.96154099151147,37.53950891676087,139.71141454,14.1256691,161.06305533,74,미지정,0
284299,1117000000000003028,효창동 74-11도,도,국유지,78.82022937765578,126.9615535138863,37.53926484064463,147.68163899,13.40973892,187.70694349,74,미지정,0
284300,1117000000000003029,효창동 252-8 도,도,국유지,112.50910528446548,126.96105839870677,37.53938491031677,184.45751027,10.82022611,185.79241468,74,미지정,0
284301,1117000000000003030,효창동 83-1도,도,국유지,12.064993100240827,126.96115702710027,37.53977452845529,202.90420557,28.90861622,142.58911641,74,미지정,0
284302,1117000000000003031,효창동 286-9 도,도,국유지,33.806445781781804,126.96085351327436,37.539916834131255,183.44792797,54.90740798,142.85863183,74,미지정,0
284303,1117000000000003032,효창동 252-5 도,도,국유지,62.699099575635046,126.96120063754172,37.53935465808823,173.31615259,18.4119334,184.74250959,74,미지정,0
284304,1117000000000003033,효창동 252-3 도,도,국유지,40.64842054829933,126.96121845258206,37.539398212676964,170.43028789,13.47272458,179.65870932,74,미지정,0
284305,1117000000000003034,효창동 155-3도,도,국유지,24.502648195950314,126.95987355337604,37.54000383046438,138.68965727,118.53183925,210.10954493,74,미지정,0
284306,1117000000000003035,효창동 158-1 도,도,국유지,72.82629370607901,126.95967459200396,37.53995011361037,122.88716796,129.83288799,204.77034494,74,미지정,0
284307,1117000000000003036,효창동 5-654도,도,국유지,277.7350020496524,126.95694593535816,37.54113424291011,121.57917985,232.71231592,135.85308006,74,미지정,0
284308,1117000000000003037,효창동 74-15도,도,국유지,94.37718396034325,126.96154929584782,37.539377952571485,143.275236,2.35111536,175.3215456,74,미지정,0
284309,1117000000000003038,효창동 74-8도,도,국유지,66.18137461389415,126.96168113838252,37.53920263751791,140.71611112,10.38858582,193.45129157,74,미지정,0
284310,1117000000000003039,효창동 68도,도,국유지,292.0003803849686,126.96247645509514,37.53897795504196,107.08193369,26.94629762,225.2537581,74,미지정,0
284311,1117000000000003040,효창동 57-2도,도,국유지,271.5733077877667,126.96298135655202,37.53890462066267,101.64037139,53.303018,247.84834128,74,미지정,0
284312,1117000000000003041,효창동 42-3도,도,국유지,14.635129074566066,126.96371109696157,37.5387912207328,127.07207805,55.97672693,290.76061164,74,미지정,0
284313,1117000000000003042,효창동 287-3 도,도,국유지,1149.856090043264,126.96418242762354,37.539542443484784,102.63996088,146.30007693,259.36221867,74,미지정,0
284314,1117000000000003043,효창동 190-7도,도,국유지,31.3197190919891,126.95893129335003,37.540326872690265,53.81315782,207.67344167,137.79298657,74,미지정,0
284315,1117000000000003044,효창동 33-1도,도,국유지,156.88151117030066,126.96371218391849,37.53867465737123,123.95346401,48.73450213,301.52291513,74,미지정,0
284316,1117000000000003045,효창동 102-2 도,도,국유지,17.06749388022581,126.96023565363987,37.539890154885065,190.15039864,85.93146525,183.07032155,74,미지정,0
284317,1117000000000003046,효창동 252-6 도,도,국유지,55.32270971219987,126.96117228546099,37.53932006270685,176.87145281,22.59995049,189.16353464,74,미지정,0
284318,1117000000000003047,효창동 74-5도,도,국유지,16.49873994803056,126.96140199524375,37.53926538921918,159.93659728,20.18511891,189.86637826,74,미지정,0
284319,1117000000000003048,효창동 268-2도,도,국유지,279.08604594215285,126.95716779692245,37.54091789102497,100.46410738,241.62576401,127.55049686,74,미지정,0
284320,1117000000000003049,효창동 6-3도,도,국유지,300.9254052871838,126.96421775375808,37.53933098294136,114.6305123,129.93711847,276.43306632,74,미지정,0
284321,1117000000000003050,효창동 21-23 도,도,국유지,15.135337173938751,126.96427500000001,37.53915533333333,129.12847506,120.13417819,293.12801663,74,미지정,0
284322,1117000000000003051,효창동 6-8도,도,국유지,229.44122064299881,126.96410778612146,37.53963897816825,93.52168372,151.6840092,247.70715128,74,미지정,0
284323,1117000000000003052,효창동 12-32 도,도,국유지,427.48633855301887,126.96294590643045,37.53875650362942,118.2916452,40.70312816,261.73468631,74,미지정,0
284324,1117000000000003053,효창동 5-375도,도,국유지,25.650357659440488,126.96276355143405,37.53983037399618,27.43913329,123.62298252,148.28709107,74,미지정,0
284325,1117000000000003054,효창동 287-1 도,도,국유지,236.52050841553137,126.96385063542488,37.54051518889534,103.50360244,234.01803385,184.58664054,74,미지정,0
284326,1117000000000003055,효창동 5-350도,도,국유지,55.3762108621886,126.96272937838397,37.53995470764325,34.02286515,136.72951001,135.23184943,74,미지정,0
284327,1117000000000003056,효창동 5-466 도,도,국유지,58.14598215930164,126.96467486895523,37.54222566230878,187.24545211,369.20335932,288.81719679,74,미지정,0
284328,1117000000000003057,효창동 5-725도,도,국유지,86.71325499098748,126.96347519578453,37.54209358203722,104.85743536,334.63807634,193.43828876,74,미지정,0
284329,1117000000000003058,효창동 1-8도,도,국유지,63.79436202161014,126.96382123728986,37.54329839140017,49.4085252,228.46083256,315.10191077,74,미지정,0
284330,1117000000000003059,효창동 1-2도,도,국유지,33.78534493967891,126.96366613035275,37.543249696956494,42.81001599,225.15359735,303.08407196,74,미지정,0
284331,1117000000000003060,효창동 2-42도,도,국유지,29.793021809426136,126.96391346480108,37.543211104581616,61.67787864,241.09510757,311.84744771,74,미지정,0
284332,1117000000000003061,효창동 2-31도,도,국유지,70.57240414479747,126.9639645428307,37.54318577438036,66.97509992,246.04764291,312.28527812,74,미지정,0
284333,1117000000000003062,효창동 246-2도,도,국유지,58.15742392541142,126.96074346444031,37.53945176932591,234.54665782,20.36741708,191.28380549,74,미지정,0
284334,1117000000000003063,효창동 239도,도,국유지,114.26933965459466,126.96017278991947,37.53968182196662,174.02311559,76.85845193,202.5929221,74,미지정,0
284335,1117000000000003064,효창동 2-8도,도,국유지,24.64874646998942,126.9636685145908,37.543162561480294,50.75278436,233.46291657,295.07380724,74,미지정,0
284336,1117000000000003065,효창동 166-10 도,도,국유지,18.764430016104598,126.959546554452,37.53993818600801,112.38992461,139.08690987,199.9841032,74,미지정,0
284337,1117000000000003066,효창동 240-1도,도,국유지,396.03220264194533,126.96015864039593,37.539525854541026,179.77983198,71.6315806,215.75951718,74,미지정,0
284338,1117000000000003067,효창동 169-4 도,도,국유지,57.57334162265761,126.9593535558111,37.54006278836925,92.35058046,160.66998496,179.64464738,74,미지정,0
284339,1117000000000003068,효창동 169-11도,도,국유지,20.039645738899708,126.95967321879586,37.53977380763583,129.27369388,121.20866659,221.38217164,74,미지정,0
284340,1117000000000003069,효창동 278 도,도,국유지,330.8156818157295,126.95954524255271,37.53980102248018,117.71182189,132.82477039,213.2442977,74,미지정,0
284341,1117000000000003070,효창동 179-3도,도,국유지,130.62985556246713,126.95907028724109,37.54014637567111,66.02421417,187.09659106,160.84358398,74,미지정,0
284342,1117000000000003071,효창동 166-5도,도,국유지,51.7272567297332,126.95949863566256,37.54003281764166,105.58765585,147.89058566,188.7786524,74,미지정,0
284343,1117000000000003072,효창동 169-14도,도,국유지,107.57917796180118,126.95933499465085,37.540025757708364,91.72350273,160.15946378,182.56126653,74,미지정,0
284344,1117000000000003073,효창동 169-15 도,도,국유지,13.276363854703959,126.95943332360545,37.53997863354267,101.50893416,150.03635956,191.19578246,74,미지정,0
284345,1117000000000003074,효창동 234-2도,도,국유지,36.65607493976131,126.9596830236821,37.53963543604495,136.89663608,115.38604569,235.19633443,74,미지정,0
284346,1117000000000003075,효창동 184-16도,도,국유지,16.483840024098754,126.95895004026579,37.54016051760388,55.28241276,197.25489859,155.82624926,74,미지정,0
284347,1117000000000003076,효창동 188-1 도,도,국유지,17.106651229725685,126.95862932004967,37.54032272668196,27.82539515,274.32219892,131.82338442,74,미지정,0
284348,1117000000000003077,효창동 5-662 도,도,국유지,36.523218758404255,126.95818945181503,37.540505132178495,32.09105217,256.05162319,111.96199147,74,미지정,0
284349,1117000000000003078,효창동 179-2 도,도,국유지,129.84011786442716,126.95894162538092,37.54021192553701,53.92801655,200.55336075,150.16826221,74,미지정,0
284350,1117000000000003079,효창동 5-660 도,도,국유지,106.56306523032254,126.9579517833671,37.54061734201644,48.86204714,247.36833868,105.9227323,74,미지정,0
284351,1117000000000003080,효창동 277 도,도,국유지,668.6192709148745,126.95731579500716,37.54056187997994,97.68828337,270.84967125,142.15855987,74,미지정,0
284352,1117000000000003081,도원동 282 도,도,국유지,190.96374255325645,126.95689233985671,37.54037845150714,128.20258606,305.71292734,183.07592638,65,미지정,0
284353,1117000000000003082,효창동 5-587도,도,국유지,36.66977755946573,126.9622138478891,37.54169392394455,84.92598831,256.70643875,89.99063545,74,미지정,0
284354,1117000000000003083,효창동 2-45도,도,국유지,47.11989893036662,126.9635408199417,37.54331084887593,30.81075911,213.53753066,303.17410819,74,미지정,0
284355,1117000000000003084,효창동 2-24도,도,국유지,121.20866892166669,126.96358247705173,37.543088232733155,54.65769427,236.78302706,284.00770424,74,미지정,0
284356,1117000000000003085,효창동 2-72 도,도,국유지,35.4333491428406,126.96317979797004,37.54284887183391,79.04982653,246.85477027,242.83071597,74,미지정,0
284357,1117000000000003086,효창동 255-12도,도,국유지,226.66722490650136,126.96201916547308,37.54392157533337,66.24620059,117.44634295,331.07610912,74,미지정,0
284358,1117000000000003087,효창동 3-340도,도,국유지,104.48235603468493,126.95797119887347,37.54502354937024,452.28974049,252.81898143,393.24461672,74,미지정,0
284359,1117000000000003088,효창동 3-180도,도,국유지,33.86778717441484,126.95799226295972,37.54525792692345,478.14020088,277.99506347,418.96713923,74,미지정,0
284360,1117000000000003089,효창동 2-5도,도,국유지,32.8044940889813,126.96402738506006,37.54315726934768,73.32199424,251.92712663,313.1787354,74,미지정,0
284361,1117000000000003090,효창동 2-6도,도,국유지,68.21319066826254,126.96375850988572,37.54318376722507,53.67655881,235.73829057,301.46169738,74,미지정,0
284362,1117000000000003091,효창동 2-37도,도,국유지,204.02577577222837,126.96397592050062,37.54347301987885,55.27330241,222.07375563,338.81384235,74,미지정,0
284363,1117000000000003092,효창동 5-713 도,도,국유지,12501.75394180644,126.9593555531248,37.54164998752358,120.66489459,145.29858416,84.9301216,74,미지정,0
284364,1117000000000003093,효창동 3-65도,도,국유지,115.2689178599976,126.95760759829533,37.54352651880532,291.73916917,116.76143189,236.14506908,74,미지정,0
284365,1117000000000003094,효창동 3-81도,도,국유지,56.30057881306857,126.95780919721255,37.54335878188154,270.12207922,91.01553542,213.32411514,74,미지정,0
284366,1117000000000003095,효창동 3-87도,도,국유지,49.939955486159306,126.95763022508098,37.54318842266523,254.70599929,92.76874153,199.98725619,74,미지정,0
284367,1117000000000003096,효창동 3-97도,도,국유지,54.57454962050542,126.95816190414571,37.54319012511982,248.16319165,56.0898475,189.12123853,74,미지정,0
284368,1117000000000003097,효창동 3-110도,도,국유지,44.1383261148585,126.95799211855548,37.542999456444434,228.34979413,54.77750465,170.75972512,74,미지정,0
284369,1117000000000003098,효창동 3-136도,도,국유지,83.95618299976923,126.958334010242,37.5428617626419,211.4204404,20.98242218,151.52702936,74,미지정,0
284370,1117000000000003099,효창동 5-736도,도,국유지,13.030662626959383,126.95877619320036,37.54271104767281,199.10742425,21.55196072,138.39460056,74,미지정,0
284371,1117000000000003100,효창동 5-762도,도,국유지,11.554685284383595,126.95761733333335,37.54139833333333,77.95153546,175.663193,71.24378748,74,미지정,0
284372,1117000000000003101,효창동 3-124도,도,국유지,137.8929367423989,126.95842414206125,37.543014432134804,228.59647594,27.11284746,168.3102659,74,미지정,0
284373,1117000000000003102,효창동 3-312도,도,국유지,53.0883954023011,126.95804816434179,37.5433300512702,264.34249945,74.52695559,205.88774037,74,미지정,0
284374,1117000000000003103,효창동 5-711도,도,국유지,74.77699731453322,126.95703130209222,37.541304416344204,118.86037098,213.22561529,124.04609836,74,미지정,0
284375,1117000000000003104,효창동 255-3도,도,국유지,3465.803542892332,126.95817501993591,37.54358820324994,292.24998333,94.37668563,232.94633522,74,미지정,0
284376,1117000000000003105,효창동 260-5도,도,국유지,164.23846963467076,126.95869819356605,37.543155995779706,246.53959705,42.14464639,185.72920976,74,미지정,0
284377,1117000000000003106,효창동 260-6도,도,국유지,21.107938691508025,126.9586376832404,37.5430057761772,229.296945,24.63612393,168.51366912,74,미지정,0
284378,1117000000000003107,효창동 255-7도,도,국유지,62.95501453173347,126.96199651424268,37.544147706733135,83.39513219,93.55714519,356.0573765,74,미지정,0
284379,1117000000000003108,효창동 261-1도,도,국유지,35.38901831628755,126.95943217387286,37.54326097075942,218.68160775,93.23327245,215.37968846,74,미지정,0
284380,1117000000000003109,도원동 8-89 도,도,국유지,13.860093910014257,126.95811506676105,37.53946194904458,79.13907263,250.02319781,227.51062063,65,미지정,0
284381,1117000000000003110,도원동 7-4도,도,국유지,49.035102732945234,126.95813114696276,37.539412473394684,74.32587308,248.40756958,232.80889436,65,미지정,0
284382,1117000000000003111,도원동 9-296 도,도,국유지,59.43255530076567,126.95806946877923,37.539499667216816,82.17835735,254.27462182,223.86510839,65,미지정,0
284383,1117000000000003112,도원동 19도,도,국유지,4106.638994027278,126.95551537204157,37.53771642186959,69.36504989,69.57280766,390.83771122,65,미지정,0
284384,1117000000000003113,도원동 1-123 도,도,국유지,591.27144576516,126.95691025938278,37.539960200039246,129.44819508,346.46713127,216.2969591,65,미지정,0
284385,1117000000000003114,도원동 7-2도,도,국유지,1332.7671830281615,126.95795568838082,37.539077406441635,34.25448465,265.66124256,271.68642892,65,미지정,0
284386,1117000000000003115,도원동 18도,도,국유지,1113.4034777898341,126.95399171983934,37.5386579092747,118.59832146,187.92873999,351.2725722,65,미지정,0
284387,1117000000000003116,도원동 26도,도,국유지,912.2015293485019,126.95495809398787,37.53912052523941,46.54567756,213.49909677,403.6027937,65,미지정,0
284388,1117000000000003117,도원동 27도,도,국유지,2451.4394533914165,126.95719106250488,37.53976009146628,124.17235946,340.44960041,221.0882087,65,미지정,0
284389,1117000000000003118,도원동 8-94 도,도,국유지,65.35234050825238,126.95800738083803,37.53944341963727,74.97927173,259.44654535,230.84127344,65,미지정,0
284390,1117000000000003119,도원동 9-303 도,도,국유지,37.44573316536844,126.95828297371752,37.5395216932984,79.76971227,235.62141006,219.64776976,65,미지정,0
284391,1117000000000003120,도원동 8-5도,도,국유지,55.553246814757586,126.95766488222829,37.53934304526058,65.153991,289.54437198,248.15847052,65,미지정,0
284392,1117000000000003121,산천동 19-2 도,도,국유지,17.09258369728923,126.95338333333332,37.53751533333334,191.21772546,116.18797504,221.09896438,95,미지정,0
284393,1117000000000003122,용문동 2-44 도,도,국유지,65.3294715625234,126.9635256357357,37.53749265548047,33.29214929,111.20682118,231.32222706,79,미지정,0
284394,1117000000000003123,용문동 1-115도,도,국유지,286.4048203994753,126.96296354298025,37.537556919850445,81.94185004,86.69392727,264.82410313,79,미지정,0
284395,1117000000000003124,용문동 1-133 도,도,국유지,20.334571384242736,126.96259657388646,37.53738049790962,116.22395447,106.13197289,271.91442648,79,미지정,0
284396,1117000000000003125,용문동 1-33도,도,국유지,308.0139202281134,126.96252572164984,37.53770050087843,121.5371754,72.98689619,301.87888352,79,미지정,0
284397,1117000000000003126,용문동 4-6도,도,국유지,171.29734524339437,126.96243281145848,37.538089570692314,141.29728123,40.61562994,320.95511201,79,미지정,0
284398,1117000000000003127,용문동 2-46 도,도,국유지,31.727734085405245,126.96359124238676,37.53804323919204,59.11756631,56.9027378,283.97036461,79,미지정,0
284399,1117000000000003128,용문동 2-47 도,도,국유지,52.35655354894698,126.96359714363777,37.53780655425448,37.14976668,80.16860803,259.61797958,79,미지정,0
284400,1117000000000003129,용문동 1-46도,도,국유지,146.55378578603268,126.96201671540446,37.538038542462886,173.69093213,74.94915414,322.60702205,79,미지정,0
284401,1117000000000003130,용문동 1-77 도,도,국유지,49.526637798175216,126.96214708496733,37.53775634838582,155.52141438,84.60550727,354.60937013,79,미지정,0
284402,1117000000000003131,용문동 2-48 도,도,국유지,54.127015316393226,126.96360611380936,37.537951180741814,49.50903266,66.23813247,274.02514969,79,미지정,0
284403,1117000000000003132,용문동 2-40도,도,국유지,47.814904814818874,126.96330912585907,37.537805576127475,57.81634065,73.6574586,270.97448841,79,미지정,0
284404,1117000000000003133,용문동 2-8도,도,국유지,340.9522246962297,126.96316551862138,37.53792303799071,75.29255473,60.50661576,288.58327371,79,미지정,0
284405,1117000000000003134,용문동 3-5도,도,국유지,187.70791909005493,126.96296173792851,37.538100791666665,101.24441351,29.38910456,314.73639564,79,미지정,0
284406,1117000000000003135,용문동 5-11도,도,국유지,695.470392616,126.96188988173328,37.53847783993059,181.79763767,61.27651449,273.48435173,79,미지정,0
284407,1117000000000003136,용문동 5-274 도,도,국유지,193.35703369649127,126.96370062713066,37.53848806379363,103.60628537,41.93075795,327.20674598,79,미지정,0
284408,1117000000000003137,용문동 5-226도,도,국유지,80.81225753575563,126.96344888454614,37.538507261819504,111.42993772,20.13779813,305.64209101,79,미지정,0
284409,1117000000000003138,용문동 5-223도,도,국유지,242.4168727104552,126.96322730937207,37.53863935075296,131.45841013,19.23983172,283.71927112,79,미지정,0
284410,1117000000000003139,용문동 38-93도,도,국유지,2158.536520508118,126.9579559408247,37.53765076344836,86.42464692,259.85801649,428.90629195,79,미지정,0
284411,1117000000000003140,용문동 38-141도,도,국유지,270.65112152695656,126.95819703855658,37.537638235664375,76.13288302,280.55129877,428.81220234,79,미지정,0
284412,1117000000000003141,용문동 104-3도,도,국유지,12.12922212400008,126.95848988246394,37.53681974174417,71.53555209,282.38879542,519.27090448,79,미지정,0
284413,1117000000000003142,용문동 38-184도,도,국유지,75.23728064494208,126.95847185530202,37.537020478878745,88.25654343,299.52916085,496.97447125,79,미지정,0
284414,1117000000000003143,용문동 38-273도,도,국유지,36.92713939957321,126.95844268375615,37.536953693274896,84.57306299,291.96377002,504.36678068,79,미지정,0
284415,1117000000000003144,용문동 38-176도,도,국유지,21.732479410246015,126.958521164297,37.537140216429684,96.26500459,312.98098462,483.75173649,79,미지정,0
284416,1117000000000003145,용문동 38-192도,도,국유지,57.68363762134686,126.95839397585242,37.53691130295043,84.54755614,285.64475314,509.06806649,79,미지정,0
284417,1117000000000003146,용문동 36-3도,도,국유지,33.12038748781197,126.95866098682065,37.53854211668889,32.71252338,220.88373167,328.79188503,79,미지정,0
284418,1117000000000003147,용문동 37-5도,도,국유지,541.1730615729466,126.95886916232412,37.53847458219521,35.81182278,207.66743307,337.96594054,79,미지정,0
284419,1117000000000003148,용문동 38-140도,도,국유지,436.7634553721873,126.95833264493403,37.53791589312237,43.24462591,280.59511622,397.63241989,79,미지정,0
284420,1117000000000003149,용문동 36-17도,도,국유지,314.1841868837364,126.95862135271099,37.53882250535436,63.00491824,213.42697202,297.51158456,79,미지정,0
284421,1117000000000003150,용문동 41-12도,도,국유지,154.0502478275448,126.95959381524403,37.53695139493988,72.61256598,292.36337332,485.01579541,79,미지정,0
284422,1117000000000003151,용문동 54-7도,도,국유지,137.70789856056217,126.95880866531327,37.53692119656659,62.4715596,316.145226,509.1649671,79,미지정,0
284423,1117000000000003152,용문동 48-1도,도,국유지,410.86403819033876,126.95962912625046,37.53667608774422,53.36117664,291.67090417,511.87176447,79,미지정,0
284424,1117000000000003153,용문동 56-21도,도,국유지,20.727074642200023,126.95854497704683,37.536976656412676,80.37831359,324.97213798,501.94575534,79,미지정,0
284425,1117000000000003154,용문동 56-16 도,도,국유지,419.5149020819226,126.95861391155955,37.536860129819715,66.60273414,311.29458727,515.04871003,79,미지정,0
284426,1117000000000003155,용문동 38-14도,도,국유지,375.41384205780923,126.95900780454127,37.53751800823938,90.58352881,266.19952685,444.83788173,79,미지정,0
284427,1117000000000003156,용문동 38-20도,도,국유지,46.34372279327363,126.95888491533493,37.53749510946486,88.92307074,275.20091044,446.21735401,79,미지정,0
284428,1117000000000003157,용문동 40-20도,도,국유지,19.446866208687425,126.95921126801177,37.53731368339639,99.91686121,273.52086157,469.72473359,79,미지정,0
284429,1117000000000003158,용문동 40-21도,도,국유지,38.256145171355456,126.95915224025639,37.53724028465812,91.4935919,283.19195749,477.0386711,79,미지정,0
284430,1117000000000003159,용문동 56-20도,도,국유지,83.35928372526541,126.95854105946499,37.53709000815878,90.65964983,309.35279899,489.36046305,79,미지정,0
284431,1117000000000003160,용문동 56-2 도,도,국유지,97.66129523003474,126.95864282459488,37.53705194027052,82.24290161,332.07226958,493.87138312,79,미지정,0
284432,1117000000000003161,용문동 66-1도,도,국유지,35.362527838442475,126.95907342598244,37.537009139898295,65.93272741,324.86597543,501.60660764,79,미지정,0
284434,1117000000000003163,용문동 32-181 도,도,국유지,22.658839899115264,126.95914599581529,37.5390907414863,105.65141219,161.37499348,274.90092262,79,미지정,0
284435,1117000000000003164,용문동 32-200도,도,국유지,57.93235855828971,126.9592319079467,37.53871907354103,77.79749316,166.83078524,316.78821157,79,미지정,0
284436,1117000000000003165,용문동 32-152도,도,국유지,20.55009702173993,126.95931555210822,37.53844302402547,69.0081194,175.87746786,348.30495389,79,미지정,0
284437,1117000000000003166,용문동 32-72도,도,국유지,1184.3571550312336,126.95942820051465,37.53874008774705,92.87488366,150.22538429,318.95358942,79,미지정,0
284438,1117000000000003167,용문동 5-62도,도,국유지,48.06424959376454,126.96140728309523,37.53908720965986,168.09634991,21.01193883,209.19541413,79,미지정,0
284439,1117000000000003168,용문동 32-162 도,도,국유지,17.460160072892904,126.95952222284645,37.5387280571161,99.0582896,143.52499236,322.66035182,79,미지정,0
284440,1117000000000003169,용문동 32-11 도,도,국유지,482.60172639158554,126.95961487968374,37.53867967525076,103.55315491,139.25395567,330.32068583,79,미지정,0
284441,1117000000000003170,용문동 38-3도,도,국유지,40.76196812838316,126.95909065122527,37.53802815184695,52.4583181,220.2350131,389.72807826,79,미지정,0
284442,1117000000000003171,용문동 32-201도,도,국유지,563.873892783653,126.95946147768828,37.53815450483465,79.5244324,186.86277769,382.46431347,79,미지정,0
284443,1117000000000003172,용문동 32-176도,도,국유지,407.6267316117883,126.95941954649402,37.53764613714992,101.05640371,232.69705795,436.65210671,79,미지정,0
284444,1117000000000003173,용문동 37-6도,도,국유지,330.40211030910723,126.95918068859169,37.53801987996419,59.94781643,215.02524597,391.93290706,79,미지정,0
284445,1117000000000003174,용문동 41-52 도,도,국유지,211.87044342048466,126.9595330788771,37.537203030202015,94.60511289,269.53373755,461.99140737,79,미지정,0
284446,1117000000000003175,용문동 41-6도,도,국유지,32.03219919744879,126.95958777420506,37.53714790639514,91.07432743,272.8219126,465.4136197,79,미지정,0
284447,1117000000000003176,용문동 41-50도,도,국유지,17.367328556254506,126.95948819834324,37.53710973152593,83.52174523,280.55329683,473.036822,79,미지정,0
284448,1117000000000003177,용문동 27-30도,도,국유지,383.0762092290679,126.95965568959731,37.53725344093634,104.23574825,259.66312412,452.25966591,79,미지정,0
284449,1117000000000003178,용문동 40-14도,도,국유지,351.201658109203,126.95932748174272,37.5371163272817,79.80688962,286.69642632,492.96993852,79,미지정,0
284450,1117000000000003179,용문동 32-14 도,도,국유지,16.724509984254837,126.96005742473118,37.538579582795705,136.20040357,116.39466649,305.46837814,79,미지정,0
284451,1117000000000003180,용문동 32-17 도,도,국유지,456.1953785283258,126.96001398417461,37.53871575271371,137.36618074,108.54299665,294.67689269,79,미지정,0
284452,1117000000000003181,용문동 27-5도,도,국유지,685.4310509669594,126.95994395940906,37.53736731623401,128.17994381,237.78830473,430.34995032,79,미지정,0
284453,1117000000000003182,용문동 27-9도,도,국유지,90.51519414153881,126.95990432858304,37.53707344127156,100.55513519,269.52543045,461.86946961,79,미지정,0
284454,1117000000000003183,용문동 26-1도,도,국유지,351.0410351376049,126.95989486335162,37.536849450807786,83.59379289,293.28973381,485.35816602,79,미지정,0
284455,1117000000000003184,용문동 25-10도,도,국유지,306.7430583429523,126.96042244311728,37.536593635002106,116.68768448,299.81800724,400.43723298,79,미지정,0
284456,1117000000000003185,용문동 25-45도,도,국유지,412.2044052751735,126.96014819202077,37.53641995762882,90.77784876,275.51791645,419.69304798,79,미지정,0
284457,1117000000000003186,용문동 44-1도,도,국유지,424.43284648493864,126.96011421753954,37.53624718694339,89.75867471,256.47531806,419.29994407,79,미지정,0
284458,1117000000000003187,용문동 48-2도,도,국유지,28.73654217645526,126.95979236809465,37.536425283211,59.33671458,267.1656481,532.6673211,79,미지정,0
284459,1117000000000003188,용문동 28-4도,도,국유지,67.23656703851884,126.96021362999976,37.53841032431249,146.19708809,123.19874644,315.23604433,79,미지정,0
284460,1117000000000003189,용문동 29-41 도,도,국유지,135.99880977673456,126.96026954462837,37.538187496676166,150.32950033,142.74797615,335.39805837,79,미지정,0
284461,1117000000000003190,용문동 28-7 도,도,국유지,722.3005130293895,126.95990128402741,37.53824884710047,117.59147701,153.54947375,344.12537214,79,미지정,0
284462,1117000000000003191,용문동 28-38 도,도,국유지,24.047161323018372,126.96009766510299,37.53802257937317,137.41477166,165.82643034,358.38792794,79,미지정,0
284463,1117000000000003192,용문동 28-40 도,도,국유지,70.4101778732147,126.96002935525213,37.537975589579275,132.61827491,173.22561226,365.69827046,79,미지정,0
284464,1117000000000003193,용문동 28-2도,도,국유지,244.00789140572306,126.95993137646141,37.53801264213784,123.25078376,173.87680697,365.89409156,79,미지정,0
284465,1117000000000003194,용문동 7-11 도,도,국유지,19.64782995946007,126.96025422948908,37.53783247495424,156.0400658,179.78695444,372.16674448,79,미지정,0
284466,1117000000000003195,용문동 7-13 도,도,국유지,93.8494789598044,126.96030754650293,37.53773881590454,180.39100846,188.14864246,380.12930464,79,미지정,0
284467,1117000000000003196,용문동 1-134 도,도,국유지,404.63866684486857,126.96015854889173,37.53784943759342,147.41150379,181.07381757,373.68683265,79,미지정,0
284468,1117000000000003197,용문동 42-82도,도,국유지,227.27976630313788,126.96046307836451,37.53593188735191,130.22424391,238.04808797,384.67417379,79,미지정,0
284469,1117000000000003198,용문동 42-2도,도,국유지,37.83011855860241,126.96037412511345,37.5358712654393,126.19012583,228.29067659,392.08046218,79,미지정,0
284470,1117000000000003199,용문동 21-3도,도,국유지,154.87580836191773,126.96036394576223,37.53611047882953,114.97057897,251.32339464,395.3516173,79,미지정,0
284471,1117000000000003200,용문동 42-83도,도,국유지,308.4579814533936,126.96028317256061,37.5358486246197,120.4923571,222.21312437,399.97676871,79,미지정,0
284472,1117000000000003201,용문동 7-9 도,도,국유지,101.65282797068357,126.96026336701082,37.537649534851546,170.07792881,198.77227549,390.77906772,79,미지정,0
284473,1117000000000003202,용문동 8-190도,도,국유지,16.719824355095625,126.960387,37.53758266666667,171.10119537,202.95172808,394.05170409,79,미지정,0
284474,1117000000000003203,용문동 1-9 도,도,국유지,174.8196316678077,126.96015271377136,37.537687582117606,167.99200562,197.97608509,390.44485616,79,미지정,0
284475,1117000000000003204,용문동 8-231도,도,국유지,37.289776514749974,126.96047719080185,37.53750852996624,170.47059044,209.23983729,399.38351108,79,미지정,0
284476,1117000000000003205,용문동 28-29 도,도,국유지,43.72466442966834,126.96010197326606,37.53742627773416,141.7064718,226.78034912,419.03098199,79,미지정,0
284477,1117000000000003206,용문동 28-98도,도,국유지,99.73549319291487,126.96018584006227,37.53740508784526,144.56525184,226.71255613,418.58836448,79,미지정,0
284478,1117000000000003207,용문동 8-232도,도,국유지,17.86753594316542,126.9605247429774,37.53738125995059,163.89078095,222.37492625,411.68215354,79,미지정,0
284479,1117000000000003208,용문동 8-119 도,도,국유지,32.355779657140374,126.96047892688597,37.53743718003133,165.04487215,216.98197459,406.90015048,79,미지정,0
284480,1117000000000003209,용문동 28-99도,도,국유지,41.39992596954107,126.96025452335823,37.537360618884016,144.98115539,229.75691021,421.17188412,79,미지정,0
284481,1117000000000003210,용문동 1-127 도,도,국유지,128.90311700222082,126.96019092651493,37.53755813610072,158.11625678,210.39610692,402.54166835,79,미지정,0
284482,1117000000000003211,용문동 28-18도,도,국유지,224.66663486370817,126.96017202097933,37.53717675246869,125.50169696,251.37033192,442.84204006,79,미지정,0
284483,1117000000000003212,용문동 8-87도,도,국유지,52.01782324491069,126.96082248758565,37.53825416980955,199.0049885,122.87563469,311.31409876,79,미지정,0
284484,1117000000000003213,용문동 6-4도,도,국유지,65.35828801989555,126.96043422647458,37.53817753609485,164.92191058,138.38234196,330.69877084,79,미지정,0
284485,1117000000000003214,용문동 1-13도,도,국유지,20.726750129833817,126.96053551474995,37.53806438807383,174.94328316,147.89922831,339.25350579,79,미지정,0
284486,1117000000000003215,용문동 8-97 도,도,국유지,20.339306590380147,126.96072085555826,37.53798210529701,192.44366741,153.85937255,342.81755331,79,미지정,0
284487,1117000000000003216,용문동 8-101도,도,국유지,34.866712174378335,126.96070510146762,37.53793283190322,192.01583214,159.46177565,348.45606065,79,미지정,0
284488,1117000000000003217,용문동 8-224도,도,국유지,20.746422434807755,126.96070281954295,37.53788465657998,214.7130746,164.78987444,353.64012512,79,미지정,0
284489,1117000000000003218,용문동 6-2 도,도,국유지,1826.5307510483544,126.96063576987643,37.53798420014248,184.9840711,154.76096243,344.82515306,79,미지정,0
284490,1117000000000003219,용문동 8-167 도,도,국유지,11.148272547870874,126.9608701580877,37.536793887226864,160.16548779,266.42262099,369.19762448,79,미지정,0
284491,1117000000000003220,용문동 24도,도,국유지,389.5451153209433,126.96058974876294,37.53634892637733,130.01808956,283.96736184,379.87884003,79,미지정,0
284492,1117000000000003221,용문동 22-9도,도,국유지,58.44936253502965,126.9606155953959,37.536203685575224,134.17871654,270.91196165,374.77267476,79,미지정,0
284494,1117000000000003223,용문동 8-19도,도,국유지,2602.8632431902224,126.96106089641017,37.53752671214148,211.14269858,183.54022532,385.07495804,79,미지정,0
284495,1117000000000003224,용문동 31도,도,국유지,388.0519299248699,126.96066610691635,37.53869799828954,191.56347909,77.09686295,269.4720935,79,미지정,0
284496,1117000000000003225,용문동 29-15 도,도,국유지,50.56585656944662,126.96059121238278,37.53855653378596,181.64769634,94.09305693,286.51079194,79,미지정,0
284497,1117000000000003226,용문동 8-12 도,도,국유지,16.170332742854953,126.96085070619759,37.538334134263465,201.68399869,113.83339509,302.09658585,79,미지정,0
284498,1117000000000003227,용문동 26도,도,국유지,391.0435423683375,126.96025188782419,37.53686839568205,111.83044679,282.86678462,473.13806024,79,미지정,0
284499,1117000000000003228,용문동 23-18 도,도,국유지,80.51561115775257,126.96082151480263,37.536095186058326,154.45527665,270.32489842,355.02276265,79,미지정,0
284500,1117000000000003229,용문동 13도,도,국유지,474.74716916366015,126.96161293262388,37.5366981063829,223.2070084,208.15026681,304.04606448,79,미지정,0
284501,1117000000000003230,용문동 5-39도,도,국유지,142.5454826373607,126.96112624928894,37.53869372942472,212.54429862,65.27219785,257.14980776,79,미지정,0
284502,1117000000000003231,용문동 5-26도,도,국유지,365.2369174407795,126.96104792586175,37.538511296047126,230.36129503,85.08824353,278.47777116,79,미지정,0
284503,1117000000000003232,용문동 29-38 도,도,국유지,144.8410353534855,126.96093009513979,37.53856359056842,211.28633215,88.09176321,275.68804923,79,미지정,0
284504,1117000000000003233,용문동 12-5도,도,국유지,92.65880055911839,126.96161409792506,37.53683663423672,216.91272683,194.90880459,310.03131084,79,미지정,0
284505,1117000000000003234,용문동 17도,도,국유지,272.1660103853792,126.96175079026028,37.53638003888917,230.47513083,234.40482772,280.95883953,79,미지정,0
284506,1117000000000003235,용문동 11-1도,도,국유지,252.2132642325014,126.96111519473128,37.5365298579948,176.69299024,247.92201463,339.54305152,79,미지정,0
284507,1117000000000003236,용문동 11-2도,도,국유지,308.32883739471436,126.96135494303577,37.536226506357636,198.55339956,264.97257317,310.89760783,79,미지정,0
284508,1117000000000003237,용문동 5-224도,도,국유지,183.85228982567787,126.96145486184174,37.538356272288325,216.2569246,85.74253516,288.85610764,79,미지정,0
284509,1117000000000003238,용문동 5-225도,도,국유지,114.7031238079071,126.96193572555974,37.5382434792406,201.56977284,74.16139161,299.58816916,79,미지정,0
284510,1117000000000003239,용문동 12-18도,도,국유지,55.662803071551025,126.96179367597726,37.53705668772578,193.78768346,165.78633316,307.12631059,79,미지정,0
284511,1117000000000003240,용문동 1-98도,도,국유지,422.80612687044777,126.96171050546361,37.53769712622477,193.22030107,117.76446095,360.24536706,79,미지정,0
284512,1117000000000003241,용문동 5-241도,도,국유지,11.62866111844778,126.96270928595528,37.53875293701673,122.45663763,18.35373286,254.98307803,79,미지정,0
284513,1117000000000003242,용문동 5-240도,도,국유지,18.36255443142727,126.96262986823362,37.5387742514245,122.24353226,12.01145589,250.6658212,79,미지정,0
284514,1117000000000003243,용문동 5-222도,도,국유지,344.9405323350802,126.96255878704505,37.53882496597044,119.18030437,11.04158389,243.53746322,79,미지정,0
284515,1117000000000003244,용문동 32-188 도,도,국유지,456.84617234021425,126.95941199763101,37.53898210760653,109.62261481,141.4010174,292.83804124,79,미지정,0
284516,1117000000000003245,용문동 32-99도,도,국유지,51.67893262882717,126.95901978143687,37.539004001423564,91.98880552,174.26343657,281.93620321,79,미지정,0
284517,1117000000000003246,용문동 5-221도,도,국유지,974.0703487102874,126.96169079251821,37.53909813226457,145.9768166,4.61791782,204.97050113,79,미지정,0
284518,1117000000000003247,용문동 5-230도,도,국유지,52.70382060064003,126.96120464917179,37.53922247627024,177.88647595,27.68914785,198.67853668,79,미지정,0
284519,1117000000000003248,용문동 5-63 도,도,국유지,170.02955826371908,126.96128279843083,37.53910966835892,176.69181551,31.80300633,209.02035909,79,미지정,0
284520,1117000000000003249,용문동 5-229도,도,국유지,445.3971778014675,126.96094602668823,37.53931145319003,196.23973588,5.10226355,197.12576599,79,미지정,0
284521,1117000000000003250,용문동 5-228도,도,국유지,44.527782306075096,126.95958183650913,37.53963060091052,129.45257607,123.89334046,231.54496187,79,미지정,0
284522,1117000000000003251,용문동 5-227도,도,국유지,27.749509802320972,126.9595027207494,37.53965900035348,121.84700922,131.45131376,225.65830349,79,미지정,0
284523,1117000000000003252,용문동 38-37도,도,국유지,365.2695370800793,126.95703344564994,37.536806941742526,225.30257925,178.8195163,534.74739701,79,미지정,0
284524,1117000000000003253,용문동 38-9도,도,국유지,3436.8422384032165,126.95723702823014,37.53660210739259,167.79085194,209.51280135,553.24374679,79,미지정,0
284525,1117000000000003254,용문동 38-35도,도,국유지,434.0172903193161,126.9574058913072,37.53698247542688,174.89040559,207.75620356,509.01915982,79,미지정,0
284526,1117000000000003255,용문동 38-236도,도,국유지,1408.9292962367763,126.95728861414688,37.5382870414594,74.46415525,230.21023536,369.98660967,79,미지정,0
284527,1117000000000003256,용문동 93 도,도,국유지,229.46088534779847,126.95862191883266,37.53656017293661,46.91963577,278.2508437,548.34507799,79,미지정,0
284528,1117000000000003257,용문동 94 도,도,국유지,1105.5405071942369,126.959585736674,37.53641222970359,41.06822889,262.15158624,540.46807406,79,미지정,0
284529,1117000000000003258,용문동 16도,도,국유지,30.271722291770857,126.96195143173469,37.536443016634266,211.97457701,221.47346051,266.13726464,79,미지정,0
284530,1117000000000003259,용문동 1-83 도,도,국유지,52.18996978015639,126.96213605262666,37.53752985436832,155.12343848,105.23130668,313.09264501,79,미지정,0
284531,1117000000000003260,용문동 1-87도,도,국유지,500.31476222357014,126.96200704529993,37.53751964966488,166.55335308,112.74786377,321.04096636,79,미지정,0
284532,1117000000000003261,용문동 2-42 도,도,국유지,59.76257535838522,126.96358996389003,37.5377038418821,30.60988699,90.46857486,249.54036144,79,미지정,0
284533,1117000000000003262,용문동 2-43 도,도,국유지,62.141393537283875,126.96358127858457,37.537601379373854,27.60455157,100.94138631,239.66769861,79,미지정,0
284534,1117000000000003263,문배동 8-1 도,도,국유지,129.79942587035475,126.97082705562066,37.538199428452664,262.80959157,99.569847,61.04802442,132,미지정,1
284535,1117000000000003264,문배동 6-14 도,도,국유지,50.44806394446641,126.96993460000645,37.53870958895586,188.15961982,42.1571217,38.81322248,132,미지정,1
284536,1117000000000003265,문배동 1-6 도,도,국유지,64.19959434191696,126.97071633333334,37.53959866666666,125.06205216,70.66580919,115.69400044,132,미지정,1
284537,1117000000000003266,문배동 40-11도,도,국유지,243.17408273229375,126.96757455029143,37.53796263445674,163.94578699,144.7760118,255.28191189,132,미지정,1
284538,1117000000000003267,문배동 11-20도,도,국유지,151.5186953805387,126.96978835850625,37.53727054734083,123.3378683,72.24991883,155.46172229,132,미지정,1
284539,1117000000000003268,문배동 1-2 도,도,국유지,1639.8682841566042,126.9708656927981,37.539532766378265,139.62737255,71.24581825,113.31778959,132,미지정,1
284540,1117000000000003269,문배동 1-4 도,도,국유지,834.7503221496008,126.97088888827656,37.54025933960819,104.72588677,104.53935689,190.4512931,132,미지정,1
284541,1117000000000003270,문배동 2-13 도,도,국유지,92.97974030964542,126.97050554348209,37.53910741192812,159.11478971,14.76906754,58.19810069,132,미지정,1
284542,1117000000000003271,문배동 10-18 도,도,국유지,152.28789334278554,126.97053041169082,37.5376600984219,226.40354761,105.95945466,105.27291127,132,미지정,1
284543,1117000000000003272,문배동 11-27 도,도,국유지,487.8863016040996,126.96993815547962,37.53759523858926,154.69357282,87.79274497,117.08812253,132,미지정,1
284544,1117000000000003273,문배동 40-76 도,도,국유지,26.150960220955312,126.96985920467617,37.538697851962986,188.89356782,38.45585185,44.83657634,132,미지정,1
284545,1117000000000003274,문배동 2-2 도,도,국유지,489.176634861622,126.97078469747677,37.53900415834837,181.04340045,36.05113921,59.20986801,132,미지정,1
284546,1117000000000003275,문배동 1-5 도,도,국유지,1059.5594033953967,126.97082163484541,37.53992683669382,110.69007089,107.82749539,153.27163165,132,미지정,1
284547,1117000000000003276,문배동 10-1 도,도,국유지,2925.916592685622,126.97073475320349,37.53737908036201,190.4804455,117.56522289,139.4513654,132,미지정,1
284548,1117000000000003277,문배동 34-10도,도,국유지,3146.9608437577263,126.97019657537898,37.53684278076827,143.83785113,42.3845165,195.25580755,132,미지정,1
284549,1117000000000003278,문배동 11-33 도,도,국유지,112.33003595843911,126.96919004843615,37.537646546303975,116.30567945,50.78465844,147.20012335,132,미지정,1
284550,1117000000000003279,문배동 40-77 도,도,국유지,50.81590925541241,126.96946686355885,37.53873217926198,185.973805,46.45701639,79.52544426,132,미지정,1
284551,1117000000000003280,문배동 15-23 도,도,국유지,37.667369989678264,126.96823209192709,37.53765937343749,108.66486145,98.98747614,214.25923833,132,미지정,1
284552,1117000000000003281,문배동 15-11 도,도,국유지,69.74830233771354,126.9683083330286,37.537726856315786,114.28874237,89.46726277,204.75600082,132,미지정,1
284553,1117000000000003282,문배동 14-5 도,도,국유지,45.7747300171759,126.96830165159469,37.53760610211079,101.35593279,96.95228355,211.9176779,132,미지정,1
284554,1117000000000003283,문배동 40-30도,도,국유지,516.5541980578564,126.9685064817842,37.5382046124926,164.9454077,62.56321027,168.73161111,132,미지정,1
284555,1117000000000003284,문배동 11-16 도,도,국유지,129.21222383435816,126.96911380169544,37.53742135279307,91.23062509,76.17450886,170.28735332,132,미지정,1
284556,1117000000000003285,문배동 11-40 도,도,국유지,76.19361965171993,126.96881189531166,37.537432075614205,81.77781401,82.19675945,187.70767275,132,미지정,1
284557,1117000000000003286,문배동 18-5도,도,국유지,3644.570245728013,126.96763194944586,37.53762025696627,130.24459328,148.86932519,263.64116769,132,미지정,1
284559,1117000000000003288,문배동 40-89 도,도,국유지,39.49171709571965,126.96840579582712,37.53795890809736,138.38398326,72.2742037,185.94059456,132,미지정,1
284560,1117000000000003289,문배동 40-83 도,도,국유지,89.78333303402178,126.96835000704687,37.537963014894935,139.45904657,76.99480277,190.33877324,132,미지정,1
284561,1117000000000003290,문배동 15-25 도,도,국유지,13.723031451925635,126.96840532761495,37.53788728043841,130.48924806,74.48916121,189.15257916,132,미지정,1
284562,1117000000000003291,문배동 8-3 도,도,국유지,248.23004830966238,126.9707395077254,37.53821533487446,258.36426372,95.07790496,54.60997628,132,미지정,1
284563,1117000000000003292,문배동 9-2 도,도,국유지,316.15425450576004,126.97076531952655,37.538013875314796,255.22668543,117.02425427,74.44606899,132,미지정,1
284564,1117000000000003293,문배동 7-39 도,도,국유지,80.7636845940724,126.97016222244488,37.538092092285574,207.00068385,49.23516608,58.54175245,132,미지정,1
284565,1117000000000003294,문배동 7-25 도,도,국유지,177.68282578582875,126.97018982387473,37.538175348432155,215.49884456,46.23424589,48.99004862,132,미지정,1
284566,1117000000000003295,문배동 7-37 도,도,국유지,40.830509232357144,126.97008575299297,37.53826370714715,217.17886119,33.83654172,43.85022422,132,미지정,1
284567,1117000000000003296,문배동 15-26 도,도,국유지,22.70827460696455,126.96838602836574,37.5378538888409,127.02369079,77.35672939,192.26634831,132,미지정,1
284568,1117000000000003297,문배동 15-20 도,도,국유지,56.34396179486066,126.96833865018571,37.53785574979689,127.84985206,81.20873291,195.96931306,132,미지정,1
284569,1117000000000003298,문배동 15-19 도,도,국유지,15.807519336696714,126.96830239590444,37.53780185406971,122.54643863,86.37178145,201.43197663,132,미지정,1
284570,1117000000000003299,문배동 15-27 도,도,국유지,19.961703330511227,126.9683814070434,37.537785265192454,119.53698497,80.771758,196.02041144,132,미지정,1
284571,1117000000000003300,문배동 15-22 도,도,국유지,26.401438165456057,126.96827846256737,37.537738385039326,116.11107613,91.23250269,206.49290016,132,미지정,1
284572,1117000000000003301,문배동 9-8 도,도,국유지,20.22648069402203,126.9703840727449,37.5381026871969,221.56101023,65.1901886,55.02501838,132,미지정,1
284573,1117000000000003302,문배동 5-5 도,도,국유지,28.6476109304931,126.97032084694402,37.53813654168807,220.23362726,58.51343376,51.2564284,132,미지정,1
284574,1117000000000003303,문배동 7-28 도,도,국유지,113.17816147609847,126.97012088322643,37.537990933726235,196.32585805,54.49226004,70.34528665,132,미지정,1
284575,1117000000000003304,문배동 11-37 도,도,국유지,171.71957051072968,126.9700609379451,37.53784294546633,180.99686294,65.3621371,87.60096076,132,미지정,1
284576,1117000000000003305,문배동 7-22 도,도,국유지,29.682422040845267,126.97002099999999,37.538273333333336,214.5693449,28.10963774,46.31985272,132,미지정,1
284577,1117000000000003306,문배동 12-1도,도,국유지,4466.281757456018,126.96894829257417,37.53722201024608,64.73275173,100.44511686,196.66436355,132,미지정,1
284578,1117000000000003307,문배동 24-36 도,도,국유지,439.5566103621386,126.96901460123479,37.53680892784348,39.97217392,73.13897846,231.00066588,132,미지정,1
284579,1117000000000003308,문배동 7-31 도,도,국유지,578.7709621385438,126.96974322922082,37.53855168870491,204.70753019,20.44398501,53.9310752,132,미지정,1
284580,1117000000000003309,문배동 3-2 도,도,국유지,281.50061873643426,126.97078161975861,37.53876768658095,203.77150707,45.52963534,42.49905922,132,미지정,1
284581,1117000000000003310,문배동 2-11도,도,국유지,49.16774948150851,126.97052400229428,37.539136383674155,156.9660294,18.13950601,61.7126347,132,미지정,1
284582,1117000000000003311,문배동 7-23 도,도,국유지,51.370401807595044,126.96999553179299,37.53832098485138,231.61661205,24.38609871,43.91909091,132,미지정,1
284583,1117000000000003312,문배동 7-34 도,도,국유지,13.75730606354773,126.96993986559715,37.53834470326798,228.52166559,19.0775169,45.90378036,132,미지정,1
284584,1117000000000003313,문배동 11-25 도,도,국유지,152.01792419340927,126.96973892455773,37.53781519984944,159.19692123,61.36467977,102.30825112,132,미지정,1
284585,1117000000000003314,문배동 11-41 도,도,국유지,102.04003609495703,126.96945640536731,37.53791516109909,153.81166662,30.67340328,109.48259804,132,미지정,1
284586,1117000000000003315,문배동 11-35 도,도,국유지,168.42853821720928,126.96938022580395,37.537874300991035,146.53709943,29.92110435,117.48940305,132,미지정,1
284587,1117000000000003316,문배동 18-4도,도,국유지,330.279138404876,126.96713403526826,37.537891444974086,140.37292446,184.37188197,320.93373308,132,미지정,1
284588,1117000000000003317,문배동 4-2 도,도,국유지,307.28441673656926,126.97077996331113,37.53859077066274,221.30960411,59.63653178,37.94616122,132,미지정,1
284589,1117000000000003318,문배동 2-4도,도,국유지,89.93406307313126,126.97064220134155,37.539013439857484,173.89672076,23.42226378,52.84218979,132,미지정,1
284590,1117000000000003319,문배동 44 도,도,국유지,1126.5398666110123,126.97046380764199,37.53925590783431,142.73788284,27.06080519,73.72829122,132,미지정,1
284591,1117000000000003320,문배동 3-9 도,도,국유지,123.62321700947359,126.97010146529928,37.538864953542806,173.29954484,29.97561488,36.94184017,132,미지정,1
284592,1117000000000003321,문배동 40-40 도,도,국유지,111.58783927746117,126.97000551060712,37.538826801116386,176.02403535,39.36527905,39.71139637,132,미지정,1
284593,1117000000000003322,문배동 24-35 도,도,국유지,87.95042477012612,126.96992300068781,37.53674939067961,119.05280016,17.65214452,208.59876545,132,미지정,1
284594,1117000000000003323,문배동 5-2 도,도,국유지,283.3607775797718,126.97077492576375,37.538409588674455,239.4926987,76.51331613,42.91685079,132,미지정,1
284595,1117000000000003324,문배동 34-11도,도,국유지,439.9017770852661,126.97053466513174,37.53632161487716,112.7073949,72.30236094,194.74052799,132,미지정,1
284596,1117000000000003325,문배동 36-5도,도,국유지,107.61927197792102,126.97026759326101,37.535959868349906,122.77677062,83.77908699,205.41011418,132,미지정,1
284597,1117000000000003326,문배동 19-11 도,도,국유지,1854.6829997652676,126.96805399471016,37.536792236386916,46.88041172,177.50737424,285.23505734,132,미지정,1
284598,1117000000000003327,문배동 12-2 도,도,국유지,25.896360990591347,126.96853503333332,37.537514015151515,88.25756298,88.16438115,200.54447804,132,미지정,1
284599,1117000000000003328,문배동 23-3 도,도,국유지,1578.2337726487895,126.96879603209887,37.53584238069622,99.26424018,124.22762372,335.26250425,132,미지정,1
284600,1117000000000003329,문배동 24-39 도,도,국유지,334.31331236148253,126.96871929356043,37.53631172793247,46.98440362,102.05683899,291.8280093,132,미지정,1
284601,1117000000000003330,문배동 30-2도,도,국유지,22.512703705579042,126.96937775250544,37.535619771241834,141.11271131,117.2990314,341.52202345,132,미지정,1
284602,1117000000000003331,문배동 29-9도,도,국유지,24.518742586951703,126.96940505014337,37.535685746349266,136.11188498,109.58989971,333.8283947,132,미지정,1
284603,1117000000000003332,문배동 31-2도,도,국유지,773.2117979432805,126.9697228477463,37.53613558831229,120.27092174,54.25192019,278.84682522,132,미지정,1
284604,1117000000000003333,문배동 32-2도,도,국유지,266.2909234839026,126.96981932196907,37.536194714475165,124.33050499,47.18568954,270.81080119,132,미지정,1
284605,1117000000000003334,문배동 33-2도,도,국유지,100.11421327153221,126.97004586160102,37.536586967666075,130.69580942,21.39624197,224.79256701,132,미지정,1
284606,1117000000000003335,문배동 30-3 도,도,국유지,34.93169847084209,126.96897752723953,37.53527773673125,163.89642923,166.02301744,317.99148757,132,미지정,1
284607,1117000000000003336,문배동 29-6 도,도,국유지,120.62754890229553,126.96895684120788,37.53533306829579,157.50590507,161.3798529,382.70905471,132,미지정,1
284608,1117000000000003337,문배동 34-12도,도,국유지,28.221514564822428,126.97044515896187,37.53655959842429,133.92443767,56.76934972,226.36384502,132,미지정,1
284609,1117000000000003338,문배동 29-2도,도,국유지,496.81623842567205,126.96918926147906,37.53551561593595,144.17479916,134.16832725,357.14857767,132,미지정,1
284610,1117000000000003339,문배동 30-47도,도,국유지,25.485304860863835,126.96887943341028,37.53477429304593,217.54794379,220.63041498,337.57411093,132,미지정,1
284611,1117000000000003340,문배동 14-3 도,도,국유지,52.91575021110475,126.96833825260295,37.537702585133005,111.12363279,88.46456702,203.72877942,132,미지정,1
284700,1117000000000003429,한강로1가 11-13도,도,국유지,2631.7998497502413,126.97406749517793,37.537266705132666,267.28145558,37.9774216,227.25162685,308,미지정,1
284701,1117000000000003430,한강로1가 3도,도,국유지,54.82854959368706,126.97436743387897,37.5376077237976,311.51610228,76.9831029,273.45284824,308,미지정,1
284702,1117000000000003431,한강로1가 11-14 도,도,국유지,261.2935714065097,126.97428319630848,37.53744493893947,294.42996239,61.78485224,254.4982541,308,미지정,1
284703,1117000000000003432,한강로1가 11-7도,도,국유지,314.8624926239718,126.97444425093067,37.5372889262219,295.96599704,71.34617426,250.18340375,308,미지정,1
284704,1117000000000003433,한강로1가 10-15도,도,국유지,39.56578921806067,126.974861994587,37.537026562662696,314.00422386,108.5975945,257.54952125,308,미지정,1
284705,1117000000000003434,한강로1가 10-4도,도,국유지,164.45234407356475,126.9746386560791,37.53724066818769,307.6949119,88.19150663,258.21504468,308,미지정,1
284706,1117000000000003435,한강로1가 31-3도,도,국유지,55.45679017947987,126.97392401217536,37.537072392264385,244.39864717,30.2082065,202.37205388,308,미지정,1
284707,1117000000000003436,한강로1가 11-19 도,도,국유지,350.1274013360962,126.97435570203724,37.537149097277286,281.03441809,63.72577103,233.45734516,308,미지정,1
284708,1117000000000003437,한강로1가 1-12도,도,국유지,1272.8334839036688,126.9733165591527,37.5400022569081,321.16170795,259.20007563,304.96948051,308,미지정,1
284709,1117000000000003438,한강로1가 1-11도,도,국유지,1365.0995522057638,126.97350876326334,37.53924439889918,413.78921184,224.43305871,288.18796357,308,미지정,1
284710,1117000000000003439,한강로1가 1-10도,도,국유지,1640.9286840611603,126.97374663561305,37.53833898929677,335.23854587,123.99115645,320.44020706,308,미지정,1
284711,1117000000000003440,한강로1가 1-2도,도,국유지,3007.406375239836,126.97342970709504,37.538997155762225,385.85997287,197.57209387,275.70865193,308,미지정,1
284712,1117000000000003441,한강로1가 50-9 도,도,국유지,431.1949299108237,126.97268406472075,37.536255935392994,103.50739216,90.26108476,72.2781645,308,미지정,1
284713,1117000000000003442,한강로1가 40 도,도,국유지,84.98382355994545,126.9740615350224,37.53609887341528,215.6453831,34.0374426,143.99998467,308,미지정,1
284714,1117000000000003443,한강로1가 34-1 도,도,국유지,103.51286362484097,126.97399337810945,37.536793217247094,233.68744349,45.3561173,182.77306031,308,미지정,1
284715,1117000000000003444,한강로1가 12도,도,국유지,297.76122537546325,126.97458874266736,37.53698046139571,290.02404171,87.7772096,235.51829118,308,미지정,1
284716,1117000000000003445,한강로1가 14-17도,도,국유지,303.01086602179566,126.97462265498008,37.53656232841805,275.538774,64.09234162,211.25663041,308,미지정,1
284717,1117000000000003446,한강로1가 16-1도,도,국유지,51.97516752965748,126.97461097338872,37.53610998200749,263.95257801,33.90028945,190.25864972,308,미지정,1
284718,1117000000000003447,한강로1가 36-1 도,도,국유지,105.7791407648474,126.97405283504122,37.53656615553083,228.10185637,22.53880781,169.73288057,308,미지정,1
284719,1117000000000003448,한강로1가 14-37 도,도,국유지,47.173035389743745,126.97444574381369,37.5367861411936,269.49613127,63.42609669,212.12264423,308,미지정,1
284720,1117000000000003449,한강로1가 97도,도,국유지,10577.382377496397,126.97397672822692,37.535647411963936,206.9088153,59.62713213,126.10245802,308,미지정,1
284721,1117000000000003450,한강로1가 120-1 도,도,국유지,127.93599849427119,126.97420982078414,37.535122594668515,239.57786408,10.04112189,156.4400754,308,미지정,1
284722,1117000000000003451,한강로1가 104-2 도,도,국유지,589.1858769324608,126.9745634885772,37.53505980718142,271.42817136,11.89547121,188.21913419,308,미지정,1
284723,1117000000000003452,한강로1가 116-1도,도,국유지,16.244597075041384,126.97453519806763,37.53512186956521,266.96293655,10.82557756,183.69520055,308,미지정,1
284724,1117000000000003453,한강로1가 271-1 도,도,국유지,226.57620980218053,126.97324754360864,37.534980796089044,169.66790431,25.59663352,93.40568617,308,미지정,1
284725,1117000000000003454,한강로1가 273-4도,도,국유지,246.54668101435527,126.97339712312913,37.535417827169574,161.18121283,11.41186872,77.90501437,308,미지정,1
284726,1117000000000003455,한강로1가 268-2 도,도,국유지,180.5248414091766,126.97342497740408,37.53515994250939,173.6275241,17.52800678,92.22626031,308,미지정,1
284727,1117000000000003456,한강로1가 263 도,도,국유지,300.29840041766874,126.97361021471815,37.535376557753246,180.54663134,20.71977629,97.27288604,308,미지정,1
284728,1117000000000003457,한강로1가 94-2 도,도,국유지,53.53006223915145,126.9735884542789,37.5359575385743,172.30223938,21.81349578,99.36158054,308,미지정,1
284729,1117000000000003458,한강로1가 98 도,도,국유지,524.3383873517159,126.97396147186134,37.53597239009089,205.29365461,29.75513618,130.90680098,308,미지정,1
284730,1117000000000003459,한강로1가 133-1 도,도,국유지,271.99891027540434,126.97400312352737,37.53510830116969,222.93963232,13.16375307,140.08738838,308,미지정,1
284731,1117000000000003460,한강로1가 43-2도,도,국유지,22.10061729233712,126.9739906967007,37.536076297973075,209.09898781,27.02550828,137.25636248,308,미지정,1
284732,1117000000000003461,한강로1가 121-3 도,도,국유지,75.05772319989046,126.97413660116753,37.5350720590516,235.39632173,1.99519696,152.51202819,308,미지정,1
284733,1117000000000003462,한강로1가 120-3 도,도,국유지,35.53016974742059,126.97424100207068,37.535058825050626,244.55251038,9.33061501,161.58791244,308,미지정,1
284734,1117000000000003463,한강로1가 102도,도,국유지,207.81526280427352,126.97479239265202,37.53506604518921,290.51427898,32.05464784,207.24320614,308,미지정,1
284735,1117000000000003464,한강로1가 25 도,도,국유지,95.52989513147622,126.97478784790607,37.53537087967003,282.18482382,18.85992093,199.56017606,308,미지정,1
284736,1117000000000003465,한강로1가 278-2 도,도,국유지,349.00059653259814,126.97301162134309,37.534732832679836,145.36964529,13.64434422,105.890264,308,미지정,1
284737,1117000000000003466,한강로1가 135-7 도,도,국유지,110.4948630562867,126.973962221295,37.535001168383054,224.14087945,16.41144267,142.07039301,308,미지정,1
284738,1117000000000003467,한강로1가 228-1 도,도,국유지,7283.852693141438,126.973221481084,37.534652749493944,158.06100944,17.68073746,122.00315195,308,미지정,1
284739,1117000000000003468,한강로1가 285-1도,도,국유지,230.53655553236604,126.972391577096,37.5342554569451,74.14570467,31.69939916,151.37333499,308,미지정,1
284740,1117000000000003469,한강로1가 285-2도,도,국유지,172.13503160700202,126.97244807118771,37.534155118820344,77.15813517,38.31643865,162.10918494,308,미지정,1
284741,1117000000000003470,한강로1가 281-2 도,도,국유지,628.6257611731999,126.9726711360304,37.53438838252513,102.07151116,9.53335486,136.38303817,308,미지정,1
284742,1117000000000003471,한강로1가 240-7도,도,국유지,1268.7638662597165,126.9726817553645,37.53405935531451,97.52448272,35.62835157,172.87336731,308,미지정,1
284743,1117000000000003472,한강로1가 193도,도,국유지,14.15053541958332,126.9742063948007,37.533589912998266,238.7500229,132.61724281,268.0606658,308,미지정,1
284744,1117000000000003473,한강로1가 194-5도,도,국유지,28.565905502298847,126.97433380769228,37.53369088553113,247.47045753,130.00176467,265.27582955,308,미지정,1
284745,1117000000000003474,한강로1가 193-1도,도,국유지,419.23815371003,126.97482986143935,37.533673254615444,251.35224592,98.32470408,294.87729699,308,미지정,1
284746,1117000000000003475,한강로1가 161-4 도,도,국유지,24.038694139337167,126.97478711582669,37.53377416017139,255.8128845,91.67022864,284.15989703,308,미지정,1
284747,1117000000000003476,한강로1가 165도,도,국유지,10.712228134507313,126.97545191620878,37.53360095192307,196.18125467,89.35085931,340.06991191,308,미지정,1
284748,1117000000000003477,한강로1가 32-15 도,도,국유지,21.923630786128342,126.973643,37.53749333333333,255.88609983,29.78223494,229.90096025,308,미지정,1
284749,1117000000000003478,한강로1가 30-9 도,도,국유지,137.99708406813443,126.97359046624727,37.53709691687991,222.46777848,14.900748,188.5619019,308,미지정,1
284750,1117000000000003479,한강로1가 32-19 도,도,국유지,48.77652391139418,126.9735421804927,37.53729281598793,233.7950596,11.52958758,205.96540529,308,미지정,1
284751,1117000000000003480,한강로1가 32-17 도,도,국유지,36.490383929573,126.97351966523297,37.5373873297491,239.84908495,20.96656664,214.70295671,308,미지정,1
284752,1117000000000003481,한강로1가 32-16 도,도,국유지,52.04779820237309,126.97350709636889,37.537470838296265,245.89306252,29.7410612,222.80874443,308,미지정,1
284753,1117000000000003482,한강로1가 60-4 도,도,국유지,262.9678839459084,126.97296493160006,37.536911516120796,167.79898113,69.1437273,148.65166067,308,미지정,1
284754,1117000000000003483,한강로1가 26-5 도,도,국유지,332.40984726231545,126.97285519115205,37.53683385467109,154.8643548,81.9029643,138.10033562,308,미지정,1
284755,1117000000000003484,한강로1가 224-2도,도,국유지,60.095930892042816,126.97288847562304,37.53176081986615,283.18048652,186.02018263,428.63490671,308,미지정,1
284756,1117000000000003485,한강로1가 221-1도,도,국유지,60.80236321128905,126.97318087124881,37.53162629649349,307.86664399,210.35152292,446.01631944,308,미지정,1
284757,1117000000000003486,한강로1가 216-4도,도,국유지,579.772840327525,126.97389798154008,37.53257956556009,264.75114586,198.17481591,357.16139669,308,미지정,1
284758,1117000000000003487,한강로1가 215-1도,도,국유지,22.282976980437525,126.97372434529315,37.53317415422996,215.11528176,131.90446077,289.92647964,308,미지정,1
284759,1117000000000003488,한강로1가 138도,도,국유지,7819.430574724218,126.97368489674925,37.5332031875573,210.52350786,127.43618835,285.67762677,308,미지정,1
284760,1117000000000003489,한강로1가 215-2도,도,국유지,28.99282187409699,126.97373761574465,37.53315405436193,217.2072763,134.42485061,292.42945988,308,미지정,1
284761,1117000000000003490,한강로1가 187-5도,도,국유지,119.47851227270439,126.9744174829837,37.5330455275805,276.34308713,176.66493839,329.32541213,308,미지정,1
284762,1117000000000003491,한강로1가 80-8 도,도,국유지,60.479578140191734,126.97197587981509,37.53643702911362,74.02771377,162.47653583,104.57366581,308,미지정,1
284763,1117000000000003492,한강로1가 80-15 도,도,국유지,28.383404635824263,126.97205007326767,37.536449781925,78.10178503,158.32601718,102.82625231,308,미지정,1
284764,1117000000000003493,한강로1가 77-3도,도,국유지,1663.6953760921024,126.97170418338467,37.536375994087166,61.49180229,178.15423664,112.95705807,308,미지정,1
284765,1117000000000003494,한강로1가 306-2 도,도,국유지,139.60734543058788,126.9714256912474,37.53622395932874,48.49262768,149.63076651,120.31769663,308,미지정,1
284766,1117000000000003495,한강로1가 80-13 도,도,국유지,39.77695416752249,126.9719258327168,37.53648831812576,77.77573152,169.49501512,111.70345336,308,미지정,1
284767,1117000000000003496,한강로1가 80-14 도,도,국유지,19.383310113102198,126.97199461403511,37.536467105263156,77.74834794,163.30965954,106.73134091,308,미지정,1
284768,1117000000000003497,한강로1가 50-6도,도,국유지,1216.9886100199074,126.97226412629955,37.53620018543326,68.75350629,126.24588729,69.87050645,308,미지정,1
284769,1117000000000003498,한강로1가 306-1 도,도,국유지,77.10166038293391,126.97160165250214,37.536266003350285,49.22796291,163.37694408,110.81481319,308,미지정,1
284770,1117000000000003499,한강로1가 30-1도,도,국유지,192.62449919432402,126.9738782201287,37.53724177246185,252.35057168,21.04835501,215.4757094,308,미지정,1
284771,1117000000000003500,한강로1가 77-7 도,도,국유지,469.18462951120455,126.97156993525745,37.5367297211542,100.76294758,156.26294671,151.20171408,308,미지정,1
284772,1117000000000003501,한강로1가 1-8도,도,국유지,302.40281227696687,126.97390023356095,37.53776231546026,293.21214891,63.88517592,266.66503549,308,미지정,1
284773,1117000000000003502,한강로1가 2-2도,도,국유지,37.01013338100165,126.97376922926053,37.53768702182171,279.22808718,52.51618261,254.09801181,308,미지정,1
284774,1117000000000003503,한강로1가 24-7 도,도,국유지,49.802943002665415,126.97505098276542,37.53523195384414,295.20140756,41.23102865,225.01242499,308,미지정,1
284775,1117000000000003504,한강로1가 26-9 도,도,국유지,135.4811541615054,126.97391197685504,37.53695859314097,236.56452543,38.05040999,191.74603669,308,미지정,1
284776,1117000000000003505,한강로1가 42 도,도,국유지,5655.403883078834,126.97420915991131,37.53644683715272,236.83847202,25.40743764,173.33154754,308,미지정,1
284777,1117000000000003506,한강로1가 26-1도,도,국유지,3101.9803873539786,126.9729738948638,37.537201821547896,192.76617238,59.01587621,180.21684426,308,미지정,1
284778,1117000000000003507,한강로1가 17-3 도,도,국유지,1140.0640499901492,126.97482454507747,37.535472886842975,283.60117721,8.07514934,201.58375696,308,미지정,1
284779,1117000000000003508,한강로1가 94-3 도,도,국유지,261.8085549864918,126.9736654212081,37.536017848898126,179.75874294,13.26719461,108.27307609,308,미지정,1
284780,1117000000000003509,한강로1가 80-11 도,도,국유지,138.63652169238776,126.97349862856434,37.53602395905563,165.22240681,21.22732389,95.37649757,308,미지정,1
284781,1117000000000003510,한강로1가 27-2 도,도,국유지,435.38897242804524,126.97377244021509,37.53725231590648,245.86434739,12.00597388,211.53606571,308,미지정,1
284782,1117000000000003511,한강로1가 50-4 도,도,국유지,1129.3839876535349,126.97278334432352,37.536135691869404,106.29564206,87.8217332,61.50548333,308,미지정,1
284783,1117000000000003512,한강로1가 77-5 도,도,국유지,211.11915698926896,126.97220879898559,37.53736927702018,178.58219123,127.58883267,197.20392745,308,미지정,1
284784,1117000000000003513,한강로1가 79-5 도,도,국유지,57.28153231710894,126.97147312150017,37.53681262014443,110.79907084,148.77688276,163.65490968,308,미지정,1
284785,1117000000000003514,한강로1가 293-1도,도,국유지,919.3811160231126,126.97216161083132,37.53415766764297,52.04796873,53.92896095,165.19018152,308,미지정,1
284786,1117000000000003515,한강로1가 294-1 도,도,국유지,356.6070424951613,126.97218634384157,37.533886554097606,58.21191652,55.25733248,194.34821087,308,미지정,1
284787,1117000000000003516,한강로1가 299-1도,도,국유지,15.729895257099997,126.97185472830266,37.53370605217752,49.03600837,21.57702117,220.4500331,308,미지정,1
284788,1117000000000003517,한강로1가 300-2도,도,국유지,29.919673390686512,126.97180706251366,37.53364316153006,53.47599488,13.48260515,228.33798887,308,미지정,1
284789,1117000000000003518,한강로1가 293-4도,도,국유지,354.3032641876489,126.97171383400014,37.53360693859395,54.86172889,8.99463256,234.65635841,308,미지정,1
284790,1117000000000003519,한강로1가 303-1도,도,국유지,391.5126926153898,126.97167062544946,37.5333553050158,81.88139686,20.67624781,262.41596557,308,미지정,1
284791,1117000000000003520,한강로1가 296-1 도,도,국유지,4387.118372526253,126.97204129973096,37.53352727323434,74.58250043,24.15106271,235.87394532,308,미지정,1
284792,1117000000000003521,한강로2가 24-3 도,도,국유지,27.070445090532303,126.97232181802262,37.53207621157214,232.88964185,138.85184087,393.1091723,310,미지정,1
284793,1117000000000003522,한강로2가 420-4 도,도,국유지,27.656189357861876,126.96507533333332,37.526600333333334,290.5906743,240.87881825,152.52982336,310,미지정,1
284794,1117000000000003523,한강로2가 420-3 도,도,국유지,466.4652639357373,126.96558636137635,37.52708981349991,288.32300827,211.00945195,211.27263803,310,미지정,1
284795,1117000000000003524,한강로2가 424-3 도,도,국유지,563.7283886249643,126.96922210670544,37.529585082255124,100.51685718,47.57300644,604.83831847,310,미지정,1
284796,1117000000000003525,한강로2가 313-4도,도,국유지,263.2024472884368,126.96855935264668,37.53009721140287,119.67619618,9.3993618,647.56821113,310,미지정,1
284797,1117000000000003526,한강로2가 100-2도,도,국유지,44.875921121332794,126.97101299606511,37.53150155547055,291.54744415,222.98414904,476.17398296,310,미지정,1
284798,1117000000000003527,한강로2가 422-3 도,도,국유지,619.7059801444411,126.96731833101681,37.528901317597516,72.01421078,32.27361871,452.60290373,310,미지정,1
284799,1117000000000003528,한강로2가 2-394 도,도,국유지,85.4653479740955,126.96785232598718,37.53059452911694,123.06580725,81.18390524,624.79778087,310,미지정,1
284800,1117000000000003529,한강로2가 422-1 도,도,국유지,3340.684564490395,126.96761587026357,37.529900450623025,43.79912847,33.59106327,564.4631763,310,미지정,1
284801,1117000000000003530,한강로2가 310-8 도,도,국유지,978.7905218906817,126.96912979155049,37.5309652713282,244.65201854,111.34274581,597.96211308,310,미지정,1
284802,1117000000000003531,한강로2가 156-8도,도,국유지,44.27344986656681,126.9699816857597,37.52991292418199,169.81124134,42.98326225,660.40724592,310,미지정,1
284803,1117000000000003532,한강로2가 72도,도,국유지,175.72429068014026,126.97166669982786,37.53033557800418,325.14864527,193.99336151,590.96431849,310,미지정,1
284804,1117000000000003533,한강로2가 153-6도,도,국유지,46.64277532149572,126.97008104231078,37.52972219935501,161.60496727,59.62912659,643.86176527,310,미지정,1
284805,1117000000000003534,한강로2가 181-2도,도,국유지,711.9624472854193,126.96829778110236,37.529826541207626,85.62874005,29.27361915,614.40287481,310,미지정,1
284806,1117000000000003535,한강로2가 55-1 도,도,국유지,501.22241427376866,126.97201509594268,37.53113882426817,329.74252596,241.61107067,498.87750317,310,미지정,1
284807,1117000000000003536,한강로2가 242-4도,도,국유지,1232.2751683226088,126.96950099683679,37.53082537000416,237.30047814,90.60982145,595.86671146,310,미지정,1
284808,1117000000000003537,한강로2가 310-7 도,도,국유지,245.76836651627673,126.96895854778963,37.53051144710774,192.59784707,73.17116859,649.18987059,310,미지정,1
284809,1117000000000003538,한강로2가 312-3도,도,국유지,500.27852196991444,126.96876024069863,37.53030772094544,168.522941,38.28553429,673.66659943,310,미지정,1
284810,1117000000000003539,한강로2가 154-1도,도,국유지,12.086151029448956,126.97030371590908,37.53014480303031,208.06319854,71.70525973,638.61534879,310,미지정,1
284811,1117000000000003540,한강로2가 424-2 도,도,국유지,548.7826165303122,126.96834520389883,37.52932293127992,65.88788168,68.36719919,559.71080902,310,미지정,1
284812,1117000000000003541,한강로2가 242-2도,도,국유지,119.63388438522816,126.96938242736096,37.530950342271424,247.68693585,105.08867375,588.44447468,310,미지정,1
284813,1117000000000003542,한강로2가 282도,도,국유지,44.59666358679533,126.96906724318085,37.530860406291254,232.2910162,102.29812701,610.799872,310,미지정,1
284814,1117000000000003543,한강로2가 239-2도,도,국유지,581.0720859233406,126.96918694489185,37.530746506361986,221.71099731,86.70818873,616.58015486,310,미지정,1
284815,1117000000000003544,한강로2가 281도,도,국유지,43.42933906055987,126.96894492831863,37.53072918899178,189.69004763,86.101912,628.8305874,310,미지정,1
284816,1117000000000003545,한강로2가 310-1 도,도,국유지,957.726915842155,126.97058320780468,37.53238728894225,208.41411616,163.47708999,398.0532276,310,미지정,1
284817,1117000000000003546,한강로2가 310-6 도,도,국유지,147.4445959427394,126.96981080984696,37.53140529545354,307.03050503,157.22577877,526.09754078,310,미지정,1
284818,1117000000000003547,한강로2가 2-398 도,도,국유지,35.72718627075665,126.96693922620352,37.533348938907196,310.16933331,200.76533227,319.67959059,310,미지정,1
284819,1117000000000003548,한강로2가 2-12도,도,국유지,680.2926957309246,126.96906826349567,37.53116021715831,232.22306933,133.61791183,582.25468738,310,미지정,1
284820,1117000000000003549,한강로2가 245-3도,도,국유지,62.96574270160636,126.96963243291526,37.53121345252006,281.86694801,134.11124829,552.27312284,310,미지정,1
284821,1117000000000003550,한강로2가 284도,도,국유지,51.77736120298505,126.96956524232661,37.53138829038777,298.81690834,153.15921213,538.07829693,310,미지정,1
284822,1117000000000003551,한강로2가 244-2도,도,국유지,225.0034072913695,126.96954377001224,37.53113187673672,270.92072408,124.65878091,563.94538866,310,미지정,1
284823,1117000000000003552,한강로2가 283도,도,국유지,143.73696705326438,126.96931713841114,37.531125420738924,265.24219039,125.08214081,574.27865003,310,미지정,1
284824,1117000000000003553,한강로2가 310-5 도,도,국유지,15.401534110307693,126.97058644596603,37.532364824628445,210.55737023,165.24219763,400.17325336,310,미지정,1
284825,1117000000000003554,한강로2가 255-5도,도,국유지,459.83045442728326,126.97047747608482,37.532095727734635,241.74911154,194.93418483,431.28253591,310,미지정,1
284826,1117000000000003555,한강로2가 286도,도,국유지,112.6128355753608,126.96998422062515,37.531827791410784,287.88446526,206.1573493,477.47991245,310,미지정,1
284827,1117000000000003556,한강로2가 254-2도,도,국유지,161.09411709476262,126.97030579458838,37.53192162405991,265.6175713,223.6101102,455.25571274,310,미지정,1
284828,1117000000000003557,한강로2가 253-2도,도,국유지,133.20456872414798,126.97023281794748,37.53183756402892,276.80771593,212.74979357,466.46705495,310,미지정,1
284829,1117000000000003558,한강로2가 287도,도,국유지,112.46489429287612,126.97028853286233,37.53214957270996,243.64786365,200.40848646,433.32750444,310,미지정,1
284830,1117000000000003559,한강로2가 252-2도,도,국유지,79.89240511879325,126.97017369728225,37.53177694867387,285.13405704,204.78575765,474.80919163,310,미지정,1
284831,1117000000000003560,한강로2가 102-1도,도,국유지,5576.497962655965,126.97038910887728,37.53170111180403,285.17636277,203.22237056,474.38946582,310,미지정,1
284832,1117000000000003561,한강로2가 285도,도,국유지,57.1676938701421,126.96977225096526,37.531605625339616,327.09834126,178.70732673,508.10039618,310,미지정,1
284833,1117000000000003562,한강로2가 248-4도,도,국유지,66.78655684739351,126.9698728478261,37.5314615762828,314.74163277,164.36569487,518.03200091,310,미지정,1
284834,1117000000000003563,한강로2가 247 도,도,국유지,82.47295295447111,126.96976035395106,37.53131736255501,296.35125048,146.87935407,536.81472096,310,미지정,1
284835,1117000000000003564,한강로2가 246-4 도,도,국유지,147.40558145241812,126.96968704705175,37.53129145867163,291.58102617,143.18781294,542.36318354,310,미지정,1
284836,1117000000000003565,한강로2가 38-2도,도,국유지,23.86745519330725,126.97167432004382,37.53250583025073,175.96295318,97.3297135,353.49534342,310,미지정,1
284837,1117000000000003566,한강로2가 256-3 도,도,국유지,194.04410693142563,126.9709191987395,37.53257027723431,178.40872438,129.39947258,367.24479843,310,미지정,1
284838,1117000000000003567,한강로2가 421-1 도,도,국유지,37.67683788272552,126.96653452710152,37.52819692262292,168.05870903,53.11763639,353.27831372,310,미지정,1
284839,1117000000000003568,한강로2가 422-4 도,도,국유지,1476.8010226819897,126.96634196320103,37.52844830752411,153.41727596,49.37383626,374.10387057,310,미지정,1
284840,1117000000000003569,한강로2가 181-1도,도,국유지,3371.430428575026,126.96805499456151,37.52926996183659,65.9840348,47.21587119,550.44677685,310,미지정,1
284841,1117000000000003570,한강로2가 412 도,도,국유지,18889.836255517555,126.97097882820415,37.530931567791725,312.8808926,165.30583801,537.88007577,310,미지정,1
284842,1117000000000003571,한강로2가 16-17도,도,국유지,20.336000250652432,126.96554524537706,37.5319859803827,316.19778254,184.51784018,414.4765031,310,미지정,1
284843,1117000000000003572,한강로2가 140-1도,도,국유지,3548.8283868911676,126.96891838607318,37.53016859218117,154.41288542,35.26765351,661.26838101,310,미지정,1
284844,1117000000000003573,한강로2가 292도,도,국유지,27.001442033797503,126.97123224523162,37.53316091280654,107.51585449,61.41001867,296.09210292,310,미지정,1
284845,1117000000000003574,한강로2가 290도,도,국유지,50.85889740008861,126.97102684164336,37.532940040441055,136.58561189,91.50356753,325.84881241,310,미지정,1
284846,1117000000000003575,한강로2가 257-1 도,도,국유지,3282.8356983278645,126.97126447512649,37.53274006995281,152.321711,97.65483982,338.56253907,310,미지정,1
284847,1117000000000003576,한강로2가 310-4 도,도,국유지,49.07879065349698,126.97044687740689,37.53245144899726,207.5159761,166.12057717,397.15652894,310,미지정,1
284848,1117000000000003577,한강로2가 2-7 도,도,국유지,145.36249835416675,126.97025764259683,37.53261705689027,200.85996208,166.31071931,389.44796281,310,미지정,1
284849,1117000000000003578,한강로2가 2-395 도,도,국유지,132.31055442802608,126.97023370125424,37.532584802607346,205.00317286,170.17792145,393.60608373,310,미지정,1
284850,1117000000000003579,한강로2가 2-87도,도,국유지,19.58527417946607,126.97083166942153,37.533037227397955,134.16869732,97.84710833,323.78502144,310,미지정,1
284851,1117000000000003580,한강로2가 249-2도,도,국유지,479.3897674824111,126.97001678406235,37.531615600736686,307.33062994,183.83912826,497.02557512,310,미지정,1
284852,1117000000000003581,한강로2가 289도,도,국유지,38.11119548417628,126.97088011505791,37.53278492329472,157.41190873,112.91878629,346.91742518,310,미지정,1
284853,1117000000000003582,한강로2가 288도,도,국유지,72.69592614471912,126.97069449189212,37.532586871173784,184.1818048,140.22255642,373.83151183,310,미지정,1
284854,1117000000000003583,한강로2가 426-2 도,도,국유지,936.4635097300052,126.97121926866566,37.53544581802579,56.43127727,165.36000613,119.12938486,310,미지정,1
284855,1117000000000003584,한강로2가 426-3 도,도,국유지,467.7897746665403,126.97120143893164,37.53476314104823,81.88120329,145.07526907,152.07031612,310,미지정,1
284856,1117000000000003585,한강로2가 16-9도,도,국유지,903.9216907983646,126.9661875804737,37.5324367966679,337.98040113,293.51566123,379.48538372,310,미지정,1
284857,1117000000000003586,한강로2가 15-52 도,도,국유지,15.891701361630112,126.96668366666668,37.53392166666667,242.72875114,133.42076313,255.77216519,310,미지정,1
284858,1117000000000003587,한강로2가 415도,도,국유지,526.4536867691204,126.96419411513904,37.53436821930609,221.09037363,200.70035429,154.53956415,310,미지정,1
284859,1117000000000003588,한강로2가 424-4 도,도,국유지,916.3082715378259,126.96905220385291,37.52827650503293,21.53595884,99.02763735,461.68806546,310,미지정,1
284860,1117000000000003589,한강로2가 54도,도,국유지,424.7253165736329,126.97248639630443,37.53127362357471,322.64785057,229.09819258,481.69952613,310,미지정,1
284861,1117000000000003590,한강로2가 2-396 도,도,국유지,101.45164627442136,126.96758792626795,37.530303110735076,85.6055689,59.83887437,604.89035709,310,미지정,1
284862,1117000000000003591,한강로2가 416도,도,국유지,259.7101033506915,126.96465938152973,37.53438824508027,197.18530209,162.64223736,143.20023063,310,미지정,1
284863,1117000000000003592,한강로2가 331-6도,도,국유지,22.97111453441903,126.96676486781975,37.52818785671578,160.82552938,40.93092204,360.17134654,310,미지정,1
284864,1117000000000003593,한강로2가 421-2 도,도,국유지,83.92828458547592,126.96652407594,37.52806898418079,181.22652793,63.93843835,339.72050342,310,미지정,1
284865,1117000000000003594,한강로2가 408-2 도,도,국유지,344.98465604148805,126.96659311078253,37.528025957723116,183.11463987,64.15924643,337.62935815,310,미지정,1
284866,1117000000000003595,한강로2가 226-4도,도,국유지,1248.8640181629453,126.96701377809421,37.52814452506622,159.29090143,40.74397179,365.44099245,310,미지정,1
284867,1117000000000003596,한강로2가 352-2도,도,국유지,258.7023294046521,126.96642718242953,37.52785228461636,206.65289672,88.33043737,314.20966792,310,미지정,1
284868,1117000000000003597,한강로2가 424-5 도,도,국유지,383.78602267615497,126.96716988847135,37.52777066852847,198.18388168,83.7328844,336.52648093,310,미지정,1
284869,1117000000000003598,한강로2가 427-5 도,도,국유지,195.58040213794447,126.9672779358029,37.52766204358948,175.95470792,97.65442178,331.92350167,310,미지정,1
284870,1117000000000003599,한강로2가 352-4도,도,국유지,1583.7162941140123,126.96664312408188,37.52780376828179,204.59724893,84.20762887,316.95866641,310,미지정,1
284871,1117000000000003600,한강로2가 430-1 도,도,국유지,239.1032746322453,126.96661820877785,37.52725526752012,249.04811906,143.15580185,262.18562605,310,미지정,1
284872,1117000000000003601,한강로2가 409-2 도,도,국유지,1317.797225520946,126.96525663278639,37.52816244280085,243.5993207,88.47720079,326.18592676,310,미지정,1
284873,1117000000000003602,한강로2가 353-3도,도,국유지,325.0169648639858,126.96626666695845,37.52768450536028,229.53570562,111.71290591,291.7022642,310,미지정,1
284874,1117000000000003603,한강로2가 355-4도,도,국유지,162.02070445474237,126.96613232875164,37.527544725784644,248.69901137,131.23202869,273.0489775,310,미지정,1
284875,1117000000000003604,한강로2가 356-1도,도,국유지,147.83487159572542,126.96603881414386,37.52745390386445,261.43196638,144.23666589,260.82247725,310,미지정,1
284876,1117000000000003605,한강로2가 408-3 도,도,국유지,49.56278295023367,126.96598575669701,37.52739186470704,269.70327633,152.56567329,252.81208253,310,미지정,1
284877,1117000000000003606,한강로2가 357-3도,도,국유지,2084.9620399326086,126.96618299623647,37.527309301472386,270.49878992,151.16864047,250.25735805,310,미지정,1
284878,1117000000000003607,한강로2가 357-2도,도,국유지,1100.7519684969448,126.96567724777073,37.527068271653576,280.97460405,197.64477245,210.73432454,310,미지정,1
284879,1117000000000003608,한강로2가 429-3 도,도,국유지,58.30976252164692,126.96549839404392,37.52632304775526,242.80319651,228.32956818,126.74570762,310,미지정,1
284880,1117000000000003609,한강로2가 410-2 도,도,국유지,452.3000051914714,126.96525771388701,37.5266278336117,278.54039977,257.58708702,156.19533232,310,미지정,1
284881,1117000000000003610,한강로2가 218-1도,도,국유지,2458.8471943477634,126.9656314004113,37.52671274449089,257.35225262,232.83721052,171.56210568,310,미지정,1
284882,1117000000000003611,한강로2가 429 도,도,국유지,3287.4410596248927,126.96588143536712,37.526404947183615,219.05735874,253.38745954,147.96977928,310,미지정,1
284883,1117000000000003612,한강로2가 425-1 도,도,국유지,124.2889162171632,126.96905756373826,37.52795017375748,26.108266,100.81746349,427.7551401,310,미지정,1
284884,1117000000000003613,한강로2가 418 도,도,국유지,1659.849888256751,126.96869660485503,37.5278061481674,59.98812598,130.28801844,402.31510286,310,미지정,1
284885,1117000000000003614,한강로2가 427-4 도,도,국유지,237.32274264283478,126.96685211550675,37.52709894446166,224.45746394,157.1850571,259.24316149,310,미지정,1
284886,1117000000000003615,한강로2가 427-2 도,도,국유지,119.82598591595888,126.96652602448009,37.52726451754817,253.74920163,144.24771198,259.00423857,310,미지정,1
284887,1117000000000003616,한강로2가 423-6 도,도,국유지,140.21715672779828,126.96626858703284,37.5278012986648,217.85510891,101.23194024,303.91911534,310,미지정,1
284888,1117000000000003617,한강로2가 320-1도,도,국유지,36.818114660680294,126.96767836903813,37.529119595656816,53.68600378,11.06525838,488.56598978,310,미지정,1
284889,1117000000000003618,한강로2가 417-2 도,도,국유지,39.06234927335754,126.97048456726098,37.53362970002511,109.36487409,112.28625253,286.04178923,310,미지정,1
284890,1117000000000003619,한강로2가 318-1 도,도,국유지,289.04089969582856,126.96775473071308,37.529252475986816,45.6455628,22.81842078,504.7604062,310,미지정,1
284892,1117000000000003621,한강로2가 320-7 도,도,국유지,137.79573780298233,126.96759039439459,37.52907234124781,55.48103486,6.59420775,480.31928226,310,미지정,1
284893,1117000000000003622,한강로2가 320-6도,도,국유지,128.47606599330902,126.967512632865,37.52899181877419,62.5276801,15.092582,469.23002462,310,미지정,1
284894,1117000000000003623,한강로2가 321-4도,도,국유지,132.48867464321665,126.9674409117611,37.52890520570159,71.38257152,26.22556354,457.78759931,310,미지정,1
284895,1117000000000003624,한강로2가 321-5도,도,국유지,18.870153365889564,126.96737423724112,37.528914551858584,70.2515874,28.1127697,456.084165,310,미지정,1
284896,1117000000000003625,한강로2가 322-3도,도,국유지,305.4357154467143,126.96730024326564,37.52876984109012,86.69237621,33.33845286,438.78641482,310,미지정,1
284897,1117000000000003626,한강로2가 408-4 도,도,국유지,46.143048704601824,126.96720151036463,37.52866819134687,99.05426913,25.70381491,424.81405134,310,미지정,1
284898,1117000000000003627,한강로2가 188-1 도,도,국유지,1953.4439617651515,126.96741172499163,37.52858052437809,107.31175268,13.06457414,424.70967637,310,미지정,1
284899,1117000000000003628,한강로2가 326-3도,도,국유지,466.0819284953177,126.96706176911744,37.52852018267065,117.73549704,6.60763187,404.65790214,310,미지정,1
284900,1117000000000003629,한강로2가 330-3도,도,국유지,124.25876735895872,126.96689773882834,37.52832919801042,142.15257938,21.69975274,379.31326648,310,미지정,1
284901,1117000000000003630,한강로2가 422-2 도,도,국유지,3349.2410766760586,126.96652689908348,37.529300845581396,81.43716154,54.81745882,469.51163296,310,미지정,1
284902,1117000000000003631,한강로2가 331-11도,도,국유지,18.512267070182133,126.96667243101926,37.52819043746689,163.56956293,45.20830759,357.173302,310,미지정,1
284903,1117000000000003632,한강로2가 317 도,도,국유지,495.6883646082133,126.96798116136428,37.52948649860967,52.27522306,42.78364,537.0915138,310,미지정,1
284904,1117000000000003633,한강로2가 2-402 도,도,국유지,309.34338226984255,126.96701772521908,37.53042313906065,102.7585348,105.7988372,601.2067477,310,미지정,1
284905,1117000000000003634,한강로2가 423-5 도,도,국유지,297.61844442319125,126.965615120414,37.52835191088989,205.78045344,82.28780958,349.90060626,310,미지정,1
284906,1117000000000003635,한강로2가 420-5 도,도,국유지,1034.7000862165587,126.96611758678057,37.52907847640425,124.30071081,55.55288203,436.92798183,310,미지정,1
284907,1117000000000003636,한강로2가 420-7 도,도,국유지,13.52861184347421,126.96543866666669,37.52802066666666,242.07985614,107.88856462,311.60077433,310,미지정,1
284908,1117000000000003637,한강로2가 428-1 도,도,국유지,485.7272481191321,126.96578197627154,37.528519404714054,182.58146622,79.75437474,370.45443556,310,미지정,1
284909,1117000000000003638,한강로2가 420-8 도,도,국유지,69.2229157058755,126.96582338754251,37.52772259566326,245.57135707,141.95833676,284.36683006,310,미지정,1
284910,1117000000000003639,한강로2가 408-5 도,도,국유지,672.2486328855739,126.9660201997281,37.52837023178497,178.40359299,74.83047429,358.31843927,310,미지정,1
284911,1117000000000003640,한강로2가 420-1 도,도,국유지,1154.322442618024,126.9653049480959,37.528022552537976,250.51667928,104.55233131,310.8949882,310,미지정,1
284912,1117000000000003641,한강로2가 420-2 도,도,국유지,1695.0750233501894,126.9656414319026,37.527717954456094,255.42228218,145.56761127,280.6766631,310,미지정,1
284913,1117000000000003642,한강로2가 11-25 도,도,국유지,10.089252199977636,126.96679233706045,37.53406515961757,231.795704,121.38341095,250.54053346,310,미지정,1
284914,1117000000000003643,한강로2가 410도,도,국유지,579.7518444363959,126.96493243805172,37.52763406490961,304.07191413,145.66318949,267.65352246,310,미지정,1
284915,1117000000000003644,용산동3가 5-44도,도,국유지,74.47220920259133,126.97363422268327,37.53200549239281,294.09918137,198.77063121,411.7323372,315,미지정,1
284916,1117000000000003645,용산동3가 1-5도,도,국유지,339.30816924758255,126.97511596790451,37.53484364335034,265.70089568,57.07698806,242.30021589,315,미지정,1
284917,1117000000000003646,용산동3가 6-45 도,도,국유지,1650.3035948295146,126.97642505640958,37.530789255392094,329.03562978,410.4669101,635.57144862,315,미지정,1
284918,1117000000000003647,용산동3가 6-4도,도,국유지,1268.0874330828665,126.9750090044867,37.532266768340776,276.96458024,240.67992975,430.32642867,315,미지정,1
284919,1117000000000003648,용산동3가 6-40도,도,국유지,3509.7342062350945,126.97516540933499,37.534313481999845,235.87321472,27.5865641,272.44697781,315,미지정,1
284920,1117000000000003649,용산동3가 6-43 도,도,국유지,477.27139814622933,126.97540811046255,37.53151917486272,304.09715289,320.42887749,519.88406019,315,미지정,1
284921,1117000000000003650,용산동3가 6-44 도,도,국유지,903.7922422044212,126.97524939017211,37.53096776438652,360.64409111,382.03461107,568.11595207,315,미지정,1
284922,1117000000000003651,용산동3가 5-41 도,도,국유지,72.64791331451852,126.97358272885019,37.53156645538226,331.32576292,234.16058511,458.33573981,315,미지정,1
284923,1117000000000003652,용산동3가 6-21도,도,국유지,174.23651148250792,126.97277187333668,37.531039503481395,354.54515904,259.41365553,508.02712356,315,미지정,1
284924,1117000000000003653,용산동3가 6-13도,도,국유지,54.46546093886718,126.97332872121157,37.531105541906825,365.5063074,268.17579303,505.02594056,315,미지정,1
284925,1117000000000003654,용산동3가 1-95도,도,국유지,351.0366568113677,126.9752384415165,37.534614083079504,243.60355113,30.00098465,262.17980217,315,미지정,1
284926,1117000000000003655,용산동3가 1-92도,도,국유지,2923.566558948951,126.97561983581691,37.533561381251836,181.34477622,94.86629593,354.20439502,315,미지정,1
284927,1117000000000003656,용산동3가 6-42 도,도,국유지,12229.28369506041,126.97584001006618,37.52968696754369,461.6940846,524.85806802,719.15601987,315,미지정,1
284928,1117000000000003657,용산동3가 1-7도,도,국유지,5365.978810889646,126.97817889509204,37.534599752632,121.45755381,241.70044086,510.01537004,315,미지정,1
284929,1117000000000003658,용산동3가 1-6도,도,국유지,712.7901569246314,126.9754690122507,37.53462796091978,226.60195277,24.66559795,280.17257662,315,미지정,1
284930,1117000000000003659,용산동3가 1-93도,도,국유지,548.4627470704727,126.97620486509392,37.5342081448416,147.03359805,69.81162141,358.66775045,315,미지정,1
284931,1117000000000003660,용산동3가 5-6도,도,국유지,136.79921662609559,126.9738037230668,37.53216732505079,290.13019174,197.23321255,398.19017351,315,미지정,1
284932,1117000000000003661,용산동5가 19-551도,도,국유지,2267.4856811584905,126.97327327549439,37.52260575569382,120.29641857,9.67421024,286.94784952,333,미지정,1
284933,1117000000000003662,용산동5가 23-1도,도,국유지,89.6543104458251,126.97222698522654,37.52261418796964,40.86636804,81.89691584,354.30436004,333,미지정,1
284934,1117000000000003663,용산동5가 17-108도,도,국유지,375.1698928643018,126.97480742773085,37.52240137189781,266.58431255,91.51497893,202.75664735,333,미지정,1
284935,1117000000000003664,용산동5가 17-97도,도,국유지,16.482803244434763,126.97442525,37.52234914186509,242.63403659,94.92073748,208.19127457,333,미지정,1
284936,1117000000000003665,용산동5가 17-35도,도,국유지,152.6570787166711,126.97421007417756,37.52241029492163,198.89668318,76.18688449,222.50149546,333,미지정,1
284937,1117000000000003666,용산동5가 17-32도,도,국유지,210.21887657837942,126.9737188075825,37.52255184695743,157.44103123,30.81265411,258.31607082,333,미지정,1
284938,1117000000000003667,용산동5가 24-3 도,도,국유지,3615.2749133211328,126.97201384605933,37.52371438399307,155.75060583,135.43574665,452.8195987,333,미지정,1
284939,1117000000000003668,용산동5가 2-60 도,도,국유지,139.33083296008408,126.96964588227007,37.5265313050744,182.56767168,79.72645522,316.16673331,333,미지정,1
284940,1117000000000003669,용산동5가 19-394도,도,국유지,210.2565302401781,126.97221704635142,37.52313492776651,94.08331931,117.17134932,393.47240733,333,미지정,1
284941,1117000000000003670,용산동5가 17-105도,도,국유지,139.6814858596772,126.97422064116972,37.52258057612793,201.74919427,75.15109044,239.04865195,333,미지정,1
284942,1117000000000003671,용산동5가 19-391도,도,국유지,883.696972290054,126.9726280357163,37.52293609713266,90.85329524,77.43888155,352.3159707,333,미지정,1
284943,1117000000000003672,용산동5가 17-101도,도,국유지,153.41695301700383,126.9739788604485,37.52264797080641,182.02437211,54.52407062,255.39302844,333,미지정,1
284944,1117000000000003673,용산동5가 19-519도,도,국유지,18.773573950398713,126.97332444386377,37.52285200531312,134.42597561,31.99977846,305.64912404,333,미지정,1
284945,1117000000000003674,용산동5가 31-1 도,도,국유지,98.44826694647782,126.9692572599568,37.52777441896695,40.90484913,99.79648642,416.34721851,333,미지정,1
284946,1117000000000003675,용산동5가 19-1도,도,국유지,2582.677723472938,126.97086666900796,37.52350327557914,119.15187234,139.23334943,323.80290687,333,미지정,1
284947,1117000000000003676,용산동5가 17-27도,도,국유지,1501.0895872848923,126.97546316223092,37.52203221568583,249.15284293,27.13672268,155.9091433,333,미지정,1
284948,1117000000000003677,용산동5가 17-12도,도,국유지,707.1272248970345,126.97575546017835,37.522109235826385,224.22143123,11.35134493,167.78672781,333,미지정,1
284949,1117000000000003678,용산동5가 22-1도,도,국유지,17.071632587350905,126.97533181724143,37.521631805364,256.28437533,5.88995134,111.27507301,333,미지정,1
284950,1117000000000003679,용산동5가 19-781 도,도,국유지,3129.1367503574584,126.97453261702758,37.52875528696006,473.78737028,400.39515172,781.06983737,333,미지정,1
284951,1117000000000003680,용산동5가 30-3 도,도,국유지,923.4829521786305,126.96947234905215,37.528693679534925,64.89924469,62.17919848,517.92246642,333,미지정,1
284952,1117000000000003681,용산동5가 30-2 도,도,국유지,853.8202533388976,126.9697862279723,37.528797948277955,87.9210423,45.09627999,539.16367123,333,미지정,1
284953,1117000000000003682,용산동5가 19-568도,도,국유지,1928.1456808929215,126.97308858577259,37.52285253310453,116.1698209,40.40937357,318.45214666,333,미지정,1
284954,1117000000000003683,용산동5가 19-390도,도,국유지,78.02727909944952,126.97166231508022,37.5233818068234,121.7225477,120.80478419,395.11123555,333,미지정,1
284955,1117000000000003684,용산동5가 19-2도,도,국유지,600.5456659796182,126.97184897878924,37.5232097758954,100.1945713,107.44415326,422.71040413,333,미지정,1
284956,1117000000000003685,용산동5가 27 도,도,국유지,48.23327425122261,126.96922133492659,37.52774554842536,44.03189187,104.30451302,412.13771125,333,미지정,1
284957,1117000000000003686,용산동5가 17-4도,도,국유지,338.3959594313055,126.9768287356905,37.521613780065046,135.05569737,119.70217521,169.23431273,333,미지정,1
284958,1117000000000003687,용산동5가 19-517도,도,국유지,20.196174717741087,126.9731078424419,37.5229173125253,121.45715192,45.38513861,322.99920448,333,미지정,1
284959,1117000000000003688,용산동5가 19-3도,도,국유지,15374.91722455807,126.97558163841789,37.52686560036511,414.51136445,518.23005584,692.38081669,333,미지정,1
284960,1117000000000003689,용산동5가 17-69도,도,국유지,4748.8338839890785,126.9744429381846,37.52199763552928,211.41910018,90.31872848,172.38575247,333,미지정,1
284961,1117000000000003690,용산동5가 26 도,도,국유지,519.1589119909331,126.96819756743227,37.527369726762224,125.09560294,142.55207913,344.18087833,333,미지정,1
284962,1117000000000003691,용산동5가 20-1도,도,국유지,44.46421844512224,126.97249457024122,37.522511920785526,51.94273603,77.68152685,328.77176667,333,미지정,1
284963,1117000000000003692,용산동5가 17-2도,도,국유지,4509.118997633283,126.97532709469901,37.522162463593105,249.56690647,32.2929148,170.16501288,333,미지정,1
284964,1117000000000003693,용산동5가 19-389도,도,국유지,235.36311606667005,126.97209220652084,37.5231151223174,89.89932746,108.72697608,399.83660165,333,미지정,1
284965,1117000000000003694,한강로3가 40-1019 도,도,국유지,55.70616293838248,126.96012343636257,37.52480017811437,81.25122309,314.6541755,442.14948556,313,미지정,1
284966,1117000000000003695,한강로3가 40-1024 도,도,국유지,36.923212906345725,126.96001360524335,37.524848998671445,72.64121649,325.40686648,451.30136547,313,미지정,1
284967,1117000000000003696,한강로3가 40-815 도,도,국유지,23.50684240926057,126.9599873393155,37.52483151279911,73.77998928,327.17026512,453.78772397,313,미지정,1
284968,1117000000000003697,한강로3가 40-1016 도,도,국유지,15.42267966689542,126.95988383587787,37.52484059308736,70.69643426,336.2885401,462.81010016,313,미지정,1
284969,1117000000000003698,한강로3가 40-1015 도,도,국유지,14.054055668413639,126.95982947294937,37.524871619546246,66.61394704,341.792514,467.31155509,313,미지정,1
284970,1117000000000003699,한강로3가 40-1023 도,도,국유지,158.43558654206572,126.9599029988957,37.524870985458335,67.69830354,335.48330245,460.83858327,313,미지정,1
284971,1117000000000003700,한강로3가 40-987잡,잡,국유지,109.02892675343901,126.95927976734457,37.52433797159483,89.98214737,380.52303357,523.36664633,313,미지정,1
284972,1117000000000003701,한강로3가 40-73 잡,잡,국유지,380.8950382703333,126.9591581031248,37.52428039880485,78.77617963,390.88513721,535.13078573,313,미지정,1
284973,1117000000000003702,한강로3가 95-1 도,도,국유지,798.2498675321694,126.96458598585414,37.52723832066227,388.28036236,193.64789953,227.88826419,313,미지정,1
284974,1117000000000003703,한강로3가 99-1 도,도,국유지,1184.7414721205132,126.9645304671337,37.52738589271736,348.77636653,178.88426155,244.92105518,313,미지정,1
284975,1117000000000003704,한강로3가 40-981도,도,국유지,24.066258494742215,126.95904135099877,37.524181641935044,68.82083299,400.81378293,547.43322635,313,미지정,1
284976,1117000000000003705,한강로3가 40-979도,도,국유지,58.257332206412684,126.95889321595375,37.524267864881544,55.32511193,414.21049318,558.38649737,313,미지정,1
284977,1117000000000003706,한강로3가 81-15 도,도,국유지,48.87902099196799,126.96149160604844,37.52287706122039,209.53224004,229.13646395,410.47996773,313,미지정,1
284978,1117000000000003707,한강로3가 95-4 도,도,국유지,485.8689169958234,126.96601785593278,37.52907991417891,132.29522421,63.31461366,435.35438327,313,미지정,1
284979,1117000000000003708,한강로3가 81-12 도,도,국유지,138.90608074213378,126.96116372843385,37.522942402128365,231.68535435,249.18209896,429.09763927,313,미지정,1
284980,1117000000000003709,한강로3가 2-29 도,도,국유지,333.5379278920591,126.96637149757105,37.53091555905234,176.75002167,172.20234406,545.94748581,313,미지정,1
284981,1117000000000003710,한강로3가 2-15도,도,국유지,74.33121418673545,126.9665996328362,37.53070158994324,146.12006124,153.86775914,574.19478444,313,미지정,1
284982,1117000000000003711,한강로3가 2-12도,도,국유지,138.53812373895198,126.96640748931927,37.53081763744512,165.80877977,167.21598395,557.26723817,313,미지정,1
284983,1117000000000003712,한강로3가 2-30 도,도,국유지,27.801865899935365,126.96667849141377,37.53065374758881,138.15807394,145.10577411,581.24849576,313,미지정,1
284984,1117000000000003713,한강로3가 2-28 도,도,국유지,163.52497442346066,126.96675363214152,37.53057977310178,127.8351002,134.89783042,591.02539547,313,미지정,1
284985,1117000000000003714,한강로3가 96-1 도,도,국유지,339.48611671314575,126.96715363000104,37.5301594628118,71.2044285,80.86559828,576.85750851,313,미지정,1
284986,1117000000000003715,한강로3가 96 도,도,국유지,1348.2316895173863,126.96682897840495,37.52982812139911,58.921923,101.03520792,533.14930479,313,미지정,1
284987,1117000000000003716,한강로3가 2-14도,도,국유지,624.9137775744312,126.96596572402534,37.53130212521422,232.13330599,184.95490868,495.91495463,313,미지정,1
284988,1117000000000003717,한강로3가 33-1 도,도,국유지,26.384688747115433,126.95456004406023,37.52956762781186,276.82738149,294.8515187,778.8139188,313,미지정,1
284989,1117000000000003718,한강로3가 6-10도,도,국유지,27.982650335878134,126.96459141133508,37.53254802150161,391.25418165,138.94999937,347.3814758,313,미지정,1
284990,1117000000000003719,한강로3가 69-2도,도,국유지,471.9174272082746,126.96068206170762,37.52316080698399,269.09055317,276.36950649,451.63433937,313,미지정,1
284991,1117000000000003720,한강로3가 32-1도,도,국유지,880.8147886308725,126.95458165189429,37.52949096236566,268.38108939,286.40591154,787.46358367,313,미지정,1
284992,1117000000000003721,한강로3가 6-13도,도,국유지,23.11696823593229,126.96480322059551,37.53244956892284,397.7171167,145.58034291,357.80330717,313,미지정,1
284993,1117000000000003722,한강로3가 6-14도,도,국유지,15.058202641666867,126.96469344071663,37.532463892725296,398.20260795,139.07524305,356.34585786,313,미지정,1
284994,1117000000000003723,한강로3가 6-5도,도,국유지,111.23423843458295,126.96471084804656,37.53250506423259,393.40570915,143.24576823,351.73894234,313,미지정,1
284995,1117000000000003724,한강로3가 76-1 도,도,국유지,131.87262778636068,126.95764760010667,37.524933345559155,93.48321709,356.61183911,659.40055189,313,미지정,1
284996,1117000000000003725,한강로3가 76-2 도,도,국유지,62.75994848739356,126.95754553556355,37.525005092725756,105.25697232,344.60039202,668.10048242,313,미지정,1
284997,1117000000000003726,한강로3가 16-69 도,도,국유지,20.958879737532698,126.95611047718228,37.532320286527806,248.92189811,57.67910795,586.95964778,313,미지정,1
284998,1117000000000003727,한강로3가 16-101 도,도,국유지,630.8382102483884,126.95504241095756,37.53140360637373,314.01400219,99.05882817,611.88664315,313,미지정,1
284999,1117000000000003728,한강로3가 16-76도,도,국유지,709.9333459343761,126.95480968573126,37.53121042132803,333.49048239,127.44238957,620.66751789,313,미지정,1
285000,1117000000000003729,한강로3가 16-63도,도,국유지,57.37606510496698,126.95463792499503,37.52841242384087,149.20066354,167.19646512,902.42051152,313,미지정,1
285001,1117000000000003730,한강로3가 37-3도,도,국유지,136.71264964982402,126.95471497105713,37.52857521143841,167.91308022,185.87177867,887.34521837,313,미지정,1
285002,1117000000000003731,한강로3가 29-2 도,도,국유지,168.21841170685366,126.95478074584246,37.530887579948484,369.14597499,151.01544402,651.43641938,313,미지정,1
285003,1117000000000003732,한강로3가 40-1072 도,도,국유지,899.3535584490746,126.96283370993322,37.52723106155097,381.02966449,273.10370377,299.37291175,313,미지정,1
285004,1117000000000003733,한강로3가 40-1071 도,도,국유지,991.5211626990931,126.96132415273249,37.52557462561697,139.8590356,257.1932005,335.9483087,313,미지정,1
285005,1117000000000003734,한강로3가 36-2도,도,국유지,1834.1307773804874,126.95485703849279,37.52812699151409,121.58619005,139.1427962,938.52001441,313,미지정,1
285006,1117000000000003735,한강로3가 40-1002 잡,잡,국유지,243.02110378653742,126.959970151213,37.5322369559332,409.19449318,218.77053053,572.66834407,313,미지정,1
285007,1117000000000003736,한강로3가 40-899도,도,국유지,792.4147094110958,126.96065471824267,37.523338789688495,249.57682189,271.78719529,444.17475099,313,미지정,1
285008,1117000000000003737,한강로3가 40-900도,도,국유지,1229.7514996937243,126.96105702057822,37.52310962819357,233.12034696,248.50035232,426.37728537,313,미지정,1
285009,1117000000000003738,한강로3가 17-1도,도,국유지,230.87125439103693,126.96498284888139,37.532285924847905,371.2589176,148.95070809,376.30055393,313,미지정,1
285010,1117000000000003739,한강로3가 72-4도,도,국유지,191.75462297175545,126.95882550301873,37.524269231781346,49.34929295,420.19706035,564.24033834,313,미지정,1
285011,1117000000000003740,한강로3가 40-941도,도,국유지,547.6505627613515,126.95968492707213,37.52375290194673,136.93635502,346.06027534,505.04441577,313,미지정,1
285012,1117000000000003741,한강로3가 81-16 도,도,국유지,44.72782909683883,126.95810774636249,37.52472751714558,54.73953061,402.78893015,620.30682705,313,미지정,1
285013,1117000000000003742,한강로3가 17-3도,도,국유지,631.5973253007978,126.96511194303406,37.53211140504942,348.85357692,151.41138959,396.27539499,313,미지정,1
285014,1117000000000003743,한강로3가 40-112 도,도,국유지,13416.068679422315,126.96329913981656,37.526285755491806,271.88876247,208.82552727,197.87270251,313,미지정,1
285015,1117000000000003744,한강로3가 81-17도,도,국유지,1969.248008963652,126.9590599229611,37.5240782326943,72.60927501,399.09577909,548.33209375,313,미지정,1
285016,1117000000000003745,한강로3가 40-2 도,도,국유지,10533.164695856452,126.96214969097225,37.52482210329499,163.28995749,148.94637778,264.19167254,313,미지정,1
285017,1117000000000003746,한강로3가 83도,도,국유지,539.6151277832687,126.96379531698736,37.53410122905249,266.1482017,273.78556639,195.91721938,313,미지정,1
285018,1117000000000003747,한강로3가 1-9도,도,국유지,55.87651443760842,126.96159743433988,37.533225086083796,416.35452638,243.04301569,392.5870176,313,미지정,1
285019,1117000000000003748,한강로3가 16-39도,도,국유지,62.45410802675178,126.96159152972591,37.53310727953611,427.26567077,234.16321411,402.11623062,313,미지정,1
285020,1117000000000003749,한강로3가 16-40도,도,국유지,76.08491348125972,126.96157338963381,37.532997154847855,437.01887651,227.06818921,411.97314557,313,미지정,1
285021,1117000000000003750,한강로3가 16-8도,도,국유지,2206.722692793235,126.95947971175661,37.53296972937305,322.7286888,127.95420866,558.06544,313,미지정,1
285022,1117000000000003751,한강로3가 2-10도,도,국유지,627.1960606249049,126.96554368705733,37.53171092843196,290.57339673,214.22421787,444.62531619,313,미지정,1
285023,1117000000000003752,한강로3가 16-17도,도,국유지,144.2048161253333,126.96143649392289,37.53269792899093,460.64689293,216.72619146,444.5319,313,미지정,1
285024,1117000000000003753,한강로3가 19-5도,도,국유지,43.119227352086455,126.96142151821937,37.532627429985205,467.09215611,213.74901497,451.2508639,313,미지정,1
285025,1117000000000003754,한강로3가 22-5도,도,국유지,22.76869057607837,126.96143870616112,37.532602782564986,470.2162735,211.05329981,452.30365201,313,미지정,1
285026,1117000000000003755,한강로3가 16-15도,도,국유지,177.89124395651743,126.96144218115145,37.53295462852469,435.54270267,232.9254035,423.44279932,313,미지정,1
285027,1117000000000003756,한강로3가 22-3도,도,국유지,49.76541674241889,126.96137332758396,37.53258450903476,469.56400474,215.07591044,457.64103072,313,미지정,1
285028,1117000000000003757,한강로3가 13-6 도,도,국유지,65.1814859486185,126.96393514917098,37.53265057300524,399.07622384,117.93949282,344.1572223,313,미지정,1
285029,1117000000000003758,한강로3가 16-23도,도,국유지,32.12712406297214,126.96152253394399,37.53299375613231,435.13638215,230.21627232,415.37051384,313,미지정,1
285030,1117000000000003759,한강로3가 16-16도,도,국유지,164.73166981269605,126.96145271510099,37.53281755242916,449.44653433,222.99467822,433.7793836,313,미지정,1
285031,1117000000000003760,한강로3가 40-1073 도,도,국유지,119.0677983649075,126.96171729852098,37.52599335010093,183.60625245,266.15954435,310.85069547,313,미지정,1
285032,1117000000000003761,한강로3가 16-119 도,도,국유지,60.91602749470621,126.95471436983654,37.530562430818364,387.71069097,181.07517387,681.61288907,313,미지정,1
285033,1117000000000003762,한강로3가 16-3도,도,국유지,737.1436314712046,126.95453887298903,37.529963770658526,320.74303021,243.70483902,736.97968531,313,미지정,1
285034,1117000000000003763,한강로3가 85-1도,도,국유지,220.34890057134908,126.96810664826971,37.522297695415986,82.16874685,82.47610979,236.29940224,313,미지정,1
285035,1117000000000003764,한강로3가 87-1도,도,국유지,338.0084183355211,126.97136687300502,37.522716617805706,49.41723427,44.36551911,397.62010175,313,미지정,1
285036,1117000000000003765,한강로3가 65-239도,도,국유지,141.55457433033735,126.97088881697624,37.52303564816099,67.22465582,90.77130297,344.12020423,313,미지정,1
285037,1117000000000003766,한강로3가 1-4도,도,국유지,277.0132026961073,126.96221067184875,37.53329460933359,427.16572218,215.69665621,349.58934518,313,미지정,1
285038,1117000000000003767,한강로3가 65-510도,도,국유지,156.27108511142433,126.97184677251803,37.52310294586053,88.42911638,96.53474904,414.91602665,313,미지정,1
285039,1117000000000003768,한강로3가 65-511도,도,국유지,85.36625778395683,126.97173435668316,37.52312342922269,92.34733653,94.85600891,423.89972027,313,미지정,1
285040,1117000000000003769,한강로3가 16-42도,도,국유지,151.94424568745308,126.96169538482152,37.53297267218672,444.79834176,217.2380342,406.57527926,313,미지정,1
285041,1117000000000003770,한강로3가 1-11도,도,국유지,241.2021799319191,126.96281485855566,37.53347906568244,375.14119415,212.36918751,300.33298481,313,미지정,1
285042,1117000000000003771,한강로3가 1-2도,도,국유지,83.7165056768572,126.96268528325913,37.53340576505742,388.8989343,208.27341057,313.66450841,313,미지정,1
285043,1117000000000003772,한강로3가 3-41 도,도,국유지,24.17134112212807,126.96326659916126,37.533110974634745,382.34050887,163.97275709,315.16366954,313,미지정,1
285044,1117000000000003773,한강로3가 67-3 도,도,국유지,466.72556935006287,126.96407397288938,37.5219897769451,211.24770905,187.91124997,368.23600053,313,미지정,1
285045,1117000000000003774,한강로3가 67-5 도,도,국유지,605.1269149195869,126.9638291657168,37.52209898162185,195.36521936,223.86890018,362.60793093,313,미지정,1
285046,1117000000000003775,한강로3가 16-38도,도,국유지,87.06688063201727,126.96165449946481,37.533099685820524,430.85629962,229.58889022,398.80999302,313,미지정,1
285047,1117000000000003776,한강로3가 16-41도,도,국유지,32.96584702190012,126.96167431289985,37.533027624956596,438.60751071,222.76571317,403.37442532,313,미지정,1
285048,1117000000000003777,한강로3가 13-1도,도,국유지,99.31009134463966,126.96340055846957,37.53269625585684,415.3196437,116.96329664,352.9185378,313,미지정,1
285049,1117000000000003778,한강로3가 13-8도,도,국유지,294.25149974413216,126.96369349365183,37.53267157052446,405.77598567,115.13227184,347.30373962,313,미지정,1
285050,1117000000000003779,한강로3가 2-24 도,도,국유지,278.0155174471438,126.96324445504963,37.53284729039713,407.92840915,135.30982878,342.5875615,313,미지정,1
285051,1117000000000003780,한강로3가 5-5 도,도,국유지,71.89145866036415,126.96345048820814,37.53276560230607,406.44809322,124.39942942,344.16513154,313,미지정,1
285052,1117000000000003781,한강로3가 22-13 도,도,국유지,17.221212904900312,126.9633831350992,37.53274698405013,411.17832888,122.699872,348.20496745,313,미지정,1
285053,1117000000000003782,한강로3가 6-4도,도,국유지,99.7320009288378,126.96410626233215,37.53260780078361,397.8670558,119.41626012,345.7742258,313,미지정,1
285054,1117000000000003783,한강로3가 6-9도,도,국유지,224.42975040560123,126.96438979376113,37.53256332099251,394.44794385,128.59056789,347.10770073,313,미지정,1
285055,1117000000000003784,한강로3가 80도,도,국유지,94.178158772178,126.95694157864125,37.52587422051495,181.6852683,247.05437746,724.69124708,313,미지정,1
285056,1117000000000003785,한강로3가 77-9도,도,국유지,772.9441446972196,126.95717913779698,37.525322814681324,152.99967406,297.48882122,700.19873984,313,미지정,1
285057,1117000000000003786,한강로3가 17-2도,도,국유지,71.39643126353621,126.96493178352567,37.532366562425565,404.70340178,149.59079626,367.19164809,313,미지정,1
285058,1117000000000003787,한강로3가 40-918도,도,국유지,70.3779775861185,126.95743698461932,37.525159914523364,124.77005009,326.56435729,677.34376962,313,미지정,1
285059,1117000000000003788,한강로3가 40-1003 잡,잡,국유지,393.5391744317021,126.9602118866593,37.532229296000395,474.60116881,227.93341656,557.49496123,313,미지정,1
285060,1117000000000003789,한강로3가 40-991 잡,잡,국유지,181.7337098447606,126.95970869627448,37.53219339245904,396.43297253,216.4312785,593.24355295,313,미지정,1
285061,1117000000000003790,한강로3가 65-236도,도,국유지,229.73587838187814,126.97091161239467,37.52330765926433,97.30242586,117.45728291,334.42505267,313,미지정,1
285062,1117000000000003791,한강로3가 65-345 도,도,국유지,16.67884728126228,126.97084930882353,37.523168824509796,82.23884535,105.50186767,334.93947419,313,미지정,1
285063,1117000000000003792,한강로3가 65-248도,도,국유지,68.22616868000478,126.97068577276865,37.52328284668296,97.11109723,123.47648883,316.75908143,313,미지정,1
285064,1117000000000003793,한강로3가 65-267도,도,국유지,97.79194016521797,126.97051591642838,37.523195068823675,92.61895927,123.76748685,306.77817603,313,미지정,1
285065,1117000000000003794,한강로3가 65-235도,도,국유지,871.149100212846,126.9706804617,37.52329795581081,98.85102953,125.1660421,315.70402009,313,미지정,1
285066,1117000000000003795,한강로3가 65-268 도,도,국유지,60.43632814602461,126.97042788246752,37.52309911390693,86.7579854,120.84746018,304.38905241,313,미지정,1
285067,1117000000000003796,한강로3가 65-273도,도,국유지,263.71200544852763,126.97039956547864,37.52319530664584,97.2403645,130.37928764,297.43886849,313,미지정,1
285068,1117000000000003797,한강로3가 63-397 도,도,국유지,22.69738783314824,126.96754923996832,37.52505665261868,37.7432892,203.6275978,81.14272144,313,미지정,1
285069,1117000000000003798,한강로3가 65-555도,도,국유지,1797.6889339778572,126.96714345851898,37.52503602817519,70.81680135,237.59067024,79.37607002,313,미지정,1
285070,1117000000000003799,한강로3가 64도,도,국유지,11244.446920898976,126.96764819087298,37.52487577764749,47.46947778,205.10628965,64.59705616,313,미지정,1
285071,1117000000000003800,한강로3가 65-456도,도,국유지,228.20364011079073,126.96903889178844,37.52389932497133,89.78853757,219.10922319,156.4749892,313,미지정,1
285072,1117000000000003801,한강로3가 63-333도,도,국유지,62.99547838047147,126.96768239417536,37.5249755001817,36.33491446,197.05015086,75.97303366,313,미지정,1
285073,1117000000000003802,한강로3가 63-398 도,도,국유지,11.97416790947318,126.96779283108016,37.524910508807864,39.33509411,192.15796654,73.91836711,313,미지정,1
285074,1117000000000003803,한강로3가 63-335도,도,국유지,71.1042736377567,126.96790448271818,37.52484390730137,45.66590105,187.9376504,73.76323977,313,미지정,1
285075,1117000000000003804,한강로3가 63-399 도,도,국유지,22.869148900732398,126.96803414514513,37.52477214814815,55.00060141,183.56382019,76.51745762,313,미지정,1
285076,1117000000000003805,한강로3가 65-468 도,도,국유지,21.65286295278929,126.96920956690832,37.52376406826763,109.00857327,230.68139394,175.76791385,313,미지정,1
285077,1117000000000003806,한강로3가 63-342도,도,국유지,115.40686706639826,126.9697506591714,37.52379014544193,132.43663459,174.90768162,220.17252674,313,미지정,1
285078,1117000000000003807,한강로3가 65-504도,도,국유지,291.50973308831453,126.96935565893705,37.523702934730046,120.54057953,235.60901515,190.27388079,313,미지정,1
285079,1117000000000003808,한강로3가 65-528도,도,국유지,41.25536704575643,126.969545924455,37.523582772572325,140.30226382,203.58348285,210.93906902,313,미지정,1
285080,1117000000000003809,한강로3가 65-475도,도,국유지,90.7520164186135,126.96961185576576,37.52354603441441,146.79758596,201.98194557,217.91510818,313,미지정,1
285081,1117000000000003810,한강로3가 65-254도,도,국유지,1130.2036691624671,126.97003355464693,37.523419025340644,135.6808021,170.60360323,257.7164132,313,미지정,1
285082,1117000000000003811,한강로3가 65-290 도,도,국유지,12.018559710122645,126.96996678598639,37.52327171183673,126.76739125,163.74428346,259.37706319,313,미지정,1
285083,1117000000000003812,한강로3가 65-276도,도,국유지,449.6170382751152,126.97018735300853,37.52323358010655,111.04604627,146.4420181,278.6968403,313,미지정,1
285085,1117000000000003814,한강로3가 40-519도,도,국유지,433.48891920322785,126.96263216490128,37.52386436008509,79.25192941,87.51323808,264.04859906,313,미지정,1
285086,1117000000000003815,한강로3가 65-523도,도,국유지,2054.3630126459175,126.96274934166289,37.52370188971322,70.6125735,85.62547395,266.46634488,313,미지정,1
285087,1117000000000003816,한강로3가 65-522도,도,국유지,2708.1066470847,126.96335176344618,37.52432391769781,55.62735699,31.20730334,182.86340875,313,미지정,1
285088,1117000000000003817,한강로3가 65-474 도,도,국유지,168.60590716358274,126.96430789029512,37.52421436991457,80.30823738,38.03627795,130.36865613,313,미지정,1
285089,1117000000000003818,한강로3가 65-591 도,도,국유지,380.92455432843417,126.96414434088373,37.524229420983936,69.32802652,35.41299303,137.34374435,313,미지정,1
285090,1117000000000003819,한강로3가 65-521도,도,국유지,1326.4780375185655,126.96384786987291,37.52487150125119,117.61146405,47.58373522,116.67557845,313,미지정,1
285091,1117000000000003820,한강로3가 65-520도,도,국유지,772.0638066781685,126.96415108305271,37.52509652243683,149.63791838,61.27866672,84.69530273,313,미지정,1
285092,1117000000000003821,한강로3가 65-519 도,도,국유지,113.21775245293975,126.96465252953496,37.52461643890815,131.33150938,40.96577736,76.38529628,313,미지정,1
285093,1117000000000003822,한강로3가 40-659 도,도,국유지,443.43367845204193,126.96239060213139,37.52361372960525,103.73450062,118.0558954,297.56806457,313,미지정,1
285094,1117000000000003823,한강로3가 65-8도,도,국유지,2521.5013294902164,126.96537188110278,37.5246902878715,188.16136871,105.02745514,62.04789125,313,미지정,1
285095,1117000000000003824,한강로3가 40-135도,도,국유지,203.03684007935226,126.96495937603184,37.52629906880724,300.53146226,205.92540122,119.71992848,313,미지정,1
285096,1117000000000003825,한강로3가 48-5도,도,국유지,42.117454094812274,126.96508333962264,37.525893563941295,265.89286677,168.84743196,74.08600051,313,미지정,1
285097,1117000000000003826,한강로3가 43-1도,도,국유지,4649.526844611857,126.96476951743641,37.52580912100725,244.26154949,149.06117727,70.96786116,313,미지정,1
285098,1117000000000003827,한강로3가 95-3 도,도,국유지,24.07534321025014,126.96502741795707,37.52649921638142,323.23667293,228.89032406,141.435463,313,미지정,1
285099,1117000000000003828,한강로3가 41도,도,국유지,418.2893204675056,126.96537020840759,37.52607660172937,241.14249197,199.03221511,97.37555906,313,미지정,1
285100,1117000000000003829,한강로3가 45-7도,도,국유지,104.72947840858251,126.9652006507572,37.52594497033567,276.20126411,178.83026862,80.27834031,313,미지정,1
285101,1117000000000003830,한강로3가 98-6 도,도,국유지,184.49719571694732,126.9683297689833,37.527024689939374,147.27456517,182.38483743,309.93086646,313,미지정,1
285102,1117000000000003831,한강로3가 93 도,도,국유지,812.4514567183796,126.9684767036433,37.526973125058134,145.76797196,165.2257102,308.3523834,313,미지정,1
285103,1117000000000003832,한강로3가 98-7 도,도,국유지,544.9927000962198,126.96913744522651,37.526561227878645,175.65553953,94.51768896,292.28201936,313,미지정,1
285104,1117000000000003833,한강로3가 98-9 도,도,국유지,1142.3789578825235,126.96819072159887,37.52502429059335,36.56504326,155.74303359,105.63384868,313,미지정,1
285105,1117000000000003834,한강로3가 63-385 도,도,국유지,3614.784852107521,126.96898815284781,37.5258287768491,130.06444378,58.35355799,219.10453564,313,미지정,1
285106,1117000000000003835,한강로3가 65-556 도,도,국유지,59.74281938932836,126.96645377162876,37.52544482740784,129.19285532,223.00427825,122.15535491,313,미지정,1
285107,1117000000000003836,한강로3가 63-329도,도,국유지,42.642680229619145,126.96716901161854,37.525288544422715,64.35078662,226.72925004,106.42202231,313,미지정,1
285108,1117000000000003837,한강로3가 63-331도,도,국유지,59.45850191824138,126.9674069477491,37.525145074306295,44.91078173,211.51374155,89.2823024,313,미지정,1
285109,1117000000000003838,한강로3가 40-587도,도,국유지,199.13776201289147,126.96473152496964,37.52607743403291,269.85638947,176.43614218,99.91924645,313,미지정,1
285110,1117000000000003839,한강로3가 97 도,도,국유지,405.06222211476415,126.96775220238081,37.52741741930562,153.26774661,126.6212204,343.15266677,313,미지정,1
285111,1117000000000003840,한강로3가 98-5 도,도,국유지,164.04485097387806,126.96766664378195,37.52741675453757,176.67167179,125.86888897,342.39399282,313,미지정,1
285112,1117000000000003841,한강로3가 98-1 도,도,국유지,234.52107303705998,126.96646570323581,37.525740479881755,137.40519147,240.37207141,133.58491154,313,미지정,1
285113,1117000000000003842,한강로3가 101-2 도,도,국유지,122.11426213872619,126.96619528528963,37.52590018647063,166.48791864,231.90702861,122.39346036,313,미지정,1
285114,1117000000000003843,한강로3가 98-3 도,도,국유지,2165.6148667423986,126.96792035246652,37.52645473732094,133.14026848,168.50888592,239.74232504,313,미지정,1
285115,1117000000000003844,한강로3가 65-265도,도,국유지,877.4535989493015,126.96993693938431,37.52323078223845,125.31154832,162.89826932,259.16419674,313,미지정,1
285116,1117000000000003845,한강로3가 65-270도,도,국유지,51.46411865577102,126.97039588596574,37.52302928078036,81.85917127,117.48287453,305.48875926,313,미지정,1
285117,1117000000000003846,한강로3가 65-505잡,잡,국유지,264.99289124039933,126.97057565600377,37.52304585661835,75.35608285,107.64245511,318.71304123,313,미지정,1
285118,1117000000000003847,한강로3가 65-238도,도,국유지,90.6054027773207,126.97094229496484,37.52313378012994,77.97749073,98.52983581,344.02494033,313,미지정,1
285119,1117000000000003848,한강로3가 65-512도,도,국유지,2302.536954195297,126.97134487566017,37.52323478154993,96.17234792,101.90690446,373.21588258,313,미지정,1
285120,1117000000000003849,한강로3가 65-570잡,잡,국유지,27.946908709825948,126.97050170955474,37.52310385501142,84.02070708,116.79432621,309.98758905,313,미지정,1
285121,1117000000000003850,한강로3가 40-331 도,도,국유지,369.1653570034541,126.96216742238168,37.52337374411003,131.08134888,148.5767285,329.40041955,313,미지정,1
285122,1117000000000003851,한강로3가 40-652도,도,국유지,1244.319064912037,126.96316983567111,37.52443116168493,72.57884867,50.83275735,190.9942384,313,미지정,1
285123,1117000000000003852,한강로3가 40-148도,도,국유지,859.8457297855057,126.96380680494431,37.52510212784323,141.91688567,70.77081503,114.83450705,313,미지정,1
285124,1117000000000003853,한강로3가 40-586도,도,국유지,221.46161892591044,126.96484145419042,37.52621020699051,287.24654588,193.31039245,111.57055642,313,미지정,1
285125,1117000000000003854,한강로3가 40-589도,도,국유지,141.10769284889102,126.96459058651415,37.525930254536604,249.98356266,157.5492835,90.16364003,313,미지정,1
285126,1117000000000003855,한강로3가 40-574도,도,국유지,415.9231162373908,126.96414387987826,37.52546308494813,187.87954229,101.93489895,88.46200838,313,미지정,1
285127,1117000000000003856,한강로3가 95-2 도,도,국유지,1373.0962971546687,126.9646512531369,37.526736542937705,336.15510725,246.44474021,172.24961833,313,미지정,1
285128,1117000000000003857,한강로3가 40-145도,도,국유지,420.7289239112288,126.96444173346624,37.52577424950351,229.06506211,138.05492485,84.14230265,313,미지정,1
285129,1117000000000003858,한강로3가 65-567 도,도,국유지,63.10009026754415,126.97070860654588,37.523102395682706,77.19921926,105.40596893,326.55164215,313,미지정,1
285130,1117000000000003859,한강로3가 65-572잡,잡,국유지,27.38272824732121,126.97048010981729,37.5231065845575,85.18017619,118.29503801,308.14222927,313,미지정,1
285131,1117000000000003860,한강로3가 65-272도,도,국유지,28.403149113990366,126.97030407685665,37.523066583765115,90.06181272,126.2950834,296.38096146,313,미지정,1
285132,1117000000000003861,한강로3가 65-524도,도,국유지,1294.9633853805717,126.96235034254867,37.52325500482739,122.87940336,143.62818584,325.44853996,313,미지정,1
285133,1117000000000003862,한강로3가 65-579도,도,국유지,656.7105959283654,126.9624391859352,37.52307972879614,128.22753743,151.80042279,333.11058839,313,미지정,1
285134,1117000000000003863,한강로3가 81-11 도,도,국유지,68.6276790339034,126.95916589935669,37.52413088756254,80.51032788,389.72581303,537.88939865,313,미지정,1
285135,1117000000000003864,한강로3가 40-212도,도,국유지,43.873909316025674,126.961603,37.525337,164.65471901,221.46324701,309.31114165,313,미지정,1
285136,1117000000000003865,한강로3가 40-901도,도,국유지,74.84888526983559,126.9613815354568,37.523030059990376,210.11884508,227.67964059,407.80635096,313,미지정,1
285137,1117000000000003866,한강로3가 40-613도,도,국유지,63.79070179903647,126.96264722398239,37.52432470534708,94.47865775,85.50072903,237.78713281,313,미지정,1
285138,1117000000000003867,한강로3가 40-539도,도,국유지,18.12104346230626,126.9611734632738,37.5233366471756,215.61009651,228.77917065,404.30153889,313,미지정,1
285139,1117000000000003868,한강로3가 40-1043 도,도,국유지,32.12631886196323,126.9612093501807,37.52328964544205,213.98704133,227.86227892,404.30101366,313,미지정,1
285140,1117000000000003869,한강로3가 40-1004 도,도,국유지,51.53700759913772,126.96248548838759,37.52401746605114,94.19708425,96.77250371,266.03601402,313,미지정,1
285141,1117000000000003870,한강로3가 40-1045 도,도,국유지,487.4779471307993,126.96110967286558,37.523252572429136,223.61290296,237.58326747,413.9607861,313,미지정,1
285142,1117000000000003871,한강로3가 40-517 도,도,국유지,12.263690603896976,126.96254980346667,37.52409135866667,90.787703,90.60319549,257.06939424,313,미지정,1
285143,1117000000000003872,한강로3가 100-1 도,도,국유지,25.292422712780535,126.96340933333333,37.524814,108.29841355,79.94417624,155.58573083,313,미지정,1
285144,1117000000000003873,한강로3가 40-925도,도,국유지,70.1675909939222,126.96152399641126,37.52453034862043,188.3966988,187.29005012,324.81338057,313,미지정,1
285145,1117000000000003874,한강로3가 40-22도,도,국유지,134.012334712781,126.96144018521906,37.52441431655624,189.91717625,191.75686134,335.16804582,313,미지정,1
285146,1117000000000003875,한강로3가 40-97도,도,국유지,438.9924298222177,126.95988495430028,37.52400300286067,163.07784735,326.35348005,479.87113012,313,미지정,1
285147,1117000000000003876,이촌동 304-18 도,도,국유지,686.0481444135075,126.95870982734674,37.51738764158339,716.77914479,756.42462504,1035.33579774,152,미지정,1
285147,1117000000000003876,이촌동 304-18 도,도,국유지,686.0481444135075,126.95870982734674,37.51738764158339,716.77914479,756.42462504,1035.33579774,64,미지정,0
285148,1117000000000003877,이촌동 302-41도,도,국유지,5491.017955377931,126.97084187581538,37.51823760075448,313.46249377,264.25899083,480.05874377,152,미지정,1
285148,1117000000000003877,이촌동 302-41도,도,국유지,5491.017955377931,126.97084187581538,37.51823760075448,313.46249377,264.25899083,480.05874377,64,미지정,0
285149,1117000000000003878,이촌동 302-42도,도,국유지,428.73516569455387,126.97178993552802,37.51774141990875,322.74012282,328.64604662,450.23348699,152,미지정,1
285149,1117000000000003878,이촌동 302-42도,도,국유지,428.73516569455387,126.97178993552802,37.51774141990875,322.74012282,328.64604662,450.23348699,64,미지정,0
285150,1117000000000003879,이촌동 300-126도,도,국유지,560.3580857291818,126.97181569198577,37.518093364001686,285.26841089,291.46601298,421.61436639,152,미지정,1
285150,1117000000000003879,이촌동 300-126도,도,국유지,560.3580857291818,126.97181569198577,37.518093364001686,285.26841089,291.46601298,421.61436639,64,미지정,0
285151,1117000000000003880,이촌동 300-129도,도,국유지,547.134603059385,126.9719449072661,37.518344623911695,255.13917122,270.70515869,394.70998609,152,미지정,1
285151,1117000000000003880,이촌동 300-129도,도,국유지,547.134603059385,126.9719449072661,37.518344623911695,255.13917122,270.70515869,394.70998609,64,미지정,0
285152,1117000000000003881,이촌동 300-132도,도,국유지,565.0983580239117,126.97206816710215,37.51860836015301,223.90738575,242.74864008,367.87653099,152,미지정,1
285152,1117000000000003881,이촌동 300-132도,도,국유지,565.0983580239117,126.97206816710215,37.51860836015301,223.90738575,242.74864008,367.87653099,64,미지정,0
285153,1117000000000003882,이촌동 300-135도,도,국유지,555.7457199548371,126.97220764807314,37.518865507384156,192.8453763,216.70105578,341.03431117,152,미지정,1
285153,1117000000000003882,이촌동 300-135도,도,국유지,555.7457199548371,126.97220764807314,37.518865507384156,192.8453763,216.70105578,341.03431117,64,미지정,0
285154,1117000000000003883,이촌동 300-164도,도,국유지,585.6547831520438,126.97232996238623,37.519125724308935,162.00704122,191.38762898,316.08130663,152,미지정,1
285154,1117000000000003883,이촌동 300-164도,도,국유지,585.6547831520438,126.97232996238623,37.519125724308935,162.00704122,191.38762898,316.08130663,64,미지정,0
285155,1117000000000003884,이촌동 302-24 도,도,국유지,299.10621115751565,126.97410998798827,37.51682610434436,337.08877951,301.39330586,436.48667865,152,미지정,1
285155,1117000000000003884,이촌동 302-24 도,도,국유지,299.10621115751565,126.97410998798827,37.51682610434436,337.08877951,301.39330586,436.48667865,64,미지정,0
285156,1117000000000003885,이촌동 302-197 도,도,국유지,1351.923304733471,126.97378416638963,37.51685557163506,409.61813852,327.18727777,441.58861772,152,미지정,1
285156,1117000000000003885,이촌동 302-197 도,도,국유지,1351.923304733471,126.97378416638963,37.51685557163506,409.61813852,327.18727777,441.58861772,64,미지정,0
285157,1117000000000003886,이촌동 302-131도,도,국유지,2889.8600292783813,126.97394955949429,37.51708520682484,387.51067329,305.49862857,412.82312571,152,미지정,1
285157,1117000000000003886,이촌동 302-131도,도,국유지,2889.8600292783813,126.97394955949429,37.51708520682484,387.51067329,305.49862857,412.82312571,64,미지정,0
285158,1117000000000003887,이촌동 301-103도,도,국유지,2057.811979969789,126.96902722433488,37.521760216722306,58.97968135,107.87501991,322.26073904,152,미지정,1
285158,1117000000000003887,이촌동 301-103도,도,국유지,2057.811979969789,126.96902722433488,37.521760216722306,58.97968135,107.87501991,322.26073904,64,미지정,0
285159,1117000000000003888,이촌동 415-2도,도,국유지,124.13047211244702,126.97035031150547,37.522702239645916,66.82905601,100.48533173,321.04069733,152,미지정,1
285159,1117000000000003888,이촌동 415-2도,도,국유지,124.13047211244702,126.97035031150547,37.522702239645916,66.82905601,100.48533173,321.04069733,64,미지정,0
285160,1117000000000003889,이촌동 404-1도,도,국유지,143.8779548696475,126.9704625916695,37.52195991171724,27.79717475,90.18493208,381.03241504,152,미지정,1
285160,1117000000000003889,이촌동 404-1도,도,국유지,143.8779548696475,126.9704625916695,37.52195991171724,27.79717475,90.18493208,381.03241504,64,미지정,0
285161,1117000000000003890,이촌동 415-1도,도,국유지,159.7056031562388,126.96884134187246,37.522441569009295,102.10079121,130.42190241,248.31539706,152,미지정,1
285161,1117000000000003890,이촌동 415-1도,도,국유지,159.7056031562388,126.96884134187246,37.522441569009295,102.10079121,130.42190241,248.31539706,64,미지정,0
285162,1117000000000003891,이촌동 399-3도,도,국유지,18.013554208446294,126.96872605800654,37.52144055691722,33.93383618,81.25303241,343.93642399,152,미지정,1
285162,1117000000000003891,이촌동 399-3도,도,국유지,18.013554208446294,126.96872605800654,37.52144055691722,33.93383618,81.25303241,343.93642399,64,미지정,0
285163,1117000000000003892,이촌동 301-5도,도,국유지,37880.29198041069,126.97030717693889,37.52069280203117,74.14373088,53.75833641,481.62382613,152,미지정,1
285163,1117000000000003892,이촌동 301-5도,도,국유지,37880.29198041069,126.97030717693889,37.52069280203117,74.14373088,53.75833641,481.62382613,64,미지정,0
285164,1117000000000003893,이촌동 428 도,도,국유지,732.501683538314,126.97076579140342,37.51982684004722,177.43427286,88.70415518,416.33704174,152,미지정,1
285164,1117000000000003893,이촌동 428 도,도,국유지,732.501683538314,126.97076579140342,37.51982684004722,177.43427286,88.70415518,416.33704174,64,미지정,0
285165,1117000000000003894,이촌동 302-31도,도,국유지,8528.299170004204,126.96813854343839,37.52040791226441,35.01809871,133.96595228,442.00517682,152,미지정,1
285165,1117000000000003894,이촌동 302-31도,도,국유지,8528.299170004204,126.96813854343839,37.52040791226441,35.01809871,133.96595228,442.00517682,64,미지정,0
285166,1117000000000003895,이촌동 303-18 도,도,국유지,1831.249623766751,126.958903653812,37.51763649379324,694.77570077,727.13614684,1002.84066986,152,미지정,1
285166,1117000000000003895,이촌동 303-18 도,도,국유지,1831.249623766751,126.958903653812,37.51763649379324,694.77570077,727.13614684,1002.84066986,64,미지정,0
285167,1117000000000003896,이촌동 171-1도,도,국유지,18017.59289124352,126.95494572388469,37.52720662906509,44.01653508,53.33874084,1038.30574738,152,미지정,1
285167,1117000000000003896,이촌동 171-1도,도,국유지,18017.59289124352,126.95494572388469,37.52720662906509,44.01653508,53.33874084,1038.30574738,64,미지정,0
285168,1117000000000003897,이촌동 171-12 도,도,국유지,933.5685549974442,126.95464391937777,37.530755084329854,383.50811227,169.87935464,659.56791028,152,미지정,1
285168,1117000000000003897,이촌동 171-12 도,도,국유지,933.5685549974442,126.95464391937777,37.530755084329854,383.50811227,169.87935464,659.56791028,64,미지정,0
285169,1117000000000003898,이촌동 171-13 도,도,국유지,1314.9870530792978,126.95683952440817,37.52446223021943,92.90720259,343.2702777,734.78662958,152,미지정,1
285169,1117000000000003898,이촌동 171-13 도,도,국유지,1314.9870530792978,126.95683952440817,37.52446223021943,92.90720259,343.2702777,734.78662958,64,미지정,0
285170,1117000000000003899,이촌동 172-1도,도,국유지,22193.514390212018,126.95384660874016,37.526758782778224,65.76025863,57.58371803,1063.19792509,152,미지정,1
285170,1117000000000003899,이촌동 172-1도,도,국유지,22193.514390212018,126.95384660874016,37.526758782778224,65.76025863,57.58371803,1063.19792509,64,미지정,0
285171,1117000000000003900,이촌동 171-11 도,도,국유지,9432.490453271836,126.95931906239524,37.52346374907175,127.56472179,382.86891449,546.30846524,152,미지정,1
285171,1117000000000003900,이촌동 171-11 도,도,국유지,9432.490453271836,126.95931906239524,37.52346374907175,127.56472179,382.86891449,546.30846524,64,미지정,0
285172,1117000000000003901,이촌동 172-4 도,도,국유지,474.159841616638,126.95598685699211,37.523979187363146,70.89593757,352.07373184,816.93403811,152,미지정,1
285172,1117000000000003901,이촌동 172-4 도,도,국유지,474.159841616638,126.95598685699211,37.523979187363146,70.89593757,352.07373184,816.93403811,64,미지정,0
285173,1117000000000003902,이촌동 172-2 도,도,국유지,14603.154322730377,126.9586477562986,37.522867402156415,157.19955816,456.69659694,626.56970768,152,미지정,1
285173,1117000000000003902,이촌동 172-2 도,도,국유지,14603.154322730377,126.9586477562986,37.522867402156415,157.19955816,456.69659694,626.56970768,64,미지정,0
285174,1117000000000003903,이촌동 172-3 도,도,국유지,3108.5476826543454,126.95367902139411,37.53037797940904,373.37831438,262.18080963,669.0048225,152,미지정,1
285174,1117000000000003903,이촌동 172-3 도,도,국유지,3108.5476826543454,126.95367902139411,37.53037797940904,373.37831438,262.18080963,669.0048225,64,미지정,0
285175,1117000000000003904,이촌동 304-16 도,도,국유지,1359.0290599604486,126.95853574634738,37.51730882961155,721.5630324,774.09571488,1051.09363988,152,미지정,1
285175,1117000000000003904,이촌동 304-16 도,도,국유지,1359.0290599604486,126.95853574634738,37.51730882961155,721.5630324,774.09571488,1051.09363988,64,미지정,0
285176,1117000000000003905,이촌동 1-13도,도,국유지,342.4669576573651,126.95536435245502,37.527172692854535,79.25398319,84.26642828,1053.18144656,152,미지정,1
285176,1117000000000003905,이촌동 1-13도,도,국유지,342.4669576573651,126.95536435245502,37.527172692854535,79.25398319,84.26642828,1053.18144656,64,미지정,0
285177,1117000000000003906,이촌동 395-3도,도,국유지,234.03718371217838,126.95594920072664,37.524582429518595,86.20867801,289.77496896,811.79253295,152,미지정,1
285177,1117000000000003906,이촌동 395-3도,도,국유지,234.03718371217838,126.95594920072664,37.524582429518595,86.20867801,289.77496896,811.79253295,64,미지정,0
285178,1117000000000003907,이촌동 397잡,잡,국유지,853.2700978182256,126.9552727665009,37.52535085736871,34.95609915,187.26849059,868.74153779,152,미지정,1
285178,1117000000000003907,이촌동 397잡,잡,국유지,853.2700978182256,126.9552727665009,37.52535085736871,34.95609915,187.26849059,868.74153779,64,미지정,0
285179,1117000000000003908,이촌동 397-1도,도,국유지,122.89530642516911,126.95520405380591,37.52530374326429,28.65287628,189.95448605,874.74785478,152,미지정,1
285179,1117000000000003908,이촌동 397-1도,도,국유지,122.89530642516911,126.95520405380591,37.52530374326429,28.65287628,189.95448605,874.74785478,64,미지정,0
285180,1117000000000003909,이촌동 203-35도,도,국유지,1984.8077834057622,126.95550050308445,37.525805919657955,89.19625238,152.91799511,850.93408598,152,미지정,1
285180,1117000000000003909,이촌동 203-35도,도,국유지,1984.8077834057622,126.95550050308445,37.525805919657955,89.19625238,152.91799511,850.93408598,64,미지정,0
285181,1117000000000003910,이촌동 395-2도,도,국유지,231.03245547803817,126.95491052773654,37.525408999971674,46.14795741,171.31909925,900.87983694,152,미지정,1
285181,1117000000000003910,이촌동 395-2도,도,국유지,231.03245547803817,126.95491052773654,37.525408999971674,46.14795741,171.31909925,900.87983694,64,미지정,0
285182,1117000000000003911,이촌동 212-12도,도,국유지,312.6720065944828,126.95400102430555,37.529678935021316,292.11873623,309.86879822,751.48650594,152,미지정,1
285182,1117000000000003911,이촌동 212-12도,도,국유지,312.6720065944828,126.95400102430555,37.529678935021316,292.11873623,309.86879822,751.48650594,64,미지정,0
285183,1117000000000003912,이촌동 210-8도,도,국유지,60.83381398557685,126.95406541541686,37.52906598406171,224.01592118,241.71244899,818.38430191,152,미지정,1
285183,1117000000000003912,이촌동 210-8도,도,국유지,60.83381398557685,126.95406541541686,37.52906598406171,224.01592118,241.71244899,818.38430191,64,미지정,0
285184,1117000000000003913,이촌동 212-44 도,도,국유지,170.52911214530468,126.95445449983703,37.53068559759536,391.38992342,187.45259398,659.88947799,152,미지정,1
285184,1117000000000003913,이촌동 212-44 도,도,국유지,170.52911214530468,126.95445449983703,37.53068559759536,391.38992342,187.45259398,659.88947799,64,미지정,0
285185,1117000000000003914,이촌동 209-4도,도,국유지,195.3457729704678,126.95433216726933,37.528101126556855,114.67488824,132.53131168,927.86878374,152,미지정,1
285185,1117000000000003914,이촌동 209-4도,도,국유지,195.3457729704678,126.95433216726933,37.528101126556855,114.67488824,132.53131168,927.86878374,64,미지정,0
285186,1117000000000003915,이촌동 171-9도,도,국유지,26.213883044198155,126.95404481012973,37.52709452170659,38.20687422,42.61803371,1030.26211672,152,미지정,1
285186,1117000000000003915,이촌동 171-9도,도,국유지,26.213883044198155,126.95404481012973,37.52709452170659,38.20687422,42.61803371,1030.26211672,64,미지정,0
285187,1117000000000003916,이촌동 396잡,잡,국유지,845.4316587205976,126.95443796223746,37.52619001020217,98.20363652,80.17882253,1135.83622606,152,미지정,1
285187,1117000000000003916,이촌동 396잡,잡,국유지,845.4316587205976,126.95443796223746,37.52619001020217,98.20363652,80.17882253,1135.83622606,64,미지정,0
285188,1117000000000003917,이촌동 396-1도,도,국유지,113.92198039032519,126.95435789688828,37.52615485681479,102.58204583,84.6053856,1138.07122703,152,미지정,1
285188,1117000000000003917,이촌동 396-1도,도,국유지,113.92198039032519,126.95435789688828,37.52615485681479,102.58204583,84.6053856,1138.07122703,64,미지정,0
285189,1117000000000003918,이촌동 206-12도,도,국유지,972.6965432453435,126.954650922546,37.52640702667253,75.65048587,58.30711646,1116.85812525,152,미지정,1
285189,1117000000000003918,이촌동 206-12도,도,국유지,972.6965432453435,126.954650922546,37.52640702667253,75.65048587,58.30711646,1116.85812525,64,미지정,0
285190,1117000000000003919,이촌동 395-1도,도,국유지,159.08505204413086,126.95421881029463,37.52619555421254,100.15044097,82.53465159,1131.03153574,152,미지정,1
285190,1117000000000003919,이촌동 395-1도,도,국유지,159.08505204413086,126.95421881029463,37.52619555421254,100.15044097,82.53465159,1131.03153574,64,미지정,0
285191,1117000000000003920,이촌동 1-45도,도,국유지,41.65139047126286,126.95680332732698,37.526001833038904,179.24075863,229.74140629,738.36912655,152,미지정,1
285191,1117000000000003920,이촌동 1-45도,도,국유지,41.65139047126286,126.95680332732698,37.526001833038904,179.24075863,229.74140629,738.36912655,64,미지정,0
285192,1117000000000003921,이촌동 1-53도,도,국유지,1861.7000480829156,126.95607697024356,37.5264003939089,170.33805195,153.0572463,808.11551186,152,미지정,1
285192,1117000000000003921,이촌동 1-53도,도,국유지,1861.7000480829156,126.95607697024356,37.5264003939089,170.33805195,153.0572463,808.11551186,64,미지정,0
285193,1117000000000003922,이촌동 199-30도,도,국유지,759.6286718539195,126.9563160228062,37.52505002290098,101.49866929,263.3685234,776.60542771,152,미지정,1
285193,1117000000000003922,이촌동 199-30도,도,국유지,759.6286718539195,126.9563160228062,37.52505002290098,101.49866929,263.3685234,776.60542771,64,미지정,0
285194,1117000000000003923,이촌동 199-51도,도,국유지,460.6786036345875,126.95614146923135,37.52476425639933,91.61851942,280.49527254,793.35793991,152,미지정,1
285194,1117000000000003923,이촌동 199-51도,도,국유지,460.6786036345875,126.95614146923135,37.52476425639933,91.61851942,280.49527254,793.35793991,64,미지정,0
285195,1117000000000003924,이촌동 398잡,잡,국유지,1662.4167657122016,126.95608444306151,37.52470126078809,89.66412192,283.89211482,798.84895425,152,미지정,1
285195,1117000000000003924,이촌동 398잡,잡,국유지,1662.4167657122016,126.95608444306151,37.52470126078809,89.66412192,283.89211482,798.84895425,64,미지정,0
285196,1117000000000003925,이촌동 398-1도,도,국유지,237.82767983136,126.95602665145825,37.524649449610166,87.82099235,286.38582232,804.36605808,152,미지정,1
285196,1117000000000003925,이촌동 398-1도,도,국유지,237.82767983136,126.95602665145825,37.524649449610166,87.82099235,286.38582232,804.36605808,64,미지정,0
285197,1117000000000003926,이촌동 309-31 도,도,국유지,115.90410398133099,126.95684059731394,37.52581470992044,170.64924171,242.44355851,732.95614625,152,미지정,1
285197,1117000000000003926,이촌동 309-31 도,도,국유지,115.90410398133099,126.95684059731394,37.52581470992044,170.64924171,242.44355851,732.95614625,64,미지정,0
285198,1117000000000003927,이촌동 309-34도,도,국유지,256.6344343746896,126.95679562601066,37.52567735381742,159.98923505,247.13086839,735.72174953,152,미지정,1
285198,1117000000000003927,이촌동 309-34도,도,국유지,256.6344343746896,126.95679562601066,37.52567735381742,159.98923505,247.13086839,735.72174953,64,미지정,0
285199,1117000000000003928,이촌동 212-27도,도,국유지,442.03228110144846,126.95391658788768,37.530070443168334,336.19484327,269.00373516,707.75082472,152,미지정,1
285199,1117000000000003928,이촌동 212-27도,도,국유지,442.03228110144846,126.95391658788768,37.530070443168334,336.19484327,269.00373516,707.75082472,64,미지정,0
285200,1117000000000003929,이촌동 431 도,도,국유지,88.66757308942033,126.97156523608497,37.519052968960885,202.74232237,183.15834986,378.8541107,152,미지정,1
285200,1117000000000003929,이촌동 431 도,도,국유지,88.66757308942033,126.97156523608497,37.519052968960885,202.74232237,183.15834986,378.8541107,64,미지정,0
285201,1117000000000003930,이촌동 417-1도,도,국유지,368.71393490582705,126.97120037203199,37.52244961037049,23.30076645,21.58618329,399.31795729,152,미지정,1
285201,1117000000000003930,이촌동 417-1도,도,국유지,368.71393490582705,126.97120037203199,37.52244961037049,23.30076645,21.58618329,399.31795729,64,미지정,0
285202,1117000000000003931,이촌동 301-231 도,도,국유지,3642.4510607117554,126.97155800739252,37.521838533416215,63.57727537,55.41133316,362.40849645,152,미지정,1
285202,1117000000000003931,이촌동 301-231 도,도,국유지,3642.4510607117554,126.97155800739252,37.521838533416215,63.57727537,55.41133316,362.40849645,64,미지정,0
285203,1117000000000003932,이촌동 410-1도,도,국유지,94.34093707904685,126.97230492309296,37.521152116409276,94.6719944,67.70039455,276.77228669,152,미지정,1
285203,1117000000000003932,이촌동 410-1도,도,국유지,94.34093707904685,126.97230492309296,37.521152116409276,94.6719944,67.70039455,276.77228669,64,미지정,0
285204,1117000000000003933,이촌동 410-2도,도,국유지,55.5227032485418,126.97209800665604,37.52074209344996,82.87533161,35.20905421,289.19023934,152,미지정,1
285204,1117000000000003933,이촌동 410-2도,도,국유지,55.5227032485418,126.97209800665604,37.52074209344996,82.87533161,35.20905421,289.19023934,64,미지정,0
285205,1117000000000003934,이촌동 300-209도,도,국유지,3391.163448360283,126.97124286333703,37.51936775756893,197.79188179,141.88366293,390.4967849,152,미지정,1
285205,1117000000000003934,이촌동 300-209도,도,국유지,3391.163448360283,126.97124286333703,37.51936775756893,197.79188179,141.88366293,390.4967849,64,미지정,0
285206,1117000000000003935,이촌동 405-3도,도,국유지,98.59415896609426,126.9718215998607,37.52129612113976,113.4057304,58.68712134,321.96783636,152,미지정,1
285206,1117000000000003935,이촌동 405-3도,도,국유지,98.59415896609426,126.9718215998607,37.52129612113976,113.4057304,58.68712134,321.96783636,64,미지정,0
285207,1117000000000003936,이촌동 405-4도,도,국유지,59.967113664606586,126.97161638378053,37.520898672174944,128.83317775,15.57732428,332.83871616,152,미지정,1
285207,1117000000000003936,이촌동 405-4도,도,국유지,59.967113664606586,126.97161638378053,37.520898672174944,128.83317775,15.57732428,332.83871616,64,미지정,0
285208,1117000000000003937,이촌동 301-234도,도,국유지,1066.9188291406026,126.97206681851398,37.5211704098394,110.55634479,54.37174125,297.78893182,152,미지정,1
285208,1117000000000003937,이촌동 301-234도,도,국유지,1066.9188291406026,126.97206681851398,37.5211704098394,110.55634479,54.37174125,297.78893182,64,미지정,0
285209,1117000000000003938,이촌동 300-155도,도,국유지,570.268874062458,126.9727315508997,37.5199077187836,68.30678296,132.55322808,246.31036642,152,미지정,1
285209,1117000000000003938,이촌동 300-155도,도,국유지,570.268874062458,126.9727315508997,37.5199077187836,68.30678296,132.55322808,246.31036642,64,미지정,0
285210,1117000000000003939,이촌동 300-140도,도,국유지,360.8534725867212,126.97360518646309,37.5196288287224,110.4120294,225.91612121,191.24571382,152,미지정,1
285210,1117000000000003939,이촌동 300-140도,도,국유지,360.8534725867212,126.97360518646309,37.5196288287224,110.4120294,225.91612121,191.24571382,64,미지정,0
285211,1117000000000003940,이촌동 300-158도,도,국유지,557.7061534232926,126.9726011280098,37.51964767705218,99.35713852,148.32474004,267.63860703,152,미지정,1
285211,1117000000000003940,이촌동 300-158도,도,국유지,557.7061534232926,126.9726011280098,37.51964767705218,99.35713852,148.32474004,267.63860703,64,미지정,0
285212,1117000000000003941,이촌동 300-143도,도,국유지,360.1106488998048,126.97347911803466,37.51937099714825,131.81593133,221.35282641,217.589303,152,미지정,1
285212,1117000000000003941,이촌동 300-143도,도,국유지,360.1106488998048,126.97347911803466,37.51937099714825,131.81593133,221.35282641,217.589303,64,미지정,0
285213,1117000000000003942,이촌동 300-161도,도,국유지,569.8806744487956,126.97247487258927,37.51938552508932,130.51434835,168.773058,290.51688461,152,미지정,1
285213,1117000000000003942,이촌동 300-161도,도,국유지,569.8806744487956,126.97247487258927,37.51938552508932,130.51434835,168.773058,290.51688461,64,미지정,0
285214,1117000000000003943,이촌동 300-146도,도,국유지,363.3381662289612,126.97335014807216,37.519110805471925,156.55522813,235.34049622,245.31833598,152,미지정,1
285214,1117000000000003943,이촌동 300-146도,도,국유지,363.3381662289612,126.97335014807216,37.519110805471925,156.55522813,235.34049622,245.31833598,64,미지정,0
285215,1117000000000003944,이촌동 300-187도,도,국유지,31.220716504380107,126.97353718918919,37.51869596647811,205.1389547,282.16182724,268.70545283,152,미지정,1
285215,1117000000000003944,이촌동 300-187도,도,국유지,31.220716504380107,126.97353718918919,37.51869596647811,205.1389547,282.16182724,268.70545283,64,미지정,0
285216,1117000000000003945,이촌동 300-152도,도,국유지,1083.7761270510964,126.97309256203056,37.51940577416054,120.77717491,195.54791107,242.59294085,152,미지정,1
285216,1117000000000003945,이촌동 300-152도,도,국유지,1083.7761270510964,126.97309256203056,37.51940577416054,120.77717491,195.54791107,242.59294085,64,미지정,0
285217,1117000000000003946,이촌동 300-206도,도,국유지,63.638352831825614,126.97279450000002,37.5188095,187.2738768,238.67041036,304.13175644,152,미지정,1
285217,1117000000000003946,이촌동 300-206도,도,국유지,63.638352831825614,126.97279450000002,37.5188095,187.2738768,238.67041036,304.13175644,64,미지정,0
285218,1117000000000003947,이촌동 300-149도,도,국유지,358.56791810970753,126.97321580133625,37.51885100623433,183.12739615,252.101163,274.05883988,152,미지정,1
285218,1117000000000003947,이촌동 300-149도,도,국유지,358.56791810970753,126.97321580133625,37.51885100623433,183.12739615,252.101163,274.05883988,64,미지정,0
285219,1117000000000003948,이촌동 300-186도,도,국유지,37.529582757502794,126.9735609607843,37.51874243137256,200.66328379,279.19003926,263.32591991,152,미지정,1
285219,1117000000000003948,이촌동 300-186도,도,국유지,37.529582757502794,126.9735609607843,37.51874243137256,200.66328379,279.19003926,263.32591991,64,미지정,0
285220,1117000000000003949,이촌동 300-114도,도,국유지,353.2236731130397,126.9730883141484,37.51858841349425,211.30233164,271.97150164,303.11083309,152,미지정,1
285220,1117000000000003949,이촌동 300-114도,도,국유지,353.2236731130397,126.9730883141484,37.51858841349425,211.30233164,271.97150164,303.11083309,64,미지정,0
285221,1117000000000003950,이촌동 299-4도,도,국유지,63.939686972647905,126.97334008777042,37.52214983688814,123.00722277,4.99559115,246.07388268,152,미지정,1
285221,1117000000000003950,이촌동 299-4도,도,국유지,63.939686972647905,126.97334008777042,37.52214983688814,123.00722277,4.99559115,246.07388268,64,미지정,0
285222,1117000000000003951,이촌동 301-240도,도,국유지,408.555107107386,126.97319686090798,37.52186586488239,119.72886514,38.88039335,235.80952474,152,미지정,1
285222,1117000000000003951,이촌동 301-240도,도,국유지,408.555107107386,126.97319686090798,37.52186586488239,119.72886514,38.88039335,235.80952474,64,미지정,0
285223,1117000000000003952,이촌동 406-1도,도,국유지,96.74310344643891,126.97239953856297,37.52233698272569,38.64791016,87.44443699,323.56034248,152,미지정,1
285223,1117000000000003952,이촌동 406-1도,도,국유지,96.74310344643891,126.97239953856297,37.52233698272569,38.64791016,87.44443699,323.56034248,64,미지정,0
285224,1117000000000003953,이촌동 409-2도,도,국유지,66.40830899059074,126.9743725120042,37.52093815530275,132.70614192,71.41020588,94.29095265,152,미지정,1
285224,1117000000000003953,이촌동 409-2도,도,국유지,66.40830899059074,126.9743725120042,37.52093815530275,132.70614192,71.41020588,94.29095265,64,미지정,0
285225,1117000000000003954,이촌동 405-2도,도,국유지,1543.0552480905317,126.97274770815099,37.52110055601479,70.78850839,99.21173082,237.31396927,152,미지정,1
285225,1117000000000003954,이촌동 405-2도,도,국유지,1543.0552480905317,126.97274770815099,37.52110055601479,70.78850839,99.21173082,237.31396927,64,미지정,0
285226,1117000000000003955,이촌동 409-4도,도,국유지,59.53602067765314,126.97396129095254,37.52013662101735,95.1682031,161.62463785,135.72168654,152,미지정,1
285226,1117000000000003955,이촌동 409-4도,도,국유지,59.53602067765314,126.97396129095254,37.52013662101735,95.1682031,161.62463785,135.72168654,64,미지정,0
285227,1117000000000003956,이촌동 301-244도,도,국유지,4971.733902512176,126.97425440047847,37.52094976159689,123.61290051,79.31614666,104.5190918,152,미지정,1
285227,1117000000000003956,이촌동 301-244도,도,국유지,4971.733902512176,126.97425440047847,37.52094976159689,123.61290051,79.31614666,104.5190918,64,미지정,0
285228,1117000000000003957,이촌동 300-190도,도,국유지,37.23536271043122,126.97343007905135,37.51847969301713,226.66429419,297.1392031,293.65528447,152,미지정,1
285228,1117000000000003957,이촌동 300-190도,도,국유지,37.23536271043122,126.97343007905135,37.51847969301713,226.66429419,297.1392031,293.65528447,64,미지정,0
285229,1117000000000003958,이촌동 300-191도,도,국유지,31.421959104016423,126.97340669071038,37.51843346557377,231.37166877,300.50926553,299.03229965,152,미지정,1
285229,1117000000000003958,이촌동 300-191도,도,국유지,31.421959104016423,126.97340669071038,37.51843346557377,231.37166877,300.50926553,299.03229965,64,미지정,0
285230,1117000000000003959,이촌동 300-117도,도,국유지,349.2816656647483,126.9729570711453,37.5183276178678,240.04170376,293.51760691,332.62040353,152,미지정,1
285230,1117000000000003959,이촌동 300-117도,도,국유지,349.2816656647483,126.9729570711453,37.5183276178678,240.04170376,293.51760691,332.62040353,64,미지정,0
285231,1117000000000003960,이촌동 300-120도,도,국유지,345.95275997999124,126.97283042259659,37.518067521578416,269.2276302,316.72654323,362.09799015,152,미지정,1
285231,1117000000000003960,이촌동 300-120도,도,국유지,345.95275997999124,126.97283042259659,37.518067521578416,269.2276302,316.72654323,362.09799015,64,미지정,0
285232,1117000000000003961,이촌동 300-198도,도,국유지,36.494811452925205,126.97316922848051,37.51795835278039,281.51076954,338.55538252,354.43021493,152,미지정,1
285232,1117000000000003961,이촌동 300-198도,도,국유지,36.494811452925205,126.97316922848051,37.51795835278039,281.51076954,338.55538252,354.43021493,64,미지정,0
285233,1117000000000003962,이촌동 300-138도,도,국유지,923.5270351544023,126.97255404393096,37.51833730721204,241.91430589,280.94948166,355.71598096,152,미지정,1
285233,1117000000000003962,이촌동 300-138도,도,국유지,923.5270351544023,126.97255404393096,37.51833730721204,241.91430589,280.94948166,355.71598096,64,미지정,0
285234,1117000000000003963,이촌동 300-199 도,도,국유지,31.441793437406886,126.9731455366932,37.517912358090186,286.49256837,342.4904114,359.84958965,152,미지정,1
285234,1117000000000003963,이촌동 300-199 도,도,국유지,31.441793437406886,126.9731455366932,37.517912358090186,286.49256837,342.4904114,359.84958965,64,미지정,0
285235,1117000000000003964,이촌동 300-103도,도,국유지,220.328109015245,126.97339810499285,37.51788593749861,291.40049997,354.07537017,350.71456778,152,미지정,1
285235,1117000000000003964,이촌동 300-103도,도,국유지,220.328109015245,126.97339810499285,37.51788593749861,291.40049997,354.07537017,350.71456778,64,미지정,0
285236,1117000000000003965,이촌동 300-204도,도,국유지,41.54809333011508,126.97299013622232,37.51759798661787,321.01365592,370.64603883,396.65729621,152,미지정,1
285236,1117000000000003965,이촌동 300-204도,도,국유지,41.54809333011508,126.97299013622232,37.51759798661787,321.01365592,370.64603883,396.65729621,64,미지정,0
285237,1117000000000003966,이촌동 302-103도,도,국유지,482.1079466633382,126.97251868635713,37.5175884676422,324.64738326,361.06767318,421.0648997,152,미지정,1
285237,1117000000000003966,이촌동 302-103도,도,국유지,482.1079466633382,126.97251868635713,37.5175884676422,324.64738326,361.06767318,421.0648997,64,미지정,0
285238,1117000000000003967,이촌동 302-27도,도,국유지,171.05408854945563,126.97252826687128,37.51748342276843,336.11483273,372.66326635,429.97228707,152,미지정,1
285238,1117000000000003967,이촌동 302-27도,도,국유지,171.05408854945563,126.97252826687128,37.51748342276843,336.11483273,372.66326635,429.97228707,64,미지정,0
285239,1117000000000003968,이촌동 300-194도,도,국유지,36.88225779123604,126.97329850000001,37.518219,253.64956321,316.9517834,324.03052163,152,미지정,1
285239,1117000000000003968,이촌동 300-194도,도,국유지,36.88225779123604,126.97329850000001,37.518219,253.64956321,316.9517834,324.03052163,64,미지정,0
285240,1117000000000003969,이촌동 300-195도,도,국유지,32.064746521413326,126.97327530864955,37.518173035903715,258.5055437,320.63295805,329.40141807,152,미지정,1
285240,1117000000000003969,이촌동 300-195도,도,국유지,32.064746521413326,126.97327530864955,37.518173035903715,258.5055437,320.63295805,329.40141807,64,미지정,0
285241,1117000000000003970,이촌동 300-123도,도,국유지,350.6633630466531,126.97269969739408,37.51781171339433,298.32689933,340.61573045,391.64120079,152,미지정,1
285241,1117000000000003970,이촌동 300-123도,도,국유지,350.6633630466531,126.97269969739408,37.51781171339433,298.32689933,340.61573045,391.64120079,64,미지정,0
285242,1117000000000003971,이촌동 300-202도,도,국유지,35.32243485748768,126.97304150000001,37.517702,309.51520348,361.14095426,384.46673296,152,미지정,1
285242,1117000000000003971,이촌동 300-202도,도,국유지,35.32243485748768,126.97304150000001,37.517702,309.51520348,361.14095426,384.46673296,64,미지정,0
285243,1117000000000003972,이촌동 300-203도,도,국유지,35.24396881554276,126.97301732897179,37.517652067093536,315.02703268,365.69598442,390.2943778,152,미지정,1
285243,1117000000000003972,이촌동 300-203도,도,국유지,35.24396881554276,126.97301732897179,37.517652067093536,315.02703268,365.69598442,390.2943778,64,미지정,0
285244,1117000000000003973,이촌동 300-100도,도,국유지,230.49380567949265,126.97327074485807,37.51762845813733,318.66455771,375.8579734,381.13804282,152,미지정,1
285244,1117000000000003973,이촌동 300-100도,도,국유지,230.49380567949265,126.97327074485807,37.51762845813733,318.66455771,375.8579734,381.13804282,64,미지정,0
285245,1117000000000003974,이촌동 300-170도,도,국유지,62.559359822422266,126.97394127472813,37.51844364779381,242.51133862,333.65881959,273.36875046,152,미지정,1
285245,1117000000000003974,이촌동 300-170도,도,국유지,62.559359822422266,126.97394127472813,37.51844364779381,242.51133862,333.65881959,273.36875046,64,미지정,0
285246,1117000000000003975,이촌동 300-109도,도,국유지,224.21682778839022,126.97365538613688,37.51840870940545,238.60950469,314.40696913,289.19447857,152,미지정,1
285246,1117000000000003975,이촌동 300-109도,도,국유지,224.21682778839022,126.97365538613688,37.51840870940545,238.60950469,314.40696913,289.19447857,64,미지정,0
285247,1117000000000003976,이촌동 300-69도,도,국유지,613.8010940520326,126.97456873802179,37.51842476255636,240.71911641,247.73904744,254.64635223,152,미지정,1
285247,1117000000000003976,이촌동 300-69도,도,국유지,613.8010940520326,126.97456873802179,37.51842476255636,240.71911641,247.73904744,254.64635223,64,미지정,0
285248,1117000000000003977,이촌동 300-106도,도,국유지,216.5743508450687,126.97352565493289,37.51814816889412,264.37728087,333.24734248,319.88404289,152,미지정,1
285248,1117000000000003977,이촌동 300-106도,도,국유지,216.5743508450687,126.97352565493289,37.51814816889412,264.37728087,333.24734248,319.88404289,64,미지정,0
285249,1117000000000003978,이촌동 300-88도,도,국유지,607.3225159029244,126.97444840801057,37.51814961393971,290.39186371,252.06875093,286.94153848,152,미지정,1
285249,1117000000000003978,이촌동 300-88도,도,국유지,607.3225159029244,126.97444840801057,37.51814961393971,290.39186371,252.06875093,286.94153848,64,미지정,0
285250,1117000000000003979,이촌동 300-90도,도,국유지,590.5695445309393,126.97432660607522,37.51793323770836,307.73924558,260.68229612,313.04182898,152,미지정,1
285250,1117000000000003979,이촌동 300-90도,도,국유지,590.5695445309393,126.97432660607522,37.51793323770836,307.73924558,260.68229612,313.04182898,64,미지정,0
285251,1117000000000003980,이촌동 300-96도,도,국유지,576.2626883804332,126.97408873952368,37.51742323192835,354.22369005,285.26712636,373.34203767,152,미지정,1
285251,1117000000000003980,이촌동 300-96도,도,국유지,576.2626883804332,126.97408873952368,37.51742323192835,354.22369005,285.26712636,373.34203767,64,미지정,0
285252,1117000000000003981,이촌동 302-21도,도,국유지,1272.8752905707224,126.97326295157065,37.51736255440786,348.03877576,403.1983247,407.49621507,152,미지정,1
285252,1117000000000003981,이촌동 302-21도,도,국유지,1272.8752905707224,126.97326295157065,37.51736255440786,348.03877576,403.1983247,407.49621507,64,미지정,0
285253,1117000000000003982,이촌동 300-112도,도,국유지,877.1269126122352,126.97370239777916,37.517958919986654,288.10839874,359.20611747,330.90148398,152,미지정,1
285253,1117000000000003982,이촌동 300-112도,도,국유지,877.1269126122352,126.97370239777916,37.517958919986654,288.10839874,359.20611747,330.90148398,64,미지정,0
285254,1117000000000003983,이촌동 300-93도,도,국유지,588.9817481076461,126.97419754479299,37.51767768879245,330.184452,272.47561021,343.51443487,152,미지정,1
285254,1117000000000003983,이촌동 300-93도,도,국유지,588.9817481076461,126.97419754479299,37.51767768879245,330.184452,272.47561021,343.51443487,64,미지정,0
285255,1117000000000003984,이촌동 300-175도,도,국유지,29.572041833773255,126.9739264053307,37.519473227051535,140.47671448,227.05036237,180.75994921,152,미지정,1
285255,1117000000000003984,이촌동 300-175도,도,국유지,29.572041833773255,126.9739264053307,37.519473227051535,140.47671448,227.05036237,180.75994921,64,미지정,0
285256,1117000000000003985,이촌동 300-75도,도,국유지,214.12748669367284,126.97417012800894,37.51944875427664,156.27351983,221.31815161,168.39809466,152,미지정,1
285256,1117000000000003985,이촌동 300-75도,도,국유지,214.12748669367284,126.97417012800894,37.51944875427664,156.27351983,221.31815161,168.39809466,64,미지정,0
285257,1117000000000003986,이촌동 300-78도,도,국유지,219.75977142620832,126.97404142998633,37.51919170003274,171.95404371,252.01725411,197.95348658,152,미지정,1
285257,1117000000000003986,이촌동 300-78도,도,국유지,219.75977142620832,126.97404142998633,37.51919170003274,171.95404371,252.01725411,197.95348658,64,미지정,0
285258,1117000000000003987,이촌동 300-182도,도,국유지,37.416619224473834,126.97369011896333,37.51900175949478,176.7173058,263.94353762,233.66184788,152,미지정,1
285258,1117000000000003987,이촌동 300-182도,도,국유지,37.416619224473834,126.97369011896333,37.51900175949478,176.7173058,263.94353762,233.66184788,64,미지정,0
285259,1117000000000003988,이촌동 300-174도,도,국유지,35.81216528825462,126.973949,37.519519,137.66101688,221.60315474,175.75961344,152,미지정,1
285259,1117000000000003988,이촌동 300-174도,도,국유지,35.81216528825462,126.973949,37.519519,137.66101688,221.60315474,175.75961344,64,미지정,0
285260,1117000000000003989,이촌동 300-178도,도,국유지,35.777956956997514,126.97381930782942,37.519261550299376,155.2295118,252.34421141,204.3438808,152,미지정,1
285260,1117000000000003989,이촌동 300-178도,도,국유지,35.777956956997514,126.97381930782942,37.519261550299376,155.2295118,252.34421141,204.3438808,64,미지정,0
285261,1117000000000003990,이촌동 300-179도,도,국유지,29.454383678734303,126.97379550000002,37.519215,158.82199469,257.91704924,209.59990822,152,미지정,1
285261,1117000000000003990,이촌동 300-179도,도,국유지,29.454383678734303,126.97379550000002,37.519215,158.82199469,257.91704924,209.59990822,64,미지정,0
285262,1117000000000003991,이촌동 300-183도,도,국유지,30.16585536301136,126.9736661911422,37.51895546527891,180.81003291,266.41530437,238.98158456,152,미지정,1
285262,1117000000000003991,이촌동 300-183도,도,국유지,30.16585536301136,126.9736661911422,37.51895546527891,180.81003291,266.41530437,238.98158456,64,미지정,0
285263,1117000000000003992,이촌동 300-81도,도,국유지,225.39271759381518,126.97391480606099,37.51893095708543,191.76425242,283.04072799,228.05076739,152,미지정,1
285263,1117000000000003992,이촌동 300-81도,도,국유지,225.39271759381518,126.97391480606099,37.51893095708543,191.76425242,283.04072799,228.05076739,64,미지정,0
285264,1117000000000003993,이촌동 300-63도,도,국유지,603.5713166485075,126.97483147868844,37.518939154745645,192.36130814,265.31167497,193.464268,152,미지정,1
285264,1117000000000003993,이촌동 300-63도,도,국유지,603.5713166485075,126.97483147868844,37.518939154745645,192.36130814,265.31167497,193.464268,64,미지정,0
285265,1117000000000003994,이촌동 300-84도,도,국유지,223.98587726149708,126.97378540201211,37.51867203106497,213.98117436,313.96127715,258.3316964,152,미지정,1
285265,1117000000000003994,이촌동 300-84도,도,국유지,223.98587726149708,126.97378540201211,37.51867203106497,213.98117436,313.96127715,258.3316964,64,미지정,0
285266,1117000000000003995,이촌동 300-66도,도,국유지,589.3493511718698,126.97469830499226,37.51868141735757,215.8636846,294.76238173,224.12420767,152,미지정,1
285266,1117000000000003995,이촌동 300-66도,도,국유지,589.3493511718698,126.97469830499226,37.51868141735757,215.8636846,294.76238173,224.12420767,64,미지정,0
285267,1117000000000003996,이촌동 300-72도,도,국유지,1085.4396458901465,126.97423545053238,37.51903933960661,195.55012002,262.94295382,202.84315847,152,미지정,1
285267,1117000000000003996,이촌동 300-72도,도,국유지,1085.4396458901465,126.97423545053238,37.51903933960661,195.55012002,262.94295382,202.84315847,64,미지정,0
285268,1117000000000003997,이촌동 301-76도,도,국유지,1502.7776171360165,126.97602507264469,37.52027036920413,98.28941638,147.05962833,70.52288133,152,미지정,1
285268,1117000000000003997,이촌동 301-76도,도,국유지,1502.7776171360165,126.97602507264469,37.52027036920413,98.28941638,147.05962833,70.52288133,64,미지정,0
285269,1117000000000003998,이촌동 301-77도,도,국유지,1473.7342903241515,126.9760085971298,37.52079474311694,145.89835563,105.50799684,59.63224235,152,미지정,1
285269,1117000000000003998,이촌동 301-77도,도,국유지,1473.7342903241515,126.9760085971298,37.52079474311694,145.89835563,105.50799684,59.63224235,64,미지정,0
285270,1117000000000003999,이촌동 300-168 도,도,국유지,574.6935150022618,126.97495500141986,37.519198311878625,172.00798456,236.1013165,162.94251738,152,미지정,1
285270,1117000000000003999,이촌동 300-168 도,도,국유지,574.6935150022618,126.97495500141986,37.519198311878625,172.00798456,236.1013165,162.94251738,64,미지정,0
285271,1117000000000004000,이촌동 300-305도,도,국유지,537.28686546674,126.97734281498458,37.51661347010966,191.46767956,136.19931095,478.71875208,152,미지정,1
285271,1117000000000004000,이촌동 300-305도,도,국유지,537.28686546674,126.97734281498458,37.51661347010966,191.46767956,136.19931095,478.71875208,64,미지정,0
285272,1117000000000004001,이촌동 301-4 도,도,국유지,2450.459302556701,126.97726371150549,37.51879364424024,52.40681957,105.91558251,263.87315263,152,미지정,1
285272,1117000000000004001,이촌동 301-4 도,도,국유지,2450.459302556701,126.97726371150549,37.51879364424024,52.40681957,105.91558251,263.87315263,64,미지정,0
285273,1117000000000004002,이촌동 300-1도,도,국유지,1835.3989054074045,126.97685506595752,37.51803311200716,60.10297545,42.74889702,316.7619243,152,미지정,1
285273,1117000000000004002,이촌동 300-1도,도,국유지,1835.3989054074045,126.97685506595752,37.51803311200716,60.10297545,42.74889702,316.7619243,64,미지정,0
285274,1117000000000004003,이촌동 427도,도,국유지,206.4140831634868,126.97640720159723,37.51666232393718,206.2640476,151.40875538,449.79067035,152,미지정,1
285274,1117000000000004003,이촌동 427도,도,국유지,206.4140831634868,126.97640720159723,37.51666232393718,206.2640476,151.40875538,449.79067035,64,미지정,0
285275,1117000000000004004,이촌동 302-128도,도,국유지,232.11558510246687,126.9760103845948,37.516688253172134,221.31161278,169.65215931,441.0934531,152,미지정,1
285275,1117000000000004004,이촌동 302-128도,도,국유지,232.11558510246687,126.9760103845948,37.516688253172134,221.31161278,169.65215931,441.0934531,64,미지정,0
285276,1117000000000004005,이촌동 302-137도,도,국유지,419.9019504748285,126.97604031987773,37.51655207737663,232.57099209,179.68964189,456.42284184,152,미지정,1
285276,1117000000000004005,이촌동 302-137도,도,국유지,419.9019504748285,126.97604031987773,37.51655207737663,232.57099209,179.68964189,456.42284184,64,미지정,0
285277,1117000000000004006,이촌동 302-35 도,도,국유지,2132.5806114752777,126.97542632019231,37.51673428774014,250.28932616,204.19483116,432.33148034,152,미지정,1
285277,1117000000000004006,이촌동 302-35 도,도,국유지,2132.5806114752777,126.97542632019231,37.51673428774014,250.28932616,204.19483116,432.33148034,64,미지정,0
285278,1117000000000004007,이촌동 300-303도,도,국유지,211.2010629400611,126.97735637073171,37.516883943523034,161.42517951,106.29609875,451.36816898,152,미지정,1
285278,1117000000000004007,이촌동 300-303도,도,국유지,211.2010629400611,126.97735637073171,37.516883943523034,161.42517951,106.29609875,451.36816898,64,미지정,0
285279,1117000000000004008,이촌동 300-307도,도,국유지,364.25810851575807,126.97678341428724,37.516565268204744,204.53085641,147.88469676,468.12096105,152,미지정,1
285279,1117000000000004008,이촌동 300-307도,도,국유지,364.25810851575807,126.97678341428724,37.516565268204744,204.53085641,147.88469676,468.12096105,64,미지정,0
285280,1117000000000004009,이촌동 302-39도,도,국유지,223.65349516645074,126.97646757330877,37.51649938562779,220.61739555,164.88792916,468.58649613,152,미지정,1
285280,1117000000000004009,이촌동 302-39도,도,국유지,223.65349516645074,126.97646757330877,37.51649938562779,220.61739555,164.88792916,468.58649613,64,미지정,0
285281,1117000000000004010,이촌동 302-126도,도,국유지,213.43897390086204,126.976392913782,37.516607063853264,212.34492821,157.35192407,455.54277831,152,미지정,1
285281,1117000000000004010,이촌동 302-126도,도,국유지,213.43897390086204,126.976392913782,37.516607063853264,212.34492821,157.35192407,455.54277831,64,미지정,0
285282,1117000000000004011,이촌동 300-14도,도,국유지,1441.6563943629153,126.97511143911207,37.51824096730244,217.108232,196.22041069,266.03657542,152,미지정,1
285282,1117000000000004011,이촌동 300-14도,도,국유지,1441.6563943629153,126.97511143911207,37.51824096730244,217.108232,196.22041069,266.03657542,64,미지정,0
285283,1117000000000004012,이촌동 413-1도,도,국유지,88.33754060789943,126.97911712985693,37.52023042772256,46.46531008,152.66898967,334.47712256,152,미지정,1
285283,1117000000000004012,이촌동 413-1도,도,국유지,88.33754060789943,126.97911712985693,37.52023042772256,46.46531008,152.66898967,334.47712256,64,미지정,0
285284,1117000000000004013,이촌동 301-142도,도,국유지,203.1805612994358,126.97904792610119,37.52028947003243,45.70603798,153.78429269,327.5950967,152,미지정,1
285284,1117000000000004013,이촌동 301-142도,도,국유지,203.1805612994358,126.97904792610119,37.52028947003243,45.70603798,153.78429269,327.5950967,64,미지정,0
285285,1117000000000004014,이촌동 301-193도,도,국유지,67.99362541176379,126.97896249081288,37.519973341269846,25.69497322,153.07237414,326.09574849,152,미지정,1
285285,1117000000000004014,이촌동 301-193도,도,국유지,67.99362541176379,126.97896249081288,37.519973341269846,25.69497322,153.07237414,326.09574849,64,미지정,0
285286,1117000000000004015,이촌동 301-197도,도,국유지,39.65822967514396,126.97669981453079,37.51968985889825,11.31024367,211.53942444,157.34777671,152,미지정,1
285286,1117000000000004015,이촌동 301-197도,도,국유지,39.65822967514396,126.97669981453079,37.51968985889825,11.31024367,211.53942444,157.34777671,64,미지정,0
285287,1117000000000004016,이촌동 301-196도,도,국유지,52.629221234004945,126.97652211965574,37.51933925975639,43.09724721,179.21563078,175.87402459,152,미지정,1
285287,1117000000000004016,이촌동 301-196도,도,국유지,52.629221234004945,126.97652211965574,37.51933925975639,43.09724721,179.21563078,175.87402459,64,미지정,0
285288,1117000000000004017,이촌동 301-7도,도,국유지,7064.8909785511205,126.97900076290401,37.51948151770095,64.83033218,105.70945444,345.5856296,152,미지정,1
285288,1117000000000004017,이촌동 301-7도,도,국유지,7064.8909785511205,126.97900076290401,37.51948151770095,64.83033218,105.70945444,345.5856296,64,미지정,0
285289,1117000000000004018,이촌동 412-1도,도,국유지,238.85497110662982,126.97700136656466,37.52030069674876,74.1908732,213.85209412,149.02987196,152,미지정,1
285289,1117000000000004018,이촌동 412-1도,도,국유지,238.85497110662982,126.97700136656466,37.52030069674876,74.1908732,213.85209412,149.02987196,64,미지정,0
285290,1117000000000004019,이촌동 301-188도,도,국유지,80.23970427270979,126.97838193904377,37.51878963815521,98.94220378,123.1228195,335.7622447,152,미지정,1
285290,1117000000000004019,이촌동 301-188도,도,국유지,80.23970427270979,126.97838193904377,37.51878963815521,98.94220378,123.1228195,335.7622447,64,미지정,0
285291,1117000000000004020,이촌동 301-159 도,도,국유지,66.0036272352445,126.97941669629849,37.517988016847525,180.9625085,90.79692195,462.72802447,152,미지정,1
285291,1117000000000004020,이촌동 301-159 도,도,국유지,66.0036272352445,126.97941669629849,37.517988016847525,180.9625085,90.79692195,462.72802447,64,미지정,0
285292,1117000000000004021,이촌동 300-12도,도,국유지,1414.290580943867,126.97884597198131,37.51767897368452,145.92811024,144.89028694,449.2469795,152,미지정,1
285292,1117000000000004021,이촌동 300-12도,도,국유지,1414.290580943867,126.97884597198131,37.51767897368452,145.92811024,144.89028694,449.2469795,64,미지정,0
285293,1117000000000004022,이촌동 300-314도,도,국유지,134.61903296224773,126.9788885047619,37.5169581462585,200.88670828,173.09796232,512.78190069,152,미지정,1
285293,1117000000000004022,이촌동 300-314도,도,국유지,134.61903296224773,126.9788885047619,37.5169581462585,200.88670828,173.09796232,512.78190069,64,미지정,0
285294,1117000000000004023,이촌동 436-1 도,도,국유지,799.3418898416567,126.97921946919277,37.51747143374371,186.0751103,150.65850899,488.7125166,152,미지정,1
285294,1117000000000004023,이촌동 436-1 도,도,국유지,799.3418898416567,126.97921946919277,37.51747143374371,186.0751103,150.65850899,488.7125166,64,미지정,0
285295,1117000000000004024,이촌동 300-308도,도,국유지,2873.0887940819375,126.97960122645833,37.516412926767885,287.93429418,163.63903448,599.2678452,152,미지정,1
285295,1117000000000004024,이촌동 300-308도,도,국유지,2873.0887940819375,126.97960122645833,37.516412926767885,287.93429418,163.63903448,599.2678452,64,미지정,0
285296,1117000000000004025,이촌동 300-309 도,도,국유지,9275.702442029724,126.97925922817214,37.516310608421634,277.71597644,195.25405631,590.04935382,152,미지정,1
285296,1117000000000004025,이촌동 300-309 도,도,국유지,9275.702442029724,126.97925922817214,37.516310608421634,277.71597644,195.25405631,590.04935382,64,미지정,0
285297,1117000000000004026,이촌동 301-262 도,도,국유지,602.7815509410575,126.9810033979914,37.51967407045542,28.59508955,161.4058563,509.43893822,152,미지정,1
285297,1117000000000004026,이촌동 301-262 도,도,국유지,602.7815509410575,126.9810033979914,37.51967407045542,28.59508955,161.4058563,509.43893822,64,미지정,0
285298,1117000000000004027,이촌동 413-2도,도,국유지,181.876638473419,126.98078698284513,37.51959736370503,42.93992544,129.46045244,492.65214938,152,미지정,1
285298,1117000000000004027,이촌동 413-2도,도,국유지,181.876638473419,126.98078698284513,37.51959736370503,42.93992544,129.46045244,492.65214938,64,미지정,0
285299,1117000000000004028,이촌동 301-198도,도,국유지,65.95822751475498,126.98072114191147,37.519489942952774,48.02046698,116.89437309,489.93441892,152,미지정,1
285299,1117000000000004028,이촌동 301-198도,도,국유지,65.95822751475498,126.98072114191147,37.519489942952774,48.02046698,116.89437309,489.93441892,64,미지정,0
285300,1117000000000004029,이촌동 301-186도,도,국유지,28.885176463867538,126.98059892142213,37.51962077807972,59.75447502,120.62954012,475.88037041,152,미지정,1
285300,1117000000000004029,이촌동 301-186도,도,국유지,28.885176463867538,126.98059892142213,37.51962077807972,59.75447502,120.62954012,475.88037041,64,미지정,0
285301,1117000000000004030,이촌동 301-187도,도,국유지,186.11968148028245,126.98022302853788,37.519160491960555,100.23784333,60.00948232,459.21090341,152,미지정,1
285301,1117000000000004030,이촌동 301-187도,도,국유지,186.11968148028245,126.98022302853788,37.519160491960555,100.23784333,60.00948232,459.21090341,64,미지정,0
285302,1117000000000004031,이촌동 301-163도,도,국유지,7829.323752381955,126.98116839377214,37.517917113798894,178.13766064,76.68839783,594.68975006,152,미지정,1
285302,1117000000000004031,이촌동 301-163도,도,국유지,7829.323752381955,126.98116839377214,37.517917113798894,178.13766064,76.68839783,594.68975006,64,미지정,0
285303,1117000000000004032,이촌동 301-168도,도,국유지,251.65393530763686,126.9828649725515,37.517361248700354,278.35471582,96.64692905,755.61034687,152,미지정,1
285303,1117000000000004032,이촌동 301-168도,도,국유지,251.65393530763686,126.9828649725515,37.517361248700354,278.35471582,96.64692905,755.61034687,64,미지정,0
285304,1117000000000004033,이촌동 301-166도,도,국유지,143.7134665501071,126.98286937903097,37.51760793982841,255.38045967,99.56555953,743.20239886,152,미지정,1
285304,1117000000000004033,이촌동 301-166도,도,국유지,143.7134665501071,126.98286937903097,37.51760793982841,255.38045967,99.56555953,743.20239886,64,미지정,0
285305,1117000000000004034,이촌동 301-167 도,도,국유지,24.730672810866963,126.98286386252725,37.51751438616676,263.81160185,97.90434427,747.51271368,152,미지정,1
285305,1117000000000004034,이촌동 301-167 도,도,국유지,24.730672810866963,126.98286386252725,37.51751438616676,263.81160185,97.90434427,747.51271368,64,미지정,0
285306,1117000000000004035,이촌동 300-312도,도,국유지,200.99781319871545,126.98186715089905,37.51623044362542,369.02576054,127.65033594,754.04711619,152,미지정,1
285306,1117000000000004035,이촌동 300-312도,도,국유지,200.99781319871545,126.98186715089905,37.51623044362542,369.02576054,127.65033594,754.04711619,64,미지정,0
285307,1117000000000004036,이촌동 301-157도,도,국유지,649.0541015781928,126.9824900225138,37.51952150300822,108.47183178,246.71266901,641.59689053,152,미지정,1
285307,1117000000000004036,이촌동 301-157도,도,국유지,649.0541015781928,126.9824900225138,37.51952150300822,108.47183178,246.71266901,641.59689053,64,미지정,0
285308,1117000000000004037,용산동6가 301-265 도,도,국유지,706.8918846568558,126.98178539580874,37.51964281909726,48.13920128,195.54226616,577.88179561,91,미지정,0
285309,1117000000000004038,이촌동 301-6도,도,국유지,319.8066710792482,126.98139648677711,37.51978381824922,31.53089478,163.7487301,541.23121183,152,미지정,1
285309,1117000000000004038,이촌동 301-6도,도,국유지,319.8066710792482,126.98139648677711,37.51978381824922,31.53089478,163.7487301,541.23121183,64,미지정,0
285310,1117000000000004039,이촌동 302-30도,도,국유지,11399.092329644656,126.96679720608445,37.520184904243244,93.80153997,129.91338276,463.99567025,152,미지정,1
285310,1117000000000004039,이촌동 302-30도,도,국유지,11399.092329644656,126.96679720608445,37.520184904243244,93.80153997,129.91338276,463.99567025,64,미지정,0
285311,1117000000000004040,이촌동 302-85도,도,국유지,494.5947200912051,126.96473811179878,37.52116230584237,316.14408655,101.51799612,449.87895678,152,미지정,1
285311,1117000000000004040,이촌동 302-85도,도,국유지,494.5947200912051,126.96473811179878,37.52116230584237,316.14408655,101.51799612,449.87895678,64,미지정,0
285312,1117000000000004041,이촌동 302-159도,도,국유지,14.098742429167032,126.96327207863605,37.52192414091858,214.15267181,243.61241307,398.40485616,152,미지정,1
285312,1117000000000004041,이촌동 302-159도,도,국유지,14.098742429167032,126.96327207863605,37.52192414091858,214.15267181,243.61241307,398.40485616,64,미지정,0
285313,1117000000000004042,이촌동 302-199도,도,국유지,43.512901364068966,126.96323167515972,37.521866445621946,220.91665725,250.38542618,405.70703006,152,미지정,1
285313,1117000000000004042,이촌동 302-199도,도,국유지,43.512901364068966,126.96323167515972,37.521866445621946,220.91665725,250.38542618,405.70703006,64,미지정,0
285314,1117000000000004043,이촌동 302-204도,도,국유지,74.53131710813614,126.96314744919812,37.52175669119551,233.97122594,263.44503316,419.86809993,152,미지정,1
285314,1117000000000004043,이촌동 302-204도,도,국유지,74.53131710813614,126.96314744919812,37.52175669119551,233.97122594,263.44503316,419.86809993,64,미지정,0
285315,1117000000000004044,이촌동 302-84 도,도,국유지,746.9808324412443,126.96350134104777,37.52189592425955,216.09638865,245.35732545,393.54894742,152,미지정,1
285315,1117000000000004044,이촌동 302-84 도,도,국유지,746.9808324412443,126.96350134104777,37.52189592425955,216.09638865,245.35732545,393.54894742,64,미지정,0
285316,1117000000000004045,이촌동 302-202 도,도,국유지,540.082880217582,126.96229976813056,37.522108114943144,221.0494454,248.71676234,423.58601467,152,미지정,1
285316,1117000000000004045,이촌동 302-202 도,도,국유지,540.082880217582,126.96229976813056,37.522108114943144,221.0494454,248.71676234,423.58601467,64,미지정,0
285317,1117000000000004046,이촌동 301-261 도,도,국유지,164.81819973140955,126.96230483266858,37.522559882254896,178.80838739,205.03384575,383.7234992,152,미지정,1
285317,1117000000000004046,이촌동 301-261 도,도,국유지,164.81819973140955,126.96230483266858,37.522559882254896,178.80838739,205.03384575,383.7234992,64,미지정,0
285318,1117000000000004047,이촌동 301-8도,도,국유지,950.0090443779482,126.96265187861829,37.522406433786536,177.25109516,205.49331807,378.57588222,152,미지정,1
285318,1117000000000004047,이촌동 301-8도,도,국유지,950.0090443779482,126.96265187861829,37.522406433786536,177.25109516,205.49331807,378.57588222,64,미지정,0
285319,1117000000000004048,이촌동 309-9도,도,국유지,85.97973355883732,126.96134102158575,37.522870321998454,221.43847652,240.390031,421.36509899,152,미지정,1
285319,1117000000000004048,이촌동 309-9도,도,국유지,85.97973355883732,126.96134102158575,37.522870321998454,221.43847652,240.390031,421.36509899,64,미지정,0
285320,1117000000000004049,이촌동 297-12도,도,국유지,67.78514168225229,126.96160960298162,37.52274062136343,209.12297428,230.5012457,412.31768354,152,미지정,1
285320,1117000000000004049,이촌동 297-12도,도,국유지,67.78514168225229,126.96160960298162,37.52274062136343,209.12297428,230.5012457,412.31768354,64,미지정,0
285321,1117000000000004050,이촌동 191도,도,국유지,2489.645159359381,126.96088646105133,37.52273986572852,263.67312093,281.86873912,462.14436622,152,미지정,1
285321,1117000000000004050,이촌동 191도,도,국유지,2489.645159359381,126.96088646105133,37.52273986572852,263.67312093,281.86873912,462.14436622,64,미지정,0
285322,1117000000000004051,이촌동 191-1도,도,국유지,402.02111818967387,126.96067494155113,37.52274914954282,270.31064673,297.27833407,476.75007268,152,미지정,1
285322,1117000000000004051,이촌동 191-1도,도,국유지,402.02111818967387,126.96067494155113,37.52274914954282,270.31064673,297.27833407,476.75007268,64,미지정,0
285323,1117000000000004052,이촌동 196-13도,도,국유지,13.681517355144024,126.95842758348275,37.52332996928409,103.20078469,463.06026759,625.4249038,152,미지정,1
285323,1117000000000004052,이촌동 196-13도,도,국유지,13.681517355144024,126.95842758348275,37.52332996928409,103.20078469,463.06026759,625.4249038,64,미지정,0
285324,1117000000000004053,이촌동 400-1도,도,국유지,279.7957137096673,126.95769446253597,37.52348023468394,99.43171103,475.77693055,682.00479185,152,미지정,1
285324,1117000000000004053,이촌동 400-1도,도,국유지,279.7957137096673,126.95769446253597,37.52348023468394,99.43171103,475.77693055,682.00479185,64,미지정,0
285325,1117000000000004054,이촌동 401-1도,도,국유지,195.16185530554503,126.95910340553985,37.523138591494074,143.88187919,409.5621631,577.54132378,152,미지정,1
285325,1117000000000004054,이촌동 401-1도,도,국유지,195.16185530554503,126.95910340553985,37.523138591494074,143.88187919,409.5621631,577.54132378,64,미지정,0
285326,1117000000000004055,이촌동 411-1도,도,국유지,270.9269892917946,126.95771452060212,37.52357177150895,89.86116696,468.76633646,677.51343436,152,미지정,1
285326,1117000000000004055,이촌동 411-1도,도,국유지,270.9269892917946,126.95771452060212,37.52357177150895,89.86116696,468.76633646,677.51343436,64,미지정,0
285327,1117000000000004056,이태원동 20-58도,도,국유지,40.873746391385794,126.99649813648543,37.530880905676234,317.85838834,436.69644648,189.0659692,87,미지정,0
285327,1117000000000004056,이태원동 20-58도,도,국유지,40.873746391385794,126.99649813648543,37.530880905676234,317.85838834,436.69644648,189.0659692,83,미지정,0
285328,1117000000000004057,이태원동 20-112 도,도,국유지,45.258934669196606,126.99626479708105,37.53070755615766,289.76036931,445.76072785,207.63985033,87,미지정,0
285328,1117000000000004057,이태원동 20-112 도,도,국유지,45.258934669196606,126.99626479708105,37.53070755615766,289.76036931,445.76072785,207.63985033,83,미지정,0
285329,1117000000000004058,이태원동 20-100 도,도,국유지,128.4772647692589,126.99665218249152,37.53118646637144,350.01675999,413.07820106,157.32585991,87,미지정,0
285329,1117000000000004058,이태원동 20-100 도,도,국유지,128.4772647692589,126.99665218249152,37.53118646637144,350.01675999,413.07820106,157.32585991,83,미지정,0
285330,1117000000000004059,이태원동 247-27도,도,국유지,651.7988261221908,126.99267605661109,37.54095686682067,180.09269366,136.65642546,518.17344658,87,미지정,0
285330,1117000000000004059,이태원동 247-27도,도,국유지,651.7988261221908,126.99267605661109,37.54095686682067,180.09269366,136.65642546,518.17344658,83,미지정,0
285331,1117000000000004060,이태원동 247-11도,도,국유지,761.153757261578,126.99250141264068,37.54075564637217,155.06513924,141.66952633,526.23172515,87,미지정,0
285331,1117000000000004060,이태원동 247-11도,도,국유지,761.153757261578,126.99250141264068,37.54075564637217,155.06513924,141.66952633,526.23172515,83,미지정,0
285332,1117000000000004061,이태원동 258-469도,도,국유지,22.751461643376388,126.99274218207944,37.540985447079116,184.61520077,139.25937008,519.48535907,87,미지정,0
285332,1117000000000004061,이태원동 258-469도,도,국유지,22.751461643376388,126.99274218207944,37.540985447079116,184.61520077,139.25937008,519.48535907,83,미지정,0
285333,1117000000000004062,이태원동 214-8도,도,국유지,106.95268383435905,126.99087872426287,37.53908377264181,5.73103046,181.3426839,404.90528023,87,미지정,0
285333,1117000000000004062,이태원동 214-8도,도,국유지,106.95268383435905,126.99087872426287,37.53908377264181,5.73103046,181.3426839,404.90528023,83,미지정,0
285334,1117000000000004063,이태원동 224-65 도,도,국유지,172.41363206971437,126.9901397675087,37.5389159113804,70.97345027,114.64409324,347.52304633,87,미지정,0
285334,1117000000000004063,이태원동 224-65 도,도,국유지,172.41363206971437,126.9901397675087,37.5389159113804,70.97345027,114.64409324,347.52304633,83,미지정,0
285335,1117000000000004064,이태원동 224-48도,도,국유지,509.8794703029562,126.98980933824224,37.53887999092606,100.39294018,87.97065973,326.72326473,87,미지정,0
285335,1117000000000004064,이태원동 224-48도,도,국유지,509.8794703029562,126.98980933824224,37.53887999092606,100.39294018,87.97065973,326.72326473,83,미지정,0
285336,1117000000000004065,이태원동 15-123 도,도,국유지,23.357539147953503,126.99642783508331,37.531761426431466,406.10987754,348.14174806,91.19617405,87,미지정,0
285336,1117000000000004065,이태원동 15-123 도,도,국유지,23.357539147953503,126.99642783508331,37.531761426431466,406.10987754,348.14174806,91.19617405,83,미지정,0
285337,1117000000000004066,이태원동 15-124 도,도,국유지,276.89675733912736,126.99653894376935,37.531636496805554,377.98995021,365.1084065,106.38644883,87,미지정,0
285337,1117000000000004066,이태원동 15-124 도,도,국유지,276.89675733912736,126.99653894376935,37.531636496805554,377.98995021,365.1084065,106.38644883,83,미지정,0
285338,1117000000000004067,이태원동 20-3도,도,국유지,870.5792298850138,126.99658774606546,37.53149545961794,369.51413311,380.67382362,122.57816725,87,미지정,0
285338,1117000000000004067,이태원동 20-3도,도,국유지,870.5792298850138,126.99658774606546,37.53149545961794,369.51413311,380.67382362,122.57816725,83,미지정,0
285339,1117000000000004068,이태원동 228-17 도,도,국유지,371.69288299418986,126.99281700570897,37.54016161390036,102.62760058,211.33026538,596.01396939,87,미지정,0
285339,1117000000000004068,이태원동 228-17 도,도,국유지,371.69288299418986,126.99281700570897,37.54016161390036,102.62760058,211.33026538,596.01396939,83,미지정,0
285340,1117000000000004069,이태원동 223-22도,도,국유지,476.9374579722644,126.99052970611383,37.53860138810962,60.66919196,135.88489512,345.41942366,87,미지정,0
285340,1117000000000004069,이태원동 223-22도,도,국유지,476.9374579722644,126.99052970611383,37.53860138810962,60.66919196,135.88489512,345.41942366,83,미지정,0
285341,1117000000000004070,이태원동 215-102도,도,국유지,41.512034134357236,126.99094173416825,37.53866827859168,42.16995675,173.02506352,377.6051711,87,미지정,0
285341,1117000000000004070,이태원동 215-102도,도,국유지,41.512034134357236,126.99094173416825,37.53866827859168,42.16995675,173.02506352,377.6051711,83,미지정,0
285342,1117000000000004071,이태원동 303-13도,도,국유지,261.81423016707413,126.98865458435432,37.5386320232163,205.94460056,40.37009444,254.3633603,87,미지정,0
285342,1117000000000004071,이태원동 303-13도,도,국유지,261.81423016707413,126.98865458435432,37.5386320232163,205.94460056,40.37009444,254.3633603,83,미지정,0
285343,1117000000000004072,이태원동 203-24 도,도,국유지,72.23498199786991,126.99185871390095,37.53773564776842,167.38657235,279.17308491,395.43398359,87,미지정,0
285343,1117000000000004072,이태원동 203-24 도,도,국유지,72.23498199786991,126.99185871390095,37.53773564776842,167.38657235,279.17308491,395.43398359,83,미지정,0
285344,1117000000000004073,이태원동 293-4도,도,국유지,190.48357674124418,126.98874791180464,37.538214810280316,214.95879271,31.50919488,214.94435343,87,미지정,0
285344,1117000000000004073,이태원동 293-4도,도,국유지,190.48357674124418,126.98874791180464,37.538214810280316,214.95879271,31.50919488,214.94435343,83,미지정,0
285345,1117000000000004074,이태원동 292-6도,도,국유지,26.96540035045473,126.98879853437614,37.537999098460055,190.90460954,48.89527111,195.99235688,87,미지정,0
285345,1117000000000004074,이태원동 292-6도,도,국유지,26.96540035045473,126.98879853437614,37.537999098460055,190.90460954,48.89527111,195.99235688,83,미지정,0
285346,1117000000000004075,이태원동 289-2도,도,국유지,190.71966898458777,126.98938651540402,37.53797726940287,194.6257508,57.9211424,225.0397556,87,미지정,0
285346,1117000000000004075,이태원동 289-2도,도,국유지,190.71966898458777,126.98938651540402,37.53797726940287,194.6257508,57.9211424,225.0397556,83,미지정,0
285347,1117000000000004076,이태원동 219-1도,도,국유지,29.329377882182598,126.9895433513935,37.53801603901895,167.45207241,63.82837518,237.66572884,87,미지정,0
285347,1117000000000004076,이태원동 219-1도,도,국유지,29.329377882182598,126.9895433513935,37.53801603901895,167.45207241,63.82837518,237.66572884,83,미지정,0
285348,1117000000000004077,이태원동 215-45도,도,국유지,183.67693853995297,126.99031595299512,37.53786671489096,141.74561822,129.83618291,279.89641535,87,미지정,0
285348,1117000000000004077,이태원동 215-45도,도,국유지,183.67693853995297,126.99031595299512,37.53786671489096,141.74561822,129.83618291,279.89641535,83,미지정,0
285349,1117000000000004078,이태원동 215-112도,도,국유지,137.78969313390553,126.9903099109181,37.53783043736504,145.67649158,131.27232961,277.25005669,87,미지정,0
285349,1117000000000004078,이태원동 215-112도,도,국유지,137.78969313390553,126.9903099109181,37.53783043736504,145.67649158,131.27232961,277.25005669,83,미지정,0
285350,1117000000000004079,이태원동 215-107도,도,국유지,119.80426355835516,126.99008730916607,37.537964520926295,141.24013869,106.90022977,269.76537271,87,미지정,0
285350,1117000000000004079,이태원동 215-107도,도,국유지,119.80426355835516,126.99008730916607,37.537964520926295,141.24013869,106.90022977,269.76537271,83,미지정,0
285351,1117000000000004080,이태원동 286-5 잡,잡,국유지,134.56143340840936,126.98896212970793,37.53842543382174,186.77398701,4.9301591,244.37302451,87,미지정,0
285351,1117000000000004080,이태원동 286-5 잡,잡,국유지,134.56143340840936,126.98896212970793,37.53842543382174,186.77398701,4.9301591,244.37302451,83,미지정,0
285352,1117000000000004081,이태원동 229-3 도,도,국유지,685.4106278662803,126.99333274205917,37.54019373396157,135.03688887,237.09372611,620.5095551,87,미지정,0
285352,1117000000000004081,이태원동 229-3 도,도,국유지,685.4106278662803,126.99333274205917,37.54019373396157,135.03688887,237.09372611,620.5095551,83,미지정,0
285353,1117000000000004082,이태원동 229-13도,도,국유지,58.112814121413976,126.99304471578476,37.5400681147495,106.99847929,231.40684367,616.15330839,87,미지정,0
285353,1117000000000004082,이태원동 229-13도,도,국유지,58.112814121413976,126.99304471578476,37.5400681147495,106.99847929,231.40684367,616.15330839,83,미지정,0
285354,1117000000000004083,이태원동 210-5도,도,국유지,1393.9553453256376,126.9920578052625,37.53991930377193,61.14665048,208.70739849,544.1556413,87,미지정,0
285354,1117000000000004083,이태원동 210-5도,도,국유지,1393.9553453256376,126.9920578052625,37.53991930377193,61.14665048,208.70739849,544.1556413,83,미지정,0
285355,1117000000000004084,이태원동 230-15도,도,국유지,78.40781889337813,126.99340162755156,37.539701103917764,112.26505697,282.91592665,619.96434901,87,미지정,0
285355,1117000000000004084,이태원동 230-15도,도,국유지,78.40781889337813,126.99340162755156,37.539701103917764,112.26505697,282.91592665,619.96434901,83,미지정,0
285356,1117000000000004085,이태원동 245-13도,도,국유지,43.47281095851213,126.99370965703972,37.54044983006168,178.81467309,243.3454623,620.67626694,87,미지정,0
285356,1117000000000004085,이태원동 245-13도,도,국유지,43.47281095851213,126.99370965703972,37.54044983006168,178.81467309,243.3454623,620.67626694,83,미지정,0
285357,1117000000000004086,이태원동 245-7도,도,국유지,15.851112394593656,126.99387258168318,37.540372045998346,184.54044519,260.06870508,636.80420912,87,미지정,0
285357,1117000000000004086,이태원동 245-7도,도,국유지,15.851112394593656,126.99387258168318,37.540372045998346,184.54044519,260.06870508,636.80420912,83,미지정,0
285358,1117000000000004087,이태원동 245-9도,도,국유지,137.62787447316805,126.9940720262633,37.54050974416173,207.81190471,266.37939952,638.13038424,87,미지정,0
285358,1117000000000004087,이태원동 245-9도,도,국유지,137.62787447316805,126.9940720262633,37.54050974416173,207.81190471,266.37939952,638.13038424,83,미지정,0
285359,1117000000000004088,이태원동 239-9도,도,국유지,39.04443140607327,126.99412875727505,37.53992166553615,180.99720049,308.89594017,688.98678525,87,미지정,0
285359,1117000000000004088,이태원동 239-9도,도,국유지,39.04443140607327,126.99412875727505,37.53992166553615,180.99720049,308.89594017,688.98678525,83,미지정,0
285360,1117000000000004089,이태원동 243-26도,도,국유지,123.46972705144435,126.99519051304864,37.53982434701092,269.10953987,390.54237155,542.13631425,87,미지정,0
285360,1117000000000004089,이태원동 243-26도,도,국유지,123.46972705144435,126.99519051304864,37.53982434701092,269.10953987,390.54237155,542.13631425,83,미지정,0
285361,1117000000000004090,이태원동 15-14 도,도,국유지,249.03070608479902,126.9963417791193,37.531877171193536,391.8991366,333.21803612,77.82491979,87,미지정,0
285361,1117000000000004090,이태원동 15-14 도,도,국유지,249.03070608479902,126.9963417791193,37.531877171193536,391.8991366,333.21803612,77.82491979,83,미지정,0
285362,1117000000000004091,이태원동 225-3 도,도,국유지,27.097219159360975,126.99036652247361,37.53972290461539,89.72909905,188.96827535,431.7523705,87,미지정,0
285362,1117000000000004091,이태원동 225-3 도,도,국유지,27.097219159360975,126.99036652247361,37.53972290461539,89.72909905,188.96827535,431.7523705,83,미지정,0
285363,1117000000000004092,이태원동 230-14도,도,국유지,27.033476797805633,126.99344338987665,37.53969488165215,115.55964816,285.68819429,622.58610255,87,미지정,0
285363,1117000000000004092,이태원동 230-14도,도,국유지,27.033476797805633,126.99344338987665,37.53969488165215,115.55964816,285.68819429,622.58610255,83,미지정,0
285364,1117000000000004093,이태원동 225-182 도,도,국유지,85.85288800718263,126.99033224278776,37.53966197543559,85.97954978,181.82704399,424.44214904,87,미지정,0
285364,1117000000000004093,이태원동 225-182 도,도,국유지,85.85288800718263,126.99033224278776,37.53966197543559,85.97954978,181.82704399,424.44214904,83,미지정,0
285365,1117000000000004094,이태원동 243-69도,도,국유지,56.99026930634864,126.99510502725185,37.53930067033849,257.14048806,419.26156977,566.3956767,87,미지정,0
285365,1117000000000004094,이태원동 243-69도,도,국유지,56.99026930634864,126.99510502725185,37.53930067033849,257.14048806,419.26156977,566.3956767,83,미지정,0
285366,1117000000000004095,이태원동 243-67도,도,국유지,103.11201201833319,126.99515710514966,37.53947588451293,261.81111517,410.57964249,555.73789487,87,미지정,0
285366,1117000000000004095,이태원동 243-67도,도,국유지,103.11201201833319,126.99515710514966,37.53947588451293,261.81111517,410.57964249,555.73789487,83,미지정,0
285367,1117000000000004096,이태원동 207-22도,도,국유지,219.13596359477378,126.9943966180394,37.538284707169524,229.24653426,405.33313025,655.6306484,87,미지정,0
285367,1117000000000004096,이태원동 207-22도,도,국유지,219.13596359477378,126.9943966180394,37.538284707169524,229.24653426,405.33313025,655.6306484,83,미지정,0
285368,1117000000000004097,이태원동 225-181 도,도,국유지,326.41226875502616,126.99066310902926,37.53971273097535,77.33468247,205.77408705,445.83236742,87,미지정,0
285368,1117000000000004097,이태원동 225-181 도,도,국유지,326.41226875502616,126.99066310902926,37.53971273097535,77.33468247,205.77408705,445.83236742,83,미지정,0
285369,1117000000000004098,이태원동 225-79도,도,국유지,24.53214974142611,126.99064751246168,37.53979613881115,86.59159,228.56513018,452.5184933,87,미지정,0
285369,1117000000000004098,이태원동 225-79도,도,국유지,24.53214974142611,126.99064751246168,37.53979613881115,86.59159,228.56513018,452.5184933,83,미지정,0
285370,1117000000000004099,이태원동 225-49도,도,국유지,410.4271479808958,126.99009777734496,37.53950803453868,89.20900019,155.50396288,398.8162712,87,미지정,0
285370,1117000000000004099,이태원동 225-49도,도,국유지,410.4271479808958,126.99009777734496,37.53950803453868,89.20900019,155.50396288,398.8162712,83,미지정,0
285371,1117000000000004100,이태원동 225-189 도,도,국유지,203.9037104609888,126.98981557970735,37.539568925909,113.86389799,147.36521725,391.88894328,87,미지정,0
285371,1117000000000004100,이태원동 225-189 도,도,국유지,203.9037104609888,126.98981557970735,37.539568925909,113.86389799,147.36521725,391.88894328,83,미지정,0
285372,1117000000000004101,이태원동 225-200 도,도,국유지,130.3270281208679,126.98969300613408,37.53946844094884,118.50080454,132.43648194,376.91212094,87,미지정,0
285372,1117000000000004101,이태원동 225-200 도,도,국유지,130.3270281208679,126.98969300613408,37.53946844094884,118.50080454,132.43648194,376.91212094,83,미지정,0
285373,1117000000000004102,이태원동 225-88 도,도,국유지,35.66529446421191,126.99021009075909,37.53967998496517,94.43253117,176.69112,420.2491342,87,미지정,0
285373,1117000000000004102,이태원동 225-88 도,도,국유지,35.66529446421191,126.99021009075909,37.53967998496517,94.43253117,176.69112,420.2491342,83,미지정,0
285374,1117000000000004103,이태원동 225-193 도,도,국유지,153.43706977937836,126.98942308689999,37.53938753218262,138.0255867,114.88629794,358.09482468,87,미지정,0
285374,1117000000000004103,이태원동 225-193 도,도,국유지,153.43706977937836,126.98942308689999,37.53938753218262,138.0255867,114.88629794,358.09482468,83,미지정,0
285375,1117000000000004104,이태원동 278-2 도,도,국유지,51.433202907268424,126.98944216112012,37.539774073042814,153.8828912,156.57701086,397.87822497,87,미지정,0
285375,1117000000000004104,이태원동 278-2 도,도,국유지,51.433202907268424,126.98944216112012,37.539774073042814,153.8828912,156.57701086,397.87822497,83,미지정,0
285376,1117000000000004105,이태원동 225-248 도,도,국유지,35.62140960432589,126.99061220046812,37.53920514470604,32.72378103,166.96464109,398.90865058,87,미지정,0
285376,1117000000000004105,이태원동 225-248 도,도,국유지,35.62140960432589,126.99061220046812,37.53920514470604,32.72378103,166.96464109,398.90865058,83,미지정,0
285377,1117000000000004106,이태원동 225-70 도,도,국유지,54.851812462322414,126.98935802551263,37.53945774618502,145.80523341,120.72088155,362.73967604,87,미지정,0
285377,1117000000000004106,이태원동 225-70 도,도,국유지,54.851812462322414,126.98935802551263,37.53945774618502,145.80523341,120.72088155,362.73967604,83,미지정,0
285378,1117000000000004107,이태원동 225-188 도,도,국유지,82.05214281054214,126.98953774474994,37.539407373420985,128.97092853,120.5103574,364.55059907,87,미지정,0
285378,1117000000000004107,이태원동 225-188 도,도,국유지,82.05214281054214,126.98953774474994,37.539407373420985,128.97092853,120.5103574,364.55059907,83,미지정,0
285379,1117000000000004108,이태원동 225-265 도,도,국유지,62.355902592651546,126.99037628380786,37.5391663817052,50.28588544,147.20503341,382.28653941,87,미지정,0
285379,1117000000000004108,이태원동 225-265 도,도,국유지,62.355902592651546,126.99037628380786,37.5391663817052,50.28588544,147.20503341,382.28653941,83,미지정,0
285380,1117000000000004109,이태원동 225-250 도,도,국유지,113.78461084701121,126.99043299926726,37.53913850033046,44.67054637,149.63342331,383.0487192,87,미지정,0
285380,1117000000000004109,이태원동 225-250 도,도,국유지,113.78461084701121,126.99043299926726,37.53913850033046,44.67054637,149.63342331,383.0487192,83,미지정,0
285381,1117000000000004110,이태원동 225-249 도,도,국유지,62.49814474210143,126.99055250396296,37.53917949823432,36.05097031,160.98322865,393.31843737,87,미지정,0
285381,1117000000000004110,이태원동 225-249 도,도,국유지,62.49814474210143,126.99055250396296,37.53917949823432,36.05097031,160.98322865,393.31843737,83,미지정,0
285382,1117000000000004111,이태원동 225-251 도,도,국유지,57.72598144412041,126.9908136020674,37.53926309572359,25.83927742,185.50384461,415.48645395,87,미지정,0
285382,1117000000000004111,이태원동 225-251 도,도,국유지,57.72598144412041,126.9908136020674,37.53926309572359,25.83927742,185.50384461,415.48645395,83,미지정,0
285383,1117000000000004112,이태원동 225-258 도,도,국유지,12.751708648342174,126.99082901538459,37.5392307378205,22.0003339,184.86914208,413.73857529,87,미지정,0
285383,1117000000000004112,이태원동 225-258 도,도,국유지,12.751708648342174,126.99082901538459,37.5392307378205,22.0003339,184.86914208,413.73857529,83,미지정,0
285384,1117000000000004113,이태원동 225-224 도,도,국유지,39.85397973173531,126.99092765247352,37.53926135376159,23.67931344,194.1298572,422.1461173,87,미지정,0
285384,1117000000000004113,이태원동 225-224 도,도,국유지,39.85397973173531,126.99092765247352,37.53926135376159,23.67931344,194.1298572,422.1461173,83,미지정,0
285385,1117000000000004114,이태원동 225-165 도,도,국유지,13.472661139210686,126.99098486494358,37.53928029523116,26.30927282,199.56929412,427.13645866,87,미지정,0
285385,1117000000000004114,이태원동 225-165 도,도,국유지,13.472661139210686,126.99098486494358,37.53928029523116,26.30927282,199.56929412,427.13645866,83,미지정,0
285386,1117000000000004115,이태원동 225-162 도,도,국유지,42.732892147265375,126.99103703094993,37.539294331497,29.06138292,204.35711648,431.43670662,87,미지정,0
285386,1117000000000004115,이태원동 225-162 도,도,국유지,42.732892147265375,126.99103703094993,37.539294331497,29.06138292,204.35711648,431.43670662,83,미지정,0
285387,1117000000000004116,이태원동 225-166 도,도,국유지,21.22175181400962,126.99090551305753,37.539284646175176,26.32305825,193.71491156,422.71671816,87,미지정,0
285387,1117000000000004116,이태원동 225-166 도,도,국유지,21.22175181400962,126.99090551305753,37.539284646175176,26.32305825,193.71491156,422.71671816,83,미지정,0
285388,1117000000000004117,이태원동 226-2 도,도,국유지,1592.6324735458475,126.99131819290079,37.53962902113551,73.23132192,235.21046179,475.53837761,87,미지정,0
285388,1117000000000004117,이태원동 226-2 도,도,국유지,1592.6324735458475,126.99131819290079,37.53962902113551,73.23132192,235.21046179,475.53837761,83,미지정,0
285389,1117000000000004118,이태원동 225-228 도,도,국유지,12.99689868837595,126.99104643396227,37.539328855345914,32.95190761,206.95560218,434.7905795,87,미지정,0
285389,1117000000000004118,이태원동 225-228 도,도,국유지,12.99689868837595,126.99104643396227,37.539328855345914,32.95190761,206.95560218,434.7905795,83,미지정,0
285390,1117000000000004119,이태원동 225-246 도,도,국유지,17.68563993833959,126.99064613643925,37.53920298890737,30.09086251,169.38746958,400.68779747,87,미지정,0
285390,1117000000000004119,이태원동 225-246 도,도,국유지,17.68563993833959,126.99064613643925,37.53920298890737,30.09086251,169.38746958,400.68779747,83,미지정,0
285391,1117000000000004120,이태원동 225-252 도,도,국유지,70.88971364102326,126.9907149894839,37.53922801328353,27.29953008,176.02898036,406.78491689,87,미지정,0
285391,1117000000000004120,이태원동 225-252 도,도,국유지,70.88971364102326,126.9907149894839,37.53922801328353,27.29953008,176.02898036,406.78491689,83,미지정,0
285392,1117000000000004121,이태원동 75-10도,도,국유지,37.89505235850811,126.99157418146518,37.533485530071616,158.69654501,209.2866649,430.78841953,87,미지정,0
285392,1117000000000004121,이태원동 75-10도,도,국유지,37.89505235850811,126.99157418146518,37.533485530071616,158.69654501,209.2866649,430.78841953,83,미지정,0
285393,1117000000000004122,이태원동 672 도,도,국유지,59.319464270956814,126.98747157560977,37.539885251123046,319.08427615,213.32213574,378.56920401,87,미지정,0
285393,1117000000000004122,이태원동 672 도,도,국유지,59.319464270956814,126.98747157560977,37.539885251123046,319.08427615,213.32213574,378.56920401,83,미지정,0
285394,1117000000000004123,이태원동 254-12도,도,국유지,69.11821165354922,126.98975129189432,37.54048447089572,190.22883078,207.53895118,457.76506514,87,미지정,0
285394,1117000000000004123,이태원동 254-12도,도,국유지,69.11821165354922,126.98975129189432,37.54048447089572,190.22883078,207.53895118,457.76506514,83,미지정,0
285395,1117000000000004124,이태원동 225-7도,도,국유지,45.07206075126305,126.99052727167211,37.539749827674996,85.47535763,200.48701303,442.19707904,87,미지정,0
285395,1117000000000004124,이태원동 225-7도,도,국유지,45.07206075126305,126.99052727167211,37.539749827674996,85.47535763,200.48701303,442.19707904,83,미지정,0
285396,1117000000000004125,이태원동 225-180 도,도,국유지,58.328863805159926,126.99040001193981,37.539746899240455,90.4084506,192.90478829,435.60725292,87,미지정,0
285396,1117000000000004125,이태원동 225-180 도,도,국유지,58.328863805159926,126.99040001193981,37.539746899240455,90.4084506,192.90478829,435.60725292,83,미지정,0
285397,1117000000000004126,이태원동 255-69도,도,국유지,281.78257009526715,126.98963621868131,37.54076762952455,222.28286337,196.20622708,425.16973801,87,미지정,0
285397,1117000000000004126,이태원동 255-69도,도,국유지,281.78257009526715,126.98963621868131,37.54076762952455,222.28286337,196.20622708,425.16973801,83,미지정,0
285398,1117000000000004127,이태원동 225-82도,도,국유지,42.521692057373,126.99010573487118,37.539924568358316,121.30045905,194.33988806,438.85127213,87,미지정,0
285398,1117000000000004127,이태원동 225-82도,도,국유지,42.521692057373,126.99010573487118,37.539924568358316,121.30045905,194.33988806,438.85127213,83,미지정,0
285399,1117000000000004128,이태원동 252-10도,도,국유지,290.7897565960884,126.99051016752964,37.53998557636629,110.34277039,213.40489604,463.10559938,87,미지정,0
285399,1117000000000004128,이태원동 252-10도,도,국유지,290.7897565960884,126.99051016752964,37.53998557636629,110.34277039,213.40489604,463.10559938,83,미지정,0
285400,1117000000000004129,이태원동 251-72도,도,국유지,133.98440356971696,126.99102980183508,37.54021825661017,130.20977836,174.09279343,515.75396372,87,미지정,0
285400,1117000000000004129,이태원동 251-72도,도,국유지,133.98440356971696,126.99102980183508,37.54021825661017,130.20977836,174.09279343,515.75396372,83,미지정,0
285401,1117000000000004130,이태원동 254-1도,도,국유지,135.81317796185613,126.98970571345512,37.5404384871443,188.24980485,233.81468049,462.20459883,87,미지정,0
285401,1117000000000004130,이태원동 254-1도,도,국유지,135.81317796185613,126.98970571345512,37.5404384871443,188.24980485,233.81468049,462.20459883,83,미지정,0
285402,1117000000000004131,이태원동 254-13 도,도,국유지,52.5167378410697,126.9896739948948,37.54024783302204,173.10941342,212.67878147,454.28476471,87,미지정,0
285402,1117000000000004131,이태원동 254-13 도,도,국유지,52.5167378410697,126.9896739948948,37.54024783302204,173.10941342,212.67878147,454.28476471,83,미지정,0
285403,1117000000000004132,이태원동 255-47도,도,국유지,320.29141845024424,126.98995095551776,37.54088802463238,221.6384347,165.6917278,416.98014279,87,미지정,0
285403,1117000000000004132,이태원동 255-47도,도,국유지,320.29141845024424,126.98995095551776,37.54088802463238,221.6384347,165.6917278,416.98014279,83,미지정,0
285404,1117000000000004133,이태원동 96-91도,도,국유지,239.4815358389169,126.99402305732832,37.531595347486174,277.74879487,309.8030261,229.91598946,87,미지정,0
285404,1117000000000004133,이태원동 96-91도,도,국유지,239.4815358389169,126.99402305732832,37.531595347486174,277.74879487,309.8030261,229.91598946,83,미지정,0
285405,1117000000000004134,이태원동 404-48도,도,국유지,614.0015371688642,126.98840324277403,37.53536544608378,108.40915556,130.25503947,139.31365135,87,미지정,0
285405,1117000000000004134,이태원동 404-48도,도,국유지,614.0015371688642,126.98840324277403,37.53536544608378,108.40915556,130.25503947,139.31365135,83,미지정,0
285406,1117000000000004135,이태원동 254-34 도,도,국유지,29.38239486468956,126.99034150570299,37.540554972180495,175.0368156,166.32503855,461.17571957,87,미지정,0
285406,1117000000000004135,이태원동 254-34 도,도,국유지,29.38239486468956,126.99034150570299,37.540554972180495,175.0368156,166.32503855,461.17571957,83,미지정,0
285407,1117000000000004136,이태원동 256-1도,도,국유지,374.2592809521593,126.99124779890622,37.540977965160096,196.23432144,87.60925705,446.47634016,87,미지정,0
285407,1117000000000004136,이태원동 256-1도,도,국유지,374.2592809521593,126.99124779890622,37.540977965160096,196.23432144,87.60925705,446.47634016,83,미지정,0
285408,1117000000000004137,이태원동 255-79도,도,국유지,71.38309854269028,126.99010740480935,37.541301360334366,260.33580084,131.44930236,375.82686202,87,미지정,0
285408,1117000000000004137,이태원동 255-79도,도,국유지,71.38309854269028,126.99010740480935,37.541301360334366,260.33580084,131.44930236,375.82686202,83,미지정,0
285409,1117000000000004138,이태원동 255-19도,도,국유지,105.34586470387876,126.98991111654254,37.541293024162016,264.80607925,147.99222138,372.36287277,87,미지정,0
285409,1117000000000004138,이태원동 255-19도,도,국유지,105.34586470387876,126.98991111654254,37.541293024162016,264.80607925,147.99222138,372.36287277,83,미지정,0
285410,1117000000000004139,이태원동 255-21도,도,국유지,463.90439519949723,126.990245872668,37.54128188752513,255.1049627,121.0853581,381.41319942,87,미지정,0
285410,1117000000000004139,이태원동 255-21도,도,국유지,463.90439519949723,126.990245872668,37.54128188752513,255.1049627,121.0853581,381.41319942,83,미지정,0
285411,1117000000000004140,이태원동 251-14도,도,국유지,112.31089785834774,126.99135217625908,37.54078308566229,172.74012233,107.31332634,469.93577304,87,미지정,0
285411,1117000000000004140,이태원동 251-14도,도,국유지,112.31089785834774,126.99135217625908,37.54078308566229,172.74012233,107.31332634,469.93577304,83,미지정,0
285412,1117000000000004141,이태원동 255-59도,도,국유지,17.704704598523676,126.99014188365653,37.54161816435826,293.54218918,119.69396548,343.06493405,87,미지정,0
285412,1117000000000004141,이태원동 255-59도,도,국유지,17.704704598523676,126.99014188365653,37.54161816435826,293.54218918,119.69396548,343.06493405,83,미지정,0
285413,1117000000000004142,이태원동 255-20도,도,국유지,38.82793393731117,126.99003583171235,37.541217066102476,253.25358923,140.95439936,383.1957946,87,미지정,0
285413,1117000000000004142,이태원동 255-20도,도,국유지,38.82793393731117,126.99003583171235,37.541217066102476,253.25358923,140.95439936,383.1957946,83,미지정,0
285414,1117000000000004143,이태원동 255-64도,도,국유지,39.8726242040284,126.99002342353424,37.541085049241495,239.73108937,148.59058212,397.12988666,87,미지정,0
285414,1117000000000004143,이태원동 255-64도,도,국유지,39.8726242040284,126.99002342353424,37.541085049241495,239.73108937,148.59058212,397.12988666,83,미지정,0
285415,1117000000000004144,이태원동 255-86 도,도,국유지,623.9113678006106,126.99050263998247,37.54165794038224,292.07118945,87.51683254,350.12795552,87,미지정,0
285415,1117000000000004144,이태원동 255-86 도,도,국유지,623.9113678006106,126.99050263998247,37.54165794038224,292.07118945,87.51683254,350.12795552,83,미지정,0
285416,1117000000000004145,이태원동 261-110도,도,국유지,2175.97899575904,126.98991002127788,37.54187229067535,326.05505013,140.09273264,310.10592882,87,미지정,0
285416,1117000000000004145,이태원동 261-110도,도,국유지,2175.97899575904,126.98991002127788,37.54187229067535,326.05505013,140.09273264,310.10592882,83,미지정,0
285417,1117000000000004146,이태원동 260-159도,도,국유지,108.48910417803563,126.9903986916505,37.541596373657015,286.64365603,97.56626401,352.97628815,87,미지정,0
285417,1117000000000004146,이태원동 260-159도,도,국유지,108.48910417803563,126.9903986916505,37.541596373657015,286.64365603,97.56626401,352.97628815,83,미지정,0
285418,1117000000000004147,이태원동 255-12도,도,국유지,80.66706241841894,126.99033361681259,37.541306552630516,256.07042595,112.90414938,381.22788689,87,미지정,0
285418,1117000000000004147,이태원동 255-12도,도,국유지,80.66706241841894,126.99033361681259,37.541306552630516,256.07042595,112.90414938,381.22788689,83,미지정,0
285419,1117000000000004148,이태원동 260-235잡,잡,국유지,153.23670759552624,126.9914569680055,37.541465724659936,240.59167634,30.99900461,408.78652299,87,미지정,0
285419,1117000000000004148,이태원동 260-235잡,잡,국유지,153.23670759552624,126.9914569680055,37.541465724659936,240.59167634,30.99900461,408.78652299,83,미지정,0
285420,1117000000000004149,이태원동 260-405도,도,국유지,288.54920730215963,126.99166980382431,37.5411105234073,197.67727504,72.140442,452.14020549,87,미지정,0
285420,1117000000000004149,이태원동 260-405도,도,국유지,288.54920730215963,126.99166980382431,37.5411105234073,197.67727504,72.140442,452.14020549,83,미지정,0
285421,1117000000000004150,이태원동 260-85도,도,국유지,399.5812844145112,126.99123958912155,37.54172639679243,273.8628475,21.9523482,374.06046808,87,미지정,0
285421,1117000000000004150,이태원동 260-85도,도,국유지,399.5812844145112,126.99123958912155,37.54172639679243,273.8628475,21.9523482,374.06046808,83,미지정,0
285422,1117000000000004151,이태원동 255-84도,도,국유지,911.776132232626,126.99108372405425,37.54130683717118,235.4435487,60.20284545,407.39498572,87,미지정,0
285422,1117000000000004151,이태원동 255-84도,도,국유지,911.776132232626,126.99108372405425,37.54130683717118,235.4435487,60.20284545,407.39498572,83,미지정,0
285423,1117000000000004152,이태원동 260-334도,도,국유지,55.29135968501214,126.99137774351016,37.54196443486488,295.87750626,26.30202758,359.31704421,87,미지정,0
285423,1117000000000004152,이태원동 260-334도,도,국유지,55.29135968501214,126.99137774351016,37.54196443486488,295.87750626,26.30202758,359.31704421,83,미지정,0
285424,1117000000000004153,이태원동 260-320 도,도,국유지,116.14430446457118,126.99155852418151,37.54194198240576,289.93284937,22.8647345,371.0437029,87,미지정,0
285424,1117000000000004153,이태원동 260-320 도,도,국유지,116.14430446457118,126.99155852418151,37.54194198240576,289.93284937,22.8647345,371.0437029,83,미지정,0
285425,1117000000000004154,이태원동 260-429도,도,국유지,18.817951335571706,126.99049475336633,37.541765541047695,304.0057211,87.72355448,338.89691844,87,미지정,0
285425,1117000000000004154,이태원동 260-429도,도,국유지,18.817951335571706,126.99049475336633,37.541765541047695,304.0057211,87.72355448,338.89691844,83,미지정,0
285426,1117000000000004155,이태원동 260-333도,도,국유지,30.519584380439483,126.99112870978625,37.54201915956935,307.79454138,43.99180033,341.57140528,87,미지정,0
285426,1117000000000004155,이태원동 260-333도,도,국유지,30.519584380439483,126.99112870978625,37.54201915956935,307.79454138,43.99180033,341.57140528,83,미지정,0
285427,1117000000000004156,이태원동 260-232 잡,잡,국유지,101.9513870049268,126.99072758421528,37.54182079189917,308.24163723,67.65325247,342.26368198,87,미지정,0
285427,1117000000000004156,이태원동 260-232 잡,잡,국유지,101.9513870049268,126.99072758421528,37.54182079189917,308.24163723,67.65325247,342.26368198,83,미지정,0
285428,1117000000000004157,이태원동 260-430도,도,국유지,29.68102911603637,126.99062231157741,37.541803821987216,307.03295956,76.70573459,339.77758182,87,미지정,0
285428,1117000000000004157,이태원동 260-430도,도,국유지,29.68102911603637,126.99062231157741,37.541803821987216,307.03295956,76.70573459,339.77758182,83,미지정,0
285429,1117000000000004158,이태원동 260-475 도,도,국유지,154.91709454008378,126.99132191286772,37.54247871694947,352.54769877,82.8395297,312.08920968,87,미지정,0
285429,1117000000000004158,이태원동 260-475 도,도,국유지,154.91709454008378,126.99132191286772,37.54247871694947,352.54769877,82.8395297,312.08920968,83,미지정,0
285430,1117000000000004159,이태원동 260-302도,도,국유지,624.3924654943985,126.9908409923916,37.54218530243098,333.66193613,75.22236499,312.17126266,87,미지정,0
285430,1117000000000004159,이태원동 260-302도,도,국유지,624.3924654943985,126.9908409923916,37.54218530243098,333.66193613,75.22236499,312.17126266,83,미지정,0
285431,1117000000000004160,이태원동 261-47도,도,국유지,101.33631757413968,126.99013708412782,37.543311712739346,478.3212778,84.59555806,173.90904624,87,미지정,0
285431,1117000000000004160,이태원동 261-47도,도,국유지,101.33631757413968,126.99013708412782,37.543311712739346,478.3212778,84.59555806,173.90904624,83,미지정,0
285432,1117000000000004161,이태원동 261-99도,도,국유지,191.2456800774671,126.9900858466937,37.54331194261803,479.02706295,80.29450665,171.18455427,87,미지정,0
285432,1117000000000004161,이태원동 261-99도,도,국유지,191.2456800774671,126.9900858466937,37.54331194261803,479.02706295,80.29450665,171.18455427,83,미지정,0
285433,1117000000000004162,이태원동 261-100도,도,국유지,77.89904900640249,126.98985421749349,37.5432799290481,479.13850324,62.91015558,163.07471659,87,미지정,0
285433,1117000000000004162,이태원동 261-100도,도,국유지,77.89904900640249,126.98985421749349,37.5432799290481,479.13850324,62.91015558,163.07471659,83,미지정,0
285434,1117000000000004163,이태원동 261-95도,도,국유지,772.4744187812321,126.99006136922713,37.54305173162086,450.87902614,92.03750587,194.16405042,87,미지정,0
285434,1117000000000004163,이태원동 261-95도,도,국유지,772.4744187812321,126.99006136922713,37.54305173162086,450.87902614,92.03750587,194.16405042,83,미지정,0
285435,1117000000000004164,이태원동 181-68 도,도,국유지,372.6670695831999,126.99013644913863,37.535561931570626,139.79968488,21.09609037,240.30662294,87,미지정,0
285435,1117000000000004164,이태원동 181-68 도,도,국유지,372.6670695831999,126.99013644913863,37.535561931570626,139.79968488,21.09609037,240.30662294,83,미지정,0
285436,1117000000000004165,이태원동 260-186도,도,국유지,155.48088908731006,126.99113407382053,37.54241020061191,349.22826826,80.24943433,307.03693324,87,미지정,0
285436,1117000000000004165,이태원동 260-186도,도,국유지,155.48088908731006,126.99113407382053,37.54241020061191,349.22826826,80.24943433,307.03693324,83,미지정,0
285437,1117000000000004166,이태원동 261-104도,도,국유지,45.6584400604479,126.98990199749375,37.5433711820623,488.2710082,62.79752142,156.57910262,87,미지정,0
285437,1117000000000004166,이태원동 261-104도,도,국유지,45.6584400604479,126.98990199749375,37.5433711820623,488.2710082,62.79752142,156.57910262,83,미지정,0
285438,1117000000000004167,이태원동 260-177 도,도,국유지,108.9486113153398,126.99215802391777,37.54258819675894,356.12418523,110.88557619,358.37524896,87,미지정,0
285438,1117000000000004167,이태원동 260-177 도,도,국유지,108.9486113153398,126.99215802391777,37.54258819675894,356.12418523,110.88557619,358.37524896,83,미지정,0
285439,1117000000000004168,이태원동 262-63도,도,국유지,9.935972669394687,126.98976875255015,37.54334680454097,487.94312212,52.82841599,152.92315175,87,미지정,0
285439,1117000000000004168,이태원동 262-63도,도,국유지,9.935972669394687,126.98976875255015,37.54334680454097,487.94312212,52.82841599,152.92315175,83,미지정,0
285440,1117000000000004169,이태원동 262-62도,도,국유지,123.94962569978088,126.98967072654374,37.54330113782279,484.89592806,47.83748993,153.58776851,87,미지정,0
285440,1117000000000004169,이태원동 262-62도,도,국유지,123.94962569978088,126.98967072654374,37.54330113782279,484.89592806,47.83748993,153.58776851,83,미지정,0
285441,1117000000000004170,이태원동 280-5도,도,국유지,127.31483650719747,126.98954622254324,37.539950748950275,157.790967,177.88077415,419.52438619,87,미지정,0
285441,1117000000000004170,이태원동 280-5도,도,국유지,127.31483650719747,126.98954622254324,37.539950748950275,157.790967,177.88077415,419.52438619,83,미지정,0
285442,1117000000000004171,이태원동 260-172도,도,국유지,55.61936530377716,126.99189372900683,37.54278745442789,379.17224158,121.26073357,326.39198636,87,미지정,0
285442,1117000000000004171,이태원동 260-172도,도,국유지,55.61936530377716,126.99189372900683,37.54278745442789,379.17224158,121.26073357,326.39198636,83,미지정,0
285443,1117000000000004172,이태원동 260-287도,도,국유지,114.0737152993679,126.99182867351678,37.54256353329035,354.86775455,95.83931799,337.57697731,87,미지정,0
285443,1117000000000004172,이태원동 260-287도,도,국유지,114.0737152993679,126.99182867351678,37.54256353329035,354.86775455,95.83931799,337.57697731,83,미지정,0
285444,1117000000000004173,이태원동 260-225도,도,국유지,453.92887378297746,126.99079358891721,37.542928117875654,412.90821164,145.00767592,243.7765279,87,미지정,0
285444,1117000000000004173,이태원동 260-225도,도,국유지,453.92887378297746,126.99079358891721,37.542928117875654,412.90821164,145.00767592,243.7765279,83,미지정,0
285445,1117000000000004174,이태원동 261-45도,도,국유지,21.966072189738043,126.99044109845946,37.54335897052914,480.37543871,109.32687768,187.61724769,87,미지정,0
285445,1117000000000004174,이태원동 261-45도,도,국유지,21.966072189738043,126.99044109845946,37.54335897052914,480.37543871,109.32687768,187.61724769,83,미지정,0
285446,1117000000000004175,이태원동 261-11도,도,국유지,524.3307977387449,126.99040038041208,37.5427601638716,414.60933905,135.6423651,237.44146675,87,미지정,0
285446,1117000000000004175,이태원동 261-11도,도,국유지,524.3307977387449,126.99040038041208,37.5427601638716,414.60933905,135.6423651,237.44146675,83,미지정,0
285447,1117000000000004176,이태원동 689도,도,국유지,200.08076849975623,126.98765612061935,37.538467986142095,264.36338749,120.03307693,220.8606482,87,미지정,0
285447,1117000000000004176,이태원동 689도,도,국유지,200.08076849975623,126.98765612061935,37.538467986142095,264.36338749,120.03307693,220.8606482,83,미지정,0
285448,1117000000000004177,이태원동 181-39도,도,국유지,624.9695875768084,126.99015333005804,37.535245062075056,163.48156814,49.03560998,258.4286972,87,미지정,0
285448,1117000000000004177,이태원동 181-39도,도,국유지,624.9695875768084,126.99015333005804,37.535245062075056,163.48156814,49.03560998,258.4286972,83,미지정,0
285449,1117000000000004178,이태원동 261-46도,도,국유지,30.911415815120563,126.990304017452,37.54335455497382,481.11939338,97.57200946,179.65357107,87,미지정,0
285449,1117000000000004178,이태원동 261-46도,도,국유지,30.911415815120563,126.990304017452,37.54335455497382,481.11939338,97.57200946,179.65357107,83,미지정,0
285450,1117000000000004179,이태원동 260-289 도,도,국유지,857.9732189924689,126.99107391839006,37.543650499998094,484.29375679,163.61555225,213.4030758,87,미지정,0
285450,1117000000000004179,이태원동 260-289 도,도,국유지,857.9732189924689,126.99107391839006,37.543650499998094,484.29375679,163.61555225,213.4030758,83,미지정,0
285451,1117000000000004180,이태원동 262-79 도,도,국유지,102.34152334462851,126.9909503692895,37.543416124784365,461.34972227,153.00297344,217.88454981,87,미지정,0
285451,1117000000000004180,이태원동 262-79 도,도,국유지,102.34152334462851,126.9909503692895,37.543416124784365,461.34972227,153.00297344,217.88454981,83,미지정,0
285452,1117000000000004181,이태원동 260-425도,도,국유지,99.56101007759571,126.99103103328248,37.54323724069422,440.37312895,170.56005464,235.54261538,87,미지정,0
285452,1117000000000004181,이태원동 260-425도,도,국유지,99.56101007759571,126.99103103328248,37.54323724069422,440.37312895,170.56005464,235.54261538,83,미지정,0
285453,1117000000000004182,이태원동 261-109도,도,국유지,458.08488970436156,126.99109635647247,37.543353026029735,451.59818902,181.88869639,232.45877677,87,미지정,0
285453,1117000000000004182,이태원동 261-109도,도,국유지,458.08488970436156,126.99109635647247,37.543353026029735,451.59818902,181.88869639,232.45877677,83,미지정,0
285454,1117000000000004183,이태원동 260-179 도,도,국유지,10.90705086349044,126.99139683827937,37.54303978042565,412.33981496,144.03643016,274.50101573,87,미지정,0
285454,1117000000000004183,이태원동 260-179 도,도,국유지,10.90705086349044,126.99139683827937,37.54303978042565,412.33981496,144.03643016,274.50101573,83,미지정,0
285455,1117000000000004184,이태원동 262-88도,도,국유지,17.223540876060724,126.99081996583143,37.543885991647684,514.74397348,145.68891411,199.377006,87,미지정,0
285455,1117000000000004184,이태원동 262-88도,도,국유지,17.223540876060724,126.99081996583143,37.543885991647684,514.74397348,145.68891411,199.377006,83,미지정,0
285456,1117000000000004185,이태원동 262-74 도,도,국유지,96.52428559330292,126.99085525180367,37.54404331063916,531.02017494,154.03825176,187.96581967,87,미지정,0
285456,1117000000000004185,이태원동 262-74 도,도,국유지,96.52428559330292,126.99085525180367,37.54404331063916,531.02017494,154.03825176,187.96581967,83,미지정,0
285457,1117000000000004186,이태원동 260-2 도,도,국유지,2768.656844987534,126.9915990344983,37.54284397721213,388.11297883,122.48492336,302.01286078,87,미지정,0
285457,1117000000000004186,이태원동 260-2 도,도,국유지,2768.656844987534,126.9915990344983,37.54284397721213,388.11297883,122.48492336,302.01286078,83,미지정,0
285458,1117000000000004187,이태원동 262-67도,도,국유지,40.66071561042918,126.99075339689622,37.54391290286656,519.06137061,140.84213963,193.42921284,87,미지정,0
285458,1117000000000004187,이태원동 262-67도,도,국유지,40.66071561042918,126.99075339689622,37.54391290286656,519.06137061,140.84213963,193.42921284,83,미지정,0
285459,1117000000000004188,이태원동 262-89도,도,국유지,28.65528809465468,126.99076464504535,37.54378693621998,505.27132373,138.45119297,182.16046292,87,미지정,0
285459,1117000000000004188,이태원동 262-89도,도,국유지,28.65528809465468,126.99076464504535,37.54378693621998,505.27132373,138.45119297,182.16046292,83,미지정,0
285460,1117000000000004189,이태원동 262-68도,도,국유지,152.3884114259854,126.99071865628247,37.54381276241966,509.07481641,135.05901289,177.22683136,87,미지정,0
285460,1117000000000004189,이태원동 262-68도,도,국유지,152.3884114259854,126.99071865628247,37.54381276241966,509.07481641,135.05901289,177.22683136,83,미지정,0
285461,1117000000000004190,이태원동 262-77도,도,국유지,218.95864584110677,126.99062496547732,37.543631622497976,491.94552808,123.89194845,180.59964953,87,미지정,0
285461,1117000000000004190,이태원동 262-77도,도,국유지,218.95864584110677,126.99062496547732,37.543631622497976,491.94552808,123.89194845,180.59964953,83,미지정,0
285462,1117000000000004191,이태원동 261-65도,도,국유지,39.97928093094379,126.99050455070328,37.54348163828918,479.21471194,113.14238886,182.41031023,87,미지정,0
285462,1117000000000004191,이태원동 261-65도,도,국유지,39.97928093094379,126.99050455070328,37.54348163828918,479.21471194,113.14238886,182.41031023,83,미지정,0
285463,1117000000000004192,이태원동 507도,도,국유지,40.34709010645747,126.98904344690246,37.54344914456464,356.81470178,19.58344628,123.45323765,87,미지정,0
285463,1117000000000004192,이태원동 507도,도,국유지,40.34709010645747,126.98904344690246,37.54344914456464,356.81470178,19.58344628,123.45323765,83,미지정,0
285464,1117000000000004193,이태원동 488도,도,국유지,488.90299621608574,126.98904791454508,37.543401840535665,358.59390667,22.66340151,128.7181749,87,미지정,0
285464,1117000000000004193,이태원동 488도,도,국유지,488.90299621608574,126.98904791454508,37.543401840535665,358.59390667,22.66340151,128.7181749,83,미지정,0
285465,1117000000000004194,이태원동 261도,도,국유지,287.2555838988628,126.99024971001428,37.54339799116773,486.47496249,91.90181494,172.86029291,87,미지정,0
285465,1117000000000004194,이태원동 261도,도,국유지,287.2555838988628,126.99024971001428,37.54339799116773,486.47496249,91.90181494,172.86029291,83,미지정,0
285466,1117000000000004195,이태원동 494도,도,국유지,54.99112424743362,126.98930935066441,37.543427991438506,380.13648321,15.17805509,129.55100872,87,미지정,0
285466,1117000000000004195,이태원동 494도,도,국유지,54.99112424743362,126.98930935066441,37.543427991438506,380.13648321,15.17805509,129.55100872,83,미지정,0
285467,1117000000000004196,이태원동 303-33도,도,국유지,472.5758031485602,126.98852448215447,37.53884211286042,213.42768474,64.8412757,272.98795052,87,미지정,0
285467,1117000000000004196,이태원동 303-33도,도,국유지,472.5758031485602,126.98852448215447,37.53884211286042,213.42768474,64.8412757,272.98795052,83,미지정,0
285468,1117000000000004197,이태원동 306-8도,도,국유지,126.23795427009463,126.98822102336271,37.538673174417546,271.19740679,75.95604362,248.41829885,87,미지정,0
285468,1117000000000004197,이태원동 306-8도,도,국유지,126.23795427009463,126.98822102336271,37.538673174417546,271.19740679,75.95604362,248.41829885,83,미지정,0
285469,1117000000000004198,이태원동 305-2도,도,국유지,244.62831054488197,126.98823649266876,37.538754739457616,279.80991083,78.73889823,257.56401702,87,미지정,0
285469,1117000000000004198,이태원동 305-2도,도,국유지,244.62831054488197,126.98823649266876,37.538754739457616,279.80991083,78.73889823,257.56401702,83,미지정,0
285470,1117000000000004199,이태원동 503도,도,국유지,28.199205111712217,126.98909580649277,37.54377775686957,353.69135509,28.01221529,87.68932573,87,미지정,0
285470,1117000000000004199,이태원동 503도,도,국유지,28.199205111712217,126.98909580649277,37.54377775686957,353.69135509,28.01221529,87.68932573,83,미지정,0
285471,1117000000000004200,이태원동 506도,도,국유지,30.0873432867229,126.98904433039934,37.543734730888346,350.00097758,26.27020983,91.86890684,87,미지정,0
285471,1117000000000004200,이태원동 506도,도,국유지,30.0873432867229,126.98904433039934,37.543734730888346,350.00097758,26.27020983,91.86890684,83,미지정,0
285472,1117000000000004201,이태원동 276-15도,도,국유지,18.328201424796134,126.98861972651859,37.53898818526447,203.89104865,73.37466997,290.91645305,87,미지정,0
285472,1117000000000004201,이태원동 276-15도,도,국유지,18.328201424796134,126.98861972651859,37.53898818526447,203.89104865,73.37466997,290.91645305,83,미지정,0
285473,1117000000000004202,이태원동 262-39 도,도,국유지,89.21703618956963,126.98954266648342,37.5440769942832,400.74745502,65.00241927,75.12405292,87,미지정,0
285473,1117000000000004202,이태원동 262-39 도,도,국유지,89.21703618956963,126.98954266648342,37.5440769942832,400.74745502,65.00241927,75.12405292,83,미지정,0
285474,1117000000000004203,이태원동 685도,도,국유지,5836.840338946029,126.98721712721105,37.538986227777706,332.77592839,171.22347468,281.26021004,87,미지정,0
285474,1117000000000004203,이태원동 685도,도,국유지,5836.840338946029,126.98721712721105,37.538986227777706,332.77592839,171.22347468,281.26021004,83,미지정,0
285475,1117000000000004204,이태원동 496도,도,국유지,606.4245271006366,126.98686613100413,37.53834003653202,287.45558092,189.79152656,218.57901405,87,미지정,0
285475,1117000000000004204,이태원동 496도,도,국유지,606.4245271006366,126.98686613100413,37.53834003653202,287.45558092,189.79152656,218.57901405,83,미지정,0
285476,1117000000000004205,이태원동 262-41도,도,국유지,521.3205749874469,126.99004289170058,37.54402580185824,440.78032678,89.50479527,113.59375709,87,미지정,0
285476,1117000000000004205,이태원동 262-41도,도,국유지,521.3205749874469,126.99004289170058,37.54402580185824,440.78032678,89.50479527,113.59375709,83,미지정,0
285477,1117000000000004206,이태원동 165-15도,도,국유지,16.739871439756826,126.9905690465866,37.53557538158024,171.92271279,57.65042739,274.88027465,87,미지정,0
285477,1117000000000004206,이태원동 165-15도,도,국유지,16.739871439756826,126.9905690465866,37.53557538158024,171.92271279,57.65042739,274.88027465,83,미지정,0
285478,1117000000000004207,이태원동 262-72도,도,국유지,625.4159902468091,126.99077736439344,37.54416072640565,545.27326408,152.96026359,173.70424129,87,미지정,0
285478,1117000000000004207,이태원동 262-72도,도,국유지,625.4159902468091,126.99077736439344,37.54416072640565,545.27326408,152.96026359,173.70424129,83,미지정,0
285479,1117000000000004208,이태원동 262-71도,도,국유지,3760.5880036769668,126.99089278015984,37.544447585820535,574.16867911,177.87549032,160.08370158,87,미지정,0
285479,1117000000000004208,이태원동 262-71도,도,국유지,3760.5880036769668,126.99089278015984,37.544447585820535,574.16867911,177.87549032,160.08370158,83,미지정,0
285480,1117000000000004209,이태원동 258-486 도,도,국유지,19.583063669037074,126.99305986526421,37.54171290241255,269.95006346,139.04671924,481.63336307,87,미지정,0
285480,1117000000000004209,이태원동 258-486 도,도,국유지,19.583063669037074,126.99305986526421,37.54171290241255,269.95006346,139.04671924,481.63336307,83,미지정,0
285481,1117000000000004210,이태원동 258-409도,도,국유지,117.76294843724463,126.99286690581097,37.54181998845022,277.23712585,122.24204474,460.97042891,87,미지정,0
285481,1117000000000004210,이태원동 258-409도,도,국유지,117.76294843724463,126.99286690581097,37.54181998845022,277.23712585,122.24204474,460.97042891,83,미지정,0
285482,1117000000000004211,이태원동 258-497 도,도,국유지,18.479563142638654,126.99263138428874,37.54164361995754,254.18389449,101.74817844,459.1123602,87,미지정,0
285482,1117000000000004211,이태원동 258-497 도,도,국유지,18.479563142638654,126.99263138428874,37.54164361995754,254.18389449,101.74817844,459.1123602,83,미지정,0
285483,1117000000000004212,이태원동 262-32 도,도,국유지,20.92112868418917,126.99018019971868,37.54463371073605,420.0513161,147.02511257,99.35531667,87,미지정,0
285483,1117000000000004212,이태원동 262-32 도,도,국유지,20.92112868418917,126.99018019971868,37.54463371073605,420.0513161,147.02511257,99.35531667,83,미지정,0
285484,1117000000000004213,이태원동 262-29 도,도,국유지,253.38694978132844,126.99025580045677,37.544875139989934,416.43851014,173.09653399,86.74052909,87,미지정,0
285484,1117000000000004213,이태원동 262-29 도,도,국유지,253.38694978132844,126.99025580045677,37.544875139989934,416.43851014,173.09653399,86.74052909,83,미지정,0
285485,1117000000000004214,이태원동 262-52 도,도,국유지,302.4582856371999,126.99015404909687,37.54477084778027,412.09485333,158.53139289,86.82311718,87,미지정,0
285485,1117000000000004214,이태원동 262-52 도,도,국유지,302.4582856371999,126.99015404909687,37.54477084778027,412.09485333,158.53139289,86.82311718,83,미지정,0
285486,1117000000000004215,이태원동 262-73도,도,국유지,2972.5293695912696,126.9903535614802,37.54531137893851,411.17470077,219.58043852,81.12574723,87,미지정,0
285486,1117000000000004215,이태원동 262-73도,도,국유지,2972.5293695912696,126.9903535614802,37.54531137893851,411.17470077,219.58043852,81.12574723,83,미지정,0
285487,1117000000000004216,이태원동 258-398도,도,국유지,48.23899242607877,126.99253339836652,37.54184526569066,275.25936962,93.15712824,437.30593624,87,미지정,0
285487,1117000000000004216,이태원동 258-398도,도,국유지,48.23899242607877,126.99253339836652,37.54184526569066,275.25936962,93.15712824,437.30593624,83,미지정,0
285488,1117000000000004217,이태원동 258-488 도,도,국유지,48.74430621927604,126.99334962135694,37.541628387664744,269.56143209,165.11087173,507.20975444,87,미지정,0
285488,1117000000000004217,이태원동 258-488 도,도,국유지,48.74430621927604,126.99334962135694,37.541628387664744,269.56143209,165.11087173,507.20975444,83,미지정,0
285489,1117000000000004218,이태원동 258-491 도,도,국유지,41.13766165729612,126.99343267048161,37.54162947321571,272.52974275,172.4202636,512.7869371,87,미지정,0
285489,1117000000000004218,이태원동 258-491 도,도,국유지,41.13766165729612,126.99343267048161,37.54162947321571,272.52974275,172.4202636,512.7869371,83,미지정,0
285490,1117000000000004219,이태원동 258-487 도,도,국유지,29.587923949584365,126.99334785292005,37.541663532515614,273.11868289,164.69751164,504.59688891,87,미지정,0
285490,1117000000000004219,이태원동 258-487 도,도,국유지,29.587923949584365,126.99334785292005,37.541663532515614,273.11868289,164.69751164,504.59688891,83,미지정,0
285491,1117000000000004220,이태원동 258-436도,도,국유지,68.37131850537844,126.99218860394997,37.541855760442814,274.81688572,63.23357933,414.89915803,87,미지정,0
285491,1117000000000004220,이태원동 258-436도,도,국유지,68.37131850537844,126.99218860394997,37.541855760442814,274.81688572,63.23357933,414.89915803,83,미지정,0
285492,1117000000000004221,이태원동 501도,도,국유지,12.422324866056442,126.98916450006578,37.54383143979471,358.80361879,31.93958313,83.00704918,87,미지정,0
285492,1117000000000004221,이태원동 501도,도,국유지,12.422324866056442,126.98916450006578,37.54383143979471,358.80361879,31.93958313,83.00704918,83,미지정,0
285493,1117000000000004222,이태원동 260-337도,도,국유지,128.86650032375474,126.99193465968948,37.54170821779067,259.47987171,39.76129935,412.15794727,87,미지정,0
285493,1117000000000004222,이태원동 260-337도,도,국유지,128.86650032375474,126.99193465968948,37.54170821779067,259.47987171,39.76129935,412.15794727,83,미지정,0
285494,1117000000000004223,이태원동 258-501 도,도,국유지,36.05195091874339,126.99245697551353,37.541524500068014,239.15449809,89.11738783,457.94129482,87,미지정,0
285494,1117000000000004223,이태원동 258-501 도,도,국유지,36.05195091874339,126.99245697551353,37.541524500068014,239.15449809,89.11738783,457.94129482,83,미지정,0
285495,1117000000000004224,이태원동 260-346도,도,국유지,23.51638033078052,126.99174279367398,37.541577814598526,247.25045187,29.1759703,413.00196065,87,미지정,0
285495,1117000000000004224,이태원동 260-346도,도,국유지,23.51638033078052,126.99174279367398,37.541577814598526,247.25045187,29.1759703,413.00196065,83,미지정,0
285496,1117000000000004225,이태원동 260-356도,도,국유지,20.951382873987313,126.99169240418226,37.54160915730336,251.43539841,23.52667157,407.55246528,87,미지정,0
285496,1117000000000004225,이태원동 260-356도,도,국유지,20.951382873987313,126.99169240418226,37.54160915730336,251.43539841,23.52667157,407.55246528,83,미지정,0
285497,1117000000000004226,이태원동 260-351도,도,국유지,21.034746237564832,126.99168468438641,37.541708814486675,262.44485707,17.90173445,398.30729069,87,미지정,0
285497,1117000000000004226,이태원동 260-351도,도,국유지,21.034746237564832,126.99168468438641,37.541708814486675,262.44485707,17.90173445,398.30729069,83,미지정,0
285498,1117000000000004227,이태원동 260-348 도,도,국유지,70.47534328792244,126.99172474882857,37.54176936808165,268.49384243,21.19913766,395.18220955,87,미지정,0
285498,1117000000000004227,이태원동 260-348 도,도,국유지,70.47534328792244,126.99172474882857,37.54176936808165,268.49384243,21.19913766,395.18220955,83,미지정,0
285499,1117000000000004228,이태원동 260-326도,도,국유지,237.2813812410459,126.99186883325068,37.5419051576206,281.79659787,38.19225873,391.76737053,87,미지정,0
285499,1117000000000004228,이태원동 260-326도,도,국유지,237.2813812410459,126.99186883325068,37.5419051576206,281.79659787,38.19225873,391.76737053,83,미지정,0
285500,1117000000000004229,이태원동 260-336도,도,국유지,55.30611887387931,126.99168412068815,37.541898864769,283.2529574,24.47271409,381.7401629,87,미지정,0
285500,1117000000000004229,이태원동 260-336도,도,국유지,55.30611887387931,126.99168412068815,37.541898864769,283.2529574,24.47271409,381.7401629,83,미지정,0
285501,1117000000000004230,이태원동 260-319도,도,국유지,38.10176841879729,126.99218413476636,37.54188481546316,278.04298681,63.56145812,412.29917817,87,미지정,0
285501,1117000000000004230,이태원동 260-319도,도,국유지,38.10176841879729,126.99218413476636,37.54188481546316,278.04298681,63.56145812,412.29917817,83,미지정,0
285502,1117000000000004231,이태원동 258-500 도,도,국유지,28.420761903282255,126.99231310629855,37.54146601921197,231.78576753,79.25959038,454.30660805,87,미지정,0
285502,1117000000000004231,이태원동 258-500 도,도,국유지,28.420761903282255,126.99231310629855,37.54146601921197,231.78576753,79.25959038,454.30660805,83,미지정,0
285503,1117000000000004232,이태원동 258-494 도,도,국유지,14.963167252484709,126.99231352791435,37.5415023308205,235.81366486,77.8144217,451.29387275,87,미지정,0
285503,1117000000000004232,이태원동 258-494 도,도,국유지,14.963167252484709,126.99231352791435,37.5415023308205,235.81366486,77.8144217,451.29387275,83,미지정,0
285504,1117000000000004233,이태원동 258-495 도,도,국유지,16.45902499521617,126.99240464153755,37.54154422814859,240.93805296,84.07411944,453.20100431,87,미지정,0
285504,1117000000000004233,이태원동 258-495 도,도,국유지,16.45902499521617,126.99240464153755,37.54154422814859,240.93805296,84.07411944,453.20100431,83,미지정,0
285505,1117000000000004234,이태원동 258-502 도,도,국유지,73.50151797849685,126.99264476230518,37.54155922706347,245.11675321,104.35366191,466.5882319,87,미지정,0
285505,1117000000000004234,이태원동 258-502 도,도,국유지,73.50151797849685,126.99264476230518,37.54155922706347,245.11675321,104.35366191,466.5882319,83,미지정,0
285506,1117000000000004235,이태원동 262-38 도,도,국유지,441.5380655452609,126.98965711057797,37.54425067645937,398.64835209,86.75833715,71.57998565,87,미지정,0
285506,1117000000000004235,이태원동 262-38 도,도,국유지,441.5380655452609,126.98965711057797,37.54425067645937,398.64835209,86.75833715,71.57998565,83,미지정,0
285507,1117000000000004236,이태원동 258-40도,도,국유지,2715.639719400846,126.99415641984251,37.54178633135823,318.32228419,235.95988081,571.41761873,87,미지정,0
285507,1117000000000004236,이태원동 258-40도,도,국유지,2715.639719400846,126.99415641984251,37.54178633135823,318.32228419,235.95988081,571.41761873,83,미지정,0
285508,1117000000000004237,이태원동 262-34도,도,국유지,30.366531697567552,126.98991231503015,37.54464299784668,398.00339791,135.7860568,84.64026257,87,미지정,0
285508,1117000000000004237,이태원동 262-34도,도,국유지,30.366531697567552,126.98991231503015,37.54464299784668,398.00339791,135.7860568,84.64026257,83,미지정,0
285509,1117000000000004238,이태원동 262-6 도,도,국유지,195.6366028096527,126.9897112979127,37.54452166772787,387.95635904,116.23197741,67.80060757,87,미지정,0
285509,1117000000000004238,이태원동 262-6 도,도,국유지,195.6366028096527,126.9897112979127,37.54452166772787,387.95635904,116.23197741,67.80060757,83,미지정,0
285510,1117000000000004239,이태원동 262-36 도,도,국유지,263.25517400354147,126.98996193740685,37.54450597354695,408.49895654,124.59151377,100.08422945,87,미지정,0
285510,1117000000000004239,이태원동 262-36 도,도,국유지,263.25517400354147,126.98996193740685,37.54450597354695,408.49895654,124.59151377,100.08422945,83,미지정,0
285511,1117000000000004240,이태원동 262-35 도,도,국유지,463.9389553151559,126.98978891881343,37.54445232206848,397.61204258,111.98161777,75.46505783,87,미지정,0
285511,1117000000000004240,이태원동 262-35 도,도,국유지,463.9389553151559,126.98978891881343,37.54445232206848,397.61204258,111.98161777,75.46505783,83,미지정,0
285512,1117000000000004241,이태원동 258-431도,도,국유지,96.45794496883173,126.99377180155581,37.54226826454139,349.49792532,210.13795701,510.29510714,87,미지정,0
285512,1117000000000004241,이태원동 258-431도,도,국유지,96.45794496883173,126.99377180155581,37.54226826454139,349.49792532,210.13795701,510.29510714,83,미지정,0
285513,1117000000000004242,이태원동 258-60 도,도,국유지,101.44035970873665,126.99376019248375,37.54244203680785,366.88248596,215.31610447,496.98006504,87,미지정,0
285513,1117000000000004242,이태원동 258-60 도,도,국유지,101.44035970873665,126.99376019248375,37.54244203680785,366.88248596,215.31610447,496.98006504,83,미지정,0
285514,1117000000000004243,이태원동 260-470 도,도,국유지,86.26784374390263,126.99206442238012,37.54130203511465,213.68152237,70.78337079,454.55696716,87,미지정,0
285514,1117000000000004243,이태원동 260-470 도,도,국유지,86.26784374390263,126.99206442238012,37.54130203511465,213.68152237,70.78337079,454.55696716,83,미지정,0
285515,1117000000000004244,이태원동 260-469 도,도,국유지,54.325620797113515,126.99199026388011,37.541431511089044,228.46250526,56.40075104,439.16986359,87,미지정,0
285515,1117000000000004244,이태원동 260-469 도,도,국유지,54.325620797113515,126.99199026388011,37.541431511089044,228.46250526,56.40075104,439.16986359,83,미지정,0
285516,1117000000000004245,이태원동 260-466 도,도,국유지,35.272152760997415,126.9919265944568,37.541416945031514,227.37390179,53.16888771,437.03384093,87,미지정,0
285516,1117000000000004245,이태원동 260-466 도,도,국유지,35.272152760997415,126.9919265944568,37.541416945031514,227.37390179,53.16888771,437.03384093,83,미지정,0
285517,1117000000000004246,이태원동 258-266도,도,국유지,3770.0006199420313,126.99284727136786,37.54174542330775,268.7816583,120.21571034,465.18149954,87,미지정,0
285517,1117000000000004246,이태원동 258-266도,도,국유지,3770.0006199420313,126.99284727136786,37.54174542330775,268.7816583,120.21571034,465.18149954,83,미지정,0
285518,1117000000000004247,이태원동 258-100 도,도,국유지,982.1685433486709,126.99409752022031,37.54092759241914,240.25295544,247.86507679,608.05012367,87,미지정,0
285518,1117000000000004247,이태원동 258-100 도,도,국유지,982.1685433486709,126.99409752022031,37.54092759241914,240.25295544,247.86507679,608.05012367,83,미지정,0
285519,1117000000000004248,이태원동 3-1도,도,국유지,158.12699371948838,126.99600321644647,37.54110314513161,386.9538355,405.41584773,453.69881527,87,미지정,0
285519,1117000000000004248,이태원동 3-1도,도,국유지,158.12699371948838,126.99600321644647,37.54110314513161,386.9538355,405.41584773,453.69881527,83,미지정,0
285520,1117000000000004249,이태원동 2-15도,도,국유지,72.94306835299358,126.99512633187659,37.54079731912415,302.93687627,338.35938549,531.72864283,87,미지정,0
285520,1117000000000004249,이태원동 2-15도,도,국유지,72.94306835299358,126.99512633187659,37.54079731912415,302.93687627,338.35938549,531.72864283,83,미지정,0
285521,1117000000000004250,이태원동 262-28도,도,국유지,165.74979973444715,126.99002107631615,37.54500930812475,391.96090128,176.71818804,61.23638597,87,미지정,0
285521,1117000000000004250,이태원동 262-28도,도,국유지,165.74979973444715,126.99002107631615,37.54500930812475,391.96090128,176.71818804,61.23638597,83,미지정,0
285522,1117000000000004251,이태원동 262-31 도,도,국유지,260.5576253402978,126.99006519861972,37.544666654043546,409.27254406,144.57521892,90.03491129,87,미지정,0
285522,1117000000000004251,이태원동 262-31 도,도,국유지,260.5576253402978,126.99006519861972,37.544666654043546,409.27254406,144.57521892,90.03491129,83,미지정,0
285523,1117000000000004252,이태원동 246-19 도,도,국유지,101.12904381594853,126.99369872303589,37.54061204388942,190.57325116,232.35825083,606.90137403,87,미지정,0
285523,1117000000000004252,이태원동 246-19 도,도,국유지,101.12904381594853,126.99369872303589,37.54061204388942,190.57325116,232.35825083,606.90137403,83,미지정,0
285524,1117000000000004253,이태원동 262-33 도,도,국유지,38.42407847056165,126.99002478940648,37.54460322165497,408.87866081,136.70067282,93.6371414,87,미지정,0
285524,1117000000000004253,이태원동 262-33 도,도,국유지,38.42407847056165,126.99002478940648,37.54460322165497,408.87866081,136.70067282,93.6371414,83,미지정,0
285525,1117000000000004254,이태원동 228-16 도,도,국유지,158.17311252839863,126.99276194138683,37.540185616838755,102.43269182,206.42551108,591.04413281,87,미지정,0
285525,1117000000000004254,이태원동 228-16 도,도,국유지,158.17311252839863,126.99276194138683,37.540185616838755,102.43269182,206.42551108,591.04413281,83,미지정,0
285526,1117000000000004255,이태원동 402-4도,도,국유지,444.510086581402,126.98865386677923,37.53586431314112,48.80025675,95.03581243,110.2491449,87,미지정,0
285526,1117000000000004255,이태원동 402-4도,도,국유지,444.510086581402,126.98865386677923,37.53586431314112,48.80025675,95.03581243,110.2491449,83,미지정,0
285527,1117000000000004256,이태원동 399-1도,도,국유지,105.10750282282243,126.98852290662622,37.53632869399596,28.23561402,117.74997226,76.94196011,87,미지정,0
285527,1117000000000004256,이태원동 399-1도,도,국유지,105.10750282282243,126.98852290662622,37.53632869399596,28.23561402,117.74997226,76.94196011,83,미지정,0
285528,1117000000000004257,이태원동 227-8도,도,국유지,422.5713990246877,126.99187386280724,37.540165102045385,91.73759723,178.54256942,552.05618561,87,미지정,0
285528,1117000000000004257,이태원동 227-8도,도,국유지,422.5713990246877,126.99187386280724,37.540165102045385,91.73759723,178.54256942,552.05618561,83,미지정,0
285529,1117000000000004258,이태원동 210-65 도,도,국유지,25.169666156172752,126.99238712613669,37.54000539263445,71.44728679,208.71869812,589.83333391,87,미지정,0
285529,1117000000000004258,이태원동 210-65 도,도,국유지,25.169666156172752,126.99238712613669,37.54000539263445,71.44728679,208.71869812,589.83333391,83,미지정,0
285530,1117000000000004259,이태원동 5-40도,도,국유지,1780.4048613082268,126.99430927189948,37.540417713178336,219.35331879,289.62146713,660.25235817,87,미지정,0
285530,1117000000000004259,이태원동 5-40도,도,국유지,1780.4048613082268,126.99430927189948,37.540417713178336,219.35331879,289.62146713,660.25235817,83,미지정,0
285531,1117000000000004260,이태원동 5-41도,도,국유지,1162.5445094566676,126.99479618512844,37.54014880956443,245.04440102,341.87164426,568.71095601,87,미지정,0
285531,1117000000000004260,이태원동 5-41도,도,국유지,1162.5445094566676,126.99479618512844,37.54014880956443,245.04440102,341.87164426,568.71095601,83,미지정,0
285532,1117000000000004261,이태원동 5-52도,도,국유지,21.349007823504508,126.99510857692015,37.54026351152461,275.36810646,359.77909092,539.38543501,87,미지정,0
285532,1117000000000004261,이태원동 5-52도,도,국유지,21.349007823504508,126.99510857692015,37.54026351152461,275.36810646,359.77909092,539.38543501,83,미지정,0
285533,1117000000000004262,이태원동 230-5도,도,국유지,160.44974518270465,126.99371429770241,37.539774906108306,141.07264691,294.12435777,677.87853242,87,미지정,0
285533,1117000000000004262,이태원동 230-5도,도,국유지,160.44974518270465,126.99371429770241,37.539774906108306,141.07264691,294.12435777,677.87853242,83,미지정,0
285534,1117000000000004263,이태원동 243-72도,도,국유지,15.28723571728915,126.99503077061276,37.5396611676826,252.3689929,389.2642401,560.45574755,87,미지정,0
285534,1117000000000004263,이태원동 243-72도,도,국유지,15.28723571728915,126.99503077061276,37.5396611676826,252.3689929,389.2642401,560.45574755,83,미지정,0
285535,1117000000000004264,이태원동 212-1도,도,국유지,251.68374274973758,126.99171988532713,37.53943377197291,42.60978737,257.23185658,485.37109616,87,미지정,0
285535,1117000000000004264,이태원동 212-1도,도,국유지,251.68374274973758,126.99171988532713,37.53943377197291,42.60978737,257.23185658,485.37109616,83,미지정,0
285536,1117000000000004265,이태원동 243-30 도,도,국유지,30.18714514770545,126.99491738137016,37.53945935542919,240.56936648,395.23134363,576.47056305,87,미지정,0
285536,1117000000000004265,이태원동 243-30 도,도,국유지,30.18714514770545,126.99491738137016,37.53945935542919,240.56936648,395.23134363,576.47056305,83,미지정,0
285537,1117000000000004266,이태원동 233-6도,도,국유지,83.99472433887422,126.99500003445054,37.53896296333062,251.99288254,484.40297414,588.68537912,87,미지정,0
285537,1117000000000004266,이태원동 233-6도,도,국유지,83.99472433887422,126.99500003445054,37.53896296333062,251.99288254,484.40297414,588.68537912,83,미지정,0
285538,1117000000000004267,이태원동 135-2도,도,국유지,166.57749493420124,126.9953249671024,37.53879952820633,283.82990969,471.03581567,569.97344031,87,미지정,0
285538,1117000000000004267,이태원동 135-2도,도,국유지,166.57749493420124,126.9953249671024,37.53879952820633,283.82990969,471.03581567,569.97344031,83,미지정,0
285539,1117000000000004268,이태원동 97-13도,도,국유지,105.22156832902692,126.9940573938871,37.53189293902668,310.91110373,277.3323874,213.373717,87,미지정,0
285539,1117000000000004268,이태원동 97-13도,도,국유지,105.22156832902692,126.9940573938871,37.53189293902668,310.91110373,277.3323874,213.373717,83,미지정,0
285540,1117000000000004269,이태원동 130-30 도,도,국유지,2596.7929603147786,126.9935026710199,37.533480834402134,263.82272816,99.93220813,267.84483565,87,미지정,0
285540,1117000000000004269,이태원동 130-30 도,도,국유지,2596.7929603147786,126.9935026710199,37.533480834402134,263.82272816,99.93220813,267.84483565,83,미지정,0
285541,1117000000000004270,이태원동 96-119도,도,국유지,370.0311657176353,126.99360833709346,37.53196469990722,317.07193375,267.2260638,248.56006454,87,미지정,0
285541,1117000000000004270,이태원동 96-119도,도,국유지,370.0311657176353,126.99360833709346,37.53196469990722,317.07193375,267.2260638,248.56006454,83,미지정,0
285542,1117000000000004271,이태원동 180-29도,도,국유지,257.53412303264486,126.98922993283432,37.53527820507106,116.42976652,79.85907397,191.48511072,87,미지정,0
285542,1117000000000004271,이태원동 180-29도,도,국유지,257.53412303264486,126.98922993283432,37.53527820507106,116.42976652,79.85907397,191.48511072,83,미지정,0
285543,1117000000000004272,이태원동 96-99잡,잡,국유지,126.51855750428513,126.99356078514384,37.53216597593756,339.50507725,245.01168332,247.52166002,87,미지정,0
285543,1117000000000004272,이태원동 96-99잡,잡,국유지,126.51855750428513,126.99356078514384,37.53216597593756,339.50507725,245.01168332,247.52166002,83,미지정,0
285544,1117000000000004273,이태원동 96-2잡,잡,국유지,998.058841224527,126.9936747641161,37.532333451715125,357.94636381,226.25567756,234.76045096,87,미지정,0
285544,1117000000000004273,이태원동 96-2잡,잡,국유지,998.058841224527,126.9936747641161,37.532333451715125,357.94636381,226.25567756,234.76045096,83,미지정,0
285545,1117000000000004274,이태원동 453-26 도,도,국유지,70.85431886592414,126.9889853666067,37.53511185693848,130.24103706,107.47403923,190.89398862,87,미지정,0
285545,1117000000000004274,이태원동 453-26 도,도,국유지,70.85431886592414,126.9889853666067,37.53511185693848,130.24103706,107.47403923,190.89398862,83,미지정,0
285546,1117000000000004275,이태원동 452-19도,도,국유지,48.94937596312957,126.98929069605879,37.535448166132255,100.60996901,61.45562363,183.0487606,87,미지정,0
285546,1117000000000004275,이태원동 452-19도,도,국유지,48.94937596312957,126.98929069605879,37.535448166132255,100.60996901,61.45562363,183.0487606,83,미지정,0
285547,1117000000000004276,이태원동 181-79도,도,국유지,19.452227100729942,126.98942421045554,37.53545760716086,104.9629758,53.87847797,191.78822387,87,미지정,0
285547,1117000000000004276,이태원동 181-79도,도,국유지,19.452227100729942,126.98942421045554,37.53545760716086,104.9629758,53.87847797,191.78822387,83,미지정,0
285548,1117000000000004277,이태원동 455-64도,도,국유지,28.56068443087861,126.98812497177856,37.53462006142309,194.59216356,117.21769179,210.01542047,87,미지정,0
285548,1117000000000004277,이태원동 455-64도,도,국유지,28.56068443087861,126.98812497177856,37.53462006142309,194.59216356,117.21769179,210.01542047,83,미지정,0
285549,1117000000000004278,이태원동 455-54도,도,국유지,662.3855300559662,126.98843290340042,37.53496013506456,150.69077673,153.29991585,181.33889634,87,미지정,0
285549,1117000000000004278,이태원동 455-54도,도,국유지,662.3855300559662,126.98843290340042,37.53496013506456,150.69077673,153.29991585,181.33889634,83,미지정,0
285550,1117000000000004279,이태원동 455-14도,도,국유지,57.88630197400926,126.98840177130991,37.53481968282212,166.49076548,145.35631147,194.9764703,87,미지정,0
285550,1117000000000004279,이태원동 455-14도,도,국유지,57.88630197400926,126.98840177130991,37.53481968282212,166.49076548,145.35631147,194.9764703,83,미지정,0
285551,1117000000000004280,이태원동 186-1도,도,국유지,79.7609012038447,126.98946319757721,37.53552431923093,100.45647466,45.74894108,190.36713743,87,미지정,0
285551,1117000000000004280,이태원동 186-1도,도,국유지,79.7609012038447,126.98946319757721,37.53552431923093,100.45647466,45.74894108,190.36713743,83,미지정,0
285552,1117000000000004281,이태원동 456-3도,도,국유지,100.1168794897385,126.98810589124042,37.53455378298713,202.10011641,114.90975697,216.93757735,87,미지정,0
285552,1117000000000004281,이태원동 456-3도,도,국유지,100.1168794897385,126.98810589124042,37.53455378298713,202.10011641,114.90975697,216.93757735,83,미지정,0
285553,1117000000000004282,이태원동 455-48도,도,국유지,35.66765854880214,126.98818330693071,37.534711284928484,183.35172248,123.87465121,201.17858595,87,미지정,0
285553,1117000000000004282,이태원동 455-48도,도,국유지,35.66765854880214,126.98818330693071,37.534711284928484,183.35172248,123.87465121,201.17858595,83,미지정,0
285554,1117000000000004283,이태원동 455-31도,도,국유지,58.720358066260815,126.9885836871311,37.53451634163047,196.93750458,172.51061819,232.10092806,87,미지정,0
285554,1117000000000004283,이태원동 455-31도,도,국유지,58.720358066260815,126.9885836871311,37.53451634163047,196.93750458,172.51061819,232.10092806,83,미지정,0
285555,1117000000000004284,이태원동 618 도,도,국유지,163.23149898648262,126.98750817456931,37.5347146891827,209.60608568,66.43557945,196.21320787,87,미지정,0
285555,1117000000000004284,이태원동 618 도,도,국유지,163.23149898648262,126.98750817456931,37.5347146891827,209.60608568,66.43557945,196.21320787,83,미지정,0
285556,1117000000000004285,이태원동 455-61도,도,국유지,40.538158752489835,126.98882171018353,37.53469725952812,175.59288645,143.47657997,222.17578656,87,미지정,0
285556,1117000000000004285,이태원동 455-61도,도,국유지,40.538158752489835,126.98882171018353,37.53469725952812,175.59288645,143.47657997,222.17578656,83,미지정,0
285557,1117000000000004286,이태원동 455-6 도,도,국유지,34.02955947513692,126.98886770101853,37.53455802945133,191.06113422,152.66725798,237.80289271,87,미지정,0
285557,1117000000000004286,이태원동 455-6 도,도,국유지,34.02955947513692,126.98886770101853,37.53455802945133,191.06113422,152.66725798,237.80289271,83,미지정,0
285558,1117000000000004287,이태원동 619 도,도,국유지,17.78480812627822,126.98758615315315,37.534695001287005,207.67248696,72.20836863,198.00656027,87,미지정,0
285558,1117000000000004287,이태원동 619 도,도,국유지,17.78480812627822,126.98758615315315,37.534695001287005,207.67248696,72.20836863,198.00656027,83,미지정,0
285559,1117000000000004288,이태원동 550 도,도,국유지,13.375379499979317,126.98762362070653,37.53463602053539,211.54674071,73.73383967,204.45091228,87,미지정,0
285559,1117000000000004288,이태원동 550 도,도,국유지,13.375379499979317,126.98762362070653,37.53463602053539,211.54674071,73.73383967,204.45091228,83,미지정,0
285560,1117000000000004289,이태원동 101-56도,도,국유지,70.95954486355186,126.9941373231953,37.53271814817629,309.67142947,189.34072461,192.92945705,87,미지정,0
285560,1117000000000004289,이태원동 101-56도,도,국유지,70.95954486355186,126.9941373231953,37.53271814817629,309.67142947,189.34072461,192.92945705,83,미지정,0
285561,1117000000000004290,이태원동 453-8 도,도,국유지,182.65428346279077,126.98899379535445,37.53483833493552,160.53515694,121.65604913,216.19330629,87,미지정,0
285561,1117000000000004290,이태원동 453-8 도,도,국유지,182.65428346279077,126.98899379535445,37.53483833493552,160.53515694,121.65604913,216.19330629,83,미지정,0
285562,1117000000000004291,이태원동 456-2도,도,국유지,189.22741791419685,126.98919019380509,37.53459312855538,189.74125357,133.70177188,248.47276632,87,미지정,0
285562,1117000000000004291,이태원동 456-2도,도,국유지,189.22741791419685,126.98919019380509,37.53459312855538,189.74125357,133.70177188,248.47276632,83,미지정,0
285563,1117000000000004292,이태원동 453-12도,도,국유지,19.771213436499238,126.98912195832297,37.534805213760016,165.54317334,117.22328955,225.5312633,87,미지정,0
285563,1117000000000004292,이태원동 453-12도,도,국유지,19.771213436499238,126.98912195832297,37.534805213760016,165.54317334,117.22328955,225.5312633,83,미지정,0
285564,1117000000000004293,이태원동 588 도,도,국유지,1092.0001902939402,126.98743822062127,37.53516167452838,175.08751326,92.40353268,147.5266388,87,미지정,0
285564,1117000000000004293,이태원동 588 도,도,국유지,1092.0001902939402,126.98743822062127,37.53516167452838,175.08751326,92.40353268,147.5266388,83,미지정,0
285565,1117000000000004294,이태원동 547 도,도,국유지,50.76950775302248,126.9873685322513,37.53474699275433,213.89769311,56.77516825,193.96042603,87,미지정,0
285565,1117000000000004294,이태원동 547 도,도,국유지,50.76950775302248,126.9873685322513,37.53474699275433,213.89769311,56.77516825,193.96042603,83,미지정,0
285566,1117000000000004295,이태원동 617 도,도,국유지,142.7588222299819,126.98741610655304,37.53481427923223,205.41320303,64.24325896,186.00806282,87,미지정,0
285566,1117000000000004295,이태원동 617 도,도,국유지,142.7588222299819,126.98741610655304,37.53481427923223,205.41320303,64.24325896,186.00806282,83,미지정,0
285567,1117000000000004296,이태원동 615 도,도,국유지,21.35543085914105,126.98741316521205,37.534925314346964,195.96973727,71.53694614,173.81707968,87,미지정,0
285567,1117000000000004296,이태원동 615 도,도,국유지,21.35543085914105,126.98741316521205,37.534925314346964,195.96973727,71.53694614,173.81707968,83,미지정,0
285568,1117000000000004297,이태원동 447-15도,도,국유지,80.55603452026844,126.98778288224551,37.53504419138659,165.71123693,105.40166569,159.40069675,87,미지정,0
285568,1117000000000004297,이태원동 447-15도,도,국유지,80.55603452026844,126.98778288224551,37.53504419138659,165.71123693,105.40166569,159.40069675,83,미지정,0
285569,1117000000000004298,이태원동 96-92도,도,국유지,194.18337885313667,126.99453534983616,37.53180866482273,309.22936228,290.06148099,178.82452172,87,미지정,0
285569,1117000000000004298,이태원동 96-92도,도,국유지,194.18337885313667,126.99453534983616,37.53180866482273,309.22936228,290.06148099,178.82452172,83,미지정,0
285570,1117000000000004299,이태원동 99-17도,도,국유지,211.4816617507604,126.99433066771039,37.532378686589674,340.05766912,226.23654183,176.60359671,87,미지정,0
285570,1117000000000004299,이태원동 99-17도,도,국유지,211.4816617507604,126.99433066771039,37.532378686589674,340.05766912,226.23654183,176.60359671,83,미지정,0
285571,1117000000000004300,이태원동 453-20도,도,국유지,150.39551774971187,126.9892447210971,37.53484604050484,163.11956331,107.22167085,228.25416296,87,미지정,0
285571,1117000000000004300,이태원동 453-20도,도,국유지,150.39551774971187,126.9892447210971,37.53484604050484,163.11956331,107.22167085,228.25416296,83,미지정,0
285572,1117000000000004301,이태원동 611도,도,국유지,43.436630439944565,126.98730446405447,37.535126404810306,186.28860125,82.45486691,153.46893968,87,미지정,0
285572,1117000000000004301,이태원동 611도,도,국유지,43.436630439944565,126.98730446405447,37.535126404810306,186.28860125,82.45486691,153.46893968,83,미지정,0
285573,1117000000000004302,이태원동 56-4 도,도,국유지,695.2645914632594,126.98937740378553,37.53416471762222,209.50522596,171.4368461,297.66226151,87,미지정,0
285573,1117000000000004302,이태원동 56-4 도,도,국유지,695.2645914632594,126.98937740378553,37.53416471762222,209.50522596,171.4368461,297.66226151,83,미지정,0
285574,1117000000000004303,이태원동 57-52 도,도,국유지,154.51187923317775,126.98943759144393,37.53423837353185,214.94670663,162.11995722,293.43432072,87,미지정,0
285574,1117000000000004303,이태원동 57-52 도,도,국유지,154.51187923317775,126.98943759144393,37.53423837353185,214.94670663,162.11995722,293.43432072,83,미지정,0
285575,1117000000000004304,이태원동 57-4도,도,국유지,291.22335559595376,126.98937583390313,37.53436877198597,217.342034,149.88388411,278.29125105,87,미지정,0
285575,1117000000000004304,이태원동 57-4도,도,국유지,291.22335559595376,126.98937583390313,37.53436877198597,217.342034,149.88388411,278.29125105,83,미지정,0
285576,1117000000000004305,이태원동 184-6도,도,국유지,35.064386531710625,126.98947740136151,37.53471865030073,182.24647871,110.30581994,252.10790145,87,미지정,0
285576,1117000000000004305,이태원동 184-6도,도,국유지,35.064386531710625,126.98947740136151,37.53471865030073,182.24647871,110.30581994,252.10790145,83,미지정,0
285577,1117000000000004306,이태원동 181-83 도,도,국유지,145.26000122446567,126.98944904677653,37.53497555827932,154.50292271,85.48829442,229.00762375,87,미지정,0
285577,1117000000000004306,이태원동 181-83 도,도,국유지,145.26000122446567,126.98944904677653,37.53497555827932,154.50292271,85.48829442,229.00762375,83,미지정,0
285578,1117000000000004307,이태원동 177-3 도,도,국유지,531.9420844162814,126.99003566823114,37.53436267407695,214.92651849,142.89178568,314.20003415,87,미지정,0
285578,1117000000000004307,이태원동 177-3 도,도,국유지,531.9420844162814,126.99003566823114,37.53436267407695,214.92651849,142.89178568,314.20003415,83,미지정,0
285579,1117000000000004308,이태원동 57-6 도,도,국유지,1797.3495404539863,126.98994411764562,37.5342231999254,200.8576787,158.03531052,320.80309287,87,미지정,0
285579,1117000000000004308,이태원동 57-6 도,도,국유지,1797.3495404539863,126.98994411764562,37.5342231999254,200.8576787,158.03531052,320.80309287,83,미지정,0
285580,1117000000000004309,이태원동 181-23도,도,국유지,139.35546331724618,126.99047718613025,37.53449141114083,227.74314345,137.29093118,331.72292433,87,미지정,0
285580,1117000000000004309,이태원동 181-23도,도,국유지,139.35546331724618,126.99047718613025,37.53449141114083,227.74314345,137.29093118,331.72292433,83,미지정,0
285581,1117000000000004310,이태원동 183-6도,도,국유지,57.763842646963894,126.98984728351873,37.53458589071919,208.10797886,117.96005904,284.65184572,87,미지정,0
285581,1117000000000004310,이태원동 183-6도,도,국유지,57.763842646963894,126.98984728351873,37.53458589071919,208.10797886,117.96005904,284.65184572,83,미지정,0
285582,1117000000000004311,이태원동 177-2도,도,국유지,42.72105009527877,126.9905364696135,37.53423484975126,199.68177509,165.84517323,355.0085926,87,미지정,0
285582,1117000000000004311,이태원동 177-2도,도,국유지,42.72105009527877,126.9905364696135,37.53423484975126,199.68177509,165.84517323,355.0085926,83,미지정,0
285583,1117000000000004312,이태원동 181-19도,도,국유지,274.27593111485476,126.99045077186456,37.53479813845375,217.6829863,105.12860808,308.28073429,87,미지정,0
285583,1117000000000004312,이태원동 181-19도,도,국유지,274.27593111485476,126.99045077186456,37.53479813845375,217.6829863,105.12860808,308.28073429,83,미지정,0
285584,1117000000000004313,이태원동 605도,도,국유지,365.3795405411511,126.987759520816,37.53445352768457,223.87497016,84.26836044,224.79036112,87,미지정,0
285584,1117000000000004313,이태원동 605도,도,국유지,365.3795405411511,126.987759520816,37.53445352768457,223.87497016,84.26836044,224.79036112,83,미지정,0
285585,1117000000000004314,이태원동 457-12도,도,국유지,290.2471876810305,126.9884902988655,37.534453119226264,204.97874257,148.79792922,236.03821686,87,미지정,0
285585,1117000000000004314,이태원동 457-12도,도,국유지,290.2471876810305,126.9884902988655,37.534453119226264,204.97874257,148.79792922,236.03821686,83,미지정,0
285586,1117000000000004315,이태원동 34-116 잡,잡,국유지,37.183438595733605,126.98820036499143,37.534319809743664,224.62611512,124.66158196,243.99886533,87,미지정,0
285586,1117000000000004315,이태원동 34-116 잡,잡,국유지,37.183438595733605,126.98820036499143,37.534319809743664,224.62611512,124.66158196,243.99886533,83,미지정,0
285587,1117000000000004316,이태원동 34-2도,도,국유지,3097.48685590463,126.98869540936764,37.534102116695706,241.96231904,172.52152773,278.72564496,87,미지정,0
285587,1117000000000004316,이태원동 34-2도,도,국유지,3097.48685590463,126.98869540936764,37.534102116695706,241.96231904,172.52152773,278.72564496,83,미지정,0
285588,1117000000000004317,이태원동 34-114잡,잡,국유지,551.0609737162595,126.9886822219176,37.5343215527736,217.71329696,183.48652767,255.39960671,87,미지정,0
285588,1117000000000004317,이태원동 34-114잡,잡,국유지,551.0609737162595,126.9886822219176,37.5343215527736,217.71329696,183.48652767,255.39960671,83,미지정,0
285589,1117000000000004318,이태원동 34-1도,도,국유지,142.89191709738225,126.98899978250323,37.534396554148216,209.46171166,160.99448591,259.05697256,87,미지정,0
285589,1117000000000004318,이태원동 34-1도,도,국유지,142.89191709738225,126.98899978250323,37.534396554148216,209.46171166,160.99448591,259.05697256,83,미지정,0
285590,1117000000000004319,이태원동 453-14도,도,국유지,31.390769372228533,126.98889881604167,37.53449399166666,198.22540497,156.74949778,245.39323148,87,미지정,0
285590,1117000000000004319,이태원동 453-14도,도,국유지,31.390769372228533,126.98889881604167,37.53449399166666,198.22540497,156.74949778,245.39323148,83,미지정,0
285591,1117000000000004320,이태원동 44-102 도,도,국유지,158.3242321566213,126.99045646758988,37.533581803401596,126.86742507,234.01072164,404.77214421,87,미지정,0
285591,1117000000000004320,이태원동 44-102 도,도,국유지,158.3242321566213,126.99045646758988,37.533581803401596,126.86742507,234.01072164,404.77214421,83,미지정,0
285592,1117000000000004321,이태원동 56-28도,도,국유지,18.540363181382418,126.99028474444442,37.533727,142.71502234,215.48157388,382.7567836,87,미지정,0
285592,1117000000000004321,이태원동 56-28도,도,국유지,18.540363181382418,126.99028474444442,37.533727,142.71502234,215.48157388,382.7567836,83,미지정,0
285593,1117000000000004322,이태원동 34-73잡,잡,국유지,47.832247516606,126.99032788269074,37.53369770173639,139.3683373,219.28770602,387.65165928,87,미지정,0
285593,1117000000000004322,이태원동 34-73잡,잡,국유지,47.832247516606,126.99032788269074,37.53369770173639,139.3683373,219.28770602,387.65165928,83,미지정,0
285594,1117000000000004323,이태원동 58-2도,도,국유지,50.35321749933064,126.99031031716342,37.53380467796611,151.26555866,207.32086236,377.30844121,87,미지정,0
285594,1117000000000004323,이태원동 58-2도,도,국유지,50.35321749933064,126.99031031716342,37.53380467796611,151.26555866,207.32086236,377.30844121,83,미지정,0
285595,1117000000000004324,이태원동 57-10도,도,국유지,173.11146714910865,126.99019409385919,37.5339868856274,171.98341481,185.80366075,355.08796285,87,미지정,0
285595,1117000000000004324,이태원동 57-10도,도,국유지,173.11146714910865,126.99019409385919,37.5339868856274,171.98341481,185.80366075,355.08796285,83,미지정,0
285596,1117000000000004325,이태원동 34-7도,도,국유지,1950.8269113707938,126.98930057281193,37.53363224688417,161.23474897,230.28049746,347.04140193,87,미지정,0
285596,1117000000000004325,이태원동 34-7도,도,국유지,1950.8269113707938,126.98930057281193,37.53363224688417,161.23474897,230.28049746,347.04140193,83,미지정,0
285597,1117000000000004326,이태원동 34-122도,도,국유지,140.18102282937616,126.9887819421507,37.53367322160019,194.41267522,197.02534277,326.33848643,87,미지정,0
285597,1117000000000004326,이태원동 34-122도,도,국유지,140.18102282937616,126.9887819421507,37.53367322160019,194.41267522,197.02534277,326.33848643,83,미지정,0
285598,1117000000000004327,이태원동 34-123도,도,국유지,206.50022663432173,126.98889758799079,37.53349319758042,173.24129377,215.7452731,348.48683298,87,미지정,0
285598,1117000000000004327,이태원동 34-123도,도,국유지,206.50022663432173,126.98889758799079,37.53349319758042,173.24129377,215.7452731,348.48683298,83,미지정,0
285599,1117000000000004328,이태원동 34-45도,도,국유지,29.036906531080604,126.98886105,37.53339456936937,168.57038869,218.91494668,357.94699424,87,미지정,0
285599,1117000000000004328,이태원동 34-45도,도,국유지,29.036906531080604,126.98886105,37.53339456936937,168.57038869,218.91494668,357.94699424,83,미지정,0
285600,1117000000000004329,이태원동 34-3잡,잡,국유지,39.87676258943975,126.98899296457566,37.53321634538746,147.30640193,239.84608663,380.31561692,87,미지정,0
285600,1117000000000004329,이태원동 34-3잡,잡,국유지,39.87676258943975,126.98899296457566,37.53321634538746,147.30640193,239.84608663,380.31561692,83,미지정,0
285601,1117000000000004330,이태원동 34-21잡,잡,국유지,45.914387265453115,126.98921582217001,37.53372521728448,173.98383827,222.26363481,334.55549967,87,미지정,0
285601,1117000000000004330,이태원동 34-21잡,잡,국유지,45.914387265453115,126.98921582217001,37.53372521728448,173.98383827,222.26363481,334.55549967,83,미지정,0
285602,1117000000000004331,이태원동 34-109도,도,국유지,1444.7641262058169,126.99040293253506,37.5313557072192,120.67671112,478.16585425,617.57626435,87,미지정,0
285602,1117000000000004331,이태원동 34-109도,도,국유지,1444.7641262058169,126.99040293253506,37.5313557072192,120.67671112,478.16585425,617.57626435,83,미지정,0
285603,1117000000000004332,이태원동 34-126잡,잡,국유지,2309.623139906209,126.98956599354534,37.53251888627201,69.52018111,348.6130507,470.16750765,87,미지정,0
285603,1117000000000004332,이태원동 34-126잡,잡,국유지,2309.623139906209,126.98956599354534,37.53251888627201,69.52018111,348.6130507,470.16750765,83,미지정,0
285604,1117000000000004333,이태원동 34-46잡,잡,국유지,72.4844278084347,126.98892128267246,37.53331832972436,159.15038134,228.09609033,367.60753561,87,미지정,0
285604,1117000000000004333,이태원동 34-46잡,잡,국유지,72.4844278084347,126.98892128267246,37.53331832972436,159.15038134,228.09609033,367.60753561,83,미지정,0
285605,1117000000000004334,이태원동 34-47도,도,국유지,132.31420081516262,126.98900903514235,37.53328944150356,151.06763916,236.29506964,373.04973239,87,미지정,0
285605,1117000000000004334,이태원동 34-47도,도,국유지,132.31420081516262,126.98900903514235,37.53328944150356,151.06763916,236.29506964,373.04973239,83,미지정,0
285606,1117000000000004335,이태원동 34-124도,도,국유지,109.30057429964654,126.98908906518878,37.5332537975528,143.07514879,275.65305389,379.08105061,87,미지정,0
285606,1117000000000004335,이태원동 34-124도,도,국유지,109.30057429964654,126.98908906518878,37.5332537975528,143.07514879,275.65305389,379.08105061,83,미지정,0
285607,1117000000000004336,이태원동 258-10도,도,국유지,455.19128940464,126.99632656726249,37.5409539577466,404.61662349,436.60057669,425.12084038,87,미지정,0
285607,1117000000000004336,이태원동 258-10도,도,국유지,455.19128940464,126.99632656726249,37.5409539577466,404.61662349,436.60057669,425.12084038,83,미지정,0
285608,1117000000000004337,이태원동 44-2도,도,국유지,413.6831318391487,126.99049095498432,37.53327203181921,92.99385735,268.3295689,434.31865344,87,미지정,0
285608,1117000000000004337,이태원동 44-2도,도,국유지,413.6831318391487,126.99049095498432,37.53327203181921,92.99385735,268.3295689,434.31865344,83,미지정,0
285609,1117000000000004338,이태원동 258-146 도,도,국유지,22.92298921663314,126.99652190115533,37.5414676127514,446.97217768,446.02235071,410.70170594,87,미지정,0
285609,1117000000000004338,이태원동 258-146 도,도,국유지,22.92298921663314,126.99652190115533,37.5414676127514,446.97217768,446.02235071,410.70170594,83,미지정,0
285610,1117000000000004339,이태원동 258-175도,도,국유지,86.04695944488049,126.99724451068678,37.541509155637875,484.01219122,413.80530023,348.056492,87,미지정,0
285610,1117000000000004339,이태원동 258-175도,도,국유지,86.04695944488049,126.99724451068678,37.541509155637875,484.01219122,413.80530023,348.056492,83,미지정,0
285611,1117000000000004340,이태원동 258-378도,도,국유지,615.8163778292947,126.99733731520992,37.541366303664766,466.24321995,400.74338144,337.82193379,87,미지정,0
285611,1117000000000004340,이태원동 258-378도,도,국유지,615.8163778292947,126.99733731520992,37.541366303664766,466.24321995,400.74338144,337.82193379,83,미지정,0
285612,1117000000000004341,이태원동 258-368 잡,잡,국유지,97.34122014546301,126.99734270979445,37.5418229398764,513.49434263,419.40913054,346.68339478,87,미지정,0
285612,1117000000000004341,이태원동 258-368 잡,잡,국유지,97.34122014546301,126.99734270979445,37.5418229398764,513.49434263,419.40913054,346.68339478,83,미지정,0
285613,1117000000000004342,이태원동 4-15도,도,국유지,126.641646694683,126.9958078824775,37.54065565688173,349.11946667,400.51528407,472.68417477,87,미지정,0
285613,1117000000000004342,이태원동 4-15도,도,국유지,126.641646694683,126.9958078824775,37.54065565688173,349.11946667,400.51528407,472.68417477,83,미지정,0
285614,1117000000000004343,이태원동 3-7도,도,국유지,79.0097794008907,126.99581447548107,37.540919186840476,362.48593232,393.25151845,470.45299111,87,미지정,0
285614,1117000000000004343,이태원동 3-7도,도,국유지,79.0097794008907,126.99581447548107,37.540919186840476,362.48593232,393.25151845,470.45299111,83,미지정,0
285615,1117000000000004344,이태원동 4-1도,도,국유지,130.48662536777556,126.99605125212358,37.54074103625748,372.6227165,418.45185257,450.49485829,87,미지정,0
285615,1117000000000004344,이태원동 4-1도,도,국유지,130.48662536777556,126.99605125212358,37.54074103625748,372.6227165,418.45185257,450.49485829,83,미지정,0
285616,1117000000000004345,이태원동 6-5도,도,국유지,50.99608666077256,126.99611155241392,37.540592685131756,371.21724214,428.21345146,446.65521856,87,미지정,0
285616,1117000000000004345,이태원동 6-5도,도,국유지,50.99608666077256,126.99611155241392,37.540592685131756,371.21724214,428.21345146,446.65521856,83,미지정,0
285617,1117000000000004346,이태원동 258-189 도,도,국유지,13.472346026450396,126.99624641851719,37.54095596189782,398.3371203,429.61863095,432.19876971,87,미지정,0
285617,1117000000000004346,이태원동 258-189 도,도,국유지,13.472346026450396,126.99624641851719,37.54095596189782,398.3371203,429.61863095,432.19876971,83,미지정,0
285618,1117000000000004347,이태원동 258-188도,도,국유지,56.890956767019816,126.99646791971267,37.54095202181035,460.59870952,448.88734578,412.63513982,87,미지정,0
285618,1117000000000004347,이태원동 258-188도,도,국유지,56.890956767019816,126.99646791971267,37.54095202181035,460.59870952,448.88734578,412.63513982,83,미지정,0
285619,1117000000000004348,이태원동 258-463 도,도,국유지,240.4137429773691,126.9966977407589,37.54085137274584,440.33749471,441.77387606,392.72444802,87,미지정,0
285619,1117000000000004348,이태원동 258-463 도,도,국유지,240.4137429773691,126.9966977407589,37.54085137274584,440.33749471,441.77387606,392.72444802,83,미지정,0
285620,1117000000000004349,이태원동 20-27도,도,국유지,51.27682646131143,126.99597320464257,37.5316501607678,347.70801805,339.64599716,107.26897192,87,미지정,0
285620,1117000000000004349,이태원동 20-27도,도,국유지,51.27682646131143,126.99597320464257,37.5316501607678,347.70801805,339.64599716,107.26897192,83,미지정,0
285621,1117000000000004350,이태원동 15-119 도,도,국유지,99.62024313397706,126.9961606487937,37.531813714492046,395.69661251,331.0922612,85.88843744,87,미지정,0
285621,1117000000000004350,이태원동 15-119 도,도,국유지,99.62024313397706,126.9961606487937,37.531813714492046,395.69661251,331.0922612,85.88843744,83,미지정,0
285622,1117000000000004351,이태원동 258-187 도,도,국유지,41.66277791955508,126.99620941157548,37.540867254306455,391.14509025,428.54509274,435.75838602,87,미지정,0
285622,1117000000000004351,이태원동 258-187 도,도,국유지,41.66277791955508,126.99620941157548,37.540867254306455,391.14509025,428.54509274,435.75838602,83,미지정,0
285623,1117000000000004352,이태원동 258-99도,도,국유지,57.724700463120826,126.9961428660436,37.54098280062305,391.48074407,420.05348746,441.30574106,87,미지정,0
285623,1117000000000004352,이태원동 258-99도,도,국유지,57.724700463120826,126.9961428660436,37.54098280062305,391.48074407,420.05348746,441.30574106,83,미지정,0
285624,1117000000000004353,이태원동 6-8 도,도,국유지,10.426796305924654,126.99614480965823,37.54053877955472,371.84597092,432.83116515,444.42311986,87,미지정,0
285624,1117000000000004353,이태원동 6-8 도,도,국유지,10.426796305924654,126.99614480965823,37.54053877955472,371.84597092,432.83116515,444.42311986,83,미지정,0
285625,1117000000000004354,이태원동 258-473도,도,국유지,1562.1984785558307,126.99669262027737,37.54046159082534,404.29864378,437.25499832,397.67583696,87,미지정,0
285625,1117000000000004354,이태원동 258-473도,도,국유지,1562.1984785558307,126.99669262027737,37.54046159082534,404.29864378,437.25499832,397.67583696,83,미지정,0
285626,1117000000000004355,이태원동 258-467도,도,국유지,1379.9664438304026,126.99693162696609,37.540788550446095,423.84815271,420.25743834,372.51153476,87,미지정,0
285626,1117000000000004355,이태원동 258-467도,도,국유지,1379.9664438304026,126.99693162696609,37.540788550446095,423.84815271,420.25743834,372.51153476,83,미지정,0
285627,1117000000000004356,이태원동 20-120도,도,국유지,296.02638578403275,126.99624747317085,37.53053674481506,277.29359822,462.76513091,226.6280986,87,미지정,0
285627,1117000000000004356,이태원동 20-120도,도,국유지,296.02638578403275,126.99624747317085,37.53053674481506,277.29359822,462.76513091,226.6280986,83,미지정,0
285628,1117000000000004357,이태원동 20-123 도,도,국유지,275.42340986803174,126.99635218982742,37.53055806933091,286.26031708,464.0462338,224.21407953,87,미지정,0
285628,1117000000000004357,이태원동 20-123 도,도,국유지,275.42340986803174,126.99635218982742,37.53055806933091,286.26031708,464.0462338,224.21407953,83,미지정,0
285629,1117000000000004358,이태원동 20-122 도,도,국유지,115.03329571522772,126.99614398203423,37.53069568943657,280.56660912,443.0052327,209.4466556,87,미지정,0
285629,1117000000000004358,이태원동 20-122 도,도,국유지,115.03329571522772,126.99614398203423,37.53069568943657,280.56660912,443.0052327,209.4466556,83,미지정,0
285630,1117000000000004359,이태원동 20-91도,도,국유지,99.75885199848562,126.99586838537057,37.530815977710034,271.21000727,422.12875897,199.47216676,87,미지정,0
285630,1117000000000004359,이태원동 20-91도,도,국유지,99.75885199848562,126.99586838537057,37.530815977710034,271.21000727,422.12875897,199.47216676,83,미지정,0
285631,1117000000000004360,이태원동 20-118도,도,국유지,71.14777527516708,126.99618444513385,37.53074480121796,286.77972484,439.24852843,203.77943264,87,미지정,0
285631,1117000000000004360,이태원동 20-118도,도,국유지,71.14777527516708,126.99618444513385,37.53074480121796,286.77972484,439.24852843,203.77943264,83,미지정,0
285632,1117000000000004361,이태원동 20-85도,도,국유지,554.1693314127624,126.99598589855138,37.53120800644658,309.96520152,385.01303915,154.77663841,87,미지정,0
285632,1117000000000004361,이태원동 20-85도,도,국유지,554.1693314127624,126.99598589855138,37.53120800644658,309.96520152,385.01303915,154.77663841,83,미지정,0
285633,1117000000000004362,이태원동 21-5도,도,국유지,867.1415151068941,126.99578179076778,37.53100982819719,281.53470698,399.29526973,180.26960749,87,미지정,0
285633,1117000000000004362,이태원동 21-5도,도,국유지,867.1415151068941,126.99578179076778,37.53100982819719,281.53470698,399.29526973,180.26960749,83,미지정,0
285634,1117000000000004363,이태원동 243-60도,도,국유지,1950.3102144205477,126.99556008156152,37.539541184907996,297.74786179,435.14446953,519.64668468,87,미지정,0
285634,1117000000000004363,이태원동 243-60도,도,국유지,1950.3102144205477,126.99556008156152,37.539541184907996,297.74786179,435.14446953,519.64668468,83,미지정,0
285635,1117000000000004364,이태원동 258-369도,도,국유지,55.7089070584625,126.9976399895824,37.54106596003169,425.54900339,365.39171733,308.99731159,87,미지정,0
285635,1117000000000004364,이태원동 258-369도,도,국유지,55.7089070584625,126.9976399895824,37.54106596003169,425.54900339,365.39171733,308.99731159,83,미지정,0
285636,1117000000000004365,이태원동 44-94도,도,국유지,106.65359936188906,126.99129918034093,37.532019817298256,96.36079787,334.43397881,447.46749543,87,미지정,0
285636,1117000000000004365,이태원동 44-94도,도,국유지,106.65359936188906,126.99129918034093,37.532019817298256,96.36079787,334.43397881,447.46749543,83,미지정,0
285637,1117000000000004366,이태원동 18-13도,도,국유지,74.71739420783706,126.9957369726252,37.53200790540274,369.47817776,294.83252553,81.2140269,87,미지정,0
285637,1117000000000004366,이태원동 18-13도,도,국유지,74.71739420783706,126.9957369726252,37.53200790540274,369.47817776,294.83252553,81.2140269,83,미지정,0
285638,1117000000000004367,이태원동 18-32도,도,국유지,40.112897030077875,126.99599393388766,37.53194215920763,379.2969697,311.51231487,75.99678677,87,미지정,0
285638,1117000000000004367,이태원동 18-32도,도,국유지,40.112897030077875,126.99599393388766,37.53194215920763,379.2969697,311.51231487,75.99678677,83,미지정,0
285639,1117000000000004368,이태원동 133-22도,도,국유지,239.01677529513836,126.9949104224174,37.537432116409825,237.59291436,315.14719844,552.82548693,87,미지정,0
285639,1117000000000004368,이태원동 133-22도,도,국유지,239.01677529513836,126.9949104224174,37.537432116409825,237.59291436,315.14719844,552.82548693,83,미지정,0
285640,1117000000000004369,이태원동 15-5도,도,국유지,580.7469636565074,126.99710563641338,37.53220983434123,377.69963316,346.59791338,81.10452922,87,미지정,0
285640,1117000000000004369,이태원동 15-5도,도,국유지,580.7469636565074,126.99710563641338,37.53220983434123,377.69963316,346.59791338,81.10452922,83,미지정,0
285641,1117000000000004370,이태원동 206-25도,도,국유지,42.581548067042604,126.99310610734854,37.53812561207095,160.70231603,395.44515148,513.86300941,87,미지정,0
285641,1117000000000004370,이태원동 206-25도,도,국유지,42.581548067042604,126.99310610734854,37.53812561207095,160.70231603,395.44515148,513.86300941,83,미지정,0
285642,1117000000000004371,이태원동 206-29도,도,국유지,25.390976266935468,126.99309060060526,37.538149875989966,157.68491909,398.28412772,513.54947253,87,미지정,0
285642,1117000000000004371,이태원동 206-29도,도,국유지,25.390976266935468,126.99309060060526,37.538149875989966,157.68491909,398.28412772,513.54947253,83,미지정,0
285643,1117000000000004372,이태원동 205-20도,도,국유지,132.52146838139743,126.9932490536393,37.538226297310636,158.20445071,405.26596911,529.67995218,87,미지정,0
285643,1117000000000004372,이태원동 205-20도,도,국유지,132.52146838139743,126.9932490536393,37.538226297310636,158.20445071,405.26596911,529.67995218,83,미지정,0
285644,1117000000000004373,이태원동 203-2도,도,국유지,59.46336491778493,126.99195029805894,37.53774238939294,183.02359495,285.23571087,403.27698099,87,미지정,0
285644,1117000000000004373,이태원동 203-2도,도,국유지,59.46336491778493,126.99195029805894,37.53774238939294,183.02359495,285.23571087,403.27698099,83,미지정,0
285645,1117000000000004374,이태원동 204-2도,도,국유지,487.1440835259855,126.99243890350436,37.53804699263691,149.44548065,305.47389105,455.83133952,87,미지정,0
285645,1117000000000004374,이태원동 204-2도,도,국유지,487.1440835259855,126.99243890350436,37.53804699263691,149.44548065,305.47389105,455.83133952,83,미지정,0
285646,1117000000000004375,이태원동 200-2 도,도,국유지,46.034713006578386,126.99212031934086,37.53752609063144,205.8368024,284.97514854,409.94836799,87,미지정,0
285646,1117000000000004375,이태원동 200-2 도,도,국유지,46.034713006578386,126.99212031934086,37.53752609063144,205.8368024,284.97514854,409.94836799,83,미지정,0
285647,1117000000000004376,이태원동 204-17도,도,국유지,29.79544185526902,126.99246336565156,37.5377381970919,183.69583118,322.92366363,445.9205329,87,미지정,0
285647,1117000000000004376,이태원동 204-17도,도,국유지,29.79544185526902,126.99246336565156,37.5377381970919,183.69583118,322.92366363,445.9205329,83,미지정,0
285648,1117000000000004377,이태원동 15-24도,도,국유지,836.917824535165,126.99607781722897,37.53225188859909,346.53358751,285.60450092,41.73889746,87,미지정,0
285648,1117000000000004377,이태원동 15-24도,도,국유지,836.917824535165,126.99607781722897,37.53225188859909,346.53358751,285.60450092,41.73889746,83,미지정,0
285649,1117000000000004378,이태원동 18-8도,도,국유지,171.38392728753388,126.99609660965628,37.532280517672646,343.70618032,283.84562948,38.15654985,87,미지정,0
285649,1117000000000004378,이태원동 18-8도,도,국유지,171.38392728753388,126.99609660965628,37.532280517672646,343.70618032,283.84562948,38.15654985,83,미지정,0
285650,1117000000000004379,이태원동 135-5도,도,국유지,2166.711454845965,126.99336331129017,37.53751984673623,230.7158561,326.29932452,607.29095205,87,미지정,0
285650,1117000000000004379,이태원동 135-5도,도,국유지,2166.711454845965,126.99336331129017,37.53751984673623,230.7158561,326.29932452,607.29095205,83,미지정,0
285651,1117000000000004380,이태원동 96-5도,도,국유지,29.645410970319062,126.99601592720055,37.53250839774983,317.54588854,258.91853653,27.37016589,87,미지정,0
285651,1117000000000004380,이태원동 96-5도,도,국유지,29.645410970319062,126.99601592720055,37.53250839774983,317.54588854,258.91853653,27.37016589,83,미지정,0
285652,1117000000000004381,이태원동 100-39도,도,국유지,319.71752339880913,126.9957902296253,37.5327273665424,290.52824161,227.57679032,49.08997208,87,미지정,0
285652,1117000000000004381,이태원동 100-39도,도,국유지,319.71752339880913,126.9957902296253,37.5327273665424,290.52824161,227.57679032,49.08997208,83,미지정,0
285653,1117000000000004382,이태원동 200-10도,도,국유지,995.2328728255816,126.99259831700981,37.53759130087522,201.62806915,345.81775811,452.53947911,87,미지정,0
285653,1117000000000004382,이태원동 200-10도,도,국유지,995.2328728255816,126.99259831700981,37.53759130087522,201.62806915,345.81775811,452.53947911,83,미지정,0
285654,1117000000000004383,이태원동 205-5도,도,국유지,356.63711375690764,126.99274965641658,37.53789666468633,171.68471328,375.55767222,475.54404826,87,미지정,0
285654,1117000000000004383,이태원동 205-5도,도,국유지,356.63711375690764,126.99274965641658,37.53789666468633,171.68471328,375.55767222,475.54404826,83,미지정,0
285655,1117000000000004384,이태원동 154-14 도,도,국유지,28.216365142492577,126.99112326276145,37.537165667941366,209.64677973,188.70441317,314.38088291,87,미지정,0
285655,1117000000000004384,이태원동 154-14 도,도,국유지,28.216365142492577,126.99112326276145,37.537165667941366,209.64677973,188.70441317,314.38088291,83,미지정,0
285656,1117000000000004385,이태원동 154-16도,도,국유지,73.23105793073773,126.99085356303442,37.537231931239255,201.66275146,180.16380989,293.32890407,87,미지정,0
285656,1117000000000004385,이태원동 154-16도,도,국유지,73.23105793073773,126.99085356303442,37.537231931239255,201.66275146,180.16380989,293.32890407,83,미지정,0
285657,1117000000000004386,이태원동 153-14도,도,국유지,206.43184681626735,126.9914852416546,37.53694846749349,238.21684521,199.8239721,340.98725282,87,미지정,0
285657,1117000000000004386,이태원동 153-14도,도,국유지,206.43184681626735,126.9914852416546,37.53694846749349,238.21684521,199.8239721,340.98725282,83,미지정,0
285658,1117000000000004387,이태원동 135-8도,도,국유지,16.494358379859477,126.99181560749331,37.536912857865005,249.69220219,218.44731682,369.33045943,87,미지정,0
285658,1117000000000004387,이태원동 135-8도,도,국유지,16.494358379859477,126.99181560749331,37.536912857865005,249.69220219,218.44731682,369.33045943,83,미지정,0
285659,1117000000000004388,이태원동 140-3 도,도,국유지,26.13339527277276,126.99570297616364,37.53291786011011,268.645099,205.86197826,65.8025584,87,미지정,0
285659,1117000000000004388,이태원동 140-3 도,도,국유지,26.13339527277276,126.99570297616364,37.53291786011011,268.645099,205.86197826,65.8025584,83,미지정,0
285660,1117000000000004389,이태원동 141-21도,도,국유지,163.78465598542243,126.99559018776952,37.53297140780227,261.85913793,195.24182934,77.38247844,87,미지정,0
285660,1117000000000004389,이태원동 141-21도,도,국유지,163.78465598542243,126.99559018776952,37.53297140780227,261.85913793,195.24182934,77.38247844,83,미지정,0
285661,1117000000000004390,이태원동 133-13 도,도,국유지,755.497766918561,126.99481315968238,37.536957986527035,188.16046364,261.82892566,503.87493038,87,미지정,0
285661,1117000000000004390,이태원동 133-13 도,도,국유지,755.497766918561,126.99481315968238,37.536957986527035,188.16046364,261.82892566,503.87493038,83,미지정,0
285662,1117000000000004391,이태원동 96-150도,도,국유지,200.15097746392712,126.99595135525821,37.53249958061723,317.56112438,256.49106037,33.12846776,87,미지정,0
285662,1117000000000004391,이태원동 96-150도,도,국유지,200.15097746392712,126.99595135525821,37.53249958061723,317.56112438,256.49106037,33.12846776,83,미지정,0
285663,1117000000000004392,이태원동 135-43도,도,국유지,124.40698119206354,126.99234380007884,37.53654374931335,315.01902459,245.47554968,412.90796246,87,미지정,0
285663,1117000000000004392,이태원동 135-43도,도,국유지,124.40698119206354,126.99234380007884,37.53654374931335,315.01902459,245.47554968,412.90796246,83,미지정,0
285664,1117000000000004393,이태원동 147-12도,도,국유지,107.14250982366502,126.9920368466468,37.53668462906844,280.09303679,219.47057483,386.39634916,87,미지정,0
285664,1117000000000004393,이태원동 147-12도,도,국유지,107.14250982366502,126.9920368466468,37.53668462906844,280.09303679,219.47057483,386.39634916,83,미지정,0
285665,1117000000000004394,이태원동 147-17도,도,국유지,107.80435100756586,126.99191180124355,37.53681178204428,263.0566962,218.19598217,376.4913663,87,미지정,0
285665,1117000000000004394,이태원동 147-17도,도,국유지,107.80435100756586,126.99191180124355,37.53681178204428,263.0566962,218.19598217,376.4913663,83,미지정,0
285666,1117000000000004395,이태원동 135-46도,도,국유지,65.10421641671564,126.99286191793483,37.53708002481041,261.90635105,285.00930935,463.48007092,87,미지정,0
285666,1117000000000004395,이태원동 135-46도,도,국유지,65.10421641671564,126.99286191793483,37.53708002481041,261.90635105,285.00930935,463.48007092,83,미지정,0
285667,1117000000000004396,이태원동 200-17도,도,국유지,134.65680053969845,126.99217162349298,37.53720408754932,241.47359923,263.3687058,405.71429526,87,미지정,0
285667,1117000000000004396,이태원동 200-17도,도,국유지,134.65680053969845,126.99217162349298,37.53720408754932,241.47359923,263.3687058,405.71429526,83,미지정,0
285668,1117000000000004397,이태원동 101-49도,도,국유지,29.70271926932037,126.99413103786878,37.53654993350946,175.4355164,213.30125716,481.17358974,87,미지정,0
285668,1117000000000004397,이태원동 101-49도,도,국유지,29.70271926932037,126.99413103786878,37.53654993350946,175.4355164,213.30125716,481.17358974,83,미지정,0
285669,1117000000000004398,이태원동 155-15 도,도,국유지,849.6215248748194,126.99073640574748,37.536173472059616,168.34681456,92.64259424,272.87551911,87,미지정,0
285669,1117000000000004398,이태원동 155-15 도,도,국유지,849.6215248748194,126.99073640574748,37.536173472059616,168.34681456,92.64259424,272.87551911,83,미지정,0
285670,1117000000000004399,이태원동 135-12도,도,국유지,1413.4069813422975,126.99386447472676,37.536976358312174,227.29993518,262.99960641,533.98283259,87,미지정,0
285670,1117000000000004399,이태원동 135-12도,도,국유지,1413.4069813422975,126.99386447472676,37.536976358312174,227.29993518,262.99960641,533.98283259,83,미지정,0
285671,1117000000000004400,이태원동 135-54도,도,국유지,134.0103342216462,126.99409781868755,37.53662163004305,183.47799601,221.4659066,489.6409132,87,미지정,0
285671,1117000000000004400,이태원동 135-54도,도,국유지,134.0103342216462,126.99409781868755,37.53662163004305,183.47799601,221.4659066,489.6409132,83,미지정,0
285672,1117000000000004401,이태원동 153-20 도,도,국유지,66.24711776385084,126.99112704252113,37.536902381900745,238.80368529,167.90912164,308.91911677,87,미지정,0
285672,1117000000000004401,이태원동 153-20 도,도,국유지,66.24711776385084,126.99112704252113,37.536902381900745,238.80368529,167.90912164,308.91911677,83,미지정,0
285673,1117000000000004402,이태원동 159-4도,도,국유지,31.91498847672483,126.99151709861175,37.53599450965626,239.03570017,146.07535657,343.98459914,87,미지정,0
285673,1117000000000004402,이태원동 159-4도,도,국유지,31.91498847672483,126.99151709861175,37.53599450965626,239.03570017,146.07535657,343.98459914,83,미지정,0
285674,1117000000000004403,이태원동 141-2도,도,국유지,56.85276768729091,126.99553381183678,37.53298939478905,259.56881423,190.78511965,82.63097901,87,미지정,0
285674,1117000000000004403,이태원동 141-2도,도,국유지,56.85276768729091,126.99553381183678,37.53298939478905,259.56881423,190.78511965,82.63097901,83,미지정,0
285675,1117000000000004404,이태원동 151-21 도,도,국유지,783.9207854042761,126.99093430603371,37.53660735483105,188.96759717,139.10453382,288.62724601,87,미지정,0
285675,1117000000000004404,이태원동 151-21 도,도,국유지,783.9207854042761,126.99093430603371,37.53660735483105,188.96759717,139.10453382,288.62724601,83,미지정,0
285676,1117000000000004405,이태원동 155-27도,도,국유지,160.1566132279113,126.99088495350237,37.536879113176546,192.91472746,150.94082192,287.38017186,87,미지정,0
285676,1117000000000004405,이태원동 155-27도,도,국유지,160.1566132279113,126.99088495350237,37.536879113176546,192.91472746,150.94082192,287.38017186,83,미지정,0
285677,1117000000000004406,이태원동 150-7 도,도,국유지,76.16006761649624,126.99183256860724,37.53631354913705,313.90130438,184.27511391,368.11079564,87,미지정,0
285677,1117000000000004406,이태원동 150-7 도,도,국유지,76.16006761649624,126.99183256860724,37.53631354913705,313.90130438,184.27511391,368.11079564,83,미지정,0
285678,1117000000000004407,이태원동 122-27도,도,국유지,211.51557097490877,126.99190772097391,37.53605475377005,272.60241297,181.15962562,377.23459818,87,미지정,0
285678,1117000000000004407,이태원동 122-27도,도,국유지,211.51557097490877,126.99190772097391,37.53605475377005,272.60241297,181.15962562,377.23459818,83,미지정,0
285679,1117000000000004408,이태원동 150-2 도,도,국유지,39.615198357147165,126.99180639511371,37.53633174705955,311.36250902,182.98834374,365.7052893,87,미지정,0
285679,1117000000000004408,이태원동 150-2 도,도,국유지,39.615198357147165,126.99180639511371,37.53633174705955,311.36250902,182.98834374,365.7052893,83,미지정,0
285680,1117000000000004409,이태원동 135-47도,도,국유지,70.5785140900407,126.99283978966875,37.53635296993282,252.28842455,208.28358592,519.39991843,87,미지정,0
285680,1117000000000004409,이태원동 135-47도,도,국유지,70.5785140900407,126.99283978966875,37.53635296993282,252.28842455,208.28358592,519.39991843,83,미지정,0
285681,1117000000000004410,이태원동 155-8도,도,국유지,31.32630168320611,126.99173075392724,37.5362248785032,255.89090897,172.16735023,359.75725545,87,미지정,0
285681,1117000000000004410,이태원동 155-8도,도,국유지,31.32630168320611,126.99173075392724,37.5362248785032,255.89090897,172.16735023,359.75725545,83,미지정,0
285682,1117000000000004411,이태원동 149-6도,도,국유지,179.2127276303363,126.99217599731791,37.536231345201934,331.57659367,223.67750822,398.95106964,87,미지정,0
285682,1117000000000004411,이태원동 149-6도,도,국유지,179.2127276303363,126.99217599731791,37.536231345201934,331.57659367,223.67750822,398.95106964,83,미지정,0
285683,1117000000000004412,이태원동 142-11도,도,국유지,31.9295490286313,126.99263708704558,37.53632062467998,266.88410549,211.77405898,439.11120347,87,미지정,0
285683,1117000000000004412,이태원동 142-11도,도,국유지,31.9295490286313,126.99263708704558,37.53632062467998,266.88410549,211.77405898,439.11120347,83,미지정,0
285684,1117000000000004413,이태원동 165-3 도,도,국유지,118.23361815605313,126.99071762290163,37.5356186291518,181.72772433,70.30203287,285.51052247,87,미지정,0
285684,1117000000000004413,이태원동 165-3 도,도,국유지,118.23361815605313,126.99071762290163,37.5356186291518,181.72772433,70.30203287,285.51052247,83,미지정,0
285685,1117000000000004414,이태원동 155-7 도,도,국유지,344.802289030049,126.99098395552878,37.53578372003321,197.62499126,94.99059661,302.62438299,87,미지정,0
285685,1117000000000004414,이태원동 155-7 도,도,국유지,344.802289030049,126.99098395552878,37.53578372003321,197.62499126,94.99059661,302.62438299,83,미지정,0
285686,1117000000000004415,이태원동 137-72 도,도,국유지,17.86368626705371,126.99509913893466,37.53298165513455,261.32907475,173.1568375,116.26733119,87,미지정,0
285686,1117000000000004415,이태원동 137-72 도,도,국유지,17.86368626705371,126.99509913893466,37.53298165513455,261.32907475,173.1568375,116.26733119,83,미지정,0
285687,1117000000000004416,이태원동 164-1도,도,국유지,31.493253308348358,126.99153368078699,37.535662666978155,248.03189318,142.36803435,353.03098693,87,미지정,0
285687,1117000000000004416,이태원동 164-1도,도,국유지,31.493253308348358,126.99153368078699,37.535662666978155,248.03189318,142.36803435,353.03098693,83,미지정,0
285688,1117000000000004417,이태원동 164-14 도,도,국유지,16.524027058389038,126.99146093192837,37.53572434837241,240.01078709,136.19838986,345.09738018,87,미지정,0
285688,1117000000000004417,이태원동 164-14 도,도,국유지,16.524027058389038,126.99146093192837,37.53572434837241,240.01078709,136.19838986,345.09738018,83,미지정,0
285689,1117000000000004418,이태원동 120-12도,도,국유지,31.061611362267286,126.99147892373286,37.53583113758619,238.80075236,139.02796308,343.97359855,87,미지정,0
285689,1117000000000004418,이태원동 120-12도,도,국유지,31.061611362267286,126.99147892373286,37.53583113758619,238.80075236,139.02796308,343.97359855,83,미지정,0
285690,1117000000000004419,이태원동 120-6도,도,국유지,33.94569516205229,126.99171070659347,37.53559303111303,265.22150691,158.11712484,370.15141368,87,미지정,0
285690,1117000000000004419,이태원동 120-6도,도,국유지,33.94569516205229,126.99171070659347,37.53559303111303,265.22150691,158.11712484,370.15141368,83,미지정,0
285691,1117000000000004420,이태원동 118-58도,도,국유지,39.61559825763106,126.99166062155913,37.53551606648508,263.60420707,154.26302361,368.26969271,87,미지정,0
285691,1117000000000004420,이태원동 118-58도,도,국유지,39.61559825763106,126.99166062155913,37.53551606648508,263.60420707,154.26302361,368.26969271,83,미지정,0
285692,1117000000000004421,이태원동 119-33 도,도,국유지,114.24109057476744,126.99189330376669,37.53556958077165,281.4358089,174.35407863,386.40625636,87,미지정,0
285692,1117000000000004421,이태원동 119-33 도,도,국유지,114.24109057476744,126.99189330376669,37.53556958077165,281.4358089,174.35407863,386.40625636,83,미지정,0
285693,1117000000000004422,이태원동 120-26 도,도,국유지,35.29449208499864,126.99190570492868,37.5355992644988,281.5872718,175.31831196,386.62047856,87,미지정,0
285693,1117000000000004422,이태원동 120-26 도,도,국유지,35.29449208499864,126.99190570492868,37.5355992644988,281.5872718,175.31831196,386.62047856,83,미지정,0
285694,1117000000000004423,이태원동 112-10도,도,국유지,28.467112231068313,126.9923664796692,37.53554784125891,268.0007551,155.0498899,427.49468319,87,미지정,0
285694,1117000000000004423,이태원동 112-10도,도,국유지,28.467112231068313,126.9923664796692,37.53554784125891,268.0007551,155.0498899,427.49468319,83,미지정,0
285695,1117000000000004424,이태원동 116-18 도,도,국유지,34.06860693905037,126.99233042062575,37.535008739274396,272.32021314,124.91595324,443.49543164,87,미지정,0
285695,1117000000000004424,이태원동 116-18 도,도,국유지,34.06860693905037,126.99233042062575,37.535008739274396,272.32021314,124.91595324,443.49543164,83,미지정,0
285696,1117000000000004425,이태원동 118-65도,도,국유지,25.092793697840534,126.99184407779516,37.53513226518114,326.5982638,169.94322391,397.77324307,87,미지정,0
285696,1117000000000004425,이태원동 118-65도,도,국유지,25.092793697840534,126.99184407779516,37.53513226518114,326.5982638,169.94322391,397.77324307,83,미지정,0
285697,1117000000000004426,이태원동 116-19 도,도,국유지,53.035074904735666,126.99216883562995,37.5353948225901,284.43247444,157.96627191,415.15967857,87,미지정,0
285697,1117000000000004426,이태원동 116-19 도,도,국유지,53.035074904735666,126.99216883562995,37.5353948225901,284.43247444,157.96627191,415.15967857,83,미지정,0
285698,1117000000000004427,이태원동 166-17도,도,국유지,50.543648766353726,126.99127919847969,37.53511535940481,251.60750962,133.60193937,352.79848318,87,미지정,0
285698,1117000000000004427,이태원동 166-17도,도,국유지,50.543648766353726,126.99127919847969,37.53511535940481,251.60750962,133.60193937,352.79848318,83,미지정,0
285699,1117000000000004428,이태원동 118-82 도,도,국유지,35.58910280937562,126.99229410846196,37.53493327301543,276.69562862,125.08562893,441.03170963,87,미지정,0
285699,1117000000000004428,이태원동 118-82 도,도,국유지,35.58910280937562,126.99229410846196,37.53493327301543,276.69562862,125.08562893,441.03170963,83,미지정,0
285700,1117000000000004429,이태원동 118-10 도,도,국유지,24.661200815811753,126.99183435348716,37.53504683691329,317.59668089,167.62888744,400.63987492,87,미지정,0
285700,1117000000000004429,이태원동 118-10 도,도,국유지,24.661200815811753,126.99183435348716,37.53504683691329,317.59668089,167.62888744,400.63987492,83,미지정,0
285701,1117000000000004430,이태원동 118-81 도,도,국유지,33.13654130487703,126.99191910267416,37.53538486017367,289.98941838,176.03780967,394.42311972,87,미지정,0
285701,1117000000000004430,이태원동 118-81 도,도,국유지,33.13654130487703,126.99191910267416,37.53538486017367,289.98941838,176.03780967,394.42311972,83,미지정,0
285702,1117000000000004431,이태원동 166-45 도,도,국유지,102.28445580694824,126.99064156324924,37.53482527628592,226.93923366,111.13553921,320.13794853,87,미지정,0
285702,1117000000000004431,이태원동 166-45 도,도,국유지,102.28445580694824,126.99064156324924,37.53482527628592,226.93923366,111.13553921,320.13794853,83,미지정,0
285703,1117000000000004432,이태원동 166-21도,도,국유지,83.25369469891302,126.9910930020424,37.53500142274461,244.74064163,125.80678316,343.8466638,87,미지정,0
285703,1117000000000004432,이태원동 166-21도,도,국유지,83.25369469891302,126.9910930020424,37.53500142274461,244.74064163,125.80678316,343.8466638,83,미지정,0
285704,1117000000000004433,이태원동 166-8도,도,국유지,176.03671266511083,126.9908969892638,37.53528678450494,212.85273653,94.91539404,314.13452952,87,미지정,0
285704,1117000000000004433,이태원동 166-8도,도,국유지,176.03671266511083,126.9908969892638,37.53528678450494,212.85273653,94.91539404,314.13452952,83,미지정,0
285705,1117000000000004434,이태원동 118-67도,도,국유지,81.1153632439673,126.99187364929256,37.53487643128956,302.01916369,159.48215002,411.63628483,87,미지정,0
285705,1117000000000004434,이태원동 118-67도,도,국유지,81.1153632439673,126.99187364929256,37.53487643128956,302.01916369,159.48215002,411.63628483,83,미지정,0
285706,1117000000000004435,이태원동 168-13 도,도,국유지,15.2146763112396,126.99186490393294,37.534743003223724,288.48681661,157.95154845,417.55757605,87,미지정,0
285706,1117000000000004435,이태원동 168-13 도,도,국유지,15.2146763112396,126.99186490393294,37.534743003223724,288.48681661,157.95154845,417.55757605,83,미지정,0
285707,1117000000000004436,이태원동 168-7도,도,국유지,21.09062160307076,126.99187691503876,37.53469468496124,284.25422465,156.40010007,420.9940241,87,미지정,0
285707,1117000000000004436,이태원동 168-7도,도,국유지,21.09062160307076,126.99187691503876,37.53469468496124,284.25422465,156.40010007,420.9940241,83,미지정,0
285708,1117000000000004437,이태원동 168-8 도,도,국유지,25.725678680930287,126.99188061035906,37.53463607575469,278.70890776,155.71724456,424.3769299,87,미지정,0
285708,1117000000000004437,이태원동 168-8 도,도,국유지,25.725678680930287,126.99188061035906,37.53463607575469,278.70890776,155.71724456,424.3769299,83,미지정,0
285709,1117000000000004438,이태원동 118-89 도,도,국유지,108.66547994338907,126.99195960027082,37.534889122350116,306.73617781,152.34992958,417.90502296,87,미지정,0
285709,1117000000000004438,이태원동 118-89 도,도,국유지,108.66547994338907,126.99195960027082,37.534889122350116,306.73617781,152.34992958,417.90502296,83,미지정,0
285710,1117000000000004439,이태원동 118-36도,도,국유지,41.26398196583614,126.99201005138876,37.53481374804867,301.50349905,146.34212674,425.51562285,87,미지정,0
285710,1117000000000004439,이태원동 118-36도,도,국유지,41.26398196583614,126.99201005138876,37.53481374804867,301.50349905,146.34212674,425.51562285,83,미지정,0
285711,1117000000000004440,이태원동 118-52도,도,국유지,25.838409598800354,126.99214821285749,37.53480051708428,306.38760677,134.06110995,443.11432311,87,미지정,0
285711,1117000000000004440,이태원동 118-52도,도,국유지,25.838409598800354,126.99214821285749,37.53480051708428,306.38760677,134.06110995,443.11432311,83,미지정,0
285712,1117000000000004441,이태원동 118-86 도,도,국유지,43.91742357163457,126.9921321786911,37.534882876777615,313.51709315,137.34158214,432.06558918,87,미지정,0
285712,1117000000000004441,이태원동 118-86 도,도,국유지,43.91742357163457,126.9921321786911,37.534882876777615,313.51709315,137.34158214,432.06558918,83,미지정,0
285713,1117000000000004442,이태원동 118-84 도,도,국유지,12.409108896041289,126.99231997760211,37.534892197628466,275.197236,121.56784464,436.49428481,87,미지정,0
285713,1117000000000004442,이태원동 118-84 도,도,국유지,12.409108896041289,126.99231997760211,37.534892197628466,275.197236,121.56784464,436.49428481,83,미지정,0
285714,1117000000000004443,이태원동 118-25도,도,국유지,30.3950618893723,126.99200802447417,37.534608934054106,281.782351,144.3835582,435.7058217,87,미지정,0
285714,1117000000000004443,이태원동 118-25도,도,국유지,30.3950618893723,126.99200802447417,37.534608934054106,281.782351,144.3835582,435.7058217,83,미지정,0
285715,1117000000000004444,이태원동 118-91 도,도,국유지,21.669332181394566,126.9920502473216,37.534891634676335,310.78491613,144.60831671,425.06664228,87,미지정,0
285715,1117000000000004444,이태원동 118-91 도,도,국유지,21.669332181394566,126.9920502473216,37.534891634676335,310.78491613,144.60831671,425.06664228,83,미지정,0
285716,1117000000000004445,이태원동 118-85 도,도,국유지,56.527661016210914,126.99212995355026,37.53492167704989,317.14764522,138.61961113,430.13909293,87,미지정,0
285716,1117000000000004445,이태원동 118-85 도,도,국유지,56.527661016210914,126.99212995355026,37.53492167704989,317.14764522,138.61961113,430.13909293,83,미지정,0
285717,1117000000000004446,이태원동 118-83 도,도,국유지,53.38857686147094,126.99224746914719,37.53489795620885,320.19172813,127.90742058,442.06407468,87,미지정,0
285717,1117000000000004446,이태원동 118-83 도,도,국유지,53.38857686147094,126.99224746914719,37.53489795620885,320.19172813,127.90742058,442.06407468,83,미지정,0
285718,1117000000000004447,이태원동 119-23도,도,국유지,11400.446656185668,126.99464918042095,37.53454726059187,108.13173794,31.56962905,263.43149677,87,미지정,0
285718,1117000000000004447,이태원동 119-23도,도,국유지,11400.446656185668,126.99464918042095,37.53454726059187,108.13173794,31.56962905,263.43149677,83,미지정,0
285719,1117000000000004448,이태원동 119-3도,도,국유지,77.45654489193112,126.99337108257345,37.53468143211752,191.86661056,26.03466753,349.44748647,87,미지정,0
285719,1117000000000004448,이태원동 119-3도,도,국유지,77.45654489193112,126.99337108257345,37.53468143211752,191.86661056,26.03466753,349.44748647,83,미지정,0
285720,1117000000000004449,이태원동 119-6도,도,국유지,79.69295275723562,126.99334539471523,37.53487946971935,186.99979767,41.58407317,366.12146126,87,미지정,0
285720,1117000000000004449,이태원동 119-6도,도,국유지,79.69295275723562,126.99334539471523,37.53487946971935,186.99979767,41.58407317,366.12146126,83,미지정,0
285721,1117000000000004450,이태원동 112-33도,도,국유지,371.35845646495,126.99387906386755,37.535386760123636,133.3464633,91.08123902,378.75968736,87,미지정,0
285721,1117000000000004450,이태원동 112-33도,도,국유지,371.35845646495,126.99387906386755,37.535386760123636,133.3464633,91.08123902,378.75968736,83,미지정,0
285722,1117000000000004451,이태원동 159-11도,도,국유지,982.3353056221968,126.99157743187168,37.534872265465374,290.83335595,169.63301539,388.39793486,87,미지정,0
285722,1117000000000004451,이태원동 159-11도,도,국유지,982.3353056221968,126.99157743187168,37.534872265465374,290.83335595,169.63301539,388.39793486,83,미지정,0
285723,1117000000000004452,이태원동 118-11도,도,국유지,177.90569862176199,126.99172349931075,37.53514888261836,324.13519636,168.46451785,387.20996495,87,미지정,0
285723,1117000000000004452,이태원동 118-11도,도,국유지,177.90569862176199,126.99172349931075,37.53514888261836,324.13519636,168.46451785,387.20996495,83,미지정,0
285724,1117000000000004453,이태원동 118-61도,도,국유지,88.52106189634651,126.99177311273644,37.535290771018026,281.80048679,168.23152371,385.6076805,87,미지정,0
285724,1117000000000004453,이태원동 118-61도,도,국유지,88.52106189634651,126.99177311273644,37.535290771018026,281.80048679,168.23152371,385.6076805,83,미지정,0
285725,1117000000000004454,이태원동 118-68 도,도,국유지,54.97243229486048,126.99170849916729,37.53543152248395,270.73147489,159.61055566,375.11944251,87,미지정,0
285725,1117000000000004454,이태원동 118-68 도,도,국유지,54.97243229486048,126.99170849916729,37.53543152248395,270.73147489,159.61055566,375.11944251,83,미지정,0
285726,1117000000000004455,이태원동 164-23 도,도,국유지,58.768693638034165,126.99136505341345,37.5354771557336,240.5786014,128.84019426,344.71808799,87,미지정,0
285726,1117000000000004455,이태원동 164-23 도,도,국유지,58.768693638034165,126.99136505341345,37.5354771557336,240.5786014,128.84019426,344.71808799,83,미지정,0
285727,1117000000000004456,이태원동 123-16도,도,국유지,71.86993873096071,126.99444339348028,37.534759554562214,104.29910145,18.36811601,293.14032584,87,미지정,0
285727,1117000000000004456,이태원동 123-16도,도,국유지,71.86993873096071,126.99444339348028,37.534759554562214,104.29910145,18.36811601,293.14032584,83,미지정,0
285728,1117000000000004457,이태원동 123-17도,도,국유지,53.118872865103185,126.99447311154202,37.53476653188673,101.73995636,20.71196064,292.31089545,87,미지정,0
285728,1117000000000004457,이태원동 123-17도,도,국유지,53.118872865103185,126.99447311154202,37.53476653188673,101.73995636,20.71196064,292.31089545,83,미지정,0
285729,1117000000000004458,이태원동 123-9도,도,국유지,35.65285635367036,126.99442478584857,37.53492221759068,95.99135088,33.6575833,309.10491621,87,미지정,0
285729,1117000000000004458,이태원동 123-9도,도,국유지,35.65285635367036,126.99442478584857,37.53492221759068,95.99135088,33.6575833,309.10491621,83,미지정,0
285730,1117000000000004459,이태원동 123-8도,도,국유지,32.38626078516245,126.99445577227522,37.53492771371599,93.28671883,35.15505831,308.15092562,87,미지정,0
285730,1117000000000004459,이태원동 123-8도,도,국유지,32.38626078516245,126.99445577227522,37.53492771371599,93.28671883,35.15505831,308.15092562,83,미지정,0
285731,1117000000000004460,이태원동 166-2도,도,국유지,19.23160099692177,126.99136397092576,37.535110493496546,258.33645858,140.59100797,359.80970758,87,미지정,0
285731,1117000000000004460,이태원동 166-2도,도,국유지,19.23160099692177,126.99136397092576,37.535110493496546,258.33645858,140.59100797,359.80970758,83,미지정,0
285732,1117000000000004461,이태원동 108-3도,도,국유지,14078.351523242542,126.99468644735641,37.535693502063786,74.10875125,122.30483044,374.47733006,87,미지정,0
285732,1117000000000004461,이태원동 108-3도,도,국유지,14078.351523242542,126.99468644735641,37.535693502063786,74.10875125,122.30483044,374.47733006,83,미지정,0
285733,1117000000000004462,이태원동 137-55도,도,국유지,26.991637108149007,126.99577013477499,37.533161184141996,242.5628297,188.66722043,80.57147931,87,미지정,0
285733,1117000000000004462,이태원동 137-55도,도,국유지,26.991637108149007,126.99577013477499,37.533161184141996,242.5628297,188.66722043,80.57147931,83,미지정,0
285734,1117000000000004463,이태원동 132-28 도,도,국유지,43.06487089768052,126.99551164236902,37.53336394495064,217.95248483,156.65344595,112.36497032,87,미지정,0
285734,1117000000000004463,이태원동 132-28 도,도,국유지,43.06487089768052,126.99551164236902,37.53336394495064,217.95248483,156.65344595,112.36497032,83,미지정,0
285735,1117000000000004464,이태원동 132-27 도,도,국유지,29.55676548089832,126.99552797477597,37.53351408767563,201.39691617,145.69018696,124.93343137,87,미지정,0
285735,1117000000000004464,이태원동 132-27 도,도,국유지,29.55676548089832,126.99552797477597,37.53351408767563,201.39691617,145.69018696,124.93343137,83,미지정,0
285736,1117000000000004465,이태원동 18-7도,도,국유지,26.604773620143533,126.99505566666667,37.53149033333333,291.23016481,331.07708207,164.08295284,87,미지정,0
285736,1117000000000004465,이태원동 18-7도,도,국유지,26.604773620143533,126.99505566666667,37.53149033333333,291.23016481,331.07708207,164.08295284,83,미지정,0
285737,1117000000000004466,이태원동 96-93도,도,국유지,85.22929138690233,126.99495282918969,37.53154385128914,293.00634327,323.58556697,166.21467837,87,미지정,0
285737,1117000000000004466,이태원동 96-93도,도,국유지,85.22929138690233,126.99495282918969,37.53154385128914,293.00634327,323.58556697,166.21467837,83,미지정,0
285738,1117000000000004467,이태원동 96-7도,도,국유지,544.4237163425423,126.99492242698405,37.5318027872948,318.77084613,294.81607338,150.03131011,87,미지정,0
285738,1117000000000004467,이태원동 96-7도,도,국유지,544.4237163425423,126.99492242698405,37.5318027872948,318.77084613,294.81607338,150.03131011,83,미지정,0
285739,1117000000000004468,이태원동 96-19잡,잡,국유지,13.55244839983061,126.9953155504886,37.53195319543973,347.5002399,286.95677289,112.16657215,87,미지정,0
285739,1117000000000004468,이태원동 96-19잡,잡,국유지,13.55244839983061,126.9953155504886,37.53195319543973,347.5002399,286.95677289,112.16657215,83,미지정,0
285740,1117000000000004469,이태원동 132-26 도,도,국유지,14.047539324965328,126.99553750837987,37.53360161778398,191.75911757,139.82725111,132.68430078,87,미지정,0
285740,1117000000000004469,이태원동 132-26 도,도,국유지,14.047539324965328,126.99553750837987,37.53360161778398,191.75911757,139.82725111,132.68430078,83,미지정,0
285741,1117000000000004470,이태원동 18-6도,도,국유지,522.9073801347986,126.99514019724785,37.53153541802759,298.94326757,327.71690265,155.35545996,87,미지정,0
285741,1117000000000004470,이태원동 18-6도,도,국유지,522.9073801347986,126.99514019724785,37.53153541802759,298.94326757,327.71690265,155.35545996,83,미지정,0
285742,1117000000000004471,이태원동 22-74도,도,국유지,84.1797492611222,126.99487054737209,37.53142555314065,278.09201484,335.42233226,180.59701612,87,미지정,0
285742,1117000000000004471,이태원동 22-74도,도,국유지,84.1797492611222,126.99487054737209,37.53142555314065,278.09201484,335.42233226,180.59701612,83,미지정,0
285743,1117000000000004472,이태원동 22-36도,도,국유지,437.76049120910466,126.99571450789382,37.53089326953287,267.93258978,409.75503652,194.32310528,87,미지정,0
285743,1117000000000004472,이태원동 22-36도,도,국유지,437.76049120910466,126.99571450789382,37.53089326953287,267.93258978,409.75503652,194.32310528,83,미지정,0
285744,1117000000000004473,이태원동 21-6 도,도,국유지,14.60718759894371,126.99566099999998,37.530968333333334,271.06105922,400.39752154,187.71794035,87,미지정,0
285744,1117000000000004473,이태원동 21-6 도,도,국유지,14.60718759894371,126.99566099999998,37.530968333333334,271.06105922,400.39752154,187.71794035,83,미지정,0
285745,1117000000000004474,이태원동 21-9 도,도,국유지,220.41207976359874,126.99540639665302,37.5311957786185,277.72922366,369.9303695,173.07720839,87,미지정,0
285745,1117000000000004474,이태원동 21-9 도,도,국유지,220.41207976359874,126.99540639665302,37.5311957786185,277.72922366,369.9303695,173.07720839,83,미지정,0
285746,1117000000000004475,이태원동 21-4도,도,국유지,37.30263060890138,126.9954966914311,37.531310158667544,292.72062534,359.87811025,158.13442719,87,미지정,0
285746,1117000000000004475,이태원동 21-4도,도,국유지,37.30263060890138,126.9954966914311,37.531310158667544,292.72062534,359.87811025,158.13442719,83,미지정,0
285747,1117000000000004476,이태원동 99-15도,도,국유지,352.75007200444816,126.99476370691676,37.532171218650205,354.33843324,252.17185713,144.18829803,87,미지정,0
285747,1117000000000004476,이태원동 99-15도,도,국유지,352.75007200444816,126.99476370691676,37.532171218650205,354.33843324,252.17185713,144.18829803,83,미지정,0
285748,1117000000000004477,이태원동 97-4 도,도,국유지,165.1404851070838,126.99483538771732,37.53202430898777,339.53644841,269.27519403,144.33777661,87,미지정,0
285748,1117000000000004477,이태원동 97-4 도,도,국유지,165.1404851070838,126.99483538771732,37.53202430898777,339.53644841,269.27519403,144.33777661,83,미지정,0
285749,1117000000000004478,이태원동 92-40 도,도,국유지,90.93411098897923,126.99524176235684,37.53129192309904,279.18796895,356.06064329,171.28758573,87,미지정,0
285749,1117000000000004478,이태원동 92-40 도,도,국유지,90.93411098897923,126.99524176235684,37.53129192309904,279.18796895,356.06064329,171.28758573,83,미지정,0
285750,1117000000000004479,이태원동 92-1 도,도,국유지,54.16603488847613,126.99509417815207,37.53136281647499,279.95612444,345.62146327,172.61380752,87,미지정,0
285750,1117000000000004479,이태원동 92-1 도,도,국유지,54.16603488847613,126.99509417815207,37.53136281647499,279.95612444,345.62146327,172.61380752,83,미지정,0
285751,1117000000000004480,이태원동 100-34도,도,국유지,136.27927471324801,126.99496528998702,37.53224137058499,344.27251375,247.88737323,124.84210102,87,미지정,0
285751,1117000000000004480,이태원동 100-34도,도,국유지,136.27927471324801,126.99496528998702,37.53224137058499,344.27251375,247.88737323,124.84210102,83,미지정,0
285752,1117000000000004481,이태원동 132-24 도,도,국유지,35.00107394438237,126.99555186005232,37.533723966180865,178.31564481,132.47658508,143.88417384,87,미지정,0
285752,1117000000000004481,이태원동 132-24 도,도,국유지,35.00107394438237,126.99555186005232,37.533723966180865,178.31564481,132.47658508,143.88417384,83,미지정,0
285753,1117000000000004482,이태원동 99-5도,도,국유지,438.97786355088465,126.99467399776526,37.532393009408125,331.45582185,226.67614952,146.31441349,87,미지정,0
285753,1117000000000004482,이태원동 99-5도,도,국유지,438.97786355088465,126.99467399776526,37.532393009408125,331.45582185,226.67614952,146.31441349,83,미지정,0
285754,1117000000000004483,이태원동 11-23도,도,국유지,564.7485257245135,126.99460344519234,37.5326548358998,304.33077902,197.05767435,151.34281896,87,미지정,0
285754,1117000000000004483,이태원동 11-23도,도,국유지,564.7485257245135,126.99460344519234,37.5326548358998,304.33077902,197.05767435,151.34281896,83,미지정,0
285755,1117000000000004484,이태원동 137-23도,도,국유지,5167.88750265789,126.99566321413646,37.53371911714881,179.92723739,140.9006561,139.06351082,87,미지정,0
285755,1117000000000004484,이태원동 137-23도,도,국유지,5167.88750265789,126.99566321413646,37.53371911714881,179.92723739,140.9006561,139.06351082,83,미지정,0
285756,1117000000000004485,이태원동 137-70 도,도,국유지,598.1723894089228,126.99497867358187,37.53306767553615,253.12154782,160.31580886,129.8567418,87,미지정,0
285756,1117000000000004485,이태원동 137-70 도,도,국유지,598.1723894089228,126.99497867358187,37.53306767553615,253.12154782,160.31580886,129.8567418,83,미지정,0
285757,1117000000000004486,이태원동 132-23 도,도,국유지,50.05398040916771,126.99556759062551,37.53387159412052,162.12385722,124.8977334,157.96802294,87,미지정,0
285757,1117000000000004486,이태원동 132-23 도,도,국유지,50.05398040916771,126.99556759062551,37.53387159412052,162.12385722,124.8977334,157.96802294,83,미지정,0
285758,1117000000000004487,이태원동 96-138도,도,국유지,38.55332880001515,126.99429921361323,37.5314923201866,270.30782826,324.62486163,214.94498993,87,미지정,0
285758,1117000000000004487,이태원동 96-138도,도,국유지,38.55332880001515,126.99429921361323,37.5314923201866,270.30782826,324.62486163,214.94498993,83,미지정,0
285759,1117000000000004488,이태원동 634도,도,국유지,647.127054608427,126.98760259311076,37.53919243100533,341.21134771,152.13009128,301.32290587,87,미지정,0
285759,1117000000000004488,이태원동 634도,도,국유지,647.127054608427,126.98760259311076,37.53919243100533,341.21134771,152.13009128,301.32290587,83,미지정,0
285760,1117000000000004489,이태원동 171-19도,도,국유지,66.93071736209095,126.99119471327371,37.53478613686551,270.74551696,147.52091089,363.52121814,87,미지정,0
285760,1117000000000004489,이태원동 171-19도,도,국유지,66.93071736209095,126.99119471327371,37.53478613686551,270.74551696,147.52091089,363.52121814,83,미지정,0
285761,1117000000000004490,이태원동 64-19 도,도,국유지,170.03568540560082,126.99097391890464,37.53422811357583,205.83612346,182.83099828,384.01950471,87,미지정,0
285761,1117000000000004490,이태원동 64-19 도,도,국유지,170.03568540560082,126.99097391890464,37.53422811357583,205.83612346,182.83099828,384.01950471,83,미지정,0
285762,1117000000000004491,이태원동 168-5 도,도,국유지,2323.344006560743,126.99092714077892,37.534367011697626,219.71916377,167.50661893,370.96480679,87,미지정,0
285762,1117000000000004491,이태원동 168-5 도,도,국유지,2323.344006560743,126.99092714077892,37.534367011697626,219.71916377,167.50661893,370.96480679,83,미지정,0
285763,1117000000000004492,이태원동 64-13도,도,국유지,144.21186176227638,126.99145615560163,37.534130333253984,211.48782514,216.0961629,423.90641889,87,미지정,0
285763,1117000000000004492,이태원동 64-13도,도,국유지,144.21186176227638,126.99145615560163,37.534130333253984,211.48782514,216.0961629,423.90641889,83,미지정,0
285764,1117000000000004493,이태원동 64-1 도,도,국유지,1013.0863863186678,126.99150456539773,37.53427673873029,227.89921612,206.56459821,417.58051325,87,미지정,0
285764,1117000000000004493,이태원동 64-1 도,도,국유지,1013.0863863186678,126.99150456539773,37.53427673873029,227.89921612,206.56459821,417.58051325,83,미지정,0
285765,1117000000000004494,이태원동 72-47 도,도,국유지,250.83826914941892,126.99250875894752,37.5340616554754,262.3589999,107.76768019,374.39841072,87,미지정,0
285765,1117000000000004494,이태원동 72-47 도,도,국유지,250.83826914941892,126.99250875894752,37.5340616554754,262.3589999,107.76768019,374.39841072,83,미지정,0
285766,1117000000000004495,이태원동 117-2도,도,국유지,141.13663541153073,126.99252105848826,37.53408632289603,265.02954925,105.88638668,374.63768221,87,미지정,0
285766,1117000000000004495,이태원동 117-2도,도,국유지,141.13663541153073,126.99252105848826,37.53408632289603,265.02954925,105.88638668,374.63768221,83,미지정,0
285767,1117000000000004496,이태원동 67-3 도,도,국유지,87.32088290370302,126.99276268971519,37.534018687618186,276.08443178,88.79860037,352.1887597,87,미지정,0
285767,1117000000000004496,이태원동 67-3 도,도,국유지,87.32088290370302,126.99276268971519,37.534018687618186,276.08443178,88.79860037,352.1887597,83,미지정,0
285768,1117000000000004497,이태원동 74-65도,도,국유지,87.89497413206846,126.99201654789805,37.533822370442714,212.73155147,157.88041298,404.08217643,87,미지정,0
285768,1117000000000004497,이태원동 74-65도,도,국유지,87.89497413206846,126.99201654789805,37.533822370442714,212.73155147,157.88041298,404.08217643,83,미지정,0
285769,1117000000000004498,이태원동 166-29 도,도,국유지,156.8553033118951,126.99144392992484,37.53472672126329,271.48292778,168.82769238,385.83125982,87,미지정,0
285769,1117000000000004498,이태원동 166-29 도,도,국유지,156.8553033118951,126.99144392992484,37.53472672126329,271.48292778,168.82769238,385.83125982,83,미지정,0
285770,1117000000000004499,이태원동 118-43도,도,국유지,30.52767824474722,126.9923466923736,37.534170559554404,260.87139657,118.56608264,392.60528776,87,미지정,0
285770,1117000000000004499,이태원동 118-43도,도,국유지,30.52767824474722,126.9923466923736,37.534170559554404,260.87139657,118.56608264,392.60528776,83,미지정,0
285771,1117000000000004500,이태원동 72-49 도,도,국유지,439.8127315462334,126.99262290693179,37.53391276463808,259.08010594,105.19826767,358.22089812,87,미지정,0
285771,1117000000000004500,이태원동 72-49 도,도,국유지,439.8127315462334,126.99262290693179,37.53391276463808,259.08010594,105.19826767,358.22089812,83,미지정,0
285772,1117000000000004501,이태원동 118-44도,도,국유지,21.50277545489371,126.99241197323599,37.534123087591254,261.02384082,114.06531699,385.08699226,87,미지정,0
285772,1117000000000004501,이태원동 118-44도,도,국유지,21.50277545489371,126.99241197323599,37.534123087591254,261.02384082,114.06531699,385.08699226,83,미지정,0
285773,1117000000000004502,이태원동 218-1도,도,국유지,99.93071379326284,126.98962620178324,37.53811021699795,154.98305405,63.41100831,250.27655336,87,미지정,0
285773,1117000000000004502,이태원동 218-1도,도,국유지,99.93071379326284,126.98962620178324,37.53811021699795,154.98305405,63.41100831,250.27655336,83,미지정,0
285774,1117000000000004503,이태원동 65-4 도,도,국유지,267.0445294701494,126.99188097446961,37.5338846176447,209.82234699,166.62668323,417.71138838,87,미지정,0
285774,1117000000000004503,이태원동 65-4 도,도,국유지,267.0445294701494,126.99188097446961,37.5338846176447,209.82234699,166.62668323,417.71138838,83,미지정,0
285775,1117000000000004504,이태원동 72-46도,도,국유지,104.39939997252077,126.99206262338107,37.534082181254405,236.93865025,145.15549119,411.09854902,87,미지정,0
285775,1117000000000004504,이태원동 72-46도,도,국유지,104.39939997252077,126.99206262338107,37.534082181254405,236.93865025,145.15549119,411.09854902,83,미지정,0
285776,1117000000000004505,이태원동 74-77 도,도,국유지,34.10342075210065,126.99216247686849,37.53386478517666,225.15128589,144.16661438,393.66877423,87,미지정,0
285776,1117000000000004505,이태원동 74-77 도,도,국유지,34.10342075210065,126.99216247686849,37.53386478517666,225.15128589,144.16661438,393.66877423,83,미지정,0
285777,1117000000000004506,이태원동 72-48 도,도,국유지,45.80639760475606,126.99222648920296,37.53391628828925,233.19331685,136.76000061,390.53978151,87,미지정,0
285777,1117000000000004506,이태원동 72-48 도,도,국유지,45.80639760475606,126.99222648920296,37.53391628828925,233.19331685,136.76000061,390.53978151,83,미지정,0
285778,1117000000000004507,이태원동 118-29도,도,국유지,95.40351306926459,126.99222227026887,37.534425937552484,275.61725839,126.71631711,415.68383454,87,미지정,0
285778,1117000000000004507,이태원동 118-29도,도,국유지,95.40351306926459,126.99222227026887,37.534425937552484,275.61725839,126.71631711,415.68383454,83,미지정,0
285779,1117000000000004508,이태원동 168-4도,도,국유지,36.011088790372014,126.9918880042677,37.534544931807865,270.24451279,155.04782093,429.90711533,87,미지정,0
285779,1117000000000004508,이태원동 168-4도,도,국유지,36.011088790372014,126.9918880042677,37.534544931807865,270.24451279,155.04782093,429.90711533,83,미지정,0
285780,1117000000000004509,이태원동 64-58도,도,국유지,119.68839531997219,126.99161093936291,37.53369866502745,178.71420912,196.25475013,465.07321057,87,미지정,0
285780,1117000000000004509,이태원동 64-58도,도,국유지,119.68839531997219,126.99161093936291,37.53369866502745,178.71420912,196.25475013,465.07321057,83,미지정,0
285781,1117000000000004510,이태원동 64-59 도,도,국유지,116.68148529157043,126.99126498824387,37.53386046501885,177.11896193,231.05160995,430.33295247,87,미지정,0
285781,1117000000000004510,이태원동 64-59 도,도,국유지,116.68148529157043,126.99126498824387,37.53386046501885,177.11896193,231.05160995,430.33295247,83,미지정,0
285783,1117000000000004512,이태원동 66-9도,도,국유지,172.70435404591262,126.99176001024303,37.5339774236839,211.29153549,173.89779695,431.35473357,87,미지정,0
285783,1117000000000004512,이태원동 66-9도,도,국유지,172.70435404591262,126.99176001024303,37.5339774236839,211.29153549,173.89779695,431.35473357,83,미지정,0
285784,1117000000000004513,이태원동 64-61 도,도,국유지,213.03722962690517,126.991501367055,37.533867142469035,188.23749259,199.19683916,445.48783865,87,미지정,0
285784,1117000000000004513,이태원동 64-61 도,도,국유지,213.03722962690517,126.991501367055,37.533867142469035,188.23749259,199.19683916,445.48783865,83,미지정,0
285785,1117000000000004514,이태원동 129-21도,도,국유지,17.485884268011432,126.99328403740066,37.53349742496492,275.05988744,102.71530594,286.5079004,87,미지정,0
285785,1117000000000004514,이태원동 129-21도,도,국유지,17.485884268011432,126.99328403740066,37.53349742496492,275.05988744,102.71530594,286.5079004,83,미지정,0
285786,1117000000000004515,이태원동 63-64도,도,국유지,269.3409160077572,126.99058745761477,37.53360366189549,130.66710664,234.26600816,410.02187872,87,미지정,0
285786,1117000000000004515,이태원동 63-64도,도,국유지,269.3409160077572,126.99058745761477,37.53360366189549,130.66710664,234.26600816,410.02187872,83,미지정,0
285787,1117000000000004516,이태원동 63-60도,도,국유지,248.27870307769626,126.99106677635535,37.53384683531216,168.40393891,223.91536975,418.62880155,87,미지정,0
285787,1117000000000004516,이태원동 63-60도,도,국유지,248.27870307769626,126.99106677635535,37.53384683531216,168.40393891,223.91536975,418.62880155,83,미지정,0
285788,1117000000000004517,이태원동 59-6 도,도,국유지,343.8599362424575,126.99078435270394,37.533767706867685,152.13065928,222.03775025,407.55735691,87,미지정,0
285788,1117000000000004517,이태원동 59-6 도,도,국유지,343.8599362424575,126.99078435270394,37.533767706867685,152.13065928,222.03775025,407.55735691,83,미지정,0
285789,1117000000000004518,이태원동 63-2도,도,국유지,20.22275544819422,126.9911139921578,37.533664366157325,151.66999983,243.93008732,435.89955791,87,미지정,0
285789,1117000000000004518,이태원동 63-2도,도,국유지,20.22275544819422,126.9911139921578,37.533664366157325,151.66999983,243.93008732,435.89955791,83,미지정,0
285790,1117000000000004519,이태원동 216-6도,도,국유지,161.20365822967142,126.9903372443207,37.538094150054775,117.9437823,122.11771373,296.048434,87,미지정,0
285790,1117000000000004519,이태원동 216-6도,도,국유지,161.20365822967142,126.9903372443207,37.538094150054775,117.9437823,122.11771373,296.048434,83,미지정,0
285791,1117000000000004520,이태원동 215-11도,도,국유지,46.142458534799516,126.9910827098923,37.537712524411866,148.87234536,198.51642002,331.07983255,87,미지정,0
285791,1117000000000004520,이태원동 215-11도,도,국유지,46.142458534799516,126.9910827098923,37.537712524411866,148.87234536,198.51642002,331.07983255,83,미지정,0
285792,1117000000000004521,이태원동 64-23도,도,국유지,112.5466995802708,126.99120652688929,37.533854834103266,174.24861208,228.98478852,426.96082504,87,미지정,0
285792,1117000000000004521,이태원동 64-23도,도,국유지,112.5466995802708,126.99120652688929,37.533854834103266,174.24861208,228.98478852,426.96082504,83,미지정,0
285793,1117000000000004522,이태원동 199-4도,도,국유지,60.65034355362877,126.99089275421855,37.537658444498355,154.25191318,185.75544648,313.3161707,87,미지정,0
285793,1117000000000004522,이태원동 199-4도,도,국유지,60.65034355362877,126.99089275421855,37.537658444498355,154.25191318,185.75544648,313.3161707,83,미지정,0
285794,1117000000000004523,이태원동 199-20도,도,국유지,12.722572817467153,126.99087811745054,37.53756952145978,164.14755507,189.23748981,308.12851017,87,미지정,0
285794,1117000000000004523,이태원동 199-20도,도,국유지,12.722572817467153,126.99087811745054,37.53756952145978,164.14755507,189.23748981,308.12851017,83,미지정,0
285795,1117000000000004524,이태원동 64-66 도,도,국유지,89.82744004391134,126.99109428349895,37.5338560520367,170.28016831,224.11568305,419.6644586,87,미지정,0
285795,1117000000000004524,이태원동 64-66 도,도,국유지,89.82744004391134,126.99109428349895,37.5338560520367,170.28016831,224.11568305,419.6644586,83,미지정,0
285796,1117000000000004525,이태원동 215-28도,도,국유지,90.94091439642943,126.99075380607991,37.53789350095279,129.03174217,164.09613415,314.39770913,87,미지정,0
285796,1117000000000004525,이태원동 215-28도,도,국유지,90.94091439642943,126.99075380607991,37.53789350095279,129.03174217,164.09613415,314.39770913,83,미지정,0
285797,1117000000000004526,이태원동 203-17도,도,국유지,148.52042650303338,126.9913260279704,37.53811198234375,109.75290462,207.09334241,370.34559418,87,미지정,0
285797,1117000000000004526,이태원동 203-17도,도,국유지,148.52042650303338,126.9913260279704,37.53811198234375,109.75290462,207.09334241,370.34559418,83,미지정,0
285798,1117000000000004527,이태원동 212-54도,도,국유지,21.325074615771882,126.99107723459059,37.5381719058571,98.15721493,184.35854904,354.81896469,87,미지정,0
285798,1117000000000004527,이태원동 212-54도,도,국유지,21.325074615771882,126.99107723459059,37.5381719058571,98.15721493,184.35854904,354.81896469,83,미지정,0
285799,1117000000000004528,이태원동 215-18도,도,국유지,61.08173210371751,126.99103820941069,37.53800479216852,116.21212038,184.51781877,342.34743664,87,미지정,0
285799,1117000000000004528,이태원동 215-18도,도,국유지,61.08173210371751,126.99103820941069,37.53800479216852,116.21212038,184.51781877,342.34743664,83,미지정,0
285800,1117000000000004529,이태원동 214-44도,도,국유지,21.967457556980662,126.9915547253107,37.53856194850041,77.47785686,225.39574308,413.7963833,87,미지정,0
285800,1117000000000004529,이태원동 214-44도,도,국유지,21.967457556980662,126.9915547253107,37.53856194850041,77.47785686,225.39574308,413.7963833,83,미지정,0
285801,1117000000000004530,이태원동 214-43도,도,국유지,22.536361768376082,126.99152049009794,37.53865274464998,68.48156675,223.39173808,417.04196454,87,미지정,0
285801,1117000000000004530,이태원동 214-43도,도,국유지,22.536361768376082,126.99152049009794,37.53865274464998,68.48156675,223.39173808,417.04196454,83,미지정,0
285802,1117000000000004531,이태원동 212-47도,도,국유지,942.3541646347148,126.99177816587637,37.53860495523726,93.62020274,245.47369922,432.89655078,87,미지정,0
285802,1117000000000004531,이태원동 212-47도,도,국유지,942.3541646347148,126.99177816587637,37.53860495523726,93.62020274,245.47369922,432.89655078,83,미지정,0
285803,1117000000000004532,이태원동 206-42도,도,국유지,20.692253350745887,126.99298362431854,37.53871371178004,101.45899311,361.39936768,530.95225614,87,미지정,0
285803,1117000000000004532,이태원동 206-42도,도,국유지,20.692253350745887,126.99298362431854,37.53871371178004,101.45899311,361.39936768,530.95225614,83,미지정,0
285804,1117000000000004533,이태원동 131-42도,도,국유지,39.11150371679105,126.99491033742999,37.53345958807793,211.27483396,117.93978309,157.93630256,87,미지정,0
285804,1117000000000004533,이태원동 131-42도,도,국유지,39.11150371679105,126.99491033742999,37.53345958807793,211.27483396,117.93978309,157.93630256,83,미지정,0
285805,1117000000000004534,이태원동 213-8 도,도,국유지,199.04602303053252,126.99239111234313,37.53860032277909,88.17943272,357.94223901,478.9618549,87,미지정,0
285805,1117000000000004534,이태원동 213-8 도,도,국유지,199.04602303053252,126.99239111234313,37.53860032277909,88.17943272,357.94223901,478.9618549,83,미지정,0
285806,1117000000000004535,이태원동 204-24도,도,국유지,41.20319217815995,126.99259189052893,37.538312354243544,123.48817306,316.56036725,480.08601825,87,미지정,0
285806,1117000000000004535,이태원동 204-24도,도,국유지,41.20319217815995,126.99259189052893,37.538312354243544,123.48817306,316.56036725,480.08601825,83,미지정,0
285807,1117000000000004536,이태원동 206-34도,도,국유지,69.71266021439806,126.99303880591907,37.539202913793915,76.92396224,313.60713493,562.50144078,87,미지정,0
285807,1117000000000004536,이태원동 206-34도,도,국유지,69.71266021439806,126.99303880591907,37.539202913793915,76.92396224,313.60713493,562.50144078,83,미지정,0
285808,1117000000000004537,이태원동 206-38도,도,국유지,16.062337681883946,126.99296073099235,37.538788135368954,94.14844757,352.97367905,533.08794507,87,미지정,0
285808,1117000000000004537,이태원동 206-38도,도,국유지,16.062337681883946,126.99296073099235,37.538788135368954,94.14844757,352.97367905,533.08794507,83,미지정,0
285809,1117000000000004538,이태원동 206-39도,도,국유지,75.4315805551596,126.99288068131779,37.53891680884266,79.29633233,337.09229021,533.99210113,87,미지정,0
285809,1117000000000004538,이태원동 206-39도,도,국유지,75.4315805551596,126.99288068131779,37.53891680884266,79.29633233,337.09229021,533.99210113,83,미지정,0
285810,1117000000000004539,이태원동 206-14도,도,국유지,202.94918225961737,126.99296791083454,37.538916896890605,85.30946206,339.975872,540.65643607,87,미지정,0
285810,1117000000000004539,이태원동 206-14도,도,국유지,202.94918225961737,126.99296791083454,37.538916896890605,85.30946206,339.975872,540.65643607,83,미지정,0
285811,1117000000000004540,이태원동 206-35도,도,국유지,32.31090204406064,126.99298252914393,37.53914397399311,74.17279338,317.3997694,554.79783106,87,미지정,0
285811,1117000000000004540,이태원동 206-35도,도,국유지,32.31090204406064,126.99298252914393,37.53914397399311,74.17279338,317.3997694,554.79783106,83,미지정,0
285812,1117000000000004541,이태원동 206-36도,도,국유지,25.900755091337487,126.99295977384335,37.53903511197375,77.48938328,327.61912835,546.72890702,87,미지정,0
285812,1117000000000004541,이태원동 206-36도,도,국유지,25.900755091337487,126.99295977384335,37.53903511197375,77.48938328,327.61912835,546.72890702,83,미지정,0
285813,1117000000000004542,이태원동 212-59도,도,국유지,11.829743404639885,126.99219606053072,37.538789669983416,65.48286538,333.8289881,475.04387312,87,미지정,0
285813,1117000000000004542,이태원동 212-59도,도,국유지,11.829743404639885,126.99219606053072,37.538789669983416,65.48286538,333.8289881,475.04387312,83,미지정,0
285814,1117000000000004543,이태원동 212-71도,도,국유지,101.3515775857959,126.99220566681184,37.53921948884587,17.79389115,287.29852616,503.09342625,87,미지정,0
285814,1117000000000004543,이태원동 212-71도,도,국유지,101.3515775857959,126.99220566681184,37.53921948884587,17.79389115,287.29852616,503.09342625,83,미지정,0
285815,1117000000000004544,이태원동 206-41도,도,국유지,29.863626872655004,126.99259996233644,37.53901379827011,54.0001287,318.58355339,518.52417838,87,미지정,0
285815,1117000000000004544,이태원동 206-41도,도,국유지,29.863626872655004,126.99259996233644,37.53901379827011,54.0001287,318.58355339,518.52417838,83,미지정,0
285816,1117000000000004545,이태원동 206-40도,도,국유지,101.60202637547627,126.9925945592135,37.53897634807235,56.89545673,322.39425845,515.87702735,87,미지정,0
285816,1117000000000004545,이태원동 206-40도,도,국유지,101.60202637547627,126.9925945592135,37.53897634807235,56.89545673,322.39425845,515.87702735,83,미지정,0
285817,1117000000000004546,이태원동 22-51도,도,국유지,336.35577466059476,126.99452302059576,37.53146665317273,272.29783507,327.8977499,200.61218206,87,미지정,0
285817,1117000000000004546,이태원동 22-51도,도,국유지,336.35577466059476,126.99452302059576,37.53146665317273,272.29783507,327.8977499,200.61218206,83,미지정,0
285818,1117000000000004547,이태원동 22-72도,도,국유지,27.24242439540103,126.99424592587926,37.531382051194335,257.37323523,336.93583865,225.83060304,87,미지정,0
285818,1117000000000004547,이태원동 22-72도,도,국유지,27.24242439540103,126.99424592587926,37.531382051194335,257.37323523,336.93583865,225.83060304,83,미지정,0
285819,1117000000000004548,이태원동 22-73도,도,국유지,89.58020151389064,126.99445175111792,37.53140373233678,263.88048986,334.61296024,209.88029713,87,미지정,0
285819,1117000000000004548,이태원동 22-73도,도,국유지,89.58020151389064,126.99445175111792,37.53140373233678,263.88048986,334.61296024,209.88029713,83,미지정,0
285820,1117000000000004549,이태원동 224-68도,도,국유지,14.026910005079117,126.99023511305361,37.53907728519814,61.10240718,131.31623946,366.78639931,87,미지정,0
285820,1117000000000004549,이태원동 224-68도,도,국유지,14.026910005079117,126.99023511305361,37.53907728519814,61.10240718,131.31623946,366.78639931,83,미지정,0
285821,1117000000000004550,이태원동 224-116 도,도,국유지,51.79179412359372,126.99012564144569,37.53886347297979,73.59834043,110.77215685,342.2183148,87,미지정,0
285821,1117000000000004550,이태원동 224-116 도,도,국유지,51.79179412359372,126.99012564144569,37.53886347297979,73.59834043,110.77215685,342.2183148,83,미지정,0
285822,1117000000000004551,이태원동 224-118 도,도,국유지,49.726909270044416,126.99035004993918,37.53908383962916,51.01313882,140.18662895,373.70681497,87,미지정,0
285822,1117000000000004551,이태원동 224-118 도,도,국유지,49.726909270044416,126.99035004993918,37.53908383962916,51.01313882,140.18662895,373.70681497,83,미지정,0
285823,1117000000000004552,이태원동 96-137도,도,국유지,55.75027735158801,126.99440460073906,37.53150131943224,273.33652135,323.6777529,206.71818321,87,미지정,0
285823,1117000000000004552,이태원동 96-137도,도,국유지,55.75027735158801,126.99440460073906,37.53150131943224,273.33652135,323.6777529,206.71818321,83,미지정,0
285824,1117000000000004553,이태원동 224-69도,도,국유지,22.850137058470864,126.990185310367,37.53906978314373,65.4621083,127.23311226,363.42567437,87,미지정,0
285824,1117000000000004553,이태원동 224-69도,도,국유지,22.850137058470864,126.990185310367,37.53906978314373,65.4621083,127.23311226,363.42567437,83,미지정,0
285825,1117000000000004554,이태원동 224-122 도,도,국유지,23.08063397370279,126.99029221306132,37.53904377574728,55.97147972,133.49052554,367.03031691,87,미지정,0
285825,1117000000000004554,이태원동 224-122 도,도,국유지,23.08063397370279,126.99029221306132,37.53904377574728,55.97147972,133.49052554,367.03031691,83,미지정,0
285826,1117000000000004555,이태원동 96-132도,도,국유지,271.2365948508959,126.99479000707072,37.531561629751515,289.61336433,319.49921321,175.62947953,87,미지정,0
285826,1117000000000004555,이태원동 96-132도,도,국유지,271.2365948508959,126.99479000707072,37.531561629751515,289.61336433,319.49921321,175.62947953,83,미지정,0
285827,1117000000000004556,이태원동 22-84도,도,국유지,98.96345169021515,126.99465895668122,37.53142470451693,271.43904525,333.37472098,194.31412593,87,미지정,0
285827,1117000000000004556,이태원동 22-84도,도,국유지,98.96345169021515,126.99465895668122,37.53142470451693,271.43904525,333.37472098,194.31412593,83,미지정,0
285828,1117000000000004557,이태원동 92-26 도,도,국유지,56.78562805330148,126.99421754187907,37.53104149382398,219.87596197,372.86773105,251.76475482,87,미지정,0
285828,1117000000000004557,이태원동 92-26 도,도,국유지,56.78562805330148,126.99421754187907,37.53104149382398,219.87596197,372.86773105,251.76475482,83,미지정,0
285829,1117000000000004558,이태원동 22-93잡,잡,국유지,74.4044093095581,126.99396296420332,37.531083626519,220.71814467,365.9235615,265.8080915,87,미지정,0
285829,1117000000000004558,이태원동 22-93잡,잡,국유지,74.4044093095581,126.99396296420332,37.531083626519,220.71814467,365.9235615,265.8080915,83,미지정,0
285830,1117000000000004559,이태원동 96-15도,도,국유지,91.30634584836662,126.99358264157937,37.531747012713765,292.96920413,291.43014504,258.35287092,87,미지정,0
285830,1117000000000004559,이태원동 96-15도,도,국유지,91.30634584836662,126.99358264157937,37.531747012713765,292.96920413,291.43014504,258.35287092,83,미지정,0
285831,1117000000000004560,이태원동 225-71도,도,국유지,489.28307078173384,126.98916518767999,37.53922679201165,156.83541581,92.15001379,332.40687827,87,미지정,0
285831,1117000000000004560,이태원동 225-71도,도,국유지,489.28307078173384,126.98916518767999,37.53922679201165,156.83541581,92.15001379,332.40687827,83,미지정,0
285832,1117000000000004561,이태원동 22-15도,도,국유지,22.920973759144545,126.99327633333334,37.531688333333335,288.4911537,299.8192714,285.99023975,87,미지정,0
285832,1117000000000004561,이태원동 22-15도,도,국유지,22.920973759144545,126.99327633333334,37.531688333333335,288.4911537,299.8192714,285.99023975,83,미지정,0
285833,1117000000000004562,이태원동 130-32도,도,국유지,31.037879722600337,126.99387623282765,37.53383496444375,212.49896582,62.48372869,256.61158553,87,미지정,0
285833,1117000000000004562,이태원동 130-32도,도,국유지,31.037879722600337,126.99387623282765,37.53383496444375,212.49896582,62.48372869,256.61158553,83,미지정,0
285834,1117000000000004563,이태원동 96-82도,도,국유지,158.23541146953357,126.99363655027899,37.5315417676276,270.09905523,314.13029934,263.04007609,87,미지정,0
285834,1117000000000004563,이태원동 96-82도,도,국유지,158.23541146953357,126.99363655027899,37.5315417676276,270.09905523,314.13029934,263.04007609,83,미지정,0
285835,1117000000000004564,이태원동 22-44도,도,국유지,1355.0469880676246,126.99391787918533,37.53147557976238,263.61889475,322.2485074,244.51436314,87,미지정,0
285835,1117000000000004564,이태원동 22-44도,도,국유지,1355.0469880676246,126.99391787918533,37.53147557976238,263.61889475,322.2485074,244.51436314,83,미지정,0
285836,1117000000000004565,이태원동 22-50도,도,국유지,270.1375152170658,126.99341442686206,37.531610248780424,278.62310941,307.31365057,277.80194723,87,미지정,0
285836,1117000000000004565,이태원동 22-50도,도,국유지,270.1375152170658,126.99341442686206,37.531610248780424,278.62310941,307.31365057,277.80194723,83,미지정,0
285837,1117000000000004566,이태원동 22-64도,도,국유지,57.069734228774905,126.99345500137514,37.53148970055866,265.00572942,320.4330823,280.00430241,87,미지정,0
285837,1117000000000004566,이태원동 22-64도,도,국유지,57.069734228774905,126.99345500137514,37.53148970055866,265.00572942,320.4330823,280.00430241,83,미지정,0
285838,1117000000000004567,이태원동 22-24도,도,국유지,76.21406851598294,126.99373619616422,37.53140680713948,255.16025104,329.16149396,262.24123663,87,미지정,0
285838,1117000000000004567,이태원동 22-24도,도,국유지,76.21406851598294,126.99373619616422,37.53140680713948,255.16025104,329.16149396,262.24123663,83,미지정,0
285839,1117000000000004568,이태원동 224-26 도,도,국유지,76.16207644343376,126.98993497765474,37.53920456251744,89.24935108,120.49361276,362.72870143,87,미지정,0
285839,1117000000000004568,이태원동 224-26 도,도,국유지,76.16207644343376,126.98993497765474,37.53920456251744,89.24935108,120.49361276,362.72870143,83,미지정,0
285840,1117000000000004569,이태원동 83-9잡,잡,국유지,34.52602150419261,126.99210530108444,37.532159763129236,158.57345881,281.54535234,374.79265587,87,미지정,0
285840,1117000000000004569,이태원동 83-9잡,잡,국유지,34.52602150419261,126.99210530108444,37.532159763129236,158.57345881,281.54535234,374.79265587,83,미지정,0
285841,1117000000000004570,이태원동 36-66도,도,국유지,17.731643933802843,126.9916809515906,37.53125469709543,176.85361471,387.8506489,434.9629609,87,미지정,0
285841,1117000000000004570,이태원동 36-66도,도,국유지,17.731643933802843,126.9916809515906,37.53125469709543,176.85361471,387.8506489,434.9629609,83,미지정,0
285842,1117000000000004571,이태원동 277-2도,도,국유지,19.05892564635724,126.98887929679192,37.53913499279465,181.09956074,81.80652903,313.61337181,87,미지정,0
285842,1117000000000004571,이태원동 277-2도,도,국유지,19.05892564635724,126.98887929679192,37.53913499279465,181.09956074,81.80652903,313.61337181,83,미지정,0
285843,1117000000000004572,이태원동 281-6도,도,국유지,99.0368071984849,126.98895208007724,37.53910104848216,174.50887541,77.37547931,312.34383526,87,미지정,0
285843,1117000000000004572,이태원동 281-6도,도,국유지,99.0368071984849,126.98895208007724,37.53910104848216,174.50887541,77.37547931,312.34383526,83,미지정,0
285844,1117000000000004573,이태원동 36-71도,도,국유지,15.215315463021398,126.99204100000001,37.53168133333334,171.92516983,331.3022064,390.48612822,87,미지정,0
285844,1117000000000004573,이태원동 36-71도,도,국유지,15.215315463021398,126.99204100000001,37.53168133333334,171.92516983,331.3022064,390.48612822,83,미지정,0
285845,1117000000000004574,이태원동 276-3도,도,국유지,129.02797824918525,126.98885552852111,37.53904216145912,182.94394875,71.99885183,303.21374132,87,미지정,0
285845,1117000000000004574,이태원동 276-3도,도,국유지,129.02797824918525,126.98885552852111,37.53904216145912,182.94394875,71.99885183,303.21374132,83,미지정,0
285846,1117000000000004575,이태원동 96-84도,도,국유지,11.742557991063222,126.99382021024785,37.53152095850738,268.08303776,316.73110779,249.61918996,87,미지정,0
285846,1117000000000004575,이태원동 96-84도,도,국유지,11.742557991063222,126.99382021024785,37.53152095850738,268.08303776,316.73110779,249.61918996,83,미지정,0
285847,1117000000000004576,이태원동 96-142도,도,국유지,47.77473627013387,126.99392058952773,37.53148668945927,264.86744826,321.03529826,243.691769,87,미지정,0
285847,1117000000000004576,이태원동 96-142도,도,국유지,47.77473627013387,126.99392058952773,37.53148668945927,264.86744826,321.03529826,243.691769,83,미지정,0
285848,1117000000000004577,이태원동 22-70도,도,국유지,37.650870680226944,126.99403909067225,37.531374057842626,253.53214192,334.38126795,241.35091536,87,미지정,0
285848,1117000000000004577,이태원동 22-70도,도,국유지,37.650870680226944,126.99403909067225,37.531374057842626,253.53214192,334.38126795,241.35091536,83,미지정,0
285849,1117000000000004578,이태원동 96-88도,도,국유지,117.78393580071861,126.99411230500145,37.531483762323184,266.47778021,322.99732883,229.31450821,87,미지정,0
285849,1117000000000004578,이태원동 96-88도,도,국유지,117.78393580071861,126.99411230500145,37.531483762323184,266.47778021,322.99732883,229.31450821,83,미지정,0
285850,1117000000000004579,이태원동 72-44도,도,국유지,126.26609694468789,126.99298056660066,37.53353332766189,262.42718137,110.96940638,313.0451018,87,미지정,0
285850,1117000000000004579,이태원동 72-44도,도,국유지,126.26609694468789,126.99298056660066,37.53353332766189,262.42718137,110.96940638,313.0451018,83,미지정,0
285851,1117000000000004580,이태원동 72-15도,도,국유지,78.86037389573175,126.99282526794379,37.53368339712651,258.79942427,106.47911708,331.78433155,87,미지정,0
285851,1117000000000004580,이태원동 72-15도,도,국유지,78.86037389573175,126.99282526794379,37.53368339712651,258.79942427,106.47911708,331.78433155,83,미지정,0
285852,1117000000000004581,이태원동 36-33잡,잡,국유지,49.579521877807565,126.99215973954622,37.53192475540826,170.2338502,302.41330703,374.18704055,87,미지정,0
285852,1117000000000004581,이태원동 36-33잡,잡,국유지,49.579521877807565,126.99215973954622,37.53192475540826,170.2338502,302.41330703,374.18704055,83,미지정,0
285853,1117000000000004582,이태원동 83-8잡,잡,국유지,123.52167155966163,126.99216662580578,37.53211540322175,164.90257861,283.27644387,370.06567194,87,미지정,0
285853,1117000000000004582,이태원동 83-8잡,잡,국유지,123.52167155966163,126.99216662580578,37.53211540322175,164.90257861,283.27644387,370.06567194,83,미지정,0
285854,1117000000000004583,이태원동 83-7잡,잡,국유지,66.37388813262805,126.9921921237314,37.53219568526456,165.39731588,274.3540968,366.69616734,87,미지정,0
285854,1117000000000004583,이태원동 83-7잡,잡,국유지,66.37388813262805,126.9921921237314,37.53219568526456,165.39731588,274.3540968,366.69616734,83,미지정,0
285855,1117000000000004584,이태원동 276-2도,도,국유지,71.11053560208529,126.98876131206751,37.539079245534175,191.30095658,77.98753043,304.34652194,87,미지정,0
285855,1117000000000004584,이태원동 276-2도,도,국유지,71.11053560208529,126.98876131206751,37.539079245534175,191.30095658,77.98753043,304.34652194,83,미지정,0
285856,1117000000000004585,이태원동 276-10도,도,국유지,20.010446552652866,126.98872041568627,37.539031838235296,194.89226438,74.13565732,298.2173311,87,미지정,0
285856,1117000000000004585,이태원동 276-10도,도,국유지,20.010446552652866,126.98872041568627,37.539031838235296,194.89226438,74.13565732,298.2173311,83,미지정,0
285857,1117000000000004586,이태원동 276-17도,도,국유지,14.939128434285522,126.98879632654845,37.53906593609105,188.18551858,75.73491781,303.94243759,87,미지정,0
285857,1117000000000004586,이태원동 276-17도,도,국유지,14.939128434285522,126.98879632654845,37.53906593609105,188.18551858,75.73491781,303.94243759,83,미지정,0
285858,1117000000000004587,이태원동 36-73도,도,국유지,244.79832417704165,126.99252677572733,37.5317404481112,207.84030767,308.88484031,347.32562804,87,미지정,0
285858,1117000000000004587,이태원동 36-73도,도,국유지,244.79832417704165,126.99252677572733,37.5317404481112,207.84030767,308.88484031,347.32562804,83,미지정,0
285859,1117000000000004588,이태원동 276-23 도,도,국유지,45.214719876879826,126.9886411469068,37.53904773695629,201.8897062,78.45181467,297.79115438,87,미지정,0
285859,1117000000000004588,이태원동 276-23 도,도,국유지,45.214719876879826,126.9886411469068,37.53904773695629,201.8897062,78.45181467,297.79115438,83,미지정,0
285860,1117000000000004589,이태원동 36-47도,도,국유지,115.18383755884133,126.99283077468804,37.53173349698363,233.22939888,301.96195455,321.74049709,87,미지정,0
285860,1117000000000004589,이태원동 36-47도,도,국유지,115.18383755884133,126.99283077468804,37.53173349698363,233.22939888,301.96195455,321.74049709,83,미지정,0
285861,1117000000000004590,이태원동 83-13도,도,국유지,27.09515806660056,126.99282039343473,37.53178667101134,230.43521111,296.47150959,320.95336772,87,미지정,0
285861,1117000000000004590,이태원동 83-13도,도,국유지,27.09515806660056,126.99282039343473,37.53178667101134,230.43521111,296.47150959,320.95336772,83,미지정,0
285862,1117000000000004591,이태원동 83-6도,도,국유지,28.47837188304402,126.99280749075672,37.53176828039959,230.00891152,298.73445413,322.61308283,87,미지정,0
285862,1117000000000004591,이태원동 83-6도,도,국유지,28.47837188304402,126.99280749075672,37.53176828039959,230.00891152,298.73445413,322.61308283,83,미지정,0
285863,1117000000000004592,이태원동 72-45도,도,국유지,151.56491965055466,126.99243084411513,37.53378789164321,237.16556979,126.82322348,368.46942226,87,미지정,0
285863,1117000000000004592,이태원동 72-45도,도,국유지,151.56491965055466,126.99243084411513,37.53378789164321,237.16556979,126.82322348,368.46942226,83,미지정,0
285864,1117000000000004593,이태원동 87-13도,도,국유지,146.01609811652452,126.99198516614597,37.53197521139442,153.81908794,304.605377,388.33221925,87,미지정,0
285864,1117000000000004593,이태원동 87-13도,도,국유지,146.01609811652452,126.99198516614597,37.53197521139442,153.81908794,304.605377,388.33221925,83,미지정,0
285865,1117000000000004594,이태원동 36-6도,도,국유지,2410.1827897658804,126.99190114952084,37.53146292280798,175.18485956,358.5057355,409.12097693,87,미지정,0
285865,1117000000000004594,이태원동 36-6도,도,국유지,2410.1827897658804,126.99190114952084,37.53146292280798,175.18485956,358.5057355,409.12097693,83,미지정,0
285866,1117000000000004595,이태원동 34-170도,도,국유지,113.7861964823096,126.99150619722964,37.531177213251134,173.818661,402.62423882,452.41509523,87,미지정,0
285866,1117000000000004595,이태원동 34-170도,도,국유지,113.7861964823096,126.99150619722964,37.531177213251134,173.818661,402.62423882,452.41509523,83,미지정,0
285867,1117000000000004596,이태원동 36-70도,도,국유지,22.111738107167184,126.99187069668737,37.53152001818989,169.17483592,354.00645383,409.82678551,87,미지정,0
285867,1117000000000004596,이태원동 36-70도,도,국유지,22.111738107167184,126.99187069668737,37.53152001818989,169.17483592,354.00645383,409.82678551,83,미지정,0
285868,1117000000000004597,이태원동 22-53 잡,잡,국유지,508.5975601420505,126.99247621273872,37.5311023327579,245.31289632,377.77607196,376.60359246,87,미지정,0
285868,1117000000000004597,이태원동 22-53 잡,잡,국유지,508.5975601420505,126.99247621273872,37.5311023327579,245.31289632,377.77607196,376.60359246,83,미지정,0
285869,1117000000000004598,이태원동 22-57도,도,국유지,301.2501784947235,126.99309715448493,37.5316149222528,282.82586477,310.07745389,303.67457931,87,미지정,0
285869,1117000000000004598,이태원동 22-57도,도,국유지,301.2501784947235,126.99309715448493,37.5316149222528,282.82586477,310.07745389,303.67457931,83,미지정,0
285870,1117000000000004599,이태원동 34-66도,도,국유지,928.5984096126631,126.9911454265212,37.5329264393373,88.74170389,274.40512416,499.56115313,87,미지정,0
285870,1117000000000004599,이태원동 34-66도,도,국유지,928.5984096126631,126.9911454265212,37.5329264393373,88.74170389,274.40512416,499.56115313,83,미지정,0
285871,1117000000000004600,이태원동 63-66도,도,국유지,325.1083821777138,126.99144265399357,37.532545532371756,97.55509814,282.21402228,430.49051127,87,미지정,0
285871,1117000000000004600,이태원동 63-66도,도,국유지,325.1083821777138,126.99144265399357,37.532545532371756,97.55509814,282.21402228,430.49051127,83,미지정,0
285872,1117000000000004601,이태원동 63-65도,도,국유지,176.59581448789686,126.99111074981485,37.533169695839355,105.27744421,294.30978903,476.58699706,87,미지정,0
285872,1117000000000004601,이태원동 63-65도,도,국유지,176.59581448789686,126.99111074981485,37.533169695839355,105.27744421,294.30978903,476.58699706,83,미지정,0
285873,1117000000000004602,이태원동 44-55도,도,국유지,375.3261270013172,126.99084664159699,37.53243622355376,44.20204442,365.58792674,529.05373255,87,미지정,0
285873,1117000000000004602,이태원동 44-55도,도,국유지,375.3261270013172,126.99084664159699,37.53243622355376,44.20204442,365.58792674,529.05373255,83,미지정,0
285874,1117000000000004603,이태원동 44-51도,도,국유지,55.54330267943442,126.99065778747205,37.53279652678676,48.00098276,322.96454116,486.34912774,87,미지정,0
285874,1117000000000004603,이태원동 44-51도,도,국유지,55.54330267943442,126.99065778747205,37.53279652678676,48.00098276,322.96454116,486.34912774,83,미지정,0
285875,1117000000000004604,이태원동 380-1도,도,국유지,127.73582918505417,126.9889323672375,37.53747277156607,132.73143522,103.7637201,156.8172695,87,미지정,0
285875,1117000000000004604,이태원동 380-1도,도,국유지,127.73582918505417,126.9889323672375,37.53747277156607,132.73143522,103.7637201,156.8172695,83,미지정,0
285876,1117000000000004605,이태원동 34-155도,도,국유지,107.58733643451706,126.99142944231178,37.53081900320659,203.98878536,441.03867072,473.74429901,87,미지정,0
285876,1117000000000004605,이태원동 34-155도,도,국유지,107.58733643451706,126.99142944231178,37.53081900320659,203.98878536,441.03867072,473.74429901,83,미지정,0
285877,1117000000000004606,이태원동 380-2도,도,국유지,28.422298541874625,126.98909828213975,37.5374078433132,127.3755587,110.99326846,162.88653862,87,미지정,0
285877,1117000000000004606,이태원동 380-2도,도,국유지,28.422298541874625,126.98909828213975,37.5374078433132,127.3755587,110.99326846,162.88653862,83,미지정,0
285878,1117000000000004607,이태원동 34-159잡,잡,국유지,228.76100083533674,126.99123725791557,37.531069033699275,171.5239017,424.73256843,478.87478388,87,미지정,0
285878,1117000000000004607,이태원동 34-159잡,잡,국유지,228.76100083533674,126.99123725791557,37.531069033699275,171.5239017,424.73256843,478.87478388,83,미지정,0
285879,1117000000000004608,이태원동 326-3도,도,국유지,49.1393082216382,126.98863379212824,37.537534992647295,140.50994857,102.23767757,144.86291477,87,미지정,0
285879,1117000000000004608,이태원동 326-3도,도,국유지,49.1393082216382,126.98863379212824,37.537534992647295,140.50994857,102.23767757,144.86291477,83,미지정,0
285880,1117000000000004609,이태원동 380-5도,도,국유지,32.67948504257947,126.98938342438343,37.53742779463706,136.33162309,113.37309533,184.33598244,87,미지정,0
285880,1117000000000004609,이태원동 380-5도,도,국유지,32.67948504257947,126.98938342438343,37.53742779463706,136.33162309,113.37309533,184.33598244,83,미지정,0
285881,1117000000000004610,이태원동 317-8도,도,국유지,13.894780072383583,126.98937479103425,37.537587661136605,152.81129549,96.26991039,194.43852368,87,미지정,0
285881,1117000000000004610,이태원동 317-8도,도,국유지,13.894780072383583,126.98937479103425,37.537587661136605,152.81129549,96.26991039,194.43852368,83,미지정,0
285882,1117000000000004611,이태원동 307-1 잡,잡,국유지,46.985811677761376,126.98794607752262,37.538102604384136,217.12056194,100.02624946,181.92565473,87,미지정,0
285882,1117000000000004611,이태원동 307-1 잡,잡,국유지,46.985811677761376,126.98794607752262,37.538102604384136,217.12056194,100.02624946,181.92565473,83,미지정,0
285883,1117000000000004612,이태원동 296-3 도,도,국유지,302.24999449169263,126.9883245729616,37.537989620641724,195.13705393,76.3020412,177.41856387,87,미지정,0
285883,1117000000000004612,이태원동 296-3 도,도,국유지,302.24999449169263,126.9883245729616,37.537989620641724,195.13705393,76.3020412,177.41856387,83,미지정,0
285884,1117000000000004613,이태원동 522도,도,국유지,59.34617200773209,126.98746210520662,37.53717282418734,156.79810663,184.88121344,79.30516024,87,미지정,0
285884,1117000000000004613,이태원동 522도,도,국유지,59.34617200773209,126.98746210520662,37.53717282418734,156.79810663,184.88121344,79.30516024,83,미지정,0
285885,1117000000000004614,이태원동 521-6도,도,국유지,102.38417593948543,126.98766124665869,37.537256339656686,150.14807728,174.69900237,86.38341921,87,미지정,0
285885,1117000000000004614,이태원동 521-6도,도,국유지,102.38417593948543,126.98766124665869,37.537256339656686,150.14807728,174.69900237,86.38341921,83,미지정,0
285886,1117000000000004615,이태원동 339-5도,도,국유지,158.24350120284362,126.98779868218446,37.53702431852839,123.47984556,184.58257198,61.65529452,87,미지정,0
285886,1117000000000004615,이태원동 339-5도,도,국유지,158.24350120284362,126.98779868218446,37.53702431852839,123.47984556,184.58257198,61.65529452,83,미지정,0
285887,1117000000000004616,이태원동 336-2도,도,국유지,56.148358003702015,126.9875150282436,37.53700201371418,141.67107879,169.70916785,59.77926083,87,미지정,0
285887,1117000000000004616,이태원동 336-2도,도,국유지,56.148358003702015,126.9875150282436,37.53700201371418,141.67107879,169.70916785,59.77926083,83,미지정,0
285888,1117000000000004617,이태원동 521-7도,도,국유지,29.496450652601197,126.98758016007093,37.53722780412371,152.99518596,194.73375626,83.60453097,87,미지정,0
285888,1117000000000004617,이태원동 521-7도,도,국유지,29.496450652601197,126.98758016007093,37.53722780412371,152.99518596,194.73375626,83.60453097,83,미지정,0
285889,1117000000000004618,이태원동 339-4도,도,국유지,16.891559324460104,126.98776544231514,37.537237075687194,142.3283057,170.16402163,84.64589988,87,미지정,0
285889,1117000000000004618,이태원동 339-4도,도,국유지,16.891559324460104,126.98776544231514,37.537237075687194,142.3283057,170.16402163,84.64589988,83,미지정,0
285890,1117000000000004619,이태원동 604-1도,도,국유지,12.148748957552016,126.98767123146278,37.537324671511236,155.12648372,168.62001017,93.96239501,87,미지정,0
285890,1117000000000004619,이태원동 604-1도,도,국유지,12.148748957552016,126.98767123146278,37.537324671511236,155.12648372,168.62001017,93.96239501,83,미지정,0
285891,1117000000000004620,이태원동 193-5 도,도,국유지,94.45879872236401,126.98994399762883,37.53697605747962,124.75799979,123.34120113,208.22255859,87,미지정,0
285891,1117000000000004620,이태원동 193-5 도,도,국유지,94.45879872236401,126.98994399762883,37.53697605747962,124.75799979,123.34120113,208.22255859,83,미지정,0
285892,1117000000000004621,이태원동 406-12도,도,국유지,140.50224391266238,126.98978473517882,37.53767020971364,175.6630258,106.41720179,228.82569689,87,미지정,0
285892,1117000000000004621,이태원동 406-12도,도,국유지,140.50224391266238,126.98978473517882,37.53767020971364,175.6630258,106.41720179,228.82569689,83,미지정,0
285893,1117000000000004622,이태원동 196-3도,도,국유지,1443.1497641613823,126.98907303638278,37.537184246111494,102.59305234,135.65484956,146.51572446,87,미지정,0
285893,1117000000000004622,이태원동 196-3도,도,국유지,1443.1497641613823,126.98907303638278,37.537184246111494,102.59305234,135.65484956,146.51572446,83,미지정,0
285894,1117000000000004623,이태원동 388-3 도,도,국유지,128.64379261725117,126.98939945348025,37.53708291383584,102.13818907,136.86351625,166.74193957,87,미지정,0
285894,1117000000000004623,이태원동 388-3 도,도,국유지,128.64379261725117,126.98939945348025,37.53708291383584,102.13818907,136.86351625,166.74193957,83,미지정,0
285895,1117000000000004624,이태원동 36-36도,도,국유지,110.524289467372,126.9915414073137,37.53155506670217,144.3765777,364.61913734,436.76371762,87,미지정,0
285895,1117000000000004624,이태원동 36-36도,도,국유지,110.524289467372,126.9915414073137,37.53155506670217,144.3765777,364.61913734,436.76371762,83,미지정,0
285896,1117000000000004625,이태원동 44-60도,도,국유지,305.07010715827346,126.99121599489784,37.5318684476976,99.79137601,352.17609918,457.34247259,87,미지정,0
285896,1117000000000004625,이태원동 44-60도,도,국유지,305.07010715827346,126.99121599489784,37.5318684476976,99.79137601,352.17609918,457.34247259,83,미지정,0
285897,1117000000000004626,이태원동 36-38잡,잡,국유지,29.425013028085232,126.99150408518088,37.531693156637225,131.81780965,353.33734489,436.24587364,87,미지정,0
285897,1117000000000004626,이태원동 36-38잡,잡,국유지,29.425013028085232,126.99150408518088,37.531693156637225,131.81780965,353.33734489,436.24587364,83,미지정,0
285898,1117000000000004627,이태원동 375-3도,도,국유지,46.373494984116405,126.98853203511369,37.53687972536577,71.86014732,153.46665477,88.08645127,87,미지정,0
285898,1117000000000004627,이태원동 375-3도,도,국유지,46.373494984116405,126.98853203511369,37.53687972536577,71.86014732,153.46665477,88.08645127,83,미지정,0
285899,1117000000000004628,이태원동 375-7도,도,국유지,59.689641045290045,126.98842913218299,37.53692318548344,80.01174202,172.39852685,83.15134837,87,미지정,0
285899,1117000000000004628,이태원동 375-7도,도,국유지,59.689641045290045,126.98842913218299,37.53692318548344,80.01174202,172.39852685,83.15134837,83,미지정,0
285900,1117000000000004629,이태원동 370-3도,도,국유지,160.61294790444663,126.9885435710344,37.53679043485915,62.34979148,145.71202155,84.43337914,87,미지정,0
285900,1117000000000004629,이태원동 370-3도,도,국유지,160.61294790444663,126.9885435710344,37.53679043485915,62.34979148,145.71202155,84.43337914,83,미지정,0
285901,1117000000000004630,이태원동 193-109도,도,국유지,32.14039236633107,126.99020999135254,37.53649224294217,123.68903542,80.3400713,224.25770547,87,미지정,0
285901,1117000000000004630,이태원동 193-109도,도,국유지,32.14039236633107,126.99020999135254,37.53649224294217,123.68903542,80.3400713,224.25770547,83,미지정,0
285902,1117000000000004631,이태원동 193-11도,도,국유지,39.96335627883673,126.99037910587467,37.53650790999838,138.69742069,90.49228596,239.22211039,87,미지정,0
285902,1117000000000004631,이태원동 193-11도,도,국유지,39.96335627883673,126.99037910587467,37.53650790999838,138.69742069,90.49228596,239.22211039,83,미지정,0
285903,1117000000000004632,이태원동 414-4도,도,국유지,165.34611905447673,126.98756145906509,37.53669952616278,121.94465148,142.98628053,26.44292322,87,미지정,0
285903,1117000000000004632,이태원동 414-4도,도,국유지,165.34611905447673,126.98756145906509,37.53669952616278,121.94465148,142.98628053,26.44292322,83,미지정,0
285904,1117000000000004633,이태원동 355-1도,도,국유지,255.70007749879733,126.98808223149322,37.53664537773815,78.05421913,169.42151684,40.6988918,87,미지정,0
285904,1117000000000004633,이태원동 355-1도,도,국유지,255.70007749879733,126.98808223149322,37.53664537773815,78.05421913,169.42151684,40.6988918,83,미지정,0
285905,1117000000000004634,이태원동 388-6 도,도,국유지,37.97686725424137,126.98932789267725,37.536597537646905,55.99286289,87.37281876,146.8930909,87,미지정,0
285905,1117000000000004634,이태원동 388-6 도,도,국유지,37.97686725424137,126.98932789267725,37.536597537646905,55.99286289,87.37281876,146.8930909,83,미지정,0
285906,1117000000000004635,이태원동 388-5도,도,국유지,12.776654792949557,126.98934739654506,37.53669163646832,64.30219651,96.39433678,149.9057645,87,미지정,0
285906,1117000000000004635,이태원동 388-5도,도,국유지,12.776654792949557,126.98934739654506,37.53669163646832,64.30219651,96.39433678,149.9057645,83,미지정,0
285907,1117000000000004636,이태원동 193-104도,도,국유지,210.43986281310208,126.98979040465201,37.53664488494227,93.57972658,85.28544249,188.08505398,87,미지정,0
285907,1117000000000004636,이태원동 193-104도,도,국유지,210.43986281310208,126.98979040465201,37.53664488494227,93.57972658,85.28544249,188.08505398,83,미지정,0
285908,1117000000000004637,이태원동 36-49도,도,국유지,323.5866893316852,126.99149204077098,37.53067799247132,220.4193859,452.71208145,475.44058316,87,미지정,0
285908,1117000000000004637,이태원동 36-49도,도,국유지,323.5866893316852,126.99149204077098,37.53067799247132,220.4193859,452.71208145,475.44058316,83,미지정,0
285909,1117000000000004638,이태원동 193-41도,도,국유지,92.19781222310849,126.98982260641203,37.53680117686277,104.66035515,102.79254749,193.37528743,87,미지정,0
285909,1117000000000004638,이태원동 193-41도,도,국유지,92.19781222310849,126.98982260641203,37.53680117686277,104.66035515,102.79254749,193.37528743,83,미지정,0
285910,1117000000000004639,이태원동 193-101도,도,국유지,117.33949691709131,126.98967382427685,37.53654440154934,79.6553585,74.12076298,177.01893068,87,미지정,0
285910,1117000000000004639,이태원동 193-101도,도,국유지,117.33949691709131,126.98967382427685,37.53654440154934,79.6553585,74.12076298,177.01893068,83,미지정,0
285911,1117000000000004640,이태원동 364-4도,도,국유지,22.134800043539144,126.98860982339905,37.53653860602703,35.05531477,123.12483432,83.10049654,87,미지정,0
285911,1117000000000004640,이태원동 364-4도,도,국유지,22.134800043539144,126.98860982339905,37.53653860602703,35.05531477,123.12483432,83.10049654,83,미지정,0
285912,1117000000000004641,이태원동 193-105도,도,국유지,49.94924837758299,126.98981532881639,37.536512220443825,90.3078314,70.80079038,189.40938792,87,미지정,0
285912,1117000000000004641,이태원동 193-105도,도,국유지,49.94924837758299,126.98981532881639,37.536512220443825,90.3078314,70.80079038,189.40938792,83,미지정,0
285913,1117000000000004642,이태원동 364-5도,도,국유지,15.567434112890624,126.98871222022684,37.5365499199748,31.97386322,116.77728809,92.22415206,87,미지정,0
285913,1117000000000004642,이태원동 364-5도,도,국유지,15.567434112890624,126.98871222022684,37.5365499199748,31.97386322,116.77728809,92.22415206,83,미지정,0
285914,1117000000000004643,이태원동 364-1도,도,국유지,131.0726125217043,126.98906300729679,37.53653785094545,34.99821723,93.95667265,123.05982187,87,미지정,0
285914,1117000000000004643,이태원동 364-1도,도,국유지,131.0726125217043,126.98906300729679,37.53653785094545,34.99821723,93.95667265,123.05982187,83,미지정,0
285915,1117000000000004644,이태원동 63-20도,도,국유지,83.62864586059004,126.99146540308894,37.533034635522974,118.76001204,244.53465367,431.45029607,87,미지정,0
285915,1117000000000004644,이태원동 63-20도,도,국유지,83.62864586059004,126.99146540308894,37.533034635522974,118.76001204,244.53465367,431.45029607,83,미지정,0
285916,1117000000000004645,이태원동 399-6도,도,국유지,27.608577637351118,126.98869152460476,37.53614142523835,19.94808475,96.24277009,97.47508444,87,미지정,0
285916,1117000000000004645,이태원동 399-6도,도,국유지,27.608577637351118,126.98869152460476,37.53614142523835,19.94808475,96.24277009,97.47508444,83,미지정,0
285917,1117000000000004646,이태원동 396-3 도,도,국유지,313.5372039836366,126.98870694869066,37.53634811829302,13.74851871,104.31720215,92.53412745,87,미지정,0
285917,1117000000000004646,이태원동 396-3 도,도,국유지,313.5372039836366,126.98870694869066,37.53634811829302,13.74851871,104.31720215,92.53412745,83,미지정,0
285918,1117000000000004647,이태원동 63-61도,도,국유지,163.8918236325262,126.99152164421102,37.53331137767603,141.75745547,222.96872512,431.24283549,87,미지정,0
285918,1117000000000004647,이태원동 63-61도,도,국유지,163.8918236325262,126.99152164421102,37.53331137767603,141.75745547,222.96872512,431.24283549,83,미지정,0
285919,1117000000000004648,이태원동 414-5도,도,국유지,35.75514843408018,126.98740279986282,37.536438827251935,127.92742162,111.33791732,24.17054611,87,미지정,0
285919,1117000000000004648,이태원동 414-5도,도,국유지,35.75514843408018,126.98740279986282,37.536438827251935,127.92742162,111.33791732,24.17054611,83,미지정,0
285920,1117000000000004649,이태원동 589도,도,국유지,84.70876632677391,126.9872401441723,37.53647015181519,142.653535,106.23534086,38.16090518,87,미지정,0
285920,1117000000000004649,이태원동 589도,도,국유지,84.70876632677391,126.9872401441723,37.53647015181519,142.653535,106.23534086,38.16090518,83,미지정,0
285921,1117000000000004650,이태원동 574도,도,국유지,206.36822419223608,126.98721351311116,37.53689211228095,158.73482992,147.80082032,61.25634573,87,미지정,0
285921,1117000000000004650,이태원동 574도,도,국유지,206.36822419223608,126.98721351311116,37.53689211228095,158.73482992,147.80082032,61.25634573,83,미지정,0
285922,1117000000000004651,이태원동 406-18도,도,국유지,10.88850300712511,126.98872257657658,37.535774405405405,56.93248226,89.69120236,121.25699438,87,미지정,0
285922,1117000000000004651,이태원동 406-18도,도,국유지,10.88850300712511,126.98872257657658,37.535774405405405,56.93248226,89.69120236,121.25699438,83,미지정,0
285923,1117000000000004652,이태원동 193-110도,도,국유지,95.6168969135033,126.99008656481148,37.53634366034026,110.73223183,60.57708673,213.86151973,87,미지정,0
285923,1117000000000004652,이태원동 193-110도,도,국유지,95.6168969135033,126.99008656481148,37.53634366034026,110.73223183,60.57708673,213.86151973,83,미지정,0
285924,1117000000000004653,이태원동 404-49도,도,국유지,10.95222123619169,126.98891692954172,37.53592421167338,40.05064523,71.95616275,125.9638164,87,미지정,0
285924,1117000000000004653,이태원동 404-49도,도,국유지,10.95222123619169,126.98891692954172,37.53592421167338,40.05064523,71.95616275,125.9638164,83,미지정,0
285925,1117000000000004654,이태원동 78-15도,도,국유지,152.97556171601173,126.99204699127873,37.53232289844387,150.87387725,268.60956299,378.12191947,87,미지정,0
285925,1117000000000004654,이태원동 78-15도,도,국유지,152.97556171601173,126.99204699127873,37.53232289844387,150.87387725,268.60956299,378.12191947,83,미지정,0
285926,1117000000000004655,이태원동 63-63도,도,국유지,120.24478041974362,126.99186684807945,37.53238263630429,134.53235362,272.00060036,393.58032806,87,미지정,0
285926,1117000000000004655,이태원동 63-63도,도,국유지,120.24478041974362,126.99186684807945,37.53238263630429,134.53235362,272.00060036,393.58032806,83,미지정,0
285927,1117000000000004656,이태원동 404-2 도,도,국유지,28.427680839027744,126.9892634096503,37.53608529744653,43.45880028,47.14431313,147.18262532,87,미지정,0
285927,1117000000000004656,이태원동 404-2 도,도,국유지,28.427680839027744,126.9892634096503,37.53608529744653,43.45880028,47.14431313,147.18262532,83,미지정,0
285928,1117000000000004657,이태원동 74-17도,도,국유지,763.2476278669783,126.99232478916946,37.533474069941946,209.02124649,154.74082496,366.26474565,87,미지정,0
285928,1117000000000004657,이태원동 74-17도,도,국유지,763.2476278669783,126.99232478916946,37.533474069941946,209.02124649,154.74082496,366.26474565,83,미지정,0
285929,1117000000000004658,이태원동 79-15도,도,국유지,1629.0291036007693,126.99280330773824,37.53268784090437,218.84757073,201.8114802,310.45044247,87,미지정,0
285929,1117000000000004658,이태원동 79-15도,도,국유지,1629.0291036007693,126.99280330773824,37.53268784090437,218.84757073,201.8114802,310.45044247,83,미지정,0
285930,1117000000000004659,이태원동 73-12도,도,국유지,13.615935728885233,126.99312833381364,37.53345523439,287.8922842,112.22919745,297.84429091,87,미지정,0
285930,1117000000000004659,이태원동 73-12도,도,국유지,13.615935728885233,126.99312833381364,37.53345523439,287.8922842,112.22919745,297.84429091,83,미지정,0
285931,1117000000000004660,이태원동 404-36도,도,국유지,50.34215531311929,126.98945131550403,37.53574728799689,80.2578766,28.51089536,176.87157593,87,미지정,0
285931,1117000000000004660,이태원동 404-36도,도,국유지,50.34215531311929,126.98945131550403,37.53574728799689,80.2578766,28.51089536,176.87157593,83,미지정,0
285932,1117000000000004661,이태원동 187-1 도,도,국유지,758.872228825232,126.99003325504718,37.535979214318495,110.90956692,29.14220513,215.84364096,87,미지정,0
285932,1117000000000004661,이태원동 187-1 도,도,국유지,758.872228825232,126.99003325504718,37.535979214318495,110.90956692,29.14220513,215.84364096,83,미지정,0
285933,1117000000000004662,이태원동 404-37도,도,국유지,36.241087118163705,126.98953995168496,37.53564176613885,94.20517605,31.0923805,189.32503382,87,미지정,0
285933,1117000000000004662,이태원동 404-37도,도,국유지,36.241087118163705,126.98953995168496,37.53564176613885,94.20517605,31.0923805,189.32503382,83,미지정,0
285934,1117000000000004663,이태원동 209-3도,도,국유지,222.81618360057473,126.99252349089102,37.53931683047553,29.66868163,284.53464751,532.06259472,87,미지정,0
285934,1117000000000004663,이태원동 209-3도,도,국유지,222.81618360057473,126.99252349089102,37.53931683047553,29.66868163,284.53464751,532.06259472,83,미지정,0
285935,1117000000000004664,이태원동 215-70도,도,국유지,63.8670537591679,126.99111427269236,37.53851142512671,61.84712104,186.17037376,378.77166816,87,미지정,0
285935,1117000000000004664,이태원동 215-70도,도,국유지,63.8670537591679,126.99111427269236,37.53851142512671,61.84712104,186.17037376,378.77166816,83,미지정,0
285936,1117000000000004665,이태원동 212-61도,도,국유지,36.71063912240788,126.99110834598085,37.53835492010688,78.60356552,185.36053255,368.252661,87,미지정,0
285936,1117000000000004665,이태원동 212-61도,도,국유지,36.71063912240788,126.99110834598085,37.53835492010688,78.60356552,185.36053255,368.252661,83,미지정,0
285937,1117000000000004666,이태원동 224-93도,도,국유지,14.311437002383173,126.98994600308428,37.53873116278273,93.43764281,90.11226618,320.81219921,87,미지정,0
285937,1117000000000004666,이태원동 224-93도,도,국유지,14.311437002383173,126.98994600308428,37.53873116278273,93.43764281,90.11226618,320.81219921,83,미지정,0
285938,1117000000000004667,이태원동 224-92도,도,국유지,54.24419490387663,126.98987776452682,37.53863496048824,103.32519945,80.64213236,308.71757108,87,미지정,0
285938,1117000000000004667,이태원동 224-92도,도,국유지,54.24419490387663,126.98987776452682,37.53863496048824,103.32519945,80.64213236,308.71757108,83,미지정,0
285939,1117000000000004668,이태원동 224-81도,도,국유지,24.63050731085241,126.98971271020844,37.53888636413116,108.67680645,81.75062516,322.44895146,87,미지정,0
285939,1117000000000004668,이태원동 224-81도,도,국유지,24.63050731085241,126.98971271020844,37.53888636413116,108.67680645,81.75062516,322.44895146,83,미지정,0
285940,1117000000000004669,이태원동 273-9도,도,국유지,87.85432686057175,126.98845791278217,37.539254528052254,219.28473099,106.19347727,315.88804512,87,미지정,0
285940,1117000000000004669,이태원동 273-9도,도,국유지,87.85432686057175,126.98845791278217,37.539254528052254,219.28473099,106.19347727,315.88804512,83,미지정,0
285941,1117000000000004670,이태원동 283-8도,도,국유지,62.67492946283892,126.98896888215042,37.5389258393458,173.4556077,57.8735692,294.8747249,87,미지정,0
285941,1117000000000004670,이태원동 283-8도,도,국유지,62.67492946283892,126.98896888215042,37.5389258393458,173.4556077,57.8735692,294.8747249,83,미지정,0
285942,1117000000000004671,이태원동 282-8도,도,국유지,77.19218915514648,126.98914722638035,37.53898122627443,157.33747599,65.00334757,306.90272437,87,미지정,0
285942,1117000000000004671,이태원동 282-8도,도,국유지,77.19218915514648,126.98914722638035,37.53898122627443,157.33747599,65.00334757,306.90272437,83,미지정,0
285943,1117000000000004672,이태원동 215-113도,도,국유지,106.95461837528273,126.99043403680773,37.53772476209474,153.15279822,146.64379427,280.56693056,87,미지정,0
285943,1117000000000004672,이태원동 215-113도,도,국유지,106.95461837528273,126.99043403680773,37.53772476209474,153.15279822,146.64379427,280.56693056,83,미지정,0
285944,1117000000000004673,이태원동 217-6도,도,국유지,60.650084083899856,126.98983874866569,37.53800302328967,150.58742368,85.64280352,255.55473985,87,미지정,0
285944,1117000000000004673,이태원동 217-6도,도,국유지,60.650084083899856,126.98983874866569,37.53800302328967,150.58742368,85.64280352,255.55473985,83,미지정,0
285945,1117000000000004674,이태원동 218-3도,도,국유지,152.964104777202,126.98964877743575,37.5379885079304,162.9722479,72.86648741,242.11314495,87,미지정,0
285945,1117000000000004674,이태원동 218-3도,도,국유지,152.964104777202,126.98964877743575,37.5379885079304,162.9722479,72.86648741,242.11314495,83,미지정,0
285946,1117000000000004675,이태원동 211-29도,도,국유지,142.99812711309642,126.98961602589523,37.537959507922885,167.29883361,72.8038646,237.79619942,87,미지정,0
285946,1117000000000004675,이태원동 211-29도,도,국유지,142.99812711309642,126.98961602589523,37.537959507922885,167.29883361,72.8038646,237.79619942,83,미지정,0
285947,1117000000000004676,이태원동 217-4도,도,국유지,95.46779446839355,126.98998513925851,37.537967753317936,145.88350846,98.7820099,262.90554533,87,미지정,0
285947,1117000000000004676,이태원동 217-4도,도,국유지,95.46779446839355,126.98998513925851,37.537967753317936,145.88350846,98.7820099,262.90554533,83,미지정,0
285948,1117000000000004677,이태원동 292-9도,도,국유지,50.45837934920564,126.98888832452046,37.5379513278901,185.63043458,51.58228083,195.68556818,87,미지정,0
285948,1117000000000004677,이태원동 292-9도,도,국유지,50.45837934920564,126.98888832452046,37.5379513278901,185.63043458,51.58228083,195.68556818,83,미지정,0
285949,1117000000000004678,이태원동 289-1도,도,국유지,187.5417042017798,126.9890372690603,37.53792280538556,183.27057862,53.62304775,200.67209268,87,미지정,0
285949,1117000000000004678,이태원동 289-1도,도,국유지,187.5417042017798,126.9890372690603,37.53792280538556,183.27057862,53.62304775,200.67209268,83,미지정,0
285950,1117000000000004679,이태원동 202-5도,도,국유지,87.55700246803463,126.99169397815369,37.53766204176936,168.15223934,263.37550006,378.9361204,87,미지정,0
285950,1117000000000004679,이태원동 202-5도,도,국유지,87.55700246803463,126.99169397815369,37.53766204176936,168.15223934,263.37550006,378.9361204,83,미지정,0
285951,1117000000000004680,이태원동 199-10도,도,국유지,708.5784412593348,126.99131916983924,37.53759600552586,164.86774021,236.8739852,345.35538903,87,미지정,0
285951,1117000000000004680,이태원동 199-10도,도,국유지,708.5784412593348,126.99131916983924,37.53759600552586,164.86774021,236.8739852,345.35538903,83,미지정,0
285952,1117000000000004681,이태원동 231-29도,도,국유지,1096.47634286026,126.99421144489746,37.53880686929325,189.02884475,405.26786664,715.84535384,87,미지정,0
285952,1117000000000004681,이태원동 231-29도,도,국유지,1096.47634286026,126.99421144489746,37.53880686929325,189.02884475,405.26786664,715.84535384,83,미지정,0
285953,1117000000000004682,이태원동 207-28도,도,국유지,819.7391296096612,126.99374121313326,37.53828529874118,182.68584618,408.41947915,672.98831799,87,미지정,0
285953,1117000000000004682,이태원동 207-28도,도,국유지,819.7391296096612,126.99374121313326,37.53828529874118,182.68584618,408.41947915,672.98831799,83,미지정,0
285954,1117000000000004683,이태원동 206-2도,도,국유지,188.5362316640094,126.99308467402862,37.53837395755399,136.42362506,399.7979703,522.57143707,87,미지정,0
285954,1117000000000004683,이태원동 206-2도,도,국유지,188.5362316640094,126.99308467402862,37.53837395755399,136.42362506,399.7979703,522.57143707,83,미지정,0
285955,1117000000000004684,이태원동 304-4도,도,국유지,139.90180481725838,126.98853636230209,37.53881029839322,212.79272276,61.5247078,269.8913006,87,미지정,0
285955,1117000000000004684,이태원동 304-4도,도,국유지,139.90180481725838,126.98853636230209,37.53881029839322,212.79272276,61.5247078,269.8913006,83,미지정,0
285956,1117000000000004685,이태원동 223-24도,도,국유지,85.039729247801,126.99074773918144,37.53874916290827,36.70093001,158.07444851,370.69924688,87,미지정,0
285956,1117000000000004685,이태원동 223-24도,도,국유지,85.039729247801,126.99074773918144,37.53874916290827,36.70093001,158.07444851,370.69924688,83,미지정,0
285957,1117000000000004686,이태원동 216-8도,도,국유지,142.61978566437028,126.99073211644141,37.538295814104096,85.21606621,152.51114861,337.38958102,87,미지정,0
285957,1117000000000004686,이태원동 216-8도,도,국유지,142.61978566437028,126.99073211644141,37.538295814104096,85.21606621,152.51114861,337.38958102,83,미지정,0
285958,1117000000000004687,이태원동 519도,도,국유지,3595.61688267492,126.98703540022521,37.53637587772436,159.52862527,88.72599636,57.3787523,87,미지정,0
285958,1117000000000004687,이태원동 519도,도,국유지,3595.61688267492,126.98703540022521,37.53637587772436,159.52862527,88.72599636,57.3787523,83,미지정,0
285959,1117000000000004688,이태원동 556도,도,국유지,50.79699435894145,126.98689474336196,37.537657030671696,229.84230379,224.81245873,147.77814682,87,미지정,0
285959,1117000000000004688,이태원동 556도,도,국유지,50.79699435894145,126.98689474336196,37.537657030671696,229.84230379,224.81245873,147.77814682,83,미지정,0
285960,1117000000000004689,이태원동 556-1도,도,국유지,386.2879612161778,126.98723097541902,37.537394479651255,188.28034448,201.46352505,108.91704422,87,미지정,0
285960,1117000000000004689,이태원동 556-1도,도,국유지,386.2879612161778,126.98723097541902,37.537394479651255,188.28034448,201.46352505,108.91704422,83,미지정,0
285961,1117000000000004690,이태원동 556-3도,도,국유지,58.01187335141003,126.98697129027165,37.53730838834404,200.5370754,187.30119847,111.02124239,87,미지정,0
285961,1117000000000004690,이태원동 556-3도,도,국유지,58.01187335141003,126.98697129027165,37.53730838834404,200.5370754,187.30119847,111.02124239,83,미지정,0
285962,1117000000000004691,이태원동 556-4도,도,국유지,54.9563720789738,126.98729272074968,37.537303131875646,177.54957028,193.25630269,97.50839025,87,미지정,0
285962,1117000000000004691,이태원동 556-4도,도,국유지,54.9563720789738,126.98729272074968,37.537303131875646,177.54957028,193.25630269,97.50839025,83,미지정,0
285963,1117000000000004692,이태원동 521도,도,국유지,28.451771459076554,126.98734924007351,37.5372031869218,166.69719452,184.34661466,85.37925012,87,미지정,0
285963,1117000000000004692,이태원동 521도,도,국유지,28.451771459076554,126.98734924007351,37.5372031869218,166.69719452,184.34661466,85.37925012,83,미지정,0
285964,1117000000000004693,이태원동 582도,도,국유지,55.922741657705046,126.98734205829386,37.537078628427764,159.09511611,171.18426447,72.74728106,87,미지정,0
285964,1117000000000004693,이태원동 582도,도,국유지,55.922741657705046,126.98734205829386,37.537078628427764,159.09511611,171.18426447,72.74728106,83,미지정,0
285965,1117000000000004694,이태원동 624도,도,국유지,124.27712806058116,126.98672954112895,37.53805827040004,271.39199385,205.37337413,194.15049494,87,미지정,0
285965,1117000000000004694,이태원동 624도,도,국유지,124.27712806058116,126.98672954112895,37.53805827040004,271.39199385,205.37337413,194.15049494,83,미지정,0
285966,1117000000000004695,이태원동 609 도,도,국유지,41.77736600115895,126.98690220646473,37.53775487696643,236.72889491,235.683691,157.18823627,87,미지정,0
285966,1117000000000004695,이태원동 609 도,도,국유지,41.77736600115895,126.98690220646473,37.53775487696643,236.72889491,235.683691,157.18823627,83,미지정,0
285967,1117000000000004696,이태원동 585도,도,국유지,78.73339099303121,126.98685711576233,37.537779658900746,241.51055749,238.06321156,161.41022156,87,미지정,0
285967,1117000000000004696,이태원동 585도,도,국유지,78.73339099303121,126.98685711576233,37.537779658900746,241.51055749,238.06321156,161.41022156,83,미지정,0
285968,1117000000000004697,이태원동 690도,도,국유지,103.96247478481382,126.98676494871918,37.53797822165086,262.80918917,204.17958652,184.78521604,87,미지정,0
285968,1117000000000004697,이태원동 690도,도,국유지,103.96247478481382,126.98676494871918,37.53797822165086,262.80918917,204.17958652,184.78521604,83,미지정,0
285969,1117000000000004698,이태원동 727도,도,국유지,21.447746364050545,126.98690312965928,37.53793270180654,250.73209541,193.62984349,175.1577673,87,미지정,0
285969,1117000000000004698,이태원동 727도,도,국유지,21.447746364050545,126.98690312965928,37.53793270180654,250.73209541,193.62984349,175.1577673,83,미지정,0
285970,1117000000000004699,이태원동 606 도,도,국유지,28.3877753681154,126.98689601601012,37.537895450414645,248.15626986,195.39273121,171.60471209,87,미지정,0
285970,1117000000000004699,이태원동 606 도,도,국유지,28.3877753681154,126.98689601601012,37.537895450414645,248.15626986,195.39273121,171.60471209,83,미지정,0
285971,1117000000000004700,이태원동 608 도,도,국유지,16.606954904505983,126.98690437231738,37.537821589978336,241.7750451,197.22587565,163.81541777,87,미지정,0
285971,1117000000000004700,이태원동 608 도,도,국유지,16.606954904505983,126.98690437231738,37.537821589978336,241.7750451,197.22587565,163.81541777,83,미지정,0
285972,1117000000000004701,이태원동 30-2도,도,국유지,75.81419312208891,126.9919731763285,37.52911600172534,150.3047229,602.19239189,542.93930553,87,미지정,0
285972,1117000000000004701,이태원동 30-2도,도,국유지,75.81419312208891,126.9919731763285,37.52911600172534,150.3047229,602.19239189,542.93930553,83,미지정,0
285973,1117000000000004702,이태원동 30-3 잡,잡,국유지,368.3588300771662,126.9919575400792,37.52989554281797,175.04629407,519.22418977,486.6632634,87,미지정,0
285973,1117000000000004702,이태원동 30-3 잡,잡,국유지,368.3588300771662,126.9919575400792,37.52989554281797,175.04629407,519.22418977,486.6632634,83,미지정,0
285974,1117000000000004703,이태원동 36-46 잡,잡,국유지,108.94272760953754,126.9916950972535,37.529677488578734,185.939799,549.33004207,519.84250474,87,미지정,0
285974,1117000000000004703,이태원동 36-46 잡,잡,국유지,108.94272760953754,126.9916950972535,37.529677488578734,185.939799,549.33004207,519.84250474,83,미지정,0
285975,1117000000000004704,이태원동 36-2잡,잡,국유지,10743.589008034207,126.99204190970846,37.53078103785474,235.0871613,423.55878059,426.95777546,87,미지정,0
285975,1117000000000004704,이태원동 36-2잡,잡,국유지,10743.589008034207,126.99204190970846,37.53078103785474,235.0871613,423.55878059,426.95777546,83,미지정,0
285976,1117000000000004705,이태원동 36-50 잡,잡,국유지,225.36812753090635,126.99220962506709,37.53053282660806,204.30375126,445.07167131,427.86449184,87,미지정,0
285976,1117000000000004705,이태원동 36-50 잡,잡,국유지,225.36812753090635,126.99220962506709,37.53053282660806,204.30375126,445.07167131,427.86449184,83,미지정,0
285977,1117000000000004706,이태원동 34-161도,도,국유지,274.511968389852,126.99126290086065,37.53044187877542,236.30988832,485.08743766,505.42470628,87,미지정,0
285977,1117000000000004706,이태원동 34-161도,도,국유지,274.511968389852,126.99126290086065,37.53044187877542,236.30988832,485.08743766,505.42470628,83,미지정,0
285978,1117000000000004707,이태원동 34-110도,도,국유지,1009.9337937086821,126.9909866048766,37.53054737738955,217.76436796,485.99834949,521.95513846,87,미지정,0
285978,1117000000000004707,이태원동 34-110도,도,국유지,1009.9337937086821,126.9909866048766,37.53054737738955,217.76436796,485.99834949,521.95513846,83,미지정,0
285979,1117000000000004708,이태원동 34-71도,도,국유지,1563.1372256475734,126.99145557222383,37.5300307020945,221.17010156,519.87113793,514.06549023,87,미지정,0
285979,1117000000000004708,이태원동 34-71도,도,국유지,1563.1372256475734,126.99145557222383,37.5300307020945,221.17010156,519.87113793,514.06549023,83,미지정,0
285980,1117000000000004709,이태원동 22-34잡,잡,국유지,29303.616970982403,126.99292686838658,37.53025266058963,143.13142998,461.81604602,395.20200312,87,미지정,0
285980,1117000000000004709,이태원동 22-34잡,잡,국유지,29303.616970982403,126.99292686838658,37.53025266058963,143.13142998,461.81604602,395.20200312,83,미지정,0
285981,1117000000000004710,이태원동 22-81잡,잡,국유지,93.78636933665257,126.99513454107395,37.5292766732915,130.47840232,574.91883285,380.92456568,87,미지정,0
285981,1117000000000004710,이태원동 22-81잡,잡,국유지,93.78636933665257,126.99513454107395,37.5292766732915,130.47840232,574.91883285,380.92456568,83,미지정,0
285982,1117000000000004711,이태원동 22-77잡,잡,국유지,2047.1124984798953,126.99531423175323,37.52915760582724,145.12021529,590.16254597,389.75094049,87,미지정,0
285982,1117000000000004711,이태원동 22-77잡,잡,국유지,2047.1124984798953,126.99531423175323,37.52915760582724,145.12021529,590.16254597,389.75094049,83,미지정,0
285983,1117000000000004712,이태원동 20-92도,도,국유지,89.95388703700155,126.99643194283584,37.53059001552246,294.08543544,463.5534681,220.89201232,87,미지정,0
285983,1117000000000004712,이태원동 20-92도,도,국유지,89.95388703700155,126.99643194283584,37.53059001552246,294.08543544,463.5534681,220.89201232,83,미지정,0
285984,1117000000000004713,이태원동 225-65도,도,국유지,92.48878632090054,126.9894451786333,37.539509874111786,140.51359335,128.40855359,371.20695317,87,미지정,0
285984,1117000000000004713,이태원동 225-65도,도,국유지,92.48878632090054,126.9894451786333,37.539509874111786,140.51359335,128.40855359,371.20695317,83,미지정,0
285985,1117000000000004714,이태원동 140-21 도,도,국유지,157.9136090936372,126.99726120257806,37.53292919176891,313.35201698,307.1118095,92.42922466,87,미지정,0
285985,1117000000000004714,이태원동 140-21 도,도,국유지,157.9136090936372,126.99726120257806,37.53292919176891,313.35201698,307.1118095,92.42922466,83,미지정,0
285986,1117000000000004715,이태원동 15-12잡,잡,국유지,91.01108441269025,126.99721217339443,37.53253823839037,348.90070912,329.09925611,79.59769963,87,미지정,0
285986,1117000000000004715,이태원동 15-12잡,잡,국유지,91.01108441269025,126.99721217339443,37.53253823839037,348.90070912,329.09925611,79.59769963,83,미지정,0
285987,1117000000000004716,이태원동 11-28도,도,국유지,21.52779061254114,126.99443804329005,37.53251277056277,323.18323947,211.56415082,165.87995442,87,미지정,0
285987,1117000000000004716,이태원동 11-28도,도,국유지,21.52779061254114,126.99443804329005,37.53251277056277,323.18323947,211.56415082,165.87995442,83,미지정,0
285988,1117000000000004717,이태원동 63-16도,도,국유지,42.025066297268495,126.99145144312169,37.53333511239495,139.14050104,226.91448095,482.90560858,87,미지정,0
285988,1117000000000004717,이태원동 63-16도,도,국유지,42.025066297268495,126.99145144312169,37.53333511239495,139.14050104,226.91448095,482.90560858,83,미지정,0
285989,1117000000000004718,이태원동 63-28도,도,국유지,23.131626857211813,126.99171858495902,37.53267495024033,123.98938418,255.03964665,406.22889444,87,미지정,0
285989,1117000000000004718,이태원동 63-28도,도,국유지,23.131626857211813,126.99171858495902,37.53267495024033,123.98938418,255.03964665,406.22889444,83,미지정,0
285990,1117000000000004719,이태원동 63-37도,도,국유지,21.287474206648767,126.99180760407067,37.53245898348695,129.14763282,268.3379898,398.4378294,87,미지정,0
285990,1117000000000004719,이태원동 63-37도,도,국유지,21.287474206648767,126.99180760407067,37.53245898348695,129.14763282,268.3379898,398.4378294,83,미지정,0
285991,1117000000000004720,이태원동 63-62도,도,국유지,148.33931657031644,126.99177775716696,37.532854249776804,134.5132265,237.00939958,402.02667785,87,미지정,0
285991,1117000000000004720,이태원동 63-62도,도,국유지,148.33931657031644,126.99177775716696,37.532854249776804,134.5132265,237.00939958,402.02667785,83,미지정,0
285992,1117000000000004721,이태원동 74-2 도,도,국유지,81.6220291131176,126.99280659076979,37.533352251246924,239.75097525,136.21285621,321.6122242,87,미지정,0
285992,1117000000000004721,이태원동 74-2 도,도,국유지,81.6220291131176,126.99280659076979,37.533352251246924,239.75097525,136.21285621,321.6122242,83,미지정,0
285993,1117000000000004722,이태원동 74-44도,도,국유지,248.58041012380272,126.9925185229874,37.53306616148383,204.0831018,176.79752381,339.72951332,87,미지정,0
285993,1117000000000004722,이태원동 74-44도,도,국유지,248.58041012380272,126.9925185229874,37.53306616148383,204.0831018,176.79752381,339.72951332,83,미지정,0
285994,1117000000000004723,이태원동 75-12도,도,국유지,78.78715366264805,126.9917400230758,37.53335947691381,159.79873915,203.8364314,413.39100191,87,미지정,0
285994,1117000000000004723,이태원동 75-12도,도,국유지,78.78715366264805,126.9917400230758,37.53335947691381,159.79873915,203.8364314,413.39100191,83,미지정,0
285995,1117000000000004724,이태원동 77-5도,도,국유지,53.53218064084649,126.99194795840205,37.53295169647547,152.4220063,218.76180259,388.03498897,87,미지정,0
285995,1117000000000004724,이태원동 77-5도,도,국유지,53.53218064084649,126.99194795840205,37.53295169647547,152.4220063,218.76180259,388.03498897,83,미지정,0
285996,1117000000000004725,이태원동 79-27도,도,국유지,41.61839609965682,126.99242963107444,37.53253452716559,184.39879853,231.29021685,343.27339001,87,미지정,0
285996,1117000000000004725,이태원동 79-27도,도,국유지,41.61839609965682,126.99242963107444,37.53253452716559,184.39879853,231.29021685,343.27339001,83,미지정,0
285997,1117000000000004726,이태원동 79-50도,도,국유지,72.71042242750991,126.99316616990465,37.532904621604594,254.44560959,168.70254869,280.49073035,87,미지정,0
285997,1117000000000004726,이태원동 79-50도,도,국유지,72.71042242750991,126.99316616990465,37.532904621604594,254.44560959,168.70254869,280.49073035,83,미지정,0
285998,1117000000000004727,이태원동 296-1도,도,국유지,12.403706407290883,126.98879159153815,37.53792310478449,182.48384694,56.97671831,188.45168419,87,미지정,0
285998,1117000000000004727,이태원동 296-1도,도,국유지,12.403706407290883,126.98879159153815,37.53792310478449,182.48384694,56.97671831,188.45168419,83,미지정,0
285999,1117000000000004728,이태원동 83-2잡,잡,국유지,29.130585866048932,126.99339309451649,37.53210455065388,333.46416615,252.79627645,263.37765179,87,미지정,0
285999,1117000000000004728,이태원동 83-2잡,잡,국유지,29.130585866048932,126.99339309451649,37.53210455065388,333.46416615,252.79627645,263.37765179,83,미지정,0
286000,1117000000000004729,이태원동 83-3잡,잡,국유지,97.36283757002093,126.99276171101594,37.53238827942904,213.5484119,234.17004811,314.59370421,87,미지정,0
286000,1117000000000004729,이태원동 83-3잡,잡,국유지,97.36283757002093,126.99276171101594,37.53238827942904,213.5484119,234.17004811,314.59370421,83,미지정,0
286001,1117000000000004730,이태원동 96-9잡,잡,국유지,169.69585746119265,126.99353509371717,37.53263303891474,282.61740291,193.33975849,245.6067262,87,미지정,0
286001,1117000000000004730,이태원동 96-9잡,잡,국유지,169.69585746119265,126.99353509371717,37.53263303891474,282.61740291,193.33975849,245.6067262,83,미지정,0
286002,1117000000000004731,이태원동 313-2도,도,국유지,150.54617107007653,126.98908685531845,37.5379375854048,185.37564735,52.35578934,204.63252304,87,미지정,0
286002,1117000000000004731,이태원동 313-2도,도,국유지,150.54617107007653,126.98908685531845,37.5379375854048,185.37564735,52.35578934,204.63252304,83,미지정,0
286003,1117000000000004732,이태원동 96-97잡,잡,국유지,100.97287508234149,126.99366096549436,37.532628828637584,335.85114525,193.47072253,234.47320318,87,미지정,0
286003,1117000000000004732,이태원동 96-97잡,잡,국유지,100.97287508234149,126.99366096549436,37.532628828637584,335.85114525,193.47072253,234.47320318,83,미지정,0
286004,1117000000000004733,이태원동 96-98잡,잡,국유지,49.657439306378365,126.99359400612404,37.53272666923481,329.01982328,182.71648732,240.88929738,87,미지정,0
286004,1117000000000004733,이태원동 96-98잡,잡,국유지,49.657439306378365,126.99359400612404,37.53272666923481,329.01982328,182.71648732,240.88929738,83,미지정,0
286005,1117000000000004734,이태원동 96-103잡,잡,국유지,44.23297771625221,126.99411757884229,37.53211590733348,336.10047284,253.58606898,200.71042389,87,미지정,0
286005,1117000000000004734,이태원동 96-103잡,잡,국유지,44.23297771625221,126.99411757884229,37.53211590733348,336.10047284,253.58606898,200.71042389,83,미지정,0
286006,1117000000000004735,이태원동 96-113 잡,잡,국유지,213.13058122061193,126.99400720249932,37.532086518088924,331.85240064,255.46660053,210.9769741,87,미지정,0
286006,1117000000000004735,이태원동 96-113 잡,잡,국유지,213.13058122061193,126.99400720249932,37.532086518088924,331.85240064,255.46660053,210.9769741,83,미지정,0
286007,1117000000000004736,이태원동 129-20도,도,국유지,13.22352829319425,126.99327029290305,37.5333882512364,284.90973615,114.59781198,283.57133588,87,미지정,0
286007,1117000000000004736,이태원동 129-20도,도,국유지,13.22352829319425,126.99327029290305,37.5333882512364,284.90973615,114.59781198,283.57133588,83,미지정,0
286008,1117000000000004737,이태원동 129-24도,도,국유지,20.752587793103885,126.99326829780193,37.533266945087846,295.31231992,127.53911868,279.76325431,87,미지정,0
286008,1117000000000004737,이태원동 129-24도,도,국유지,20.752587793103885,126.99326829780193,37.533266945087846,295.31231992,127.53911868,279.76325431,83,미지정,0
286009,1117000000000004738,이태원동 260-366도,도,국유지,244.3692641708767,126.9917204713575,37.541512329948304,240.41973441,32.96771531,417.68550889,87,미지정,0
286009,1117000000000004738,이태원동 260-366도,도,국유지,244.3692641708767,126.9917204713575,37.541512329948304,240.41973441,32.96771531,417.68550889,83,미지정,0
286010,1117000000000004739,이태원동 260-343 도,도,국유지,45.69890797208063,126.99177817975956,37.54136180417828,223.08780071,49.61438885,434.2409372,87,미지정,0
286010,1117000000000004739,이태원동 260-343 도,도,국유지,45.69890797208063,126.99177817975956,37.54136180417828,223.08780071,49.61438885,434.2409372,83,미지정,0
286011,1117000000000004740,이태원동 260-467 도,도,국유지,16.964188326965086,126.99208565751182,37.541414698275034,226.0783295,64.30367113,445.84409984,87,미지정,0
286011,1117000000000004740,이태원동 260-467 도,도,국유지,16.964188326965086,126.99208565751182,37.541414698275034,226.0783295,64.30367113,445.84409984,83,미지정,0
286012,1117000000000004741,이태원동 260-345 도,도,국유지,46.28244526532944,126.99180739973862,37.54145879029352,233.31430619,42.4712735,427.01499694,87,미지정,0
286012,1117000000000004741,이태원동 260-345 도,도,국유지,46.28244526532944,126.99180739973862,37.54145879029352,233.31430619,42.4712735,427.01499694,83,미지정,0
286013,1117000000000004742,이태원동 258-5도,도,국유지,83.18310261145234,126.99493414040053,37.54132794929544,324.44716594,308.12571991,549.11805831,87,미지정,0
286013,1117000000000004742,이태원동 258-5도,도,국유지,83.18310261145234,126.99493414040053,37.54132794929544,324.44716594,308.12571991,549.11805831,83,미지정,0
286014,1117000000000004743,이태원동 259-5 도,도,국유지,248.66850299714133,126.9947031480094,37.54215633025008,379.50049713,287.89074958,582.05135193,87,미지정,0
286014,1117000000000004743,이태원동 259-5 도,도,국유지,248.66850299714133,126.9947031480094,37.54215633025008,379.50049713,287.89074958,582.05135193,83,미지정,0
286015,1117000000000004744,이태원동 259-7 도,도,국유지,21.13762749126181,126.99490217277646,37.542056899458615,381.36731192,303.81071892,562.65780848,87,미지정,0
286015,1117000000000004744,이태원동 259-7 도,도,국유지,21.13762749126181,126.99490217277646,37.542056899458615,381.36731192,303.81071892,562.65780848,83,미지정,0
286016,1117000000000004745,이태원동 4-16도,도,국유지,883.4984755127225,126.99557294638177,37.54082890928182,338.9396371,375.11374012,492.13795811,87,미지정,0
286016,1117000000000004745,이태원동 4-16도,도,국유지,883.4984755127225,126.99557294638177,37.54082890928182,338.9396371,375.11374012,492.13795811,83,미지정,0
286017,1117000000000004746,이태원동 4-3도,도,국유지,168.44160931929946,126.9955684318338,37.540788276294464,336.469584,375.97712522,492.75852712,87,미지정,0
286017,1117000000000004746,이태원동 4-3도,도,국유지,168.44160931929946,126.9955684318338,37.540788276294464,336.469584,375.97712522,492.75852712,83,미지정,0
286018,1117000000000004747,이태원동 1-2도,도,국유지,218.5192216243595,126.99583868985843,37.54125693835472,383.38498943,388.3676748,468.85524812,87,미지정,0
286018,1117000000000004747,이태원동 1-2도,도,국유지,218.5192216243595,126.99583868985843,37.54125693835472,383.38498943,388.3676748,468.85524812,83,미지정,0
286019,1117000000000004748,이태원동 258-17 도,도,국유지,1073.6779167237692,126.99560910451302,37.54139046989885,375.14140633,366.40376982,490.11296862,87,미지정,0
286019,1117000000000004748,이태원동 258-17 도,도,국유지,1073.6779167237692,126.99560910451302,37.54139046989885,375.14140633,366.40376982,490.11296862,83,미지정,0
286020,1117000000000004749,이태원동 258-3도,도,국유지,118.33206597040407,126.99523557170093,37.54158921196674,363.65382374,331.72999182,525.18118393,87,미지정,0
286020,1117000000000004749,이태원동 258-3도,도,국유지,118.33206597040407,126.99523557170093,37.54158921196674,363.65382374,331.72999182,525.18118393,83,미지정,0
286021,1117000000000004750,이태원동 258-31도,도,국유지,37.16022378951311,126.99540462592935,37.54167429989882,381.06701078,346.31144646,511.59000015,87,미지정,0
286021,1117000000000004750,이태원동 258-31도,도,국유지,37.16022378951311,126.99540462592935,37.54167429989882,381.06701078,346.31144646,511.59000015,83,미지정,0
286022,1117000000000004751,이태원동 137-21도,도,국유지,72.9797872682102,126.99703945462284,37.533325563971594,265.73368179,268.24864299,104.91357062,87,미지정,0
286022,1117000000000004751,이태원동 137-21도,도,국유지,72.9797872682102,126.99703945462284,37.533325563971594,265.73368179,268.24864299,104.91357062,83,미지정,0
286023,1117000000000004752,이태원동 137-64도,도,국유지,69.99268559459597,126.99680911212333,37.533346880028034,253.04775308,249.11639383,95.94298903,87,미지정,0
286023,1117000000000004752,이태원동 137-64도,도,국유지,69.99268559459597,126.99680911212333,37.533346880028034,253.04775308,249.11639383,95.94298903,83,미지정,0
286024,1117000000000004753,이태원동 137-71 도,도,국유지,1055.4502395512536,126.99686463324701,37.5331572612985,273.81815732,263.95970662,80.6880505,87,미지정,0
286024,1117000000000004753,이태원동 137-71 도,도,국유지,1055.4502395512536,126.99686463324701,37.5331572612985,273.81815732,263.95970662,80.6880505,83,미지정,0
286025,1117000000000004754,이태원동 137-41도,도,국유지,37.78728426806629,126.99633626375909,37.53324477050882,245.7026915,219.82497893,74.031857,87,미지정,0
286025,1117000000000004754,이태원동 137-41도,도,국유지,37.78728426806629,126.99633626375909,37.53324477050882,245.7026915,219.82497893,74.031857,83,미지정,0
286026,1117000000000004755,이태원동 140-10 도,도,국유지,80.2246146608959,126.99692590939105,37.53304092055922,287.75320051,275.51202797,74.66235759,87,미지정,0
286026,1117000000000004755,이태원동 140-10 도,도,국유지,80.2246146608959,126.99692590939105,37.53304092055922,287.75320051,275.51202797,74.66235759,83,미지정,0
286027,1117000000000004756,이태원동 225-231도,도,국유지,15.356002569198608,126.98931691440433,37.53921633365272,143.38786368,93.93763363,336.9048247,87,미지정,0
286027,1117000000000004756,이태원동 225-231도,도,국유지,15.356002569198608,126.98931691440433,37.53921633365272,143.38786368,93.93763363,336.9048247,83,미지정,0
286028,1117000000000004757,이태원동 682 도,도,국유지,18.102337491698563,126.98752642012101,37.540021767813606,319.25598499,222.29784866,393.51689071,87,미지정,0
286028,1117000000000004757,이태원동 682 도,도,국유지,18.102337491698563,126.98752642012101,37.540021767813606,319.25598499,222.29784866,393.51689071,83,미지정,0
286029,1117000000000004758,이태원동 495도,도,국유지,471.61080219212454,126.98771607692308,37.541036552708476,359.39340114,309.07271237,405.73581869,87,미지정,0
286029,1117000000000004758,이태원동 495도,도,국유지,471.61080219212454,126.98771607692308,37.541036552708476,359.39340114,309.07271237,405.73581869,83,미지정,0
286030,1117000000000004759,이태원동 681도,도,국유지,7189.908657386084,126.98807926827442,37.54186432305069,373.35577973,212.62113097,308.68824562,87,미지정,0
286030,1117000000000004759,이태원동 681도,도,국유지,7189.908657386084,126.98807926827442,37.54186432305069,373.35577973,212.62113097,308.68824562,83,미지정,0
286031,1117000000000004760,이태원동 492도,도,국유지,194.71438577934168,126.98764811963292,37.540962692769455,359.2430849,308.34991328,415.25777514,87,미지정,0
286031,1117000000000004760,이태원동 492도,도,국유지,194.71438577934168,126.98764811963292,37.540962692769455,359.2430849,308.34991328,415.25777514,83,미지정,0
286032,1117000000000004761,이태원동 251-81도,도,국유지,76.342245047912,126.99159083652401,37.54040863129043,126.15052245,148.49347823,516.54160841,87,미지정,0
286032,1117000000000004761,이태원동 251-81도,도,국유지,76.342245047912,126.99159083652401,37.54040863129043,126.15052245,148.49347823,516.54160841,83,미지정,0
286033,1117000000000004762,이태원동 251-38도,도,국유지,404.5454986845143,126.99108061132395,37.540609124239296,173.80606921,130.97776138,477.24333484,87,미지정,0
286033,1117000000000004762,이태원동 251-38도,도,국유지,404.5454986845143,126.99108061132395,37.540609124239296,173.80606921,130.97776138,477.24333484,83,미지정,0
286034,1117000000000004763,이태원동 254-41도,도,국유지,343.79878292582,126.9902693610319,37.54076308686638,198.98937874,153.07735086,437.21370686,87,미지정,0
286034,1117000000000004763,이태원동 254-41도,도,국유지,343.79878292582,126.9902693610319,37.54076308686638,198.98937874,153.07735086,437.21370686,83,미지정,0
286035,1117000000000004764,이태원동 260-403 도,도,국유지,71.35378746653441,126.99091621930488,37.541002876051046,216.96781463,96.49129135,431.37618939,87,미지정,0
286035,1117000000000004764,이태원동 260-403 도,도,국유지,71.35378746653441,126.99091621930488,37.541002876051046,216.96781463,96.49129135,431.37618939,83,미지정,0
286036,1117000000000004765,한남동 666-14도,도,국유지,10.815164627041668,127.00066246334089,37.53389626077098,72.64777254,281.73831842,411.33357329,183,미지정,1
286037,1117000000000004766,한남동 683-75 도,도,국유지,65.3701353261713,127.00079267314425,37.53593151385555,157.77669379,118.97430715,566.34449198,183,미지정,1
286038,1117000000000004767,한남동 683-64 도,도,국유지,26.029328534845263,127.00037059851768,37.535991404748444,162.10945997,81.61657883,562.96289398,183,미지정,1
286039,1117000000000004768,한남동 737-43도,도,국유지,298.60907737514935,126.99683375876829,37.5358630679785,141.21702607,240.93331532,367.49583401,183,미지정,1
286040,1117000000000004769,한남동 686-66 도,도,국유지,14.773441185709089,127.00033626361224,37.53371530644092,91.5501648,292.07472619,377.34031809,183,미지정,1
286041,1117000000000004770,한남동 686-45도,도,국유지,102.51615116937319,127.00038636577196,37.53397207240483,62.72099644,265.82297398,391.86842213,183,미지정,1
286042,1117000000000004771,한남동 726-55도,도,국유지,769.5273704840802,127.00441325886091,37.54181134790241,371.51952736,258.88634275,307.84501631,183,미지정,1
286043,1117000000000004772,한남동 726-56도,도,국유지,403.0329438983463,127.00434081720583,37.54142653283117,411.36185942,232.24003758,270.64454631,183,미지정,1
286044,1117000000000004773,한남동 743-28도,도,국유지,21952.33387523453,126.998357603783,37.53710272613224,91.97663163,138.17833267,499.99205927,183,미지정,1
286045,1117000000000004774,한남동 738-29 도,도,국유지,17109.618463024148,126.99962934362632,37.536233831227946,139.82513628,10.8195088,500.55072179,183,미지정,1
286046,1117000000000004775,한남동 736-26 도,도,국유지,47.61069809086621,126.99898872758492,37.53499676508362,140.85560911,148.07162558,357.76711888,183,미지정,1
286047,1117000000000004776,한남동 685-22 도,도,국유지,3528.0374200292863,126.99969733619075,37.534748238308595,72.53134879,169.00889278,384.05102774,183,미지정,1
286048,1117000000000004777,한남동 736-44도,도,국유지,17.14721280708909,126.99934312957666,37.53463068077804,100.37918318,181.88833654,351.61166702,183,미지정,1
286049,1117000000000004778,한남동 736-43도,도,국유지,156.21809817687608,126.99947588975408,37.53454431686029,88.06747545,190.88172406,354.65221013,183,미지정,1
286050,1117000000000004779,한남동 725-2 도,도,국유지,540.5011630802765,127.00413071189487,37.538493952040454,459.9291756,231.33802741,151.74561322,183,미지정,1
286051,1117000000000004780,한남동 773-7도,도,국유지,199.74301299947547,127.0150027366711,37.53830276955753,788.80265701,157.88567032,837.02238346,183,미지정,1
286052,1117000000000004781,한남동 775-1도,도,국유지,2260.76571929123,127.01474654812856,37.53787162418257,747.55636031,107.53597691,821.7966189,183,미지정,1
286053,1117000000000004782,한남동 725-9 도,도,국유지,146.92625634698197,127.00426246562299,37.53815626092956,422.54261605,235.32763521,165.66971305,183,미지정,1
286054,1117000000000004783,한남동 1-352도,도,국유지,1557.1410976038314,127.01264278898614,37.538980327969405,657.57976482,136.52878464,622.94790568,183,미지정,1
286055,1117000000000004784,한남동 60-69도,도,국유지,982.9047735426575,127.01198780536544,37.53900545756325,617.27668072,133.38919607,564.99587384,183,미지정,1
286056,1117000000000004785,한남동 725-1 도,도,국유지,1045.8716214217711,127.00423036276115,37.53849226331527,454.8790401,239.75569213,144.39087133,183,미지정,1
286057,1117000000000004786,한남동 726-505도,도,국유지,2175.848591367947,127.00437487128274,37.53852835390186,451.3970644,253.13451548,131.55589731,183,미지정,1
286058,1117000000000004787,한남동 60-70도,도,국유지,266.6739127803594,127.01204872363736,37.53884380579823,608.59657817,114.99557772,571.349626,183,미지정,1
286059,1117000000000004788,한남동 60-58도,도,국유지,1772.7632264704444,127.0121779271321,37.53855895653562,595.8965142,82.96535365,585.75876587,183,미지정,1
286060,1117000000000004789,한남동 60-43도,도,국유지,54.4012928835582,127.01130476196057,37.53841633775094,528.3623798,101.15409812,511.7185438,183,미지정,1
286061,1117000000000004790,한남동 60-31도,도,국유지,310.5129181158263,127.01151357392345,37.53828183428894,531.49839644,77.44933722,532.57727384,183,미지정,1
286062,1117000000000004791,한남동 60-62도,도,국유지,212.23854215850588,127.01165138590538,37.53883590540123,583.00902838,122.28636611,536.39070653,183,미지정,1
286063,1117000000000004792,한남동 60-39도,도,국유지,111.9320069514215,127.0116601188035,37.53826813586306,540.16655433,67.28713107,545.58066677,183,미지정,1
286064,1117000000000004793,한남동 816 도,도,국유지,98.24367695703404,127.01212344094988,37.53807197913236,558.37631012,29.0933284,590.08088449,183,미지정,1
286065,1117000000000004794,한남동 813 도,도,국유지,17.435752463294193,127.01215148316922,37.53822821547117,570.85633417,46.25130309,589.07001499,183,미지정,1
286066,1117000000000004795,한남동 60-72 도,도,국유지,116.35582855332177,127.01229492605238,37.53826268823412,583.22791598,51.44975784,600.8590977,183,미지정,1
286067,1117000000000004796,한남동 60-42도,도,국유지,83.73059515794739,127.01142555166354,37.538397578725395,534.55962383,91.95230298,522.59274388,183,미지정,1
286068,1117000000000004797,한남동 4-30도,도,국유지,15.998705750331283,127.01187406907827,37.53821370529327,550.69867869,51.33427773,565.2986602,183,미지정,1
286069,1117000000000004798,한남동 4-29 도,도,국유지,36.65672940434888,127.01200845143164,37.53823980037463,561.7433498,49.40466215,576.40884703,183,미지정,1
286070,1117000000000004799,한남동 15-6도,도,국유지,671.9509015579242,127.013837558669,37.53706423559337,639.01012651,16.67794313,765.79940948,183,미지정,1
286071,1117000000000004800,한남동 1-213도,도,국유지,20.128640820272267,127.01329380441844,37.53716185250162,598.29590209,49.76032299,716.76566634,183,미지정,1
286072,1117000000000004801,한남동 1-379도,도,국유지,156.21724734129384,127.01345485797415,37.537321034786984,618.37003955,37.13954545,724.99489336,183,미지정,1
286073,1117000000000004802,한남동 1-382도,도,국유지,57.68340487405658,127.01341150213986,37.53720557282544,609.76645141,39.03147184,725.14286301,183,미지정,1
286074,1117000000000004803,한남동 1-218도,도,국유지,846.1682258846704,127.01335756070324,37.53752825375453,620.29416832,55.98080436,710.40023344,183,미지정,1
286075,1117000000000004804,한남동 778-6도,도,국유지,172.7904593735002,127.01436631654836,37.537137922906595,685.73125199,46.14678547,807.99870525,183,미지정,1
286076,1117000000000004805,한남동 1-418 도,도,국유지,401.92650041286834,127.01370858741005,37.53789355878249,666.39041894,76.49500775,731.2563314,183,미지정,1
286077,1117000000000004806,한남동 777-1도,도,국유지,372.33720389776863,127.01445146756237,37.53685921782255,683.18886687,65.94118969,824.45330738,183,미지정,1
286078,1117000000000004807,한남동 778-3도,도,국유지,80.09237000322901,127.01449820532763,37.53757342502551,714.12789543,69.59239882,806.9877335,183,미지정,1
286079,1117000000000004808,한남동 818 도,도,국유지,37.466531180776656,127.01129866989568,37.53711104481389,438.22892008,108.87327432,554.63838097,183,미지정,1
286080,1117000000000004809,한남동 5-1도,도,국유지,4709.681012642686,127.0123214405281,37.53727959427456,526.15410074,60.72058602,631.27679955,183,미지정,1
286081,1117000000000004810,한남동 50-12도,도,국유지,291.4330514315516,127.01171177426794,37.537290686637476,479.79171636,70.13127457,580.40539741,183,미지정,1
286082,1117000000000004811,한남동 60-47도,도,국유지,95.40913808427285,127.01178221436284,37.537723251991984,511.2374036,34.88264265,570.57150422,183,미지정,1
286083,1117000000000004812,한남동 11-2도,도,국유지,102.55673977965489,127.01408926105532,37.536578283723905,643.81238814,73.58174844,804.89859329,183,미지정,1
286084,1117000000000004813,한남동 11-445도,도,국유지,39.88963820016943,127.01406181720562,37.53676278179433,647.12652914,53.37214327,795.43226358,183,미지정,1
286085,1117000000000004814,한남동 778-7도,도,국유지,189.84464246942662,127.01418904053527,37.53687121920238,661.43615463,48.26450311,802.04768946,183,미지정,1
286086,1117000000000004815,한남동 773-12 잡,잡,국유지,569.7142262486741,127.01513005381749,37.53698099365233,744.51434651,115.79294082,877.67018459,183,미지정,1
286087,1117000000000004816,한남동 819 도,도,국유지,162.37355862394907,127.01153816478381,37.53683036300569,441.81625681,122.02282916,587.22708939,183,미지정,1
286088,1117000000000004817,한남동 1-116도,도,국유지,326.2066700507421,127.01153752223007,37.53618527708531,415.04113696,188.72146544,622.59330502,183,미지정,1
286089,1117000000000004818,한남동 2-3 도,도,국유지,1375.9482138332678,127.01226220695034,37.53728290947617,521.70314321,59.3516275,626.22748337,183,미지정,1
286090,1117000000000004819,한남동 817 도,도,국유지,102.12354564806446,127.01186822090413,37.537847003281776,525.41230695,26.17336019,574.10017222,183,미지정,1
286091,1117000000000004820,한남동 722-25 도,도,국유지,33.62581670098007,127.0042074060677,37.53794778199144,406.98615705,228.9167499,185.82821667,183,미지정,1
286092,1117000000000004821,한남동 1-45도,도,국유지,66.75202165404335,127.01300602094047,37.53727675711486,580.21905436,75.18063526,688.61535941,183,미지정,1
286093,1117000000000004822,한남동 46-5도,도,국유지,198.5126774837263,127.01188714495726,37.53641132476816,452.26891271,157.28242187,636.26080544,183,미지정,1
286094,1117000000000004823,한남동 11-5도,도,국유지,339.7747771060094,127.01316990619031,37.53573007030433,545.31431574,149.82510696,772.18163108,183,미지정,1
286095,1117000000000004824,한남동 1-228도,도,국유지,266.766930855345,127.01287124609298,37.53608027886253,526.08891276,152.84610123,730.19145458,183,미지정,1
286096,1117000000000004825,한남동 11-434도,도,국유지,322.8894620987121,127.01386860800308,37.53660798905817,625.8972988,67.27392465,785.5362873,183,미지정,1
286097,1117000000000004826,한남동 15-4도,도,국유지,77.23397946543992,127.01369417453058,37.536533067589595,608.80687984,76.86773188,774.35956486,183,미지정,1
286098,1117000000000004827,한남동 11-446 도,도,국유지,209.55252181342803,127.01351414543399,37.536399894651844,589.60886491,95.18967965,765.57299057,183,미지정,1
286099,1117000000000004828,한남동 1-95도,도,국유지,50.11111948871985,127.0135126223288,37.53646410671755,591.30711197,88.49893167,762.58024837,183,미지정,1
286100,1117000000000004829,한남동 1-14도,도,국유지,155.9874332131585,127.01335217209578,37.536977461514276,595.4623124,51.4637349,728.34788055,183,미지정,1
286101,1117000000000004830,한남동 1-13도,도,국유지,2053.8372441105894,127.01275437892706,37.53636222833352,523.71396936,135.51822198,706.60625911,183,미지정,1
286102,1117000000000004831,한남동 1-344도,도,국유지,11.08467232529074,127.01246930678468,37.53588768436578,486.99770142,153.10521813,709.9718436,183,미지정,1
286103,1117000000000004832,한남동 1-337도,도,국유지,29.88447582628578,127.01238950265332,37.53587628672246,479.83223762,151.92073803,704.61200313,183,미지정,1
286104,1117000000000004833,한남동 30-7도,도,국유지,37.040963530540466,127.00922678804731,37.53482908840925,193.62781026,193.71131656,581.79958323,183,미지정,1
286105,1117000000000004834,한남동 31-23도,도,국유지,13.051636061165482,127.00961214618566,37.53485771552048,227.06968708,227.15902278,598.67451957,183,미지정,1
286106,1117000000000004835,한남동 31-9도,도,국유지,437.5537433340214,127.00981437333631,37.535243515495274,244.53800391,246.7430839,576.13588638,183,미지정,1
286107,1117000000000004836,한남동 32-8도,도,국유지,98.6107762963511,127.00999309884769,37.53480757539583,261.14096096,219.59044085,623.55736104,183,미지정,1
286108,1117000000000004837,한남동 823 도,도,국유지,202.68496642448008,127.00677169045431,37.535444166949,48.84852302,48.93018911,429.89620675,183,미지정,1
286109,1117000000000004838,한남동 29-1도,도,국유지,223.26591541385278,127.00951847948156,37.534821118629175,219.30442867,219.3899857,597.11246232,183,미지정,1
286110,1117000000000004839,한남동 31-18도,도,국유지,51.245198984630406,127.00972772281776,37.53484733639612,237.34912357,237.43838484,605.70034238,183,미지정,1
286111,1117000000000004840,한남동 31-22 도,도,국유지,28.580037935636938,127.00997473153708,37.53527241256221,258.93066055,234.55490772,582.99462425,183,미지정,1
286112,1117000000000004841,한남동 32-9도,도,국유지,384.73134653363377,127.01009611747408,37.53486126956484,269.62255412,211.61616658,624.6578906,183,미지정,1
286113,1117000000000004842,한남동 32-7도,도,국유지,53.511210726806894,127.01029944091047,37.53483607940727,287.76815686,193.43947026,638.36157681,183,미지정,1
286114,1117000000000004843,한남동 32-2도,도,국유지,1348.577016756637,127.01121138244235,37.535369707842186,368.75856465,145.27805415,653.48596514,183,미지정,1
286115,1117000000000004844,한남동 32-56도,도,국유지,14.645592956338078,127.0100462029471,37.53523459745479,264.89589857,227.15371688,590.32847499,183,미지정,1
286116,1117000000000004845,한남동 32-19도,도,국유지,543.1094173993915,127.01054556414479,37.5351765535246,308.61719011,183.85737082,625.17257084,183,미지정,1
286117,1117000000000004846,한남동 33-8도,도,국유지,361.90241461247206,127.0107747840918,37.5350742314441,328.63807207,160.75368907,647.48978301,183,미지정,1
286118,1117000000000004847,한남동 33-2도,도,국유지,3390.5727303344174,127.01111409456799,37.53548402968824,361.60053697,160.14970861,638.71059444,183,미지정,1
286119,1117000000000004848,한남동 33-7도,도,국유지,89.61965517140925,127.01104963027217,37.53535875988762,354.41106957,155.58558314,643.50874367,183,미지정,1
286120,1117000000000004849,한남동 812 도,도,국유지,4353.653510679491,127.01068932628728,37.53643759685972,355.29429126,200.42969803,544.59406497,183,미지정,1
286121,1117000000000004850,한남동 37-5도,도,국유지,124.01144973188639,127.01115967905922,37.535574565733285,367.004055,164.28867733,635.37273779,183,미지정,1
286122,1117000000000004851,한남동 1-338도,도,국유지,988.9378312460613,127.01256422277876,37.535547209387865,489.70264678,115.75500686,737.26595116,183,미지정,1
286123,1117000000000004852,한남동 11-420도,도,국유지,714.2098400676623,127.01429808538897,37.53535507965471,640.83782889,210.03405768,879.46296705,183,미지정,1
286124,1117000000000004853,한남동 60-48도,도,국유지,23.23779623908922,127.01116167004362,37.5383756540031,516.22974538,108.26057336,500.07273396,183,미지정,1
286125,1117000000000004854,한남동 11-4도,도,국유지,1335.037272186717,127.01360125643082,37.53550513838832,580.49112013,150.37330549,817.68255172,183,미지정,1
286126,1117000000000004855,한남동 11-257도,도,국유지,112.7887066944968,127.01346126253841,37.536015608743554,575.78343405,137.43913159,779.71242017,183,미지정,1
286127,1117000000000004856,한남동 11-422도,도,국유지,34.22037306521088,127.01436833333334,37.53555633333333,648.52576752,189.53458403,874.33115315,183,미지정,1
286128,1117000000000004857,한남동 777-10도,도,국유지,54.38818143680692,127.01485649358224,37.53628692479033,702.56023737,135.84269569,879.83371111,183,미지정,1
286129,1117000000000004858,한남동 777-7도,도,국유지,57.35053968988359,127.01480611556771,37.53633049633684,699.14537566,129.27288511,873.91874722,183,미지정,1
286130,1117000000000004859,한남동 11-369도,도,국유지,26.186100230552256,127.01416823468816,37.536438330523815,646.72355661,90.48586686,817.11618504,183,미지정,1
286131,1117000000000004860,한남동 25-3 도,도,국유지,17.892687348648906,127.01129599999999,37.53470466666667,376.85675535,104.21191076,709.07328939,183,미지정,1
286132,1117000000000004861,한남동 36-17도,도,국유지,63.22240906674415,127.01185914455652,37.53520900817173,424.76949103,93.62756822,708.94761219,183,미지정,1
286133,1117000000000004862,한남동 11-482도,도,국유지,28.04504492506385,127.0141195410983,37.53633019867085,639.80540156,100.88021615,817.73526048,183,미지정,1
286134,1117000000000004863,한남동 35-2도,도,국유지,46.365087118931115,127.01123310793751,37.53466602972602,371.8192111,108.88270239,708.18081875,183,미지정,1
286135,1117000000000004864,한남동 1-259도,도,국유지,462.57671656284947,127.01148139189849,37.53458718287368,394.69999109,85.96870725,729.89294983,183,미지정,1
286136,1117000000000004865,한남동 1-20도,도,국유지,1243.0902571853949,127.01201006666295,37.53477591933523,439.00741758,48.85982807,749.98487836,183,미지정,1
286137,1117000000000004866,한남동 1-12도,도,국유지,53.03050599806011,127.01137281255394,37.534811891663594,382.54304406,100.91010456,705.63664032,183,미지정,1
286138,1117000000000004867,한남동 1-322도,도,국유지,48.55236639926443,127.01180832397213,37.535028375829214,420.00753228,80.85982043,718.21773801,183,미지정,1
286139,1117000000000004868,한남동 1-81도,도,국유지,22.954523105407134,127.01183572905984,37.53457729572651,425.89115252,54.742014,753.26557219,183,미지정,1
286140,1117000000000004869,한남동 1-242도,도,국유지,428.58396363432985,127.01204105394761,37.53504309525712,440.56323894,69.44882017,733.02223829,183,미지정,1
286141,1117000000000004870,한남동 1-17도,도,국유지,143.25740951485932,127.012359223683,37.53560437222681,472.45457497,121.90903594,718.66243293,183,미지정,1
286142,1117000000000004871,한남동 68-17도,도,국유지,89.53170123137534,127.00891811851282,37.535095466162666,164.56777286,164.67693936,542.13459273,183,미지정,1
286143,1117000000000004872,한남동 30-8 도,도,국유지,96.80582865839824,127.00920806123862,37.53485640516121,191.5948009,191.68078736,578.35757912,183,미지정,1
286144,1117000000000004873,한남동 28-29도,도,국유지,131.62498672679067,127.00958207814132,37.53478133386744,225.46141317,225.5441709,603.97314197,183,미지정,1
286145,1117000000000004874,한남동 29-10 도,도,국유지,29.0609986440395,127.00947217080167,37.53445022683544,224.21244374,224.26506347,628.86043749,183,미지정,1
286146,1117000000000004875,한남동 28-26 도,도,국유지,32.90636579459533,127.00955879818154,37.53444935832463,231.54372711,231.59812157,633.14018541,183,미지정,1
286147,1117000000000004876,한남동 1-10도,도,국유지,59.956322982441634,127.01255323691103,37.53527968259163,486.39655352,86.10824781,753.22578774,183,미지정,1
286148,1117000000000004877,한남동 1-250도,도,국유지,182.29505732282996,127.01271912683286,37.534796145630935,501.38881212,39.8829414,797.00214326,183,미지정,1
286149,1117000000000004878,한남동 11-6도,도,국유지,276.53261774778366,127.0127098821095,37.534721552548206,501.13873381,33.04335308,801.46960794,183,미지정,1
286150,1117000000000004879,한남동 11-37도,도,국유지,173.3597309915349,127.0131023428585,37.53483935947565,534.95389915,68.44427554,821.16522302,183,미지정,1
286151,1117000000000004880,한남동 11-491 도,도,국유지,11.418274100171402,127.01283912485677,37.53524172365406,511.45920397,88.40280631,776.35769535,183,미지정,1
286152,1117000000000004881,한남동 68-2도,도,국유지,830.1728340536356,127.00862096145526,37.5350004715267,138.47043185,138.56797983,537.51334938,183,미지정,1
286153,1117000000000004882,한남동 11-117도,도,국유지,1716.818346597487,127.0129377433258,37.53510868152345,519.82871527,79.41172804,791.93779959,183,미지정,1
286154,1117000000000004883,한남동 11-386도,도,국유지,28.11420826613903,127.01320905792045,37.5348821311933,544.17568862,78.95740187,826.03434938,183,미지정,1
286155,1117000000000004884,한남동 11-7도,도,국유지,29.580723585560918,127.01338757828995,37.53501557237606,559.59578242,100.25692851,830.55103141,183,미지정,1
286156,1117000000000004885,한남동 11-449 도,도,국유지,122.77061522752047,127.01356542563225,37.53536928063868,576.2617814,137.36091454,822.64406013,183,미지정,1
286157,1117000000000004886,한남동 11-405도,도,국유지,60.69682200439274,127.01311203030303,37.534727545535354,536.53790344,63.45295782,829.23189548,183,미지정,1
286158,1117000000000004887,한남동 275-2도,도,국유지,65.88675563782454,127.00999454289187,37.53398311350158,286.1883918,224.63175964,697.56028187,183,미지정,1
286159,1117000000000004888,한남동 28-3도,도,국유지,278.48115255171433,127.01023772863421,37.534198039352795,297.25151578,198.45341556,690.41632442,183,미지정,1
286160,1117000000000004889,한남동 26-3도,도,국유지,291.66500472277403,127.01077539504467,37.53439352096751,337.08415202,148.46877787,703.03200918,183,미지정,1
286161,1117000000000004890,한남동 28-5도,도,국유지,722.1311160433106,127.00995419502497,37.53439268604012,266.8215651,220.87588965,658.19514766,183,미지정,1
286162,1117000000000004891,한남동 27-4도,도,국유지,137.0796732865274,127.01077789914602,37.534415915998764,336.75784118,148.05537352,701.29075479,183,미지정,1
286163,1117000000000004892,한남동 28-19도,도,국유지,700.3671513381414,127.01001179255138,37.53454501071021,267.5490042,215.45041148,647.60801589,183,미지정,1
286164,1117000000000004893,한남동 26-7도,도,국유지,1040.2189876310294,127.01078108289481,37.53401538789766,349.27381209,157.24250595,735.72221749,183,미지정,1
286165,1117000000000004894,한남동 26-1도,도,국유지,140.9692391520366,127.01078108152117,37.53435730516221,338.48702772,148.36818123,706.41493513,183,미지정,1
286166,1117000000000004895,한남동 32-41도,도,국유지,85.00043136160821,127.01038025093291,37.53442800750143,302.20681277,183.06296948,677.82829422,183,미지정,1
286167,1117000000000004896,한남동 27-1도,도,국유지,105.16404975391924,127.01097702476562,37.53448145100509,352.5545662,130.13428684,707.49530261,183,미지정,1
286168,1117000000000004897,한남동 32-43도,도,국유지,38.02701772470027,127.01034642086935,37.53444400107485,298.88542392,185.97295275,674.57761729,183,미지정,1
286169,1117000000000004898,한남동 32-42도,도,국유지,97.50240784103516,127.0103821664906,37.5346774886396,297.09850523,183.63890611,656.51169578,183,미지정,1
286170,1117000000000004899,한남동 32-40도,도,국유지,98.73364076111466,127.0104142668654,37.534688536330535,299.73145947,180.94826371,657.40668363,183,미지정,1
286171,1117000000000004900,한남동 263-5도,도,국유지,12.021745374426246,127.00903558125935,37.53411146702026,204.55752397,204.56602685,641.58200648,183,미지정,1
286172,1117000000000004901,한남동 29-15도,도,국유지,333.9204495251179,127.00917825956714,37.53421605246768,209.96950232,209.99292899,637.5413217,183,미지정,1
286173,1117000000000004902,한남동 263-4도,도,국유지,40.82288839109242,127.00898871544713,37.534158957907806,198.29681121,198.3075855,634.97940479,183,미지정,1
286174,1117000000000004903,한남동 274-19도,도,국유지,14.322109157335944,127.00947763675798,37.534135611872145,237.65037391,237.67691872,658.68053377,183,미지정,1
286175,1117000000000004904,한남동 32-38도,도,국유지,32.28348381072283,127.01031254664237,37.53444888787603,295.84724956,188.94503643,672.29399944,183,미지정,1
286176,1117000000000004905,한남동 32-37도,도,국유지,224.35563069675118,127.01027678622125,37.534553675302064,290.2686487,192.05652061,661.22344026,183,미지정,1
286177,1117000000000004906,한남동 32-6 도,도,국유지,75.78405582439154,127.01048270014887,37.53458929987273,307.42841012,174.02316259,669.7220615,183,미지정,1
286178,1117000000000004907,한남동 272-2도,도,국유지,223.55862974980846,127.00939194071101,37.53372671299648,254.43216418,254.42549313,694.14738236,183,미지정,1
286179,1117000000000004908,한남동 274-11도,도,국유지,260.3146099234,127.00966768631257,37.534022576658565,258.26345842,258.28707385,678.17914273,183,미지정,1
286180,1117000000000004909,한남동 273-4도,도,국유지,106.70465420978144,127.00927907950665,37.53406462807019,225.75588159,225.77004239,656.55464032,183,미지정,1
286181,1117000000000004910,한남동 273-1도,도,국유지,121.83610787545331,127.00924387495974,37.53409655209339,221.30774071,221.32323575,651.93617335,183,미지정,1
286182,1117000000000004911,한남동 29-5도,도,국유지,151.4860491589643,127.00920659539146,37.53414404415304,215.88485357,215.90299387,645.72555024,183,미지정,1
286183,1117000000000004912,한남동 28-10도,도,국유지,38.72350960737094,127.00962023339666,37.53439511902048,238.54847106,238.59967816,641.15919701,183,미지정,1
286184,1117000000000004913,한남동 1-3도,도,국유지,142.25898660626262,127.01227602426103,37.5345613757528,464.72483915,16.38403058,783.34895472,183,미지정,1
286185,1117000000000004914,한남동 274-2도,도,국유지,231.0861114319414,127.00945100644535,37.53419773165797,232.589789,232.62054205,651.5700087,183,미지정,1
286186,1117000000000004915,한남동 274-5도,도,국유지,299.8760645943694,127.00960258399711,37.53426094313503,242.16449854,242.20450007,652.76044671,183,미지정,1
286187,1117000000000004916,한남동 263-3도,도,국유지,182.66531455982476,127.0087986449618,37.53434262648801,173.70279692,173.72346351,609.10278671,183,미지정,1
286188,1117000000000004917,한남동 274-17 도,도,국유지,213.20278523862362,127.00947129363362,37.53433163254195,228.50261261,228.54506833,639.9016774,183,미지정,1
286189,1117000000000004918,한남동 1-274도,도,국유지,181.51452467101626,127.01162235739184,37.53355088037399,437.22924218,128.95648911,822.76798502,183,미지정,1
286190,1117000000000004919,한남동 11-305도,도,국유지,888.0657873540185,127.01211141570846,37.53358099317711,476.24749601,107.15748159,848.91012965,183,미지정,1
286191,1117000000000004920,한남동 271-2 도,도,국유지,112.20883732504444,127.00972397030495,37.533468831169586,295.03676092,267.05776762,733.47731115,183,미지정,1
286192,1117000000000004921,한남동 253-3도,도,국유지,88.18529929406941,127.00843086022581,37.53299019541316,260.54720392,260.45629967,733.60782695,183,미지정,1
286193,1117000000000004922,한남동 11-495 도,도,국유지,73.91570500680245,127.0124600535501,37.53425924534395,485.93179749,27.65925894,817.78664916,183,미지정,1
286194,1117000000000004923,한남동 11-376도,도,국유지,60.0692105460912,127.01328293274544,37.53453751648023,553.44800563,73.77820503,853.99801622,183,미지정,1
286195,1117000000000004924,한남동 316-5도,도,국유지,29.787532646209,127.00910144217576,37.53290567934574,300.34869248,300.28581561,764.44653245,183,미지정,1
286196,1117000000000004925,한남동 257-16도,도,국유지,17.32893310766667,127.00785966666668,37.533449000000005,193.09782306,192.98928007,669.19738957,183,미지정,1
286197,1117000000000004926,한남동 259-6 도,도,국유지,171.05268175760284,127.00808670693544,37.53350932537135,195.39355789,195.30263035,669.13065228,183,미지정,1
286198,1117000000000004927,한남동 257-2도,도,국유지,29.73833111510612,127.00811707663973,37.53331573176096,215.79054058,215.69372142,690.32146565,183,미지정,1
286199,1117000000000004928,한남동 252-6도,도,국유지,20.32098540570587,127.00819503041274,37.53316955925658,233.39778839,233.30037202,707.90090432,183,미지정,1
286200,1117000000000004929,한남동 253-4 도,도,국유지,68.36461496935226,127.00828166824509,37.53301501248385,252.17645656,252.07871966,726.61145097,183,미지정,1
286201,1117000000000004930,한남동 253-2도,도,국유지,63.4056588539388,127.00829329916714,37.53305744044764,248.38267322,248.28689216,722.49974193,183,미지정,1
286202,1117000000000004931,한남동 312-6도,도,국유지,396.18927489360794,127.0097827449922,37.532945877085034,336.87175042,292.58492948,786.80289578,183,미지정,1
286203,1117000000000004932,한남동 270-7도,도,국유지,35.849878683686256,127.00984054307474,37.5330643455557,331.59100008,280.77915736,777.66986557,183,미지정,1
286204,1117000000000004933,한남동 326-1 도,도,국유지,19.472583978669718,127.00888834324095,37.53251675348447,326.07991631,325.99485973,797.04760699,183,미지정,1
286205,1117000000000004934,한남동 326-5 도,도,국유지,105.18160015810281,127.00893425945098,37.532442539358335,335.24526772,335.15992099,806.19757136,183,미지정,1
286206,1117000000000004935,한남동 318-14도,도,국유지,149.17280971165746,127.00876556848499,37.53303966327996,271.00976031,270.9371643,739.13280563,183,미지정,1
286207,1117000000000004936,한남동 318-7도,도,국유지,81.88754095695913,127.00874976955177,37.53288082126385,285.08024844,285.00089943,754.96387401,183,미지정,1
286208,1117000000000004937,한남동 270-6도,도,국유지,295.0440651603858,127.00982860730693,37.53318766032728,321.77266382,274.08924311,765.19038888,183,미지정,1
286209,1117000000000004938,한남동 270-12도,도,국유지,78.23309452494141,127.00999599786832,37.53316772271681,334.56602367,262.95296566,774.43792985,183,미지정,1
286210,1117000000000004939,한남동 270-1도,도,국유지,12.674227840732783,127.00997533333333,37.533222447368416,329.34014029,261.09200785,768.268932,183,미지정,1
286211,1117000000000004940,한남동 318-15도,도,국유지,142.65486873168265,127.00892746777154,37.5327117658048,309.31514737,309.23777412,778.23421426,183,미지정,1
286212,1117000000000004941,한남동 270-11도,도,국유지,80.20033426722512,127.00972645198053,37.53279756834444,345.15317892,306.52176706,799.08742977,183,미지정,1
286213,1117000000000004942,한남동 11-82도,도,국유지,222.4327921315562,127.01170688553225,37.53288658132118,476.97496224,191.56991107,884.82097652,183,미지정,1
286214,1117000000000004943,한남동 11-380도,도,국유지,75.13861780590378,127.01147962712972,37.53259751476381,477.44569483,228.72708184,898.69155165,183,미지정,1
286215,1117000000000004944,한남동 11-381도,도,국유지,29.042031792923808,127.01162091617405,37.53275030771829,478.39927433,208.39132207,892.30098728,183,미지정,1
286216,1117000000000004945,한남동 11-311도,도,국유지,50.289903635624796,127.0116171326441,37.53315249276635,455.6678463,167.47993158,856.67593565,183,미지정,1
286217,1117000000000004946,한남동 271-11 도,도,국유지,166.18692248646403,127.00985651752157,37.533502913602085,302.29181917,254.86325538,736.11502118,183,미지정,1
286218,1117000000000004947,한남동 11-379도,도,국유지,2202.490730331221,127.01189834854873,37.5329255343542,489.51897128,182.28494423,891.86239544,183,미지정,1
286219,1117000000000004948,한남동 11-317도,도,국유지,189.93822621775325,127.01160148750988,37.53282236536342,472.68848658,201.55480749,884.86369823,183,미지정,1
286220,1117000000000004949,한남동 11-282도,도,국유지,134.77296663890593,127.01152288102774,37.53246489133942,489.12552069,241.11309744,912.92737621,183,미지정,1
286221,1117000000000004950,한남동 11-281도,도,국유지,31.283653939142823,127.01173984498796,37.53255124929445,499.3069725,226.07128174,916.31641959,183,미지정,1
286222,1117000000000004951,한남동 11-280도,도,국유지,87.4647877975367,127.01192215786227,37.532665691023624,505.94021916,209.74126095,915.85418242,183,미지정,1
286223,1117000000000004952,한남동 1-264도,도,국유지,5159.674068022694,127.01065060789959,37.53310786538183,384.95561862,222.31620427,810.55946812,183,미지정,1
286224,1117000000000004953,한남동 274-3도,도,국유지,152.61937071289867,127.00993192216224,37.533797057376695,290.61094828,236.06211657,711.8132534,183,미지정,1
286225,1117000000000004954,한남동 1-320 도,도,국유지,569.2713639035355,127.0101289659036,37.533934715818134,299.22674029,214.71100424,708.670896,183,미지정,1
286226,1117000000000004955,한남동 271-12 도,도,국유지,79.96925414155703,127.0099460566528,37.533307862508174,321.47284792,258.24636969,758.77913944,183,미지정,1
286227,1117000000000004956,한남동 1-313 도,도,국유지,574.4492038133321,127.01021390471999,37.53346589096181,330.84172942,228.93472054,756.2055636,183,미지정,1
286228,1117000000000004957,한남동 287-1도,도,국유지,321.1158060221933,127.01106729805451,37.53384766812791,379.44633089,142.44252794,766.08112021,183,미지정,1
286229,1117000000000004958,한남동 348-4 도,도,국유지,226.0896977696102,127.00925876516105,37.53201211901766,390.95329333,318.34899572,861.19692026,183,미지정,1
286230,1117000000000004959,한남동 348-2 도,도,국유지,138.35937503539026,127.00915504031954,37.53202780058849,384.9445704,317.15222228,856.17719408,183,미지정,1
286231,1117000000000004960,한남동 348 도,도,국유지,56.38744477729779,127.00930226040944,37.53204183910345,390.0384071,322.72748407,859.59671931,183,미지정,1
286232,1117000000000004961,한남동 339-3도,도,국유지,238.22439362981822,127.00939447847695,37.532094466576076,389.28647812,330.99482693,857.35383146,183,미지정,1
286233,1117000000000004962,한남동 344-1 도,도,국유지,70.1163753401488,127.00911463838175,37.53218085195291,368.37368897,332.41882161,839.07016586,183,미지정,1
286234,1117000000000004963,한남동 345-2 도,도,국유지,63.11700374586508,127.00899456566677,37.53217951631955,363.38089208,329.53911424,835.3376026,183,미지정,1
286235,1117000000000004964,한남동 345-3 도,도,국유지,30.768799518002197,127.00904465534832,37.53219007062011,364.46204237,331.77493186,835.84691215,183,미지정,1
286236,1117000000000004965,한남동 327-3 도,도,국유지,39.533937201835215,127.00890434346567,37.5322707535153,350.69851753,337.57935333,823.03169974,183,미지정,1
286237,1117000000000004966,한남동 339-7도,도,국유지,16.00483864499256,127.00904398825212,37.532272810092955,356.41524608,340.6488389,827.27976713,183,미지정,1
286238,1117000000000004967,한남동 327-7 도,도,국유지,23.190598093904555,127.00897587732656,37.532302516920474,350.59795385,342.41606451,822.01057928,183,미지정,1
286239,1117000000000004968,한남동 327-1 도,도,국유지,37.14517450891435,127.00899917505173,37.53231747378846,350.15127436,344.50722456,821.21510322,183,미지정,1
286240,1117000000000004969,한남동 339-1도,도,국유지,58.98691369430162,127.00911181146404,37.53231400446254,355.47007752,346.5951967,825.2660787,183,미지정,1
286241,1117000000000004970,한남동 345-1 도,도,국유지,26.442620661109686,127.00906395956223,37.53221516991282,362.85524216,334.90455512,833.87812982,183,미지정,1
286242,1117000000000004971,한남동 328-1 도,도,국유지,37.83678041072562,127.00901917785846,37.53235016329617,347.87209572,348.44898034,818.49068577,183,미지정,1
286243,1117000000000004972,한남동 328 도,도,국유지,56.05862146569416,127.00905329941376,37.532381980342414,346.34271583,352.59837991,816.33275761,183,미지정,1
286244,1117000000000004973,한남동 622-6 도,도,국유지,501.8757792664692,127.00599339502276,37.53135755819218,110.1131777,294.11010277,871.46859587,183,미지정,1
286245,1117000000000004974,한남동 628-1잡,잡,국유지,814.6383397486061,127.00628576801638,37.53234006067776,149.69946068,310.04802927,764.14152636,183,미지정,1
286246,1117000000000004975,한남동 627-4도,도,국유지,55.16575880907476,127.00605223235826,37.532408170860386,136.51195363,307.97314927,755.22972044,183,미지정,1
286247,1117000000000004976,한남동 78-12 도,도,국유지,68.31523474201094,127.00646821929446,37.53336590266609,195.82754401,195.64637657,652.4114568,183,미지정,1
286248,1117000000000004977,한남동 88-5 도,도,국유지,1536.7203268434387,127.00673034927019,37.53210436395372,176.08097226,329.90771103,794.20781122,183,미지정,1
286249,1117000000000004978,한남동 88-11 도,도,국유지,416.19769088178873,127.00614129007369,37.531796533697886,118.20369168,326.2855952,823.44703616,183,미지정,1
286250,1117000000000004979,한남동 88-16 잡,잡,국유지,104.27490742178634,127.00657661666433,37.53189813122286,157.86703792,317.9172995,815.36773765,183,미지정,1
286251,1117000000000004980,한남동 88-15 잡,잡,국유지,99.2717133788392,127.00657565446251,37.53199217619447,159.75923295,327.45153783,804.98035669,183,미지정,1
286252,1117000000000004981,한남동 88-4 잡,잡,국유지,415.6507864232408,127.0065764828674,37.53225188699292,168.5541548,315.13651167,776.33629772,183,미지정,1
286253,1117000000000004982,한남동 11-377도,도,국유지,27.016132727265358,127.01265930265068,37.533194717138706,537.0361,146.97165156,913.27878597,183,미지정,1
286254,1117000000000004983,한남동 11-113도,도,국유지,21.914966309443116,127.01290760429724,37.53350955326768,545.2731912,118.02713215,903.63502463,183,미지정,1
286255,1117000000000004984,한남동 11-268도,도,국유지,1580.1609071500716,127.0126155989587,37.53374874469654,512.66084038,85.57761393,866.62177777,183,미지정,1
286256,1117000000000004985,한남동 11-378도,도,국유지,99.34411629615352,127.01253457243014,37.53312961510483,529.7792426,153.20383748,911.11649932,183,미지정,1
286257,1117000000000004986,한남동 11-410도,도,국유지,184.45293133961968,127.01279973870304,37.53341534011415,539.70142144,125.20356534,904.24472409,183,미지정,1
286258,1117000000000004987,한남동 11-296도,도,국유지,265.17113160993904,127.01301772262609,37.533800558305444,545.30776364,93.25734745,888.50526779,183,미지정,1
286259,1117000000000004988,한남동 11-345도,도,국유지,478.94708096794784,127.01361443073418,37.53410278474044,589.4164366,112.40996619,906.78984508,183,미지정,1
286260,1117000000000004989,한남동 11-352도,도,국유지,78.57523554097861,127.01304125131085,37.53439485181023,534.19338251,53.83908815,847.00140047,183,미지정,1
286261,1117000000000004990,한남동 11-292도,도,국유지,48.92056950274855,127.01340276201451,37.53444738058952,565.11058717,84.56875494,868.48748381,183,미지정,1
286262,1117000000000004991,한남동 758-21도,도,국유지,242.70212348201312,127.00047997569433,37.53223688896746,254.84536982,376.384975,370.2480705,183,미지정,1
286263,1117000000000004992,한남동 762-1도,도,국유지,319.35240586998407,127.0011082666953,37.53213216410679,272.33364665,341.76193623,426.71924844,183,미지정,1
286264,1117000000000004993,한남동 764-22도,도,국유지,1290.1215051634936,127.00178902796077,37.53192906400582,311.56513463,319.720452,489.34130331,183,미지정,1
286265,1117000000000004994,한남동 766-18 도,도,국유지,227.02597046876326,127.00196161358934,37.532209730582196,289.5187285,285.5335838,500.9356058,183,미지정,1
286266,1117000000000004995,한남동 723-39도,도,국유지,940.0393082627561,127.00594126071181,37.53780893791599,319.88820457,320.0065499,157.68156451,183,미지정,1
286267,1117000000000004996,한남동 763-7 도,도,국유지,1794.57809994719,126.99981138342407,37.532109482452796,275.25316758,461.84437632,313.55448349,183,미지정,1
286268,1117000000000004997,한남동 758-48 도,도,국유지,29.169825281598605,127.00023842648953,37.53209757502382,271.09513767,466.83705494,351.03118601,183,미지정,1
286269,1117000000000004998,한남동 767-16도,도,국유지,149.82298835011898,127.0021565472472,37.531654165275256,234.79174593,328.84566485,526.57600444,183,미지정,1
286270,1117000000000004999,한남동 765-22 도,도,국유지,449.58264311228413,127.00174750516416,37.53153863864951,271.35382074,357.89501956,494.00048205,183,미지정,1
286271,1117000000000005000,한남동 766-26 도,도,국유지,16.054011411964893,127.00229138466239,37.53186859303392,223.90360822,302.23350482,534.24777848,183,미지정,1
286272,1117000000000005001,한남동 686-33도,도,국유지,43.96246270235861,126.999495745063,37.53334977946371,157.14742365,323.43617771,294.0640506,183,미지정,1
286273,1117000000000005002,한남동 726-515 도,도,국유지,196.6089538745582,126.9997422275044,37.549756901578824,610.62310852,693.11074479,976.71633679,183,미지정,1
286274,1117000000000005003,한남동 769-16도,도,국유지,330.2648589372402,127.00253018742455,37.53124115909722,207.40456875,357.78234654,569.2017232,183,미지정,1
286275,1117000000000005004,한남동 769-19도,도,국유지,45.420583550818264,127.00238598970482,37.53100663902088,226.94108252,386.58423831,564.40028453,183,미지정,1
286276,1117000000000005005,한남동 722-32 도,도,국유지,533.7770575676113,127.00483946797512,37.53778493380622,359.71320969,285.08510001,171.11200893,183,미지정,1
286277,1117000000000005006,한남동 722-5 도,도,국유지,1896.0631079149898,127.00454881617513,37.537786497143806,374.46678371,259.42170663,182.5691321,183,미지정,1
286278,1117000000000005007,한남동 726-459도,도,국유지,3379.038071118528,127.00572238538165,37.53811064800509,357.79703175,357.91195933,121.75241609,183,미지정,1
286279,1117000000000005008,한남동 742-29도,도,국유지,195.43192413588986,126.99862212604039,37.53838207046953,117.82475259,247.92198473,368.1465702,183,미지정,1
286280,1117000000000005009,한남동 683-96 도,도,국유지,31.169587287586182,127.00046879160764,37.53568249577759,127.57580653,106.30965577,503.62591146,183,미지정,1
286281,1117000000000005010,한남동 726-460도,도,국유지,595.9130870960653,127.00593630551761,37.53845900438676,389.27367681,389.40022255,87.8347001,183,미지정,1
286282,1117000000000005011,한남동 733-26도,도,국유지,72.56301580369473,126.99534226029061,37.538304090435965,330.64934071,417.52005356,641.29091792,183,미지정,1
286283,1117000000000005012,한남동 807-1 도,도,국유지,81.28832775726914,127.00329998491432,37.528926504224,332.99818341,425.3319954,738.67570955,183,미지정,1
286284,1117000000000005013,한남동 684-23도,도,국유지,233.5346065479098,127.00075940401274,37.53544748348527,104.61827337,142.64707798,505.84020424,183,미지정,1
286285,1117000000000005014,한남동 742-30도,도,국유지,377.20536913955584,126.99949655996915,37.538242017912935,88.08958613,153.99489316,341.36830056,183,미지정,1
286286,1117000000000005015,한남동 666-18 도,도,국유지,10.535620500799268,127.000903,37.53384499999999,85.33029986,295.24733261,429.37296783,183,미지정,1
286287,1117000000000005016,한남동 726-110 도,도,국유지,235.41793097835034,127.00441759954859,37.53872639300002,468.35298318,271.18683527,117.02517126,183,미지정,1
286288,1117000000000005017,한남동 661-3도,도,국유지,32.401551771909,127.0017301171662,37.533683424159854,145.78469803,201.08757178,494.26834471,183,미지정,1
286289,1117000000000005018,한남동 664-2도,도,국유지,1031.76749641262,127.00130601108283,37.53366421654085,121.36588966,237.40450761,457.4845,183,미지정,1
286290,1117000000000005019,한남동 653-27도,도,국유지,95.63033802108839,127.00156616510233,37.533497480535466,150.19635828,222.06066973,475.39141181,183,미지정,1
286291,1117000000000005020,한남동 761-7도,도,국유지,184.58539790776558,127.00133779425856,37.53337587931693,149.49101355,245.95970115,452.86669219,183,미지정,1
286292,1117000000000005021,한남동 683-20도,도,국유지,606.8760964197572,127.0016320071497,37.537055733742825,211.60380221,94.9147367,442.93104415,183,미지정,1
286293,1117000000000005022,한남동 665-32 도,도,국유지,68.38350316451397,127.00088569279873,37.5337365262277,95.65973525,305.62517621,424.12441722,183,미지정,1
286294,1117000000000005023,한남동 664-4도,도,국유지,143.01578226685524,127.00143104265268,37.533705980942905,124.93262044,225.48985835,469.3689472,183,미지정,1
286295,1117000000000005024,한남동 684-96도,도,국유지,157.83571088779718,127.0008754427802,37.535011865382224,63.98821862,183.88250968,485.36955606,183,미지정,1
286296,1117000000000005025,한남동 684-93도,도,국유지,92.64662967249751,127.0009248847301,37.53475339421532,46.89300024,208.99803631,473.76384744,183,미지정,1
286297,1117000000000005026,한남동 653-87도,도,국유지,42.04990960197756,127.00106009389947,37.53271984210117,207.84268428,303.39509453,419.87628325,183,미지정,1
286298,1117000000000005027,한남동 653-29 도,도,국유지,21.05665428098291,127.00110285068719,37.53339120731424,138.44605793,264.41069081,432.87225411,183,미지정,1
286299,1117000000000005028,한남동 653-78도,도,국유지,110.55700444499962,127.00126485856256,37.53270234924579,214.9235856,289.89204436,437.89716494,183,미지정,1
286300,1117000000000005029,한남동 742-31 도,도,국유지,53.082302120747045,126.99967666648185,37.537966294249905,65.13249118,139.04126606,363.35561883,183,미지정,1
286301,1117000000000005030,한남동 739-26 도,도,국유지,216.9246430778876,127.00109524129715,37.538092979711635,173.81838942,13.43022165,325.65477816,183,미지정,1
286302,1117000000000005031,한남동 761-13도,도,국유지,24.86803551390767,127.00296297435895,37.532547102564095,190.043738,208.72861774,587.78149478,183,미지정,1
286303,1117000000000005032,한남동 739-9도,도,국유지,31.433619278948754,127.0009353259479,37.53769493067041,147.32539872,56.18027888,370.23845149,183,미지정,1
286304,1117000000000005033,한남동 653-46도,도,국유지,3425.4719566319836,127.00215969863127,37.53292035711897,232.98626396,214.16252338,518.16611066,183,미지정,1
286305,1117000000000005034,한남동 638-10도,도,국유지,3248.7719032826135,127.0031726120138,37.5335031288582,249.43237379,106.47789288,667.98542343,183,미지정,1
286306,1117000000000005035,한남동 657-20 도,도,국유지,9211.994751950726,127.00365809340477,37.53429419051231,308.16675198,19.49284213,571.19588784,183,미지정,1
286307,1117000000000005036,한남동 730-5 도,도,국유지,342.73892076150514,127.00359632869213,37.5376934945598,381.12490476,176.52883106,243.70294095,183,미지정,1
286308,1117000000000005037,한남동 719-4도,도,국유지,870.8097368627787,127.00493490540212,37.53705531604974,289.58773746,289.64006868,245.499382,183,미지정,1
286309,1117000000000005038,한남동 717-6 도,도,국유지,114.06792855076492,127.00499689942814,37.53664927627525,252.9370479,252.97098452,288.39952933,183,미지정,1
286310,1117000000000005039,한남동 670-12도,도,국유지,181.74840204085922,127.00274018111818,37.534209052741424,203.6549505,100.8812987,609.14684988,183,미지정,1
286311,1117000000000005040,한남동 719-5 도,도,국유지,488.6749551873654,127.00478471513021,37.53696219153577,290.79296404,308.19831835,258.91702386,183,미지정,1
286312,1117000000000005041,한남동 660-4 도,도,국유지,96.43441858515143,127.00209421375651,37.53364838924775,173.76144185,172.58071166,524.60897482,183,미지정,1
286313,1117000000000005042,한남동 761-4도,도,국유지,122.76389933470637,127.00182353617802,37.53362457141716,156.30716048,195.64840053,500.71578896,183,미지정,1
286314,1117000000000005043,한남동 653-2 도,도,국유지,127.36522166593932,127.00365183435386,37.53329389462267,206.98207094,111.34780552,678.05423111,183,미지정,1
286315,1117000000000005044,한남동 761-10도,도,국유지,215.03097340941895,127.00361789060219,37.53303333164537,184.13554532,140.3537281,706.80220617,183,미지정,1
286316,1117000000000005045,한남동 719-7도,도,국유지,20.29534825310111,127.00496466666667,37.53728533333334,307.89724258,307.96052557,220.10977126,183,미지정,1
286317,1117000000000005046,한남동 719-18도,도,국유지,306.35254792356864,127.0048369959122,37.537367826465164,322.01345284,322.0747584,214.5368458,183,미지정,1
286318,1117000000000005047,한남동 721-1도,도,국유지,579.9283862709999,127.0047053584487,37.537272256433894,321.0728634,339.96787591,228.38904636,183,미지정,1
286319,1117000000000005048,한남동 653-49도,도,국유지,525.3180571803823,127.0034236758045,37.532605652212894,160.50016052,190.21217069,757.05767482,183,미지정,1
286320,1117000000000005049,한남동 719-17도,도,국유지,76.66405793651938,127.00484928993664,37.53748134787708,331.45314468,289.56165433,202.25373995,183,미지정,1
286321,1117000000000005050,한남동 722-41 도,도,국유지,14.208681433927268,127.00443681302497,37.537419525831325,348.97504954,255.05341439,223.01012829,183,미지정,1
286322,1117000000000005051,한남동 722-39 도,도,국유지,16.685506594367325,127.00440069135804,37.537424641975306,351.52380498,251.81338509,223.99732696,183,미지정,1
286323,1117000000000005052,한남동 726-457 도,도,국유지,549.4451647000387,127.00446149092194,37.53873469286844,467.2356832,273.78201254,113.15262795,183,미지정,1
286324,1117000000000005053,한남동 644-6도,도,국유지,48.534274680539966,127.00410179636177,37.53266396789624,126.54790363,180.53973667,737.73281241,183,미지정,1
286325,1117000000000005054,한남동 636-4도,도,국유지,851.5835688533261,127.00525745622119,37.5333259476075,187.47827765,161.54720511,652.99930541,183,미지정,1
286326,1117000000000005055,한남동 772-18도,도,국유지,88.27827319316566,127.00435253919663,37.53741104992869,353.26733328,247.99128026,227.35847444,183,미지정,1
286327,1117000000000005056,한남동 638-2도,도,국유지,693.1588575183414,127.0046786136711,37.53336937604491,188.50598755,123.45427182,652.56835143,183,미지정,1
286328,1117000000000005057,한남동 644-20도,도,국유지,322.10088940674905,127.00438406134805,37.53285165852989,136.05614513,164.80728054,713.06912981,183,미지정,1
286329,1117000000000005058,한남동 642-33 도,도,국유지,21.73378600552678,127.00468297314377,37.53255944707741,98.908296,203.87124877,741.80240832,183,미지정,1
286330,1117000000000005059,한남동 712-12도,도,국유지,98.0735961701721,127.00631585197038,37.53679111282256,202.24446581,202.36036327,275.11493565,183,미지정,1
286331,1117000000000005060,한남동 712-7도,도,국유지,272.51188171247486,127.00635916916838,37.53704545224553,228.07143896,228.19563211,248.73849771,183,미지정,1
286332,1117000000000005061,한남동 723-55도,도,국유지,16.332351492717862,127.00621446426425,37.537358497897884,264.99522748,265.11780727,211.85101966,183,미지정,1
286333,1117000000000005062,한남동 713-4도,도,국유지,155.44727607211098,127.00615443833745,37.537289039660514,259.18801757,259.30645427,218.05409771,183,미지정,1
286334,1117000000000005063,한남동 716-6 도,도,국유지,514.5958072114736,127.00522032852966,37.53696571577074,265.98240089,266.04349918,250.57362119,183,미지정,1
286335,1117000000000005064,한남동 717-2도,도,국유지,2700.7305027999682,127.00530694162775,37.536552913543645,226.07442856,226.11774269,295.27662003,183,미지정,1
286336,1117000000000005065,한남동 707-23 도,도,국유지,225.51743195578456,127.0056619745614,37.53644103317385,196.08263711,196.13949425,306.61784201,183,미지정,1
286337,1117000000000005066,한남동 716-4도,도,국유지,16.48951405484695,127.00547659369425,37.536520579813605,213.36933041,213.42000575,297.93317586,183,미지정,1
286338,1117000000000005067,한남동 718-1도,도,국유지,17.102611078880727,127.00515021307714,37.53652201711118,233.3799502,233.41328311,300.20555987,183,미지정,1
286339,1117000000000005068,한남동 717-12 도,도,국유지,434.35011143423617,127.00522293284702,37.53707817838955,275.84153334,275.90771709,238.17686924,183,미지정,1
286340,1117000000000005069,한남동 714-3 도,도,국유지,340.6966893626377,127.00530486958226,37.53701656069332,266.05926815,266.1266921,244.07468192,183,미지정,1
286341,1117000000000005070,한남동 714-2 도,도,국유지,212.19831328466535,127.00499962749718,37.53746601772024,322.40448758,322.47580994,199.94124459,183,미지정,1
286342,1117000000000005071,한남동 704-2 도,도,국유지,182.658391172532,127.00607085586672,37.535146275511764,87.55862341,87.46921571,452.19926461,183,미지정,1
286343,1117000000000005072,한남동 707-28 도,도,국유지,195.00043677911162,127.00565803842414,37.53638762122509,191.7324534,191.78550202,312.53890142,183,미지정,1
286344,1117000000000005073,한남동 707-68 도,도,국유지,31.831519925035536,127.005854511094,37.53616877488444,161.98720764,162.03756917,337.54262839,183,미지정,1
286345,1117000000000005074,한남동 710-2 도,도,국유지,741.2586651481688,127.00568623170695,37.536026150918836,161.2462015,161.27143682,352.69856157,183,미지정,1
286346,1117000000000005075,한남동 706-2도,도,국유지,378.9829416871071,127.00581162103387,37.535855657969776,140.59886866,140.61481032,372.01284774,183,미지정,1
286347,1117000000000005076,한남동 707-42 도,도,국유지,856.7381391497329,127.00616891929438,37.53575064640821,109.14022705,109.17449829,386.49211979,183,미지정,1
286348,1117000000000005077,한남동 707-16 도,도,국유지,133.8995181452483,127.00629281897436,37.53547410260073,81.22555902,81.22594067,418.40722553,183,미지정,1
286349,1117000000000005078,한남동 705-1도,도,국유지,981.1389983585104,127.00594239630271,37.53558915999047,114.2581638,114.24742392,402.26335901,183,미지정,1
286350,1117000000000005079,한남동 705-2 도,도,국유지,1183.906845633639,127.00560657178485,37.53583013903057,153.61219011,153.61134312,374.36908872,183,미지정,1
286351,1117000000000005080,한남동 707-12 도,도,국유지,236.72469839453697,127.00559691059775,37.53640703239062,196.88136363,196.93185197,310.34038457,183,미지정,1
286352,1117000000000005081,한남동 707-73도,도,국유지,21.67877801321447,127.00587164419306,37.5361435188537,158.87953649,158.929094,340.44347314,183,미지정,1
286353,1117000000000005082,한남동 707-47 도,도,국유지,294.4597434196621,127.00598938173762,37.53587895136807,130.44870935,130.48180724,370.56388085,183,미지정,1
286354,1117000000000005083,한남동 705-5 도,도,국유지,389.2057358874008,127.00567637930092,37.53562781870881,136.94439477,136.92219653,396.88303217,183,미지정,1
286355,1117000000000005084,한남동 705-8 도,도,국유지,62.49642826989293,127.00585481708784,37.53534337947995,110.55098102,110.49327757,428.99083797,183,미지정,1
286356,1117000000000005085,한남동 704-1도,도,국유지,21.262136552482843,127.00611852018454,37.535216049596315,84.53721532,84.46445238,444.90417858,183,미지정,1
286357,1117000000000005086,한남동 707-2도,도,국유지,859.3023447792511,127.00616035001926,37.53544491804891,89.62682946,89.60758264,420.06753033,183,미지정,1
286358,1117000000000005087,한남동 634-4도,도,국유지,101.95295117422938,127.00574336870973,37.533308624683286,199.16673494,197.04296292,654.35058125,183,미지정,1
286359,1117000000000005088,한남동 633-2도,도,국유지,36.54143037565518,127.00571099776286,37.5332421655481,191.26789448,198.838977,661.67619348,183,미지정,1
286360,1117000000000005089,한남동 632-13도,도,국유지,647.5324819206144,127.00558605177363,37.53282267273155,144.6235139,221.32092905,708.16101163,183,미지정,1
286361,1117000000000005090,한남동 704-22도,도,국유지,272.121101759607,127.00628119483545,37.53520653512014,70.25327241,70.18503997,447.66447602,183,미지정,1
286362,1117000000000005091,한남동 634-5도,도,국유지,12.178830169839785,127.00568533333335,37.533338,200.10816887,190.96556547,651.01030952,183,미지정,1
286363,1117000000000005092,한남동 636-6도,도,국유지,50.22112978040241,127.00564191854676,37.5333137918091,196.16603524,189.27803736,653.66319861,183,미지정,1
286364,1117000000000005093,한남동 639-9도,도,국유지,218.6756006188807,127.00526257042678,37.53293588438045,145.55431979,193.02473566,696.22878184,183,미지정,1
286365,1117000000000005094,한남동 632-6도,도,국유지,114.54962491616607,127.00578999356281,37.53266648381434,139.95182996,246.29646941,725.69236745,183,미지정,1
286366,1117000000000005095,한남동 77-2도,도,국유지,24.828285431023687,127.00634852528646,37.5340060796128,133.3411043,133.15118248,580.61210124,183,미지정,1
286367,1117000000000005096,한남동 634-13도,도,국유지,56.20476391352713,127.0062118734619,37.53376190641999,162.95284591,162.76318066,606.34429953,183,미지정,1
286368,1117000000000005097,한남동 76-38 도,도,국유지,101.56004178896546,127.0063410483918,37.53378197623877,156.00968747,155.82161098,605.25688772,183,미지정,1
286369,1117000000000005098,한남동 76-2 도,도,국유지,194.06504818587564,127.00630396992368,37.53392892812854,142.75160845,142.56176066,588.6897658,183,미지정,1
286370,1117000000000005099,한남동 78-11도,도,국유지,46.444264395628124,127.00644167715703,37.53353856479037,178.12657817,177.94308319,633.10516906,183,미지정,1
286371,1117000000000005100,한남동 634-7도,도,국유지,149.36347714811563,127.00594747731948,37.53330795917073,207.20459457,218.2659425,655.02549706,183,미지정,1
286372,1117000000000005101,한남동 224-2 도,도,국유지,158.01830384647474,127.00737014212403,37.53269863323607,264.3150339,264.16834892,738.7110989,183,미지정,1
286373,1117000000000005102,한남동 828-1 도,도,국유지,196.0790266195545,127.00754421790573,37.5324135678407,297.63426057,297.49261056,772.93695458,183,미지정,1
286374,1117000000000005103,한남동 226-1 도,도,국유지,760.0970675973222,127.007356974332,37.53266007396462,268.45377662,268.30636273,742.64961201,183,미지정,1
286375,1117000000000005104,한남동 634-18 잡,잡,국유지,44.78162493929267,127.00637133333333,37.533361666666664,198.72091412,198.53743648,651.92571749,183,미지정,1
286376,1117000000000005105,한남동 629-3도,도,국유지,454.0387430055998,127.00636324207169,37.53356941593118,177.14571043,176.96011442,628.92236878,183,미지정,1
286377,1117000000000005106,한남동 633-1도,도,국유지,497.2275784704834,127.00604125244145,37.53324196451095,205.09143284,221.35243813,662.77961663,183,미지정,1
286378,1117000000000005107,한남동 87-9 도,도,국유지,278.11896220513154,127.00704455885152,37.53275650661352,256.43624262,256.27711671,726.82736106,183,미지정,1
286379,1117000000000005108,한남동 84-3 도,도,국유지,447.78030229732394,127.00673806283139,37.53272358305584,206.20343936,261.43741459,726.17517385,183,미지정,1
286380,1117000000000005109,한남동 627-1 도,도,국유지,2332.7911096606404,127.00606594254143,37.532590495079546,150.36080496,288.28288606,735.09039504,183,미지정,1
286381,1117000000000005110,한남동 87-10 도,도,국유지,34.41300828102976,127.00614075152032,37.53259677537058,155.75331289,285.67796231,734.79599232,183,미지정,1
286382,1117000000000005111,한남동 704-19 도,도,국유지,352.54697240237147,127.00625626919222,37.53469578546055,81.85171996,81.68023241,503.63322648,183,미지정,1
286383,1117000000000005112,한남동 704-10 도,도,국유지,103.50126758485567,127.00627116628756,37.53452230085617,92.04590065,91.86169759,522.91197782,183,미지정,1
286384,1117000000000005113,한남동 657-207도,도,국유지,29.64962595072575,127.0062800051282,37.534354338240966,104.71879402,104.52941114,541.52339676,183,미지정,1
286385,1117000000000005114,한남동 635-5 도,도,국유지,153.41308483551256,127.0063567154763,37.53424850624508,109.89740238,109.70652074,553.97721125,183,미지정,1
286386,1117000000000005115,한남동 635-2도,도,국유지,226.33355356147513,127.00634454184276,37.53412373779753,122.14473315,121.95406349,567.5998085,183,미지정,1
286387,1117000000000005116,한남동 72-15 도,도,국유지,166.649241425097,127.00793347738174,37.534849973099455,81.16673475,81.22113001,525.38342485,183,미지정,1
286388,1117000000000005117,한남동 72-8 도,도,국유지,586.814260430634,127.00748026272151,37.53400530187506,123.64253202,123.52349535,600.39529016,183,미지정,1
286389,1117000000000005118,한남동 704-13 도,도,국유지,124.32654349785298,127.00625054263321,37.53482998677081,75.93507204,75.7806841,488.78115974,183,미지정,1
286390,1117000000000005119,한남동 703-8도,도,국유지,33.460623665945604,127.00638111961301,37.53441425681617,93.86925866,93.67932728,535.99464494,183,미지정,1
286391,1117000000000005120,한남동 703-2도,도,국유지,103.77126950770617,127.00635036194483,37.534364451024885,99.87420986,99.68402633,541.1362395,183,미지정,1
286392,1117000000000005121,한남동 66-13도,도,국유지,19.02090219128877,127.00647548341068,37.53429434846141,99.95311321,99.76245891,550.30690892,183,미지정,1
286393,1117000000000005122,한남동 259-2도,도,국유지,237.3808676470071,127.00795463267694,37.53353540576206,187.60759774,187.50874182,662.6388294,183,미지정,1
286394,1117000000000005123,한남동 72-22 도,도,국유지,54.909023663029075,127.00730039404493,37.534445788715196,72.23597511,72.11629798,549.01879469,183,미지정,1
286395,1117000000000005124,한남동 66-17 도,도,국유지,84.65210619568825,127.00707781740928,37.53449504067443,63.50618136,63.35078224,538.65412894,183,미지정,1
286396,1117000000000005125,한남동 66-8도,도,국유지,253.41620821971446,127.00730908241238,37.53458793185205,57.66506608,57.56001044,534.08053002,183,미지정,1
286397,1117000000000005126,한남동 703-7 도,도,국유지,124.523391677998,127.00657839540992,37.53442433574917,82.90353827,82.71293093,537.41798282,183,미지정,1
286398,1117000000000005127,한남동 66-2 도,도,국유지,990.8851508749649,127.00701479759734,37.53443024767807,70.7655048,70.60155111,544.32544251,183,미지정,1
286399,1117000000000005128,한남동 75-2 도,도,국유지,252.8065921701491,127.00755316361413,37.53363838351894,164.52111408,164.39651873,641.33028591,183,미지정,1
286400,1117000000000005129,한남동 76-23 도,도,국유지,721.4803838972002,127.0072420244377,37.533719150632805,150.48848489,150.34232431,625.75325586,183,미지정,1
286401,1117000000000005130,한남동 76-5 도,도,국유지,3257.4441241247114,127.00721314764246,37.53386589686313,134.02250288,133.8756519,609.32001099,183,미지정,1
286402,1117000000000005131,한남동 76-30 도,도,국유지,438.3113314611837,127.00687794383585,37.534005334873875,118.88170516,118.71034746,587.87570381,183,미지정,1
286403,1117000000000005132,한남동 79-1 도,도,국유지,253.84780823159963,127.00669995445116,37.533202559409254,209.31356888,209.140713,673.0733734,183,미지정,1
286404,1117000000000005133,한남동 79-4도,도,국유지,119.63532941415906,127.0066968580214,37.53314547622757,215.61917073,215.44657201,679.30376118,183,미지정,1
286405,1117000000000005134,한남동 707-60 도,도,국유지,522.5706065101549,127.00678136151915,37.53492718730466,28.84584912,28.6711732,485.96126232,183,미지정,1
286406,1117000000000005135,한남동 707-17 도,도,국유지,545.0729305585846,127.00671896692792,37.53493609681366,33.18131228,33.01661322,483.8369901,183,미지정,1
286407,1117000000000005136,한남동 707-71도,도,국유지,2426.5114793982357,127.00659890929269,37.53482719170257,48.41468515,48.23889906,493.66424397,183,미지정,1
286408,1117000000000005137,한남동 75-3도,도,국유지,26.37837038980797,127.00768971228462,37.53361588353787,170.50096335,170.38592762,647.07865002,183,미지정,1
286409,1117000000000005138,한남동 75-5 도,도,국유지,123.75462895305827,127.00761546504962,37.53372378235768,157.05135676,156.9341382,633.73424928,183,미지정,1
286410,1117000000000005139,한남동 76-10도,도,국유지,334.0031058348832,127.00736126504741,37.533313430578396,196.47762613,196.33499427,671.99967184,183,미지정,1
286411,1117000000000005140,한남동 76-20 도,도,국유지,254.1950753889978,127.00720578662808,37.533511294079425,173.16540583,173.01527659,647.50469204,183,미지정,1
286412,1117000000000005141,한남동 76-34 도,도,국유지,32.95577119849622,127.00710005427396,37.53370414327529,151.30707018,151.15114763,624.58776747,183,미지정,1
286413,1117000000000005142,한남동 76-12 도,도,국유지,604.1489831669605,127.0072314633943,37.53336552322073,189.472864,189.32337473,663.78857088,183,미지정,1
286414,1117000000000005143,한남동 226-2 도,도,국유지,11.374463504180312,127.0068642095731,37.53302043093288,227.77668225,227.61051778,695.26855866,183,미지정,1
286415,1117000000000005144,한남동 81-1 도,도,국유지,261.41664901329204,127.00696191992046,37.53303823445347,225.32088134,225.1583655,694.76397212,183,미지정,1
286416,1117000000000005145,한남동 263-12도,도,국유지,30.493427127599716,127.00913081802588,37.533963080317406,220.50806399,220.50814721,660.07378636,183,미지정,1
286417,1117000000000005146,한남동 263-23도,도,국유지,66.10270907869563,127.00910667826669,37.533819122084545,228.07125056,228.05922,673.21032312,183,미지정,1
286418,1117000000000005147,한남동 263-27도,도,국유지,31.920712295919657,127.00904546240525,37.53396517557878,214.14372997,214.14025139,656.33470105,183,미지정,1
286419,1117000000000005148,한남동 263-14도,도,국유지,273.53817552141845,127.00894665662526,37.533993323644566,205.20500157,205.19927383,649.54574435,183,미지정,1
286420,1117000000000005149,한남동 30-9 도,도,국유지,625.1270394101739,127.00863200382628,37.53459930931907,148.60932303,148.65338735,577.03256545,183,미지정,1
286421,1117000000000005150,한남동 261-7도,도,국유지,145.03692074678838,127.00840409558108,37.53367090155563,195.43600794,195.37489903,662.1996353,183,미지정,1
286422,1117000000000005151,한남동 73-5도,도,국유지,786.5900676585734,127.00830723876449,37.53382121450604,177.02427537,176.96663977,643.52746487,183,미지정,1
286423,1117000000000005152,한남동 260-1 도,도,국유지,952.0246344609186,127.00827771192564,37.533708620997295,185.41639449,185.34917483,654.19579885,183,미지정,1
286424,1117000000000005153,한남동 253-6도,도,국유지,31.98503324110061,127.00861391100548,37.53263142902417,303.34641087,303.2531555,776.55881318,183,미지정,1
286425,1117000000000005154,한남동 263-11도,도,국유지,53.212552793556824,127.00908656920764,37.53405709223585,211.55878573,211.56473928,649.03208736,183,미지정,1
286426,1117000000000005155,한남동 264-5도,도,국유지,58.57391170784831,127.00905485842684,37.53363393915034,237.68291682,237.65560359,689.47976106,183,미지정,1
286427,1117000000000005156,한남동 263-13도,도,국유지,23.548135335557163,127.008817774422,37.53398873443033,196.35286823,196.34031701,644.89523351,183,미지정,1
286428,1117000000000005157,한남동 264-1도,도,국유지,224.65688170213252,127.0087280062587,37.533864103195576,199.12131627,199.09368653,653.94463263,183,미지정,1
286429,1117000000000005158,한남동 263-28도,도,국유지,80.74843497388065,127.00884147798094,37.53386531069671,206.58521488,206.56383627,658.12679355,183,미지정,1
286430,1117000000000005159,한남동 72-16 도,도,국유지,693.022811422823,127.00798251515988,37.534166039937986,129.21816716,129.16265817,597.45726025,183,미지정,1
286431,1117000000000005160,한남동 63-1 도,도,국유지,1269.2683920534328,127.00806528666985,37.534986750249246,89.60427052,89.69419331,516.2641773,183,미지정,1
286432,1117000000000005161,한남동 253-9도,도,국유지,58.0693666562438,127.00854395416279,37.5327641442971,287.41706795,287.32449632,760.60211971,183,미지정,1
286433,1117000000000005162,한남동 253-8도,도,국유지,30.06715412158519,127.00845516943991,37.53285791973899,274.58124723,274.48733235,748.14730403,183,미지정,1
286434,1117000000000005163,한남동 759-4도,도,국유지,233.64153155696113,126.99994450432462,37.5326127694154,218.17014085,407.02321633,321.00094201,183,미지정,1
286435,1117000000000005164,한남동 726-469 도,도,국유지,994.6788934066426,127.00218807783723,37.54510049853815,98.07441558,229.19943044,461.57571442,183,미지정,1
286436,1117000000000005165,한남동 760-31 도,도,국유지,345.87105650961166,126.99953703385084,37.532653429341295,224.39152331,400.7245705,285.08552555,183,미지정,1
286437,1117000000000005166,한남동 726-408 도,도,국유지,509.0527133960277,127.0041937276914,37.54000722869659,563.99155642,199.49906525,152.9026324,183,미지정,1
286438,1117000000000005167,한남동 755-15도,도,국유지,32.01930905831978,126.99920330290031,37.53279147099673,223.47309458,386.36817631,256.56119012,183,미지정,1
286439,1117000000000005168,한남동 405-3도,도,국유지,17.290252180944663,127.01114317115838,37.53099676595745,578.3963413,329.192669,1034.27187908,183,미지정,1
286440,1117000000000005169,한남동 11-401도,도,국유지,186.874877310358,127.0114205310288,37.53184427411043,526.03676488,309.3321755,965.31260961,183,미지정,1
286441,1117000000000005170,한남동 11-400도,도,국유지,366.24905449245125,127.01167617215981,37.532023043699525,529.95808823,284.16477174,961.02396737,183,미지정,1
286442,1117000000000005171,한남동 11-417도,도,국유지,292.4835488945246,127.0117628962491,37.53204605215495,534.27984112,279.92668621,963.22110059,183,미지정,1
286443,1117000000000005172,한남동 11-14도,도,국유지,99.00143114896491,127.01170898523581,37.53225349308031,516.33727843,258.66197707,941.5817034,183,미지정,1
286444,1117000000000005173,한남동 11-383도,도,국유지,12.532154936343431,127.01137813398564,37.532196336986296,497.40483905,273.49917742,930.41936754,183,미지정,1
286445,1117000000000005174,한남동 11-337도,도,국유지,256.3816235419363,127.01124819249411,37.53236111774759,476.9172479,260.87652351,908.82799611,183,미지정,1
286446,1117000000000005175,한남동 434-3도,도,국유지,102.17712810059311,127.01094772070469,37.53076533728577,588.41123587,300.53376197,1049.06730251,183,미지정,1
286447,1117000000000005176,한남동 428-1도,도,국유지,217.88151789741823,127.01108468657515,37.53101985241634,573.17207692,326.45918119,1029.57202011,183,미지정,1
286448,1117000000000005177,한남동 425도,도,국유지,30.23951913230121,127.01055421627468,37.53097321692349,549.55864679,286.34595009,1013.00975114,183,미지정,1
286449,1117000000000005178,한남동 419-1도,도,국유지,280.008710721042,127.01055023669555,37.531038088573965,543.42102141,290.805729,1006.36898688,183,미지정,1
286450,1117000000000005179,한남동 422-1도,도,국유지,156.4023230014718,127.01008588961716,37.53082707970061,541.42068008,244.75409828,1010.7159254,183,미지정,1
286451,1117000000000005180,한남동 726-263도,도,국유지,29.301545618101954,127.00303599999998,37.54660133333333,174.99773653,237.72830404,641.06922596,183,미지정,1
286452,1117000000000005181,한남동 732-197도,도,국유지,164.20105952979065,126.9989581811492,37.53321498681681,198.26029749,341.92628083,244.25392019,183,미지정,1
286453,1117000000000005182,한남동 726-466도,도,국유지,1918.155030379945,127.00261726747574,37.54626038129947,148.28873531,238.70113739,595.41570894,183,미지정,1
286454,1117000000000005183,한남동 729-44도,도,국유지,1421.102912581875,127.00262182095949,37.537998818251346,300.05955042,89.28045388,295.09847829,183,미지정,1
286455,1117000000000005184,한남동 381-1도,도,국유지,118.53501164354384,127.01011796656458,37.53107375842091,519.27337388,266.36051422,986.73452029,183,미지정,1
286456,1117000000000005185,한남동 390-9도,도,국유지,11.207983068889007,127.01098865164116,37.531186078628735,553.46203322,330.96665937,1009.2999336,183,미지정,1
286457,1117000000000005186,한남동 390-5도,도,국유지,107.67482990445569,127.01086792099429,37.53133910510812,533.54833445,334.04278278,989.29119363,183,미지정,1
286458,1117000000000005187,한남동 390-6도,도,국유지,94.93157052330207,127.01060218063448,37.53137296844751,516.04699178,319.86504136,975.10488396,183,미지정,1
286459,1117000000000005188,한남동 463-1 도,도,국유지,219.83126483904198,127.00997524008004,37.530211111148304,484.33923351,195.02999405,1070.36404763,183,미지정,1
286460,1117000000000005189,한남동 455-1도,도,국유지,156.47645681462018,127.01042726199806,37.53056134434658,582.09329934,249.66754832,1049.80640042,183,미지정,1
286461,1117000000000005190,한남동 459-2도,도,국유지,1369.878080379567,127.01032798764547,37.530197012445235,514.31648621,221.56457554,1083.46256556,183,미지정,1
286462,1117000000000005191,한남동 421-1 도,도,국유지,37.02320954017341,127.01009868865926,37.53101044727081,524.40780024,260.04091582,992.48039906,183,미지정,1
286463,1117000000000005192,한남동 418-1도,도,국유지,145.44853735365905,127.01040997724793,37.53126040896368,516.08647894,299.09931428,978.75840688,183,미지정,1
286464,1117000000000005193,한남동 461 도,도,국유지,1341.6542062037624,127.01002709620971,37.53047239515118,479.80196512,215.16639901,1045.08344405,183,미지정,1
286465,1117000000000005194,한남동 459-8 도,도,국유지,166.3070612763986,127.00998740038344,37.53012014402006,488.82298135,190.93101822,1080.1699147,183,미지정,1
286466,1117000000000005195,한남동 755-8 도,도,국유지,407.1829975277651,126.99915151608343,37.53258668789175,245.54215352,409.37434244,250.88979639,183,미지정,1
286467,1117000000000005196,한남동 726-406 도,도,국유지,154.0873363101855,127.00412743735015,37.54038819362574,521.30544615,191.38747117,184.9390164,183,미지정,1
286468,1117000000000005197,한남동 732-243 도,도,국유지,16.303948018699884,126.99806033333334,37.532827,285.12556559,402.48018941,156.89443866,183,미지정,1
286469,1117000000000005198,한남동 732-185도,도,국유지,130.470758496318,126.99788257243107,37.53285367463659,295.17727181,404.99563177,142.06349444,183,미지정,1
286470,1117000000000005199,한남동 754-7 도,도,국유지,68.21268443303416,126.99855242841741,37.53284737882602,252.57315075,388.57911534,200.18128515,183,미지정,1
286471,1117000000000005200,한남동 752-15 도,도,국유지,21.983740624738857,126.99961615305666,37.533046421835486,181.51734308,357.21816896,296.54769469,183,미지정,1
286472,1117000000000005201,한남동 732-129도,도,국유지,330.99242754856823,126.9982651156458,37.533124901993666,249.95859293,365.43016103,182.90660013,183,미지정,1
286473,1117000000000005202,한남동 752-16 도,도,국유지,42.800176337594166,126.99956564412867,37.533029999618,185.06435665,358.95451379,291.83476246,183,미지정,1
286474,1117000000000005203,한남동 752-13 도,도,국유지,29.262643035966903,126.99949662783557,37.53308736166053,182.15379416,352.56069579,287.01310069,183,미지정,1
286475,1117000000000005204,한남동 753-18도,도,국유지,21.184290608623996,126.99889258138457,37.53302572501351,217.89807856,363.55654214,233.35308021,183,미지정,1
286476,1117000000000005205,한남동 459-4도,도,국유지,280.77676719333977,127.01067015280739,37.530286562506554,619.28810094,253.09145565,1086.42075593,183,미지정,1
286477,1117000000000005206,한남동 458-1도,도,국유지,58.21822606306523,127.01078028233216,37.53049770042407,604.5768004,272.53674218,1069.24902319,183,미지정,1
286478,1117000000000005207,한남동 457-2도,도,국유지,18.045746843330562,127.0109013116789,37.53049671586482,610.55722137,281.8707562,1073.97156539,183,미지정,1
286479,1117000000000005208,한남동 434-2도,도,국유지,36.851806012913585,127.0110015218954,37.53055737481698,609.99492983,292.86150066,1071.83343777,183,미지정,1
286480,1117000000000005209,한남동 368-1 도,도,국유지,11.727837556041777,127.00947158552904,37.531783979506486,422.29426125,301.63375598,891.76329666,183,미지정,1
286481,1117000000000005210,한남동 371-2 도,도,국유지,35.42877593031153,127.00949395620471,37.53163812478656,437.30950451,287.75631399,907.48150113,183,미지정,1
286482,1117000000000005211,한남동 370 도,도,국유지,31.200609220191836,127.00950030639834,37.531732573180314,428.5009308,297.48197642,898.00612358,183,미지정,1
286483,1117000000000005212,한남동 371 도,도,국유지,35.88003768818453,127.00952958418773,37.5316534565049,437.39466033,290.65792158,907.10826606,183,미지정,1
286484,1117000000000005213,한남동 390-12도,도,국유지,117.47885776683688,127.00984039347001,37.53205615150376,414.98203009,342.90802278,877.36758968,183,미지정,1
286485,1117000000000005214,한남동 390-2도,도,국유지,52.129950150847435,127.00998806611469,37.53210427236232,418.64382045,353.68652693,878.22700595,183,미지정,1
286486,1117000000000005215,한남동 458-2도,도,국유지,11.54653129633516,127.01087419031434,37.53045006343811,613.54407471,277.33668195,1077.59386328,183,미지정,1
286487,1117000000000005216,한남동 390-1도,도,국유지,79.7694359254092,127.00971264270638,37.53206026393245,408.01483884,338.37420431,872.18902385,183,미지정,1
286488,1117000000000005217,한남동 390-13도,도,국유지,99.855178758502,127.01043363591705,37.532168078151095,438.87915534,314.94925525,890.09630951,183,미지정,1
286489,1117000000000005218,한남동 390-14도,도,국유지,207.9314120709896,127.01069930030036,37.53204543916305,464.89584123,314.06221899,913.41592263,183,미지정,1
286490,1117000000000005219,한남동 1-288도,도,국유지,25.12317779660225,127.01059033333334,37.532253,441.69958731,299.40496466,888.63152838,183,미지정,1
286491,1117000000000005220,한남동 390-7도,도,국유지,138.1630569351837,127.01078279202169,37.53201977402253,472.07335003,313.00550918,919.5484089,183,미지정,1
286492,1117000000000005221,한남동 128-1 도,도,국유지,89.80174438189715,127.00947970182432,37.530713928100646,426.04986163,199.40040336,1002.71600055,183,미지정,1
286493,1117000000000005222,한남동 129-3 도,도,국유지,236.28102287370712,127.00944823644926,37.5308258193588,420.40258973,207.69793105,990.09642761,183,미지정,1
286494,1117000000000005223,한남동 390-3도,도,국유지,206.72440541733522,127.0104374474287,37.532194431966666,436.96968354,312.34955624,887.69360101,183,미지정,1
286495,1117000000000005224,한남동 11-322도,도,국유지,159.2930215880042,127.0108476717063,37.532339190797316,451.59751514,279.26692376,891.95261276,183,미지정,1
286496,1117000000000005225,한남동 390-4도,도,국유지,178.87543511285912,127.0110634958867,37.5316099932909,522.15308462,344.19765618,971.34441176,183,미지정,1
286497,1117000000000005226,한남동 130-1도,도,국유지,18.698006800026633,127.0099559268101,37.53102864935292,516.29637752,253.1187271,985.63278594,183,미지정,1
286498,1117000000000005227,한남동 130 도,도,국유지,23.93656775355339,127.00994909289618,37.531053153005466,513.63627603,254.79697991,982.89342094,183,미지정,1
286499,1117000000000005228,한남동 381-4도,도,국유지,98.19358423486119,127.00982370589607,37.531213155585526,492.71828245,261.97165429,962.22070012,183,미지정,1
286500,1117000000000005229,한남동 381-2도,도,국유지,40.62827254389413,127.00978815525777,37.531304554187294,482.35789074,268.49195283,951.6526071,183,미지정,1
286501,1117000000000005230,한남동 381-6도,도,국유지,30.023686117259786,127.0099246508196,37.531003841746994,517.32819269,249.22889211,987.09423278,183,미지정,1
286502,1117000000000005231,한남동 129-5도,도,국유지,15.284073672140948,127.00986912195124,37.5310055198973,514.7777992,246.20517694,985.03202535,183,미지정,1
286503,1117000000000005232,한남동 135-5도,도,국유지,15.951125227380544,127.00957103761789,37.53142356242315,461.42598224,269.7145057,932.1040996,183,미지정,1
286504,1117000000000005233,한남동 373-4도,도,국유지,71.66707114200108,127.00958931022286,37.531459334268696,458.7365839,273.96994401,929.03903523,183,미지정,1
286505,1117000000000005234,한남동 372-1 도,도,국유지,15.56845567934215,127.00958693047679,37.531503211720214,454.38858875,278.14116404,924.45517779,183,미지정,1
286506,1117000000000005235,한남동 373-3도,도,국유지,29.567376068793237,127.00952246593678,37.531483994912634,453.48049163,273.58244654,924.27508143,183,미지정,1
286507,1117000000000005236,한남동 365-1도,도,국유지,47.02910115197301,127.00948880037546,37.531538332881375,446.7618126,277.60270587,917.56856402,183,미지정,1
286508,1117000000000005237,한남동 465-7 도,도,국유지,82.03762387018651,127.00982723866468,37.53012260757349,475.50424751,178.7573652,1074.91257707,183,미지정,1
286509,1117000000000005238,한남동 471-3도,도,국유지,103.43365341599565,127.0095300907036,37.53014626267368,450.12731556,158.30452353,1063.58609203,183,미지정,1
286510,1117000000000005239,한남동 471-7 도,도,국유지,178.74619260290638,127.0098238361278,37.530263949617186,469.76615645,187.01592701,1060.11152718,183,미지정,1
286511,1117000000000005240,한남동 386-3도,도,국유지,32.77529002027586,127.00975610745287,37.531342636236666,477.28109923,270.45215401,946.65749116,183,미지정,1
286512,1117000000000005241,한남동 373-5 도,도,국유지,48.84904006868601,127.00966712805837,37.53139367302607,468.46043531,271.09012719,938.39869963,183,미지정,1
286513,1117000000000005242,한남동 481-1 도,도,국유지,64.55068237811793,127.00929058036982,37.53049202335362,416.97046565,169.71511358,1020.42859568,183,미지정,1
286514,1117000000000005243,한남동 128-2 도,도,국유지,180.2019779421389,127.00941079175968,37.530673257163336,421.32333459,192.10199225,1004.90116641,183,미지정,1
286515,1117000000000005244,한남동 452-2도,도,국유지,17.59936020663008,127.0096437993311,37.53063529877369,442.30275131,202.16906043,1015.93264628,183,미지정,1
286516,1117000000000005245,한남동 471-6 도,도,국유지,117.59447672963142,127.00973805188956,37.530241180654045,463.4852086,179.36665454,1059.83666605,183,미지정,1
286517,1117000000000005246,한남동 474-2 도,도,국유지,552.6101510394365,127.0097506826024,37.530456120482384,456.91517322,195.07929133,1037.87319284,183,미지정,1
286518,1117000000000005247,한남동 473-1 도,도,국유지,414.0909462008858,127.00959242528123,37.53045625101574,443.56831638,184.78755584,1032.99807806,183,미지정,1
286519,1117000000000005248,한남동 149-11 도,도,국유지,22.89656322193332,127.0088362654956,37.531447299200224,356.51825039,247.38390521,907.14075966,183,미지정,1
286520,1117000000000005249,한남동 373-2도,도,국유지,58.15853398665786,127.0094181331984,37.531612408057136,436.55183843,282.33048639,907.61005706,183,미지정,1
286521,1117000000000005250,한남동 149-7 도,도,국유지,265.97912409109995,127.00897976177478,37.531391639262836,441.91993625,245.20928373,917.05795451,183,미지정,1
286522,1117000000000005251,한남동 371-1 도,도,국유지,41.476636135950685,127.00944819422106,37.5316274800536,436.36430987,284.96236274,907.05035817,183,미지정,1
286523,1117000000000005252,한남동 370-2 도,도,국유지,39.55384954321198,127.0094025403026,37.5316763702877,429.6634409,288.24303428,900.50857029,183,미지정,1
286524,1117000000000005253,한남동 369-3도,도,국유지,17.03504143562168,127.00936394145313,37.53169608810826,426.10463983,288.89973273,897.20804584,183,미지정,1
286525,1117000000000005254,한남동 370-3 도,도,국유지,39.60288191400468,127.00945416076293,37.53171114854265,428.52466653,293.6254566,898.64826558,183,미지정,1
286526,1117000000000005255,한남동 368-8 도,도,국유지,107.62515950994566,127.00940218032389,37.531802986752965,417.3946084,301.14655476,887.47454717,183,미지정,1
286527,1117000000000005256,한남동 339-5도,도,국유지,27.129489328712225,127.0092821628398,37.53181633134455,410.92740282,298.60453244,882.13545628,183,미지정,1
286528,1117000000000005257,한남동 350-1 도,도,국유지,28.198696218430996,127.00925778546993,37.53185602145301,406.0284312,301.98596241,877.24625572,183,미지정,1
286529,1117000000000005258,한남동 339-8도,도,국유지,39.75482918322086,127.00935677042979,37.5318836010693,407.63667787,307.93870158,877.67383885,183,미지정,1
286530,1117000000000005259,한남동 348-3 도,도,국유지,49.88853991078213,127.00923455278082,37.53190708524236,400.07106375,306.63347394,871.22095152,183,미지정,1
286531,1117000000000005260,한남동 348-1 도,도,국유지,20.664671286940575,127.00931001028563,37.53189673771659,404.32170259,307.82402994,874.7667342,183,미지정,1
286532,1117000000000005261,한남동 120-3도,도,국유지,94.82440380065236,127.00857621891161,37.53079552265674,346.64729227,171.55749613,969.55004815,183,미지정,1
286533,1117000000000005262,한남동 132-1 도,도,국유지,335.0824908085633,127.00926022641531,37.53101882772688,399.77620666,217.11631205,964.30510024,183,미지정,1
286534,1117000000000005263,한남동 143-2도,도,국유지,63.84391113370657,127.00892646834659,37.531016607252596,370.85570266,204.4705003,955.04721187,183,미지정,1
286535,1117000000000005264,한남동 126-10 도,도,국유지,19.33563960995525,127.00902167562997,37.531054112971425,378.33038284,211.49207368,953.72253226,183,미지정,1
286536,1117000000000005265,한남동 126-7 도,도,국유지,321.5107594705187,127.00923964128027,37.53089810220147,400.65341934,204.52683276,976.33696419,183,미지정,1
286537,1117000000000005266,한남동 143-1도,도,국유지,36.98887763917446,127.00882407045924,37.53106040034478,361.03750226,205.97761924,947.66320269,183,미지정,1
286538,1117000000000005267,한남동 517-4도,도,국유지,186.30952528811758,127.00862855941695,37.53036536687466,367.22797748,127.57109801,1016.79104815,183,미지정,1
286539,1117000000000005268,한남동 495-1 도,도,국유지,126.62497626896948,127.00885872144106,37.530108433507664,397.60790955,112.66414724,1049.72850346,183,미지정,1
286540,1117000000000005269,한남동 143-6 도,도,국유지,134.07872217451222,127.00900269167731,37.53121663710749,373.80485435,227.61132943,936.09228472,183,미지정,1
286541,1117000000000005270,한남동 143-5도,도,국유지,23.774626271799207,127.00905258682349,37.531293872017066,377.11868596,237.19294197,929.41733399,183,미지정,1
286542,1117000000000005271,한남동 142-1도,도,국유지,155.7687097004382,127.0091003443965,37.53123453671106,382.09906637,232.64763246,937.02546851,183,미지정,1
286543,1117000000000005272,한남동 143-8도,도,국유지,50.12937822903041,127.00913053832355,37.5311512954664,386.0271596,225.22365356,946.62742963,183,미지정,1
286544,1117000000000005273,한남동 509-8 도,도,국유지,116.3193872612901,127.0084321894099,37.53010268108853,364.37758783,94.1854754,1040.63203382,183,미지정,1
286545,1117000000000005274,한남동 516-4도,도,국유지,91.86735075362958,127.00839967857333,37.530217371420434,355.89582008,105.53209259,1027.5854135,183,미지정,1
286546,1117000000000005275,한남동 488-1도,도,국유지,358.2573084796313,127.0092109222186,37.53028264156102,418.30579952,147.46042971,1040.29296692,183,미지정,1
286547,1117000000000005276,한남동 118-6도,도,국유지,12.404910700395703,127.00923182667724,37.530670934625,406.15678428,182.69872981,999.95446458,183,미지정,1
286548,1117000000000005277,한남동 522-2도,도,국유지,729.0451460964978,127.00753845450144,37.530499880744934,273.91824302,141.86459089,981.0592895,183,미지정,1
286549,1117000000000005278,한남동 519-4도,도,국유지,42.232636113185436,127.00817303875337,37.53052010375532,323.45533319,135.70149391,990.21440878,183,미지정,1
286550,1117000000000005279,한남동 149-6 도,도,국유지,552.6747422402259,127.00870921836355,37.531695671627794,401.6770931,271.56114205,877.44210414,183,미지정,1
286551,1117000000000005280,한남동 516-13도,도,국유지,37.425719200633466,127.00838570659677,37.5303839566623,346.76009013,123.20949249,1009.34879766,183,미지정,1
286552,1117000000000005281,한남동 139 도,도,국유지,16861.8872443313,127.0085994306986,37.53217715614556,348.52324813,322.58019977,823.6869534,183,미지정,1
286553,1117000000000005282,한남동 115-3 도,도,국유지,1385.5258000930771,127.00832693940035,37.531237212902106,314.37438715,216.11367529,916.42180911,183,미지정,1
286554,1117000000000005283,한남동 174-1도,도,국유지,240.0499947235221,127.00838830241109,37.53178351769512,382.96344587,276.9872477,859.63089559,183,미지정,1
286555,1117000000000005284,한남동 174-2도,도,국유지,42.29061550763436,127.00843109974485,37.531986144127444,362.87806595,299.73907916,839.23076652,183,미지정,1
286556,1117000000000005285,한남동 183-3 도,도,국유지,50.99204216711223,127.00835969917918,37.53209112972939,349.79148854,310.78469868,826.23090495,183,미지정,1
286557,1117000000000005286,한남동 200-2도,도,국유지,10.73696358781308,127.00828555763665,37.53216241997868,340.18140168,318.24939081,816.74603608,183,미지정,1
286558,1117000000000005287,한남동 557-55도,도,국유지,20.061962993699126,127.00680764009782,37.529619003585985,288.31391423,118.69820277,1069.08185399,183,미지정,1
286559,1117000000000005288,한남동 88-1 도,도,국유지,4847.325497308222,127.0072654166534,37.53179956581144,217.22725867,286.89449335,834.81385119,183,미지정,1
286560,1117000000000005289,한남동 107-13 도,도,국유지,2213.117064972059,127.0067813746924,37.531358601420685,177.49175855,256.1273398,876.90737867,183,미지정,1
286561,1117000000000005290,한남동 830-1 도,도,국유지,451.850998054666,127.00765764150417,37.53190047957939,252.69965912,291.21107517,830.69167636,183,미지정,1
286562,1117000000000005291,한남동 557-110 도,도,국유지,31.814494784921408,127.0067105837188,37.52994541103916,254.86820434,141.38556568,1032.19033126,183,미지정,1
286563,1117000000000005292,한남동 533-2 도,도,국유지,746.8019523289986,127.00692582923254,37.52895212797974,355.19567983,109.80381512,1143.77422086,183,미지정,1
286564,1117000000000005293,한남동 557-106 도,도,국유지,273.40389773162315,127.00668345566757,37.529051464769694,334.78348324,127.25378459,1130.79015524,183,미지정,1
286565,1117000000000005294,한남동 534-1 도,도,국유지,251.12458422780037,127.00690220472953,37.529070433992246,342.96721376,107.94115334,1130.49903613,183,미지정,1
286566,1117000000000005295,한남동 828-2 도,도,국유지,77.65043620701181,127.00707862280755,37.53217371618975,207.80008077,320.96451667,791.07632894,183,미지정,1
286567,1117000000000005296,한남동 200-1도,도,국유지,81.2065187743865,127.00806814613031,37.532156677800586,335.15521271,317.14339658,811.96389667,183,미지정,1
286568,1117000000000005297,한남동 208-1도,도,국유지,116.81133799999952,127.00794121259707,37.53233516512001,313.11897597,312.99181225,789.88634957,183,미지정,1
286569,1117000000000005298,한남동 557-17도,도,국유지,14.945917392149568,127.00686334383545,37.529616129635706,291.60087334,113.91033546,1069.90241743,183,미지정,1
286570,1117000000000005299,한남동 557-13도,도,국유지,38.053917502984405,127.0067887492051,37.52973071839821,277.55332192,124.51527073,1056.57817448,183,미지정,1
286571,1117000000000005300,한남동 557-118도,도,국유지,185.5505719606299,127.00675679798033,37.52981528426915,268.5072102,130.95123772,1046.95956415,183,미지정,1
286572,1117000000000005301,한남동 525-13 도,도,국유지,2084.029366705392,127.00687629506649,37.52948169195145,304.11650369,109.09616483,1084.86135935,183,미지정,1
286573,1117000000000005302,한남동 538-3도,도,국유지,103.3474301211536,127.00685896459254,37.52864501789359,381.77145175,130.7498621,1177.11110877,183,미지정,1
286574,1117000000000005303,한남동 537-4도,도,국유지,37.872882874682546,127.0070279934378,37.528759838103866,378.11390742,111.2714828,1165.9493871,183,미지정,1
286575,1117000000000005304,한남동 537-1도,도,국유지,12.900623054243624,127.00703701013941,37.52879949404309,374.77304183,108.28127449,1161.66102783,183,미지정,1
286576,1117000000000005305,한남동 557-9도,도,국유지,11.007047422754113,127.00667152881758,37.52988755080214,257.52156038,141.29130222,1038.26214013,183,미지정,1
286577,1117000000000005306,한남동 525-1 도,도,국유지,20.571950050769374,127.00694730058815,37.530182201239874,251.03747654,140.67263269,1008.29101679,183,미지정,1
286578,1117000000000005307,한남동 525-9 도,도,국유지,74.16487230476923,127.00686832447091,37.530247181878316,241.03489427,150.70523148,1000.32277833,183,미지정,1
286579,1117000000000005308,한남동 537-6도,도,국유지,175.0070250495919,127.00690681792702,37.52876945910645,371.75376317,119.91055112,1163.77500707,183,미지정,1
286580,1117000000000005309,한남동 532-4 도,도,국유지,34.9492842098698,127.0072206777544,37.52896297936842,368.58094358,85.35351155,1145.54513412,183,미지정,1
286581,1117000000000005310,한남동 504-2잡,잡,국유지,25.266295216977596,127.00890478198407,37.529605088526495,428.43909624,79.68915773,1104.62447826,183,미지정,1
286582,1117000000000005311,한남동 526-4 도,도,국유지,104.18443654291332,127.00685599058377,37.52990785951036,266.55513002,128.22849624,1037.63691111,183,미지정,1
286583,1117000000000005312,한남동 557-117도,도,국유지,11.061018957581837,127.00671911869918,37.52989733200295,259.39896322,138.093156,1037.57412294,183,미지정,1
286584,1117000000000005313,한남동 525-11 도,도,국유지,200.78509372938424,127.00677407924952,37.53013069854725,243.72708464,148.41193648,1012.28161457,183,미지정,1
286585,1117000000000005314,한남동 538-2도,도,국유지,68.37824750621803,127.00682599999999,37.528688333333335,376.15741056,130.62389904,1172.05202572,183,미지정,1
286586,1117000000000005315,한남동 537-5도,도,국유지,14.20540433935821,127.00696333333335,37.52873033333333,378.01312068,117.85142532,1168.60110698,183,미지정,1
286587,1117000000000005316,한남동 557-121 도,도,국유지,27.557242606417276,127.00665881547404,37.528916873501835,346.82074857,133.35780475,1145.49480818,183,미지정,1
286588,1117000000000005317,한남동 532-2 도,도,국유지,27.35122259426862,127.007284126076,37.5290153738044,367.1573588,77.81658593,1140.49491233,183,미지정,1
286589,1117000000000005318,한남동 533-1 도,도,국유지,27.115727700700518,127.00708610926196,37.52907435196575,351.63004072,92.10252942,1131.83923254,183,미지정,1
286590,1117000000000005319,한남동 536-4도,도,국유지,137.8598682001466,127.00711850154774,37.52888075583228,371.03210492,97.55924088,1153.51318327,183,미지정,1
286591,1117000000000005320,한남동 557-21 도,도,국유지,9.947638265788555,127.00668833333334,37.52935066666667,306.58068031,123.94634638,1097.74339521,183,미지정,1
286592,1117000000000005321,한남동 557-20 도,도,국유지,78.18302762508392,127.00666500173578,37.5294062785202,300.27774197,126.43635902,1091.41508424,183,미지정,1
286593,1117000000000005322,한남동 525-15 도,도,국유지,84.52073737856699,127.00719018108835,37.52911980558296,352.90089914,81.9146132,1127.93897176,183,미지정,1
286594,1117000000000005323,한남동 529-2 도,도,국유지,53.652498214971274,127.00683298972996,37.52926245721338,321.77636405,111.10383213,1108.6812174,183,미지정,1
286595,1117000000000005324,한남동 557-120 도,도,국유지,47.19732637505513,127.00672319891916,37.52927620667914,315.20446321,120.7603288,1106.24852672,183,미지정,1
286596,1117000000000005325,한남동 495-2 도,도,국유지,70.33907829225063,127.00920316982798,37.53004368193863,428.18711008,128.54293223,1065.36163895,183,미지정,1
286597,1117000000000005326,한남동 502-2도,도,국유지,84.02951746806502,127.00922849432803,37.52974539721363,445.15840331,112.22595366,1097.6503897,183,미지정,1
286598,1117000000000005327,한남동 501-1도,도,국유지,195.37548503885046,127.0093470911099,37.52982476406984,450.29375073,125.56260667,1092.36142993,183,미지정,1
286599,1117000000000005328,한남동 557-16 도,도,국유지,556.1338381338865,127.00677124568554,37.52953695744619,293.66346578,119.43616737,1077.82866904,183,미지정,1
286600,1117000000000005329,한남동 503-2도,도,국유지,79.45314871892333,127.00910779602421,37.52969709536157,438.49316219,100.28670624,1099.7053018,183,미지정,1
286601,1117000000000005330,한남동 499-1 도,도,국유지,20.174714629538357,127.00939609028285,37.529912284625986,449.84551448,134.07214455,1084.441074,183,미지정,1
286602,1117000000000005331,한남동 499-2 도,도,국유지,121.69575788266957,127.00945510122263,37.529849934300685,457.56848615,135.32903618,1092.63905787,183,미지정,1
286603,1117000000000005332,한남동 465-3 도,도,국유지,703.5545547762886,127.0097825159551,37.52985404434821,483.49941111,161.85201112,1101.57712163,183,미지정,1
286604,1117000000000005333,한남동 511-11도,도,국유지,201.05197960539954,127.00820432638822,37.529374250170775,393.74037173,13.15314854,1114.93834673,183,미지정,1
286605,1117000000000005334,한남동 803 도,도,국유지,73.3662666529417,127.00795840663233,37.52946334998104,370.83764744,21.56677885,1100.94066563,183,미지정,1
286606,1117000000000005335,한남동 399-9도,도,국유지,168.11337326746434,127.0087930774662,37.5295429344868,423.94752096,67.84825113,1108.72334724,183,미지정,1
286607,1117000000000005336,한남동 511-10도,도,국유지,43.449731875211,127.00808905226914,37.52930204583427,391.3850315,0.30922181,1120.73501564,183,미지정,1
286608,1117000000000005337,한남동 512-6도,도,국유지,384.3743609795347,127.00781467259218,37.529809551925695,336.50513265,61.61198743,1060.81827567,183,미지정,1
286609,1117000000000005338,한남동 504-3 도,도,국유지,90.65654524229467,127.00896154759587,37.529647352451036,430.21173829,86.25250723,1101.44482208,183,미지정,1
286610,1117000000000005339,한남동 467-2 도,도,국유지,175.5440273269778,127.00961492602733,37.52991231248835,467.33914275,151.06003877,1090.57772613,183,미지정,1
286611,1117000000000005340,한남동 466-3도,도,국유지,105.38119360164274,127.0097690789425,37.52996092693788,477.57406943,165.66074919,1090.0075571,183,미지정,1
286612,1117000000000005341,한남동 465-2 도,도,국유지,56.96293511544354,127.00989652567526,37.52999293593386,486.55436903,177.34254022,1090.53611559,183,미지정,1
286613,1117000000000005342,한남동 465-5도,도,국유지,57.54661890305579,127.00988831583136,37.530067000198876,482.78665073,180.42262551,1082.57987609,183,미지정,1
286614,1117000000000005343,한남동 459-5도,도,국유지,587.7783156803343,127.0101115479123,37.52998540958858,504.46906501,194.3101124,1098.07712783,183,미지정,1
286615,1117000000000005344,한남동 467-7도,도,국유지,20.012854958884418,127.01001883333336,37.52981916666667,504.12097256,180.06627882,1112.38504622,183,미지정,1
286616,1117000000000005345,한남동 510-4도,도,국유지,264.21496362955077,127.00859961144215,37.52951040507441,411.96216821,50.84677842,1107.9977035,183,미지정,1
286617,1117000000000005346,한남동 511-8 도,도,국유지,35.424893006216735,127.00790556447893,37.529513967275925,363.61999521,28.82780041,1094.54535331,183,미지정,1
286618,1117000000000005347,한남동 513-3 도,도,국유지,273.09664579248056,127.00802107668174,37.52990604080154,344.86483636,67.61301386,1053.84967186,183,미지정,1
286619,1117000000000005348,한남동 568-7도,도,국유지,185.74731069803238,127.00596080939059,37.52957439445799,254.1950373,190.58342369,1069.15823536,183,미지정,1
286620,1117000000000005349,한남동 557-112도,도,국유지,472.03410451859236,127.00615358397847,37.52978252420341,241.10073172,179.29223937,1046.72899151,183,미지정,1
286621,1117000000000005350,한남동 598-1도,도,국유지,259.13123398518655,127.00600722954576,37.53007266129715,206.74941084,203.05310424,1014.02078128,183,미지정,1
286622,1117000000000005351,한남동 524-1 도,도,국유지,1289.805912495125,127.00642481300156,37.53057921127143,187.28030464,204.50186784,959.93819598,183,미지정,1
286623,1117000000000005352,한남동 524-5 도,도,국유지,53.42100827489048,127.00657271077033,37.53054149891347,200.01254627,192.28643872,965.18983446,183,미지정,1
286624,1117000000000005353,한남동 524-2 도,도,국유지,16.696839907672256,127.00617958206031,37.53065818683901,165.26648304,226.35238367,949.78043207,183,미지정,1
286625,1117000000000005354,한남동 548-2도,도,국유지,670.0136947575957,127.00613220755729,37.528171994218795,405.83032916,213.47765662,996.19821416,183,미지정,1
286626,1117000000000005355,한남동 548-4 도,도,국유지,116.28783252183348,127.00601604690598,37.528244070963574,395.28940965,217.46822029,983.32766262,183,미지정,1
286627,1117000000000005356,한남동 557-10도,도,국유지,127.62119125435129,127.00659108595332,37.5298395664668,257.23959306,145.3566917,1042.94360686,183,미지정,1
286628,1117000000000005357,한남동 605-2 도,도,국유지,24.72160882555181,127.00648766388889,37.53021206666666,219.66714876,174.07062987,1000.99419079,183,미지정,1
286629,1117000000000005358,한남동 605-3 도,도,국유지,352.9689606669708,127.0064262295627,37.53041237532425,199.88400586,192.00568827,978.4116367,183,미지정,1
286630,1117000000000005359,한남동 541-1 도,도,국유지,1144.8559902356938,127.00619170450825,37.52769459670202,458.20527229,244.63617456,1027.71601362,183,미지정,1
286631,1117000000000005360,한남동 555-1도,도,국유지,754.0149454106577,127.00632644606858,37.52818047968021,410.20272786,199.23142319,1010.73600831,183,미지정,1
286632,1117000000000005361,한남동 553-1도,도,국유지,59.966180910822004,127.00622275351056,37.52829802194955,394.90561015,198.90593697,996.43443974,183,미지정,1
286633,1117000000000005362,한남동 554-2 도,도,국유지,397.7041531056748,127.00632813793297,37.52839313078352,388.01966394,185.316724,1201.51589051,183,미지정,1
286634,1117000000000005363,한남동 554-3 도,도,국유지,46.39834376517683,127.00617636226521,37.52835768224266,387.33254949,198.75993261,989.68047308,183,미지정,1
286635,1117000000000005364,한남동 539-1도,도,국유지,509.25267974834424,127.00657624544647,37.528491515920344,386.11007667,160.99365418,1192.00100552,183,미지정,1
286636,1117000000000005365,한남동 556-5 도,도,국유지,40.1000192881329,127.0063690029358,37.52842692375128,385.77488731,180.25127862,1197.97058237,183,미지정,1
286637,1117000000000005366,한남동 557-58 도,도,국유지,862.1793637234368,127.00657431240818,37.5286998615683,365.00064082,149.51009638,1168.92664062,183,미지정,1
286638,1117000000000005367,한남동 557-116도,도,국유지,38.8538766046986,127.00624175411362,37.528786161511604,344.53401628,172.93453165,1157.55952811,183,미지정,1
286639,1117000000000005368,한남동 557-93도,도,국유지,84.2805942678824,127.00582615991544,37.52897547239359,312.64188888,203.22624527,931.08235151,183,미지정,1
286640,1117000000000005369,한남동 557-89도,도,국유지,63.42856787936762,127.0061047121646,37.52910851266981,306.81267084,176.67501357,1121.27857974,183,미지정,1
286641,1117000000000005370,한남동 612-15도,도,국유지,16.24547187425196,127.00569407065217,37.53105856159421,103.62317888,287.99659825,903.99405458,183,미지정,1
286642,1117000000000005371,한남동 611-1 도,도,국유지,542.3095995178446,127.00588563208875,37.53113992551691,111.84589759,282.25499728,895.28378836,183,미지정,1
286643,1117000000000005372,한남동 611-14도,도,국유지,13.366259530186653,127.0059367062997,37.530878696758414,132.91270783,258.69751812,924.40058812,183,미지정,1
286644,1117000000000005373,한남동 611-7도,도,국유지,10.266243541613221,127.00597713823855,37.530916433667784,132.91519616,258.96581078,920.33743548,183,미지정,1
286645,1117000000000005374,한남동 611-8잡,잡,국유지,14.705327239818871,127.00599947676228,37.530898891038476,135.67639623,256.19305167,922.3568987,183,미지정,1
286646,1117000000000005375,한남동 611-9 잡,잡,국유지,11.875065164640546,127.00563330689798,37.53105847542338,99.65543787,291.96087216,903.96944089,183,미지정,1
286647,1117000000000005376,한남동 109-3 도,도,국유지,524.1730978433043,127.00677431071894,37.530796980822984,198.84711789,202.82416286,938.75593999,183,미지정,1
286648,1117000000000005377,한남동 568-11도,도,국유지,79.05600619543111,127.00560066716305,37.52956382364378,244.36948349,221.9056868,1069.85207723,183,미지정,1
286649,1117000000000005378,한남동 618-9도,도,국유지,96.89329135697335,127.00546479442136,37.53158344539502,58.50413494,330.60147442,845.78174969,183,미지정,1
286650,1117000000000005379,한남동 618-4도,도,국유지,51.00225070363376,127.00564183599407,37.531465955792775,76.8389301,323.45026571,858.7474599,183,미지정,1
286651,1117000000000005380,한남동 622-5 도,도,국유지,97.38367504387861,127.00581579609481,37.53166553740641,88.65823802,337.03069894,836.80808303,183,미지정,1
286652,1117000000000005381,한남동 580-1도,도,국유지,252.84231029613875,127.00576993396317,37.530275688471974,176.78538196,231.87498271,990.95960449,183,미지정,1
286653,1117000000000005382,한남동 563-2도,도,국유지,104.02748971822439,127.00587638721234,37.52989373950081,218.84132438,206.41219761,1033.52716096,183,미지정,1
286654,1117000000000005383,한남동 649-16도,도,국유지,78.8033592812717,127.00413733937091,37.53187242068135,63.62321001,268.28583776,823.81306243,183,미지정,1
286655,1117000000000005384,한남동 647-11도,도,국유지,1586.6262542452896,127.00390868533688,37.532203583917116,99.18109742,230.56575027,791.09897916,183,미지정,1
286656,1117000000000005385,한남동 647-43도,도,국유지,10.879221113398671,127.00412920288551,37.53196319176435,68.40209582,258.18680319,813.97911578,183,미지정,1
286657,1117000000000005386,한남동 614-5도,도,국유지,20.478381893597543,127.00472502179642,37.5315577489022,15.08404002,311.36392994,852.05650863,183,미지정,1
286658,1117000000000005387,한남동 647-6도,도,국유지,85.36119372863322,127.00440290752552,37.532018624528334,52.65950294,255.32847125,804.37192765,183,미지정,1
286659,1117000000000005388,한남동 620-190도,도,국유지,75.09994043130428,127.00487590810533,37.53205343748504,42.44766761,262.47733225,796.10230337,183,미지정,1
286660,1117000000000005389,한남동 642-32도,도,국유지,22.042854264378548,127.00496400000002,37.53224933333333,65.20581371,245.05364118,773.82907569,183,미지정,1
286661,1117000000000005390,한남동 642-25도,도,국유지,116.10495055932552,127.00485175129907,37.53239528238493,80.09416172,226.28041829,758.47298571,183,미지정,1
286662,1117000000000005391,한남동 627-9 잡,잡,국유지,25.005455649108626,127.00579290009148,37.53224516941284,107.32648632,282.2979536,772.44679484,183,미지정,1
286663,1117000000000005392,한남동 605-4 도,도,국유지,54.019399910699576,127.00611181621719,37.530696975665116,157.95309096,233.68862204,945.1753091,183,미지정,1
286664,1117000000000005393,한남동 605-1도,도,국유지,90.24303333088756,127.00610684059863,37.530821391455596,148.47010341,243.39095221,931.36152807,183,미지정,1
286665,1117000000000005394,한남동 613-15도,도,국유지,210.4990759329521,127.00539984331046,37.531191282007086,74.60744468,317.17317656,889.39785187,183,미지정,1
286666,1117000000000005395,한남동 613-20 도,도,국유지,55.59844201843953,127.00565118256137,37.53119351298338,91.31666695,301.05630003,888.98888642,183,미지정,1
286667,1117000000000005396,한남동 622-4 도,도,국유지,24.878082023002207,127.00579766666668,37.53184466666667,89.08031517,319.21294225,816.89622703,183,미지정,1
286668,1117000000000005397,한남동 620-4도,도,국유지,3400.982970958401,127.00405938026421,37.53104874182313,96.20355541,359.08104327,705.41003585,183,미지정,1
286669,1117000000000005398,한남동 578-12 도,도,국유지,145.32636640779674,127.00475274241711,37.53101775830298,73.06110634,370.3226751,911.55420436,183,미지정,1
286670,1117000000000005399,한남동 620-112도,도,국유지,1981.1355700496351,127.00323761441257,37.530730744924256,174.21673357,398.06146698,645.47946371,183,미지정,1
286671,1117000000000005400,한남동 568-295도,도,국유지,486.9976413776749,127.00429997223435,37.53005321862542,185.54204835,345.21810478,759.53773293,183,미지정,1
286672,1117000000000005401,한남동 573-29도,도,국유지,231.0303911381052,127.00480877549894,37.52994897246284,191.49032261,298.781825,805.62775981,183,미지정,1
286673,1117000000000005402,한남동 605-5 도,도,국유지,115.94604922737926,127.0062279149674,37.53055814767184,176.04287213,215.83699687,961.10525025,183,미지정,1
286674,1117000000000005403,한남동 807-4 도,도,국유지,163.35107550560497,127.00398734386324,37.52927866767762,275.71453649,362.56509655,770.85625721,183,미지정,1
286675,1117000000000005404,한남동 568-338도,도,국유지,321.938302601804,127.00396377932331,37.529549173809876,247.51336012,365.69356102,755.18865635,183,미지정,1
286676,1117000000000005405,한남동 569-5도,도,국유지,44.74476417514961,127.00409138507636,37.529287189285974,272.50521305,353.3641166,778.51655817,183,미지정,1
286677,1117000000000005406,한남동 568-379도,도,국유지,54.45666247326881,127.00410835077766,37.52966316318381,231.73324763,354.17152648,761.18948144,183,미지정,1
286678,1117000000000005407,한남동 568-45도,도,국유지,192.03019558405504,127.00366522311342,37.52979616924228,231.81851565,394.89916493,719.46846686,183,미지정,1
286679,1117000000000005408,한남동 806도,도,국유지,120.02604671451263,127.00551615320069,37.527929143773775,420.28941686,273.5820261,963.29889279,183,미지정,1
286680,1117000000000005409,한남동 568-202도,도,국유지,2272.7068702213,127.00526788999741,37.528770209137654,324.81845462,256.18991001,897.27553687,183,미지정,1
286681,1117000000000005410,한남동 542-23 도,도,국유지,224.87513454561122,127.00478610800396,37.52798095038246,409.92279457,326.56886957,906.2144122,183,미지정,1
286682,1117000000000005411,한남동 568-342 도,도,국유지,60.05462379101664,127.00499476476352,37.52818031310408,388.12262511,300.38700878,909.44999398,183,미지정,1
286683,1117000000000005412,한남동 544-10도,도,국유지,286.0144867198542,127.00564258106373,37.527889572071295,426.41299007,266.91569005,975.09092093,183,미지정,1
286684,1117000000000005413,한남동 544-6도,도,국유지,127.27625823346898,127.00578276008787,37.527849591063834,433.06665663,259.70511222,987.94188602,183,미지정,1
286685,1117000000000005414,한남동 549-2 도,도,국유지,104.4714029901661,127.00588041933513,37.528120300826366,405.58083951,235.02329291,979.75460984,183,미지정,1
286686,1117000000000005415,한남동 568-351도,도,국유지,291.63579633506015,127.00461517651739,37.52793137486123,351.52422188,342.54676961,896.92108063,183,미지정,1
286687,1117000000000005416,한남동 807-9 도,도,국유지,43.111970981583,127.00472982527403,37.528115969014316,394.99871021,324.67846018,893.71678068,183,미지정,1
286688,1117000000000005417,한남동 542-24 도,도,국유지,106.93440605700016,127.00559053938841,37.52794188691132,419.91687177,267.34151393,968.10505774,183,미지정,1
286689,1117000000000005418,한남동 550-1도,도,국유지,104.85884058801457,127.00562628738052,37.52818569174034,393.81222569,250.32930666,956.71461074,183,미지정,1
286690,1117000000000005419,한남동 544-4도,도,국유지,59.27976852108259,127.00574699302166,37.527900523789825,426.9043455,258.76367294,982.26522648,183,미지정,1
286691,1117000000000005420,한남동 547-1도,도,국유지,159.5425641052425,127.00584898208561,37.528007867968235,417.10817132,244.43834034,983.73344266,183,미지정,1
286692,1117000000000005421,한남동 550-2도,도,국유지,71.27785424143076,127.0059207061684,37.52805408081572,413.56099057,236.29566102,986.55032323,183,미지정,1
286693,1117000000000005422,한남동 547-2도,도,국유지,93.85667117126286,127.00592666596984,37.52796733268876,423.04358463,241.63583124,991.93671543,183,미지정,1
286694,1117000000000005423,한남동 543-12도,도,국유지,9.962566739181057,127.0044519903168,37.52779437813884,330.59308254,362.28845834,894.10351038,183,미지정,1
286695,1117000000000005424,한남동 568-375도,도,국유지,51.27928715478629,127.00467157808812,37.528034735348506,404.13936398,333.09108521,894.48728666,183,미지정,1
286696,1117000000000005425,한남동 807-7 도,도,국유지,56.19395778700709,127.00452910087871,37.52846363521299,357.2252125,328.05590781,857.85418227,183,미지정,1
286697,1117000000000005426,한남동 568-122도,도,국유지,1227.7062302950071,127.00458835911424,37.52886364026776,312.5785658,313.18885703,839.6255016,183,미지정,1
286698,1117000000000005427,한남동 807-6 도,도,국유지,75.84382828022353,127.00433859569698,37.528810423856335,320.60645444,335.92175994,823.44866599,183,미지정,1
286699,1117000000000005428,한남동 568-105 도,도,국유지,199.39560601091944,127.00460487442395,37.52873965854039,326.22693165,314.17520215,847.72889742,183,미지정,1
286700,1117000000000005429,한남동 807-13 도,도,국유지,1023.058852563845,127.00326306159396,37.528038461279074,288.082568,448.94645374,794.49900913,183,미지정,1
286701,1117000000000005430,한남동 542-10 도,도,국유지,31.800896127708256,127.00466933492724,37.52726001110597,308.87347174,377.62302132,945.47794258,183,미지정,1
286702,1117000000000005431,한남동 542-22 도,도,국유지,36.42634639283642,127.00437645776104,37.52773788472933,321.43407266,371.11214631,892.50057108,183,미지정,1
286703,1117000000000005432,한남동 543-3 도,도,국유지,19.513069175882265,127.00445238495057,37.52776792475281,328.60462786,363.62056487,895.87814695,183,미지정,1
286704,1117000000000005433,한남동 542-12도,도,국유지,64.85285233380273,127.00440005531605,37.52704731871013,276.13836359,410.85124945,942.20980833,183,미지정,1
286705,1117000000000005434,보광동 568-516 도,도,국유지,366.7852248379495,127.00397666075553,37.527677386127976,291.82846351,405.63467017,868.73056366,46,미지정,0
286706,1117000000000005435,보광동 568-519 도,도,국유지,13.852446929086,127.00359868744098,37.527586951841364,262.40466746,440.0675351,849.45087455,46,미지정,0
286707,1117000000000005436,보광동 568-515 도,도,국유지,231.3804821362719,127.00393915500675,37.52770877904035,292.18244682,407.08522075,863.96427584,46,미지정,0
286708,1117000000000005437,한남동 543-13도,도,국유지,17.11930575594306,127.00439602884431,37.52777181680993,325.28503634,367.83241608,891.62431067,183,미지정,1
286709,1117000000000005438,한남동 568-521 도,도,국유지,29.07826857152395,127.00438833738193,37.52780130971661,327.0709855,366.94119868,889.12387392,183,미지정,1
286710,1117000000000005439,한남동 540-1도,도,국유지,109.88374144909903,127.00437751024508,37.5268469508504,263.40213963,426.27876001,955.35946176,183,미지정,1
286711,1117000000000005440,한남동 540-3 도,도,국유지,1402.6931222807616,127.00508678885413,37.526758999377535,316.64450533,387.18983379,1009.22503916,183,미지정,1
286712,1117000000000005441,한남동 542-8 도,도,국유지,320.5209806584753,127.00473481925589,37.52731717094422,317.19071343,369.19067003,946.0779414,183,미지정,1
286713,1117000000000005442,한남동 544-11도,도,국유지,229.82077952474356,127.00530431052394,37.52768218179943,445.20045111,304.63521706,962.74081464,183,미지정,1
286714,1117000000000005443,한남동 540-7 도,도,국유지,261.6307052951306,127.00488539468026,37.52646416264811,289.3851673,423.32524634,1017.14419238,183,미지정,1
286715,1117000000000005444,한남동 540-4 도,도,국유지,923.5264336331747,127.0049631329254,37.52681045870225,308.5983233,390.7030699,997.17441669,183,미지정,1
286716,1117000000000005445,한남동 542-5도,도,국유지,2417.3176583088934,127.00481423914479,37.527182984985764,315.2764867,372.77703075,960.82180231,183,미지정,1
286717,1117000000000005446,한남동 541 도,도,국유지,646.3589309388772,127.00560362607767,37.52723715592557,379.68567432,317.24906512,1012.78953918,183,미지정,1
286718,1117000000000005447,한남동 542-11도,도,국유지,196.5197416432202,127.00499849435474,37.5274543719392,345.03110435,341.40358135,955.38144277,183,미지정,1
286719,1117000000000005448,한남동 542-4도,도,국유지,31.403527395799756,127.00530800000001,37.52740000000001,365.11106307,323.82886013,981.02351836,183,미지정,1
286720,1117000000000005449,한남동 543-4도,도,국유지,133.65367418411188,127.00528588074523,37.52752959227315,370.90361091,316.18542701,971.06953843,183,미지정,1
286721,1117000000000005450,한남동 544-2도,도,국유지,83.68368346942589,127.00534951748728,37.52753652670965,376.07716808,311.31268388,975.22717015,183,미지정,1
286722,1117000000000005451,한남동 544-3도,도,국유지,145.89214159734547,127.00554821784013,37.5276003379396,456.80794722,293.25204818,985.67597074,183,미지정,1
286723,1117000000000005452,한남동 544-7도,도,국유지,532.2245045303134,127.00552581509541,37.52767539589191,448.28110668,289.51327215,979.38369355,183,미지정,1
286724,1117000000000005453,한남동 541-3도,도,국유지,48.96905198832974,127.00577858496112,37.527752807105415,443.52979738,266.77594474,993.37923367,183,미지정,1
286725,1117000000000005454,한남동 544-12도,도,국유지,223.62028143834323,127.00545960919541,37.52777760197129,436.2476462,287.30426746,968.23499636,183,미지정,1
286726,1117000000000005455,한남동 759-42도,도,국유지,299.6087676449097,127.0004482098947,37.53239238390933,237.59588737,368.54795955,366.07942581,183,미지정,1
286727,1117000000000005456,한남동 754-29도,도,국유지,32.86287155468017,126.99892569840796,37.532904924477606,226.5756559,376.4012632,233.76133146,183,미지정,1
286728,1117000000000005457,한남동 753-14 도,도,국유지,340.3273414663272,126.99910702110978,37.53291706824253,216.16395078,373.18644363,249.80548752,183,미지정,1
286729,1117000000000005458,한남동 726-119도,도,국유지,305.83290235698223,127.00436586963659,37.54101821091315,456.09021324,218.77727018,229.01751931,183,미지정,1
286730,1117000000000005459,한남동 726-88도,도,국유지,230.3593884035945,127.00468078018594,37.54117970968702,445.40613439,250.41853771,233.88496532,183,미지정,1
286731,1117000000000005460,한남동 732-23도,도,국유지,2921.880746179726,126.99842266545441,37.534309257731884,182.84254972,237.37957548,267.75007222,183,미지정,1
286732,1117000000000005461,한남동 732-220도,도,국유지,20.139425262110308,126.99846852589714,37.53349041833091,211.55014814,321.36540088,215.76064903,183,미지정,1
286733,1117000000000005462,한남동 732-207도,도,국유지,97.46475633606315,126.99833336268944,37.53349555425833,221.35017653,324.45841534,205.57002421,183,미지정,1
286734,1117000000000005463,한남동 732-241 도,도,국유지,268.0214111581445,126.99876172265945,37.53363612638778,181.01147737,299.11303814,246.24272881,183,미지정,1
286735,1117000000000005464,한남동 732-122도,도,국유지,37.71363401506096,126.9984695363506,37.53334182212684,220.93172711,337.17164356,208.6108803,183,미지정,1
286736,1117000000000005465,한남동 732-240 도,도,국유지,3274.2880738159874,126.99905180736292,37.53360573199729,162.3367231,297.82648059,267.60130168,183,미지정,1
286737,1117000000000005466,한남동 760-10도,도,국유지,152.41005211044103,127.00026518175476,37.53303032140443,167.78392415,364.99576455,352.90940976,183,미지정,1
286738,1117000000000005467,한남동 685-21도,도,국유지,7817.7567185294465,127.0010963658851,37.5363464837753,208.69329303,140.25060778,519.48629794,183,미지정,1
286739,1117000000000005468,한남동 686-71도,도,국유지,120.87124819611199,126.99925066080965,37.53324969188006,178.73076818,335.34306054,270.14014813,183,미지정,1
286740,1117000000000005469,한남동 768-6 도,도,국유지,209.70401262416271,127.00201439543433,37.53133504891667,250.19562209,366.09558224,522.47466655,183,미지정,1
286741,1117000000000005470,한남동 683-87 도,도,국유지,51.0824539209716,127.00112492738039,37.536138844711154,187.32910335,143.14996124,542.52075688,183,미지정,1
286742,1117000000000005471,한남동 733-15도,도,국유지,1835.5876008876367,126.9951808459034,37.538264690551074,326.75652521,410.33751277,639.03564367,183,미지정,1
286743,1117000000000005472,한남동 726-461도,도,국유지,439.4635900994763,127.00608392933647,37.53830003197067,368.98113577,369.11080077,109.03641548,183,미지정,1
286744,1117000000000005473,한남동 722-35 도,도,국유지,18.249969492200762,127.00473527205948,37.53800959965958,385.6849426,275.75101784,152.87724446,183,미지정,1
286745,1117000000000005474,한남동 722-30 도,도,국유지,120.43685473990627,127.00470035122441,37.5380801321062,393.95855192,273.0937622,147.78069863,183,미지정,1
286746,1117000000000005475,한남동 726-413 도,도,국유지,273.56676121242344,127.00535713909308,37.53845788322756,405.21137203,336.02383686,85.4293661,183,미지정,1
286747,1117000000000005476,한남동 722-36 도,도,국유지,703.8655156381428,127.00451818352137,37.53753402033061,353.9807518,259.73666106,208.41919322,183,미지정,1
286748,1117000000000005477,한남동 722-26 도,도,국유지,16.469651793595403,127.00423309569189,37.537860531864204,397.99604799,231.21805783,191.75851473,183,미지정,1
286749,1117000000000005478,한남동 726-169 도,도,국유지,59.71621077693999,127.00407266666666,37.54058933333333,498.52444787,186.06754068,204.58500594,183,미지정,1
286750,1117000000000005479,한남동 산8-117 도,도,국유지,366.4893816364347,127.0046918900546,37.54219386095352,338.95862821,307.98610224,341.43896013,183,미지정,1
286751,1117000000000005480,한남동 726-153도,도,국유지,180.49732740968466,127.00390164420531,37.542637382485594,271.79524694,269.97234885,302.79861113,183,미지정,1
286752,1117000000000005481,한남동 827-1 도,도,국유지,105.37716311553959,127.00334722555772,37.539939134971604,451.39349248,126.54797189,215.08629382,183,미지정,1
286753,1117000000000005482,한남동 726-309도,도,국유지,108.62875512894243,127.00353992567004,37.54004322700799,471.93984134,141.60317514,204.43967986,183,미지정,1
286754,1117000000000005483,한남동 726-451 도,도,국유지,51.92819486674853,127.00354429826217,37.5402451877912,532.4173067,141.45385667,215.26058479,183,미지정,1
286755,1117000000000005484,한남동 726-37 도,도,국유지,16.12579078041017,127.00350647384427,37.540231770073,533.77780402,138.03981255,217.30142415,183,미지정,1
286756,1117000000000005485,한남동 726-414 도,도,국유지,53.05128879030235,127.00359675026966,37.54024821404579,532.29372861,147.14071538,211.54940382,183,미지정,1
286757,1117000000000005486,한남동 728-17 도,도,국유지,221.605679281638,127.00380063099772,37.53895634501888,431.35588523,212.46840121,161.24796747,183,미지정,1
286758,1117000000000005487,한남동 726-32 도,도,국유지,76.13260525581427,127.00396908615174,37.53917216974812,454.59177712,210.57183014,144.0563241,183,미지정,1
286759,1117000000000005488,한남동 726-108 도,도,국유지,86.58890341687948,127.00391203704334,37.53931050501275,456.69021577,198.45002605,149.53199302,183,미지정,1
286760,1117000000000005489,한남동 726-107 도,도,국유지,81.4685003850609,127.00388526155358,37.53942490291573,460.43685567,190.50347724,153.40948581,183,미지정,1
286761,1117000000000005490,한남동 726-27 도,도,국유지,56.622115696780384,127.00373960713154,37.53973810226649,466.95905671,165.73687758,174.69285119,183,미지정,1
286762,1117000000000005491,한남동 726-26 도,도,국유지,85.58288380503654,127.00370584928368,37.53985397459408,471.56047131,159.53416677,182.20639559,183,미지정,1
286763,1117000000000005492,한남동 726-103 도,도,국유지,107.43225631839596,127.00378046376018,37.539861532146396,477.49482026,165.7910069,176.51724152,183,미지정,1
286764,1117000000000005493,한남동 726-102 도,도,국유지,58.76027326285839,127.00373247030022,37.539981932031274,562.50938749,159.3089642,186.20082013,183,미지정,1
286765,1117000000000005494,한남동 796-6도,도,국유지,393.24034930439666,127.00368647119129,37.54350060700389,174.11942265,189.20953082,355.21865242,183,미지정,1
286766,1117000000000005495,한남동 796-3도,도,국유지,318.4216377068078,127.00300493612411,37.54350842550723,171.70750572,225.27215366,321.1436052,183,미지정,1
286767,1117000000000005496,한남동 796-5도,도,국유지,240.7582343162503,127.00333452819875,37.54353160230453,167.24593206,204.0831742,339.1565706,183,미지정,1
286768,1117000000000005497,한남동 693-3도,도,국유지,86.86059452651534,127.00325638938449,37.53758099105966,350.47267005,149.38417971,274.34898153,183,미지정,1
286769,1117000000000005498,한남동 729-26도,도,국유지,32.42439242301043,127.00338339585537,37.537609152372305,361.81500757,159.60556709,263.87578791,183,미지정,1
286770,1117000000000005499,한남동 729-29 도,도,국유지,162.06742850132287,127.00313359574108,37.53781454140944,341.59343769,134.40168317,266.8631884,183,미지정,1
286771,1117000000000005500,한남동 730-4 도,도,국유지,125.80721150781028,127.00325470502771,37.538029356906165,355.64613563,145.27629868,244.71594493,183,미지정,1
286772,1117000000000005501,한남동 728-6도,도,국유지,326.9023682748666,127.00301309685982,37.53863519007397,353.45908903,147.21546394,237.04240083,183,미지정,1
286773,1117000000000005502,한남동 653-109도,도,국유지,164.5744119916344,127.00059653173587,37.53295881589327,175.06471439,379.12203195,380.9594828,183,미지정,1
286774,1117000000000005503,한남동 752-17 도,도,국유지,120.10637577465968,126.99979551205402,37.53302595529601,177.63923389,360.24014305,311.79728154,183,미지정,1
286775,1117000000000005504,한남동 726-236 도,도,국유지,201.44027271214873,127.00231604662204,37.54351338078312,190.06720092,270.80662124,295.01140568,183,미지정,1
286776,1117000000000005505,한남동 796-1도,도,국유지,261.4057597926003,127.00236374316164,37.54360542764502,179.05444282,261.39382989,306.05811669,183,미지정,1
286777,1117000000000005506,한남동 726-492도,도,국유지,720.391542824218,127.00236592462842,37.54249232088864,294.24722215,221.0428147,195.61710863,183,미지정,1
286778,1117000000000005507,한남동 796-7도,도,국유지,559.9232054974418,127.0033741312184,37.543073692408754,218.14390265,244.0447656,301.20888643,183,미지정,1
286779,1117000000000005508,한남동 796-9도,도,국유지,53.334169805049896,127.00323527524905,37.54251748162452,279.81465374,247.7547249,248.57036282,183,미지정,1
286780,1117000000000005509,한남동 726-154도,도,국유지,247.32263352209702,127.00357304926959,37.54273277638971,257.04593638,269.91166926,286.76029127,183,미지정,1
286781,1117000000000005510,한남동 726-496도,도,국유지,978.0493441657163,127.00235083006649,37.54165175727884,385.002165,129.42770747,127.81081058,183,미지정,1
286782,1117000000000005511,한남동 726-495도,도,국유지,1551.013932467089,127.00227690676904,37.54191144346211,358.50367367,156.16075581,140.72497218,183,미지정,1
286783,1117000000000005512,한남동 795-4 도,도,국유지,83.67710153385997,127.0024630848865,37.542433995350294,298.23672828,216.22391943,195.30160195,183,미지정,1
286784,1117000000000005513,한남동 726-503도,도,국유지,537.545105549274,127.00265490042207,37.54174759216039,369.56942053,148.52404735,156.25719354,183,미지정,1
286785,1117000000000005514,한남동 726-41 도,도,국유지,875.4162328545935,127.00271000169376,37.542060640722546,334.4892917,182.48936912,180.31197155,183,미지정,1
286786,1117000000000005515,한남동 726-497도,도,국유지,439.5068752281368,127.00272188553383,37.541829257699526,359.73380421,159.22411464,166.05034075,183,미지정,1
286787,1117000000000005516,한남동 726-98 도,도,국유지,1244.4380230256356,127.00333799462976,37.54169048348059,371.57076915,177.04923046,208.07337278,183,미지정,1
286788,1117000000000005517,한남동 726-394 도,도,국유지,113.2459827400744,127.00338488792171,37.54186148599022,352.66151524,193.9913825,219.27203965,183,미지정,1
286789,1117000000000005518,한남동 726-184 도,도,국유지,193.2047059237957,127.00355560825825,37.54250186086221,282.43826961,260.30311961,269.29995905,183,미지정,1
286790,1117000000000005519,한남동 726-450 도,도,국유지,26.19949776213616,127.00351801247974,37.54031339960065,524.76085969,138.93412815,221.34681761,183,미지정,1
286791,1117000000000005520,한남동 727-34 도,도,국유지,1053.2758787586354,127.00263346373134,37.54137429755746,410.82656427,110.97330579,137.84184746,183,미지정,1
286792,1117000000000005521,한남동 산10-9도,도,국유지,1126.4825877728872,127.00231163975944,37.545693580912406,113.336019,232.21761497,528.25714889,183,미지정,1
286793,1117000000000005522,한남동 726-321 도,도,국유지,232.53813888179138,127.00267916624136,37.54532844784921,63.25190003,189.59693347,496.51051293,183,미지정,1
286794,1117000000000005523,한남동 726-363도,도,국유지,831.3690216937102,127.0028404199656,37.54533353882516,51.85819455,175.8226745,501.1512051,183,미지정,1
286795,1117000000000005524,한남동 726-507도,도,국유지,23.500461004907265,127.00231674735672,37.54540660364496,95.64198821,222.74043834,497.16231297,183,미지정,1
286796,1117000000000005525,한남동 726-385 도,도,국유지,48.1090249393601,127.00274353312946,37.54573054658512,91.001483,198.5779113,541.02706377,183,미지정,1
286797,1117000000000005526,한남동 728-24도,도,국유지,858.3019780538743,127.00285271802002,37.53952390840916,388.79986283,107.86210676,225.49417459,183,미지정,1
286798,1117000000000005527,한남동 728-19 도,도,국유지,20.59889431949705,127.00285292968255,37.53929771888889,374.61188661,126.06933644,244.66169783,183,미지정,1
286799,1117000000000005528,한남동 726-468도,도,국유지,5957.708495621977,127.00222712283768,37.54406641511554,143.31663552,246.50209904,350.85489075,183,미지정,1
286800,1117000000000005529,한남동 729-97 도,도,국유지,187.9476369181648,127.00194240168574,37.53838707528509,255.49634824,60.14416534,301.53708711,183,미지정,1
286801,1117000000000005530,한남동 682-2 도,도,국유지,18.470565965981223,127.00200936572845,37.53833731934855,258.81382928,58.64082159,308.33375099,183,미지정,1
286802,1117000000000005531,한남동 726-465도,도,국유지,1279.2044679051032,127.00234656107689,37.5460813388385,142.93887224,247.73699146,571.08582868,183,미지정,1
286803,1117000000000005532,한남동 726-3 도,도,국유지,213.78337762563024,127.00273871200271,37.545863871424295,104.00100934,205.69410237,555.20997279,183,미지정,1
286804,1117000000000005533,한남동 726-279 도,도,국유지,20.037971052341163,127.00284951199214,37.54620933773862,135.82002185,219.03098972,594.7818726,183,미지정,1
286805,1117000000000005534,한남동 726-523 도,도,국유지,73.36446374980733,127.00287978030303,37.54636780931372,152.07052304,228.53127717,612.47462162,183,미지정,1
286806,1117000000000005535,한남동 726-479도,도,국유지,1583.4056547976797,127.00234616790601,37.54713223994495,247.08319278,322.20682159,686.00081813,183,미지정,1
286807,1117000000000005536,한남동 726-480도,도,국유지,626.414866473584,127.00245073733382,37.54672418160515,201.45632248,283.24453023,642.90962043,183,미지정,1
286808,1117000000000005537,한남동 726-500도,도,국유지,879.9880821593106,127.00279862597945,37.54663061505297,182.10741162,254.15718258,639.05948721,183,미지정,1
286809,1117000000000005538,한남동 726-261도,도,국유지,6728.023305753712,127.00425390129668,37.547393200761256,274.77126747,273.09812176,758.40117556,183,미지정,1
286810,1117000000000005539,한남동 726-260도,도,국유지,409.6705367565155,127.00342442525161,37.54694653497411,212.11464485,249.98720713,687.42364238,183,미지정,1
286811,1117000000000005540,한남동 726-478도,도,국유지,511.82140159606934,127.00264904386403,37.54717500739691,243.93941268,308.7726004,695.33732529,183,미지정,1
286812,1117000000000005541,한남동 726-464도,도,국유지,206.05474877357483,127.00547539821821,37.54761502418012,344.84774419,300.21318182,825.65720517,183,미지정,1
286813,1117000000000005542,한남동 726-364도,도,국유지,3681.7853790225927,127.00304736310781,37.54440139007467,73.98708729,165.22651577,410.85214167,183,미지정,1
286814,1117000000000005543,한남동 726-93 도,도,국유지,207.4656443106942,127.00196192153616,37.5445249659055,130.86240468,253.52815301,395.03899805,183,미지정,1
286815,1117000000000005544,한남동 726-477도,도,국유지,2159.7943487471202,127.00239391412066,37.54723037450577,256.01120693,327.67949279,697.42157282,183,미지정,1
286816,1117000000000005545,한남동 742-22잡,잡,국유지,537.0869486425072,126.99948964209008,37.53859427847281,126.53239535,162.18079179,306.70718197,183,미지정,1
286817,1117000000000005546,한남동 742-8도,도,국유지,50.38959154044278,126.99867584829019,37.538142071053144,92.89001924,221.1913636,387.0309542,183,미지정,1
286818,1117000000000005547,한남동 726-494도,도,국유지,15377.799475243897,127.00184070062944,37.54080677922347,433.8692515,33.15679884,66.90187632,183,미지정,1
286819,1117000000000005548,한남동 728-23 도,도,국유지,11.540201558731496,127.00195473678991,37.539832350191254,352.63722622,37.99304187,151.04550491,183,미지정,1
286820,1117000000000005549,한남동 728-22 도,도,국유지,12.270961808157153,127.00195797601918,37.53988113988809,356.87907336,32.58711302,146.45699793,183,미지정,1
286821,1117000000000005550,한남동 772-17도,도,국유지,708.3919126624241,127.00066316375893,37.54287918965364,333.94206976,285.52999667,209.78011554,183,미지정,1
286822,1117000000000005551,한남동 726-476도,도,국유지,187.08476375043392,127.001871,37.54787133333333,338.69664183,412.01027523,762.41548684,183,미지정,1
286823,1117000000000005552,한남동 726-516 도,도,국유지,5006.022934868932,127.00069205737256,37.5489661270058,492.9225151,571.99227518,882.02541234,183,미지정,1
286824,1117000000000005553,한남동 747-10도,도,국유지,2064.050683292793,126.99740590078537,37.538706939977885,216.41468838,328.93454995,418.30420204,183,미지정,1
286825,1117000000000005554,한남동 747-22 도,도,국유지,240.10957992449403,126.99563284538809,37.53937428901553,303.63945284,451.02392559,519.7968837,183,미지정,1
286826,1117000000000005555,한남동 726-530 도,도,국유지,327.3630481911823,127.00184821414412,37.54331750697867,229.82580079,310.00762822,261.89991448,183,미지정,1
286827,1117000000000005556,한남동 726-94 도,도,국유지,3269.0197316332487,127.00175715598094,37.543627071145,207.36488136,344.69012046,293.75656905,183,미지정,1
286828,1117000000000005557,한남동 726-531 도,도,국유지,38.23348070960492,127.00189073182828,37.54324413494099,234.62687351,301.75988007,254.95984487,183,미지정,1
286829,1117000000000005558,한남동 733-56도,도,국유지,13.860433095134795,126.99505242250531,37.53757211983958,251.12175058,332.72295968,565.37254199,183,미지정,1
286830,1117000000000005559,한남동 733-53도,도,국유지,80.90115517249797,126.9953454531272,37.53795229978781,291.60429753,379.58515021,602.58003503,183,미지정,1
286831,1117000000000005560,한남동 733-81도,도,국유지,1943.3021359528066,126.99561821167805,37.53729114890625,219.16756494,316.86942946,526.69364599,183,미지정,1
286832,1117000000000005561,한남동 728-25 도,도,국유지,144.9137896290049,127.00205633470966,37.538919899922156,292.73829531,118.51307079,247.59810816,183,미지정,1
286833,1117000000000005562,한남동 728-11 도,도,국유지,133.83972002239898,127.00204800017103,37.53888243496159,289.84639466,114.34465243,251.29197881,183,미지정,1
286834,1117000000000005563,한남동 726-267도,도,국유지,251.4652306335047,127.00294565951594,37.545847341992186,94.97023954,188.93617516,558.39683618,183,미지정,1
286835,1117000000000005564,한남동 726-506도,도,국유지,24.579302163794637,127.0023233527534,37.54556630353818,103.97390518,226.71485593,514.62439597,183,미지정,1
286836,1117000000000005565,한남동 726-467도,도,국유지,2600.3880903860554,127.00251740646135,37.54550919034238,86.35027872,208.46403614,512.23468056,183,미지정,1
286837,1117000000000005566,한남동 727-64 도,도,국유지,346.27355781546794,127.00233159057088,37.54024191444301,408.75723922,34.86981679,136.95350551,183,미지정,1
286838,1117000000000005567,한남동 728-21 도,도,국유지,380.84540419012774,127.00223080392689,37.539970056293164,380.38157232,33.88268311,152.0578717,183,미지정,1
286839,1117000000000005568,한남동 732-239 도,도,국유지,647.8348738623317,126.99763394368017,37.53304829594915,321.46660403,329.04853746,127.890596,183,미지정,1
286840,1117000000000005569,한남동 727-35 도,도,국유지,1797.5209105735994,127.00305584317289,37.541256623907046,420.23683167,125.71888088,171.57398436,183,미지정,1
286841,1117000000000005570,한남동 727-60 도,도,국유지,56.07210427289829,127.00334350896527,37.54075541983732,475.35135276,124.13316249,197.40737307,183,미지정,1
286842,1117000000000005571,한남동 727-33도,도,국유지,1773.223103301134,127.00220886211234,37.541306460750626,425.15254363,89.18305756,99.76218972,183,미지정,1
286843,1117000000000005572,한남동 727-52도,도,국유지,235.83899650350213,127.00345524269206,37.54046113667589,508.19104833,131.56538961,214.37293645,183,미지정,1
286844,1117000000000005573,한남동 727-51도,도,국유지,1590.3707590073464,127.00323163878612,37.54124022419791,421.56203479,136.89366014,186.71262679,183,미지정,1
286845,1117000000000005574,한남동 727-24 도,도,국유지,26.71448658965528,127.00329811308978,37.54017387730249,464.3834686,119.47946668,213.25302565,183,미지정,1
286846,1117000000000005575,한남동 727-55도,도,국유지,4556.034536703955,127.00363881280771,37.54076097187237,475.68671782,149.87807533,244.72711566,183,미지정,1
286847,1117000000000005576,한남동 726-504도,도,국유지,4300.396654854179,127.00375804883912,37.54086659469841,464.79719758,162.58509654,246.05493742,183,미지정,1
286848,1117000000000005577,한남동 726-393 도,도,국유지,124.78560385014862,127.00351241178012,37.54200543326522,337.14326532,213.47588119,236.43566917,183,미지정,1
286849,1117000000000005578,한남동 726-143도,도,국유지,287.6623098240234,127.00316554605179,37.54228937594409,305.29641683,222.46393933,227.60330858,183,미지정,1
286850,1117000000000005579,한남동 726-498도,도,국유지,407.5269851787016,127.00283333287604,37.541621360840004,381.41258468,143.58845163,163.87114173,183,미지정,1
286851,1117000000000005580,한남동 726-145도,도,국유지,162.34612270444632,127.00333954285111,37.54280590241571,247.78463114,271.4879847,277.32137698,183,미지정,1
286852,1117000000000005581,한남동 726-147도,도,국유지,133.25918393861502,127.00328406774129,37.54262929307131,267.35676926,260.77984414,260.12626677,183,미지정,1
286853,1117000000000005582,한남동 726-423 도,도,국유지,11.064118600916117,127.00256333333333,37.542305,310.16422124,204.31992899,189.82297343,183,미지정,1
286854,1117000000000005583,한남동 796-8도,도,국유지,1794.683000535064,127.00267520444704,37.54284693229914,249.29339644,265.05338681,243.52851559,183,미지정,1
286855,1117000000000005584,한남동 732-59도,도,국유지,84.76524148508906,126.99927848842727,37.534192912259385,112.05621755,230.78711467,317.53082801,183,미지정,1
286856,1117000000000005585,한남동 726-493도,도,국유지,1864.3448724856135,127.00226833832355,37.542384309405634,308.20516417,207.94271833,180.85878,183,미지정,1
286857,1117000000000005586,한남동 732-27도,도,국유지,55.876218657707796,126.99724862722384,37.53362506606977,250.42174058,272.39574647,142.6318326,183,미지정,1
286858,1117000000000005587,한남동 732-158도,도,국유지,27.85474226914812,126.99707670035804,37.53357533480073,245.05420631,259.99154074,129.64967161,183,미지정,1
286859,1117000000000005588,한남동 796-2도,도,국유지,278.7903500054381,127.00267774921572,37.543569317853176,171.91046537,241.85172865,313.34619793,183,미지정,1
286860,1117000000000005589,한남동 796-4도,도,국유지,68.54615364514757,127.00306684152535,37.54374596208057,144.82994863,203.02233311,346.68021762,183,미지정,1
286861,1117000000000005590,한남동 752-9 도,도,국유지,25.171945515088737,126.99946052792934,37.53316104286829,176.58718493,344.41116486,285.62637072,183,미지정,1
286862,1117000000000005591,한남동 665-5도,도,국유지,430.0891557703726,127.00049587557866,37.53342678665164,122.79831998,326.65138062,381.52310056,183,미지정,1
286863,1117000000000005592,한남동 726-100 도,도,국유지,37.1756673110649,127.00367758583992,37.54016906059805,541.46694201,153.01774067,200.78759203,183,미지정,1
286864,1117000000000005593,한남동 726-101 도,도,국유지,28.342810911126435,127.00369849253042,37.540085345734546,550.85694136,155.18079185,194.38621458,183,미지정,1
286865,1117000000000005594,한남동 732-234도,도,국유지,38.78303848206997,126.9988648224358,37.53312300063235,211.36435081,353.27687148,233.51735039,183,미지정,1
286866,1117000000000005595,한남동 726-104 도,도,국유지,94.2589973770082,127.00381189220737,37.5397508240283,473.10315251,171.46374955,169.20060881,183,미지정,1
286867,1117000000000005596,한남동 726-105 도,도,국유지,60.94790745340288,127.00383005380756,37.5396639005928,469.37106294,175.87589362,164.45326075,183,미지정,1
286868,1117000000000005597,한남동 686-62도,도,국유지,179.5769491570536,126.99993011120215,37.5336371210259,110.37723138,293.86401582,340.6289969,183,미지정,1
286869,1117000000000005598,한남동 686-74 도,도,국유지,73.02325582131743,126.99936744975821,37.53391270329573,119.47604359,261.27147832,307.94260922,183,미지정,1
286870,1117000000000005599,한남동 732-71도,도,국유지,91.15673603117466,126.99894875571698,37.5338006170209,157.28518649,277.90484287,269.60300791,183,미지정,1
286871,1117000000000005600,한남동 726-106 도,도,국유지,121.23879777640104,127.00385564482202,37.53955558656958,465.19331448,182.20292233,158.92812579,183,미지정,1
286872,1117000000000005601,한남동 726-29 도,도,국유지,84.52386746928096,127.0037887028742,37.539542024215706,459.31767193,177.32805484,164.31788675,183,미지정,1
286873,1117000000000005602,한남동 726-455도,도,국유지,335.6375443341676,127.0036835338204,37.53970687767467,460.9166247,162.08067703,178.24446618,183,미지정,1
286874,1117000000000005603,한남동 686-48도,도,국유지,36.134087960002944,127.00037373734212,37.53380858997329,80.87462148,282.93232225,384.02223481,183,미지정,1
286875,1117000000000005604,한남동 826 도,도,국유지,58.02017651125789,127.00370202254155,37.53925655677656,437.42545847,185.63898612,167.72250615,183,미지정,1
286876,1117000000000005605,한남동 726 도,도,국유지,2689.598626025021,127.0040295274553,37.53955235731723,478.40062038,196.64708642,143.98592156,183,미지정,1
286877,1117000000000005606,한남동 666-13도,도,국유지,255.36575715290383,127.00071587184999,37.53397187568505,65.90089696,275.71314924,418.77575383,183,미지정,1
286878,1117000000000005607,한남동 666-4도,도,국유지,122.74882867140695,127.00063975203116,37.533844823290444,77.80591462,286.36618401,407.45316465,183,미지정,1
286879,1117000000000005608,한남동 666-23도,도,국유지,31.469451781595126,127.00061941105572,37.53401790980881,58.63494437,267.77628444,412.81591024,183,미지정,1
286880,1117000000000005609,한남동 726-456도,도,국유지,432.4360891088145,127.0039543365506,37.539028438027636,446.97599194,218.35819714,146.60760394,183,미지정,1
286881,1117000000000005610,한남동 725-19 도,도,국유지,164.83703154622344,127.00399507694367,37.53849063508782,466.47440672,219.74670244,162.29232182,183,미지정,1
286882,1117000000000005611,한남동 725-8 도,도,국유지,342.2004606203991,127.00405858271229,37.538448308394955,459.39580065,223.8218078,159.826795,183,미지정,1
286883,1117000000000005612,한남동 736-27 도,도,국유지,241.12474861741066,126.9991853716903,37.53481756027474,118.03813371,163.11628613,355.29869149,183,미지정,1
286884,1117000000000005613,한남동 730-13 도,도,국유지,10.642989719286561,127.00377933333334,37.537617000000004,404.96261847,193.81066141,238.42324161,183,미지정,1
286885,1117000000000005614,한남동 696-4도,도,국유지,64.47104939538985,127.00351708200834,37.5376338759224,373.74667697,170.66032059,253.33820955,183,미지정,1
286886,1117000000000005615,한남동 728-13 도,도,국유지,106.72560575790703,127.0034165383944,37.54017591423496,539.75685789,129.9457171,221.01001296,183,미지정,1
286887,1117000000000005616,한남동 726-453 도,도,국유지,110.21755846589804,127.0036007359943,37.5401547340809,542.67351165,146.24130234,205.74163431,183,미지정,1
286888,1117000000000005617,한남동 732-179도,도,국유지,31.59201082587242,126.99905842255347,37.53412603477721,132.87107842,240.65387619,297.32497163,183,미지정,1
286889,1117000000000005618,한남동 726-25 도,도,국유지,101.84590319357812,127.00366386198594,37.53997750351536,476.38978227,153.37185637,191.37099482,183,미지정,1
286890,1117000000000005619,한남동 666-19도,도,국유지,52.66823875904083,127.00077477798474,37.53401078040604,63.83632857,273.81332803,425.21411505,183,미지정,1
286891,1117000000000005620,한남동 666-20도,도,국유지,190.66633489367086,127.00080784734048,37.53383895602774,82.54962736,292.46504341,421.21226452,183,미지정,1
287082,1117000000000005811,서빙고동 235-107도,도,국유지,182.18890978302807,126.98975686443723,37.522220347810475,353.30477717,261.50430194,225.46812552,94,미지정,0
287083,1117000000000005812,서빙고동 74-3도,도,국유지,30.822028196882457,126.9937438041806,37.521946429306595,182.58151112,448.73319983,128.31838946,94,미지정,0
287084,1117000000000005813,서빙고동 71-1도,도,국유지,584.5519656372489,126.99377275514712,37.52217855426035,156.69774192,464.54665335,130.71536962,94,미지정,0
287085,1117000000000005814,서빙고동 271-103도,도,국유지,2613.383839102462,126.98885405265585,37.51697529109552,239.25390857,250.35909251,642.19741011,94,미지정,0
287086,1117000000000005815,서빙고동 271-102도,도,국유지,594.5202199094929,126.98916107073813,37.51716869794416,211.76686386,222.29725664,610.57876677,94,미지정,0
287087,1117000000000005816,서빙고동 271-84도,도,국유지,837.6500854352489,126.9915343243921,37.518325107735706,185.36507817,181.37132866,420.99869875,94,미지정,0
287088,1117000000000005817,서빙고동 271-80도,도,국유지,474.8141647344455,126.99258075033924,37.51879404108031,261.52373361,253.6706931,364.31431798,94,미지정,0
287089,1117000000000005818,서빙고동 271-73도,도,국유지,717.77025337331,126.99231064785276,37.51889274366526,236.7878709,228.60361817,352.51678901,94,미지정,0
287090,1117000000000005819,서빙고동 271-74도,도,국유지,203.19925655052066,126.99238931413166,37.51887179937228,243.89174573,235.77541303,354.92722222,94,미지정,0
287091,1117000000000005820,서빙고동 271-97도,도,국유지,4299.680860514753,126.99071085915988,37.51764866132683,181.05782187,184.25283492,510.32052574,94,미지정,0
287092,1117000000000005821,서빙고동 271-98도,도,국유지,1309.5218810844235,126.99043055856639,37.5176376939924,170.51180603,175.23951502,518.84557045,94,미지정,0
287093,1117000000000005822,서빙고동 271-81도,도,국유지,2791.0691899401136,126.99242133526805,37.51881104393159,247.31153776,239.45270682,361.74127743,94,미지정,0
287094,1117000000000005823,서빙고동 66-1 도,도,국유지,82.88493136153556,126.99384254730904,37.522363571890786,135.61236672,481.16270637,140.17365596,94,미지정,0
287095,1117000000000005824,서빙고동 61-3도,도,국유지,188.3745658911066,126.99398243709204,37.522481389236106,121.91894005,498.79916225,155.55487004,94,미지정,0
287096,1117000000000005825,서빙고동 167-3도,도,국유지,19.916886144317687,126.99379492241381,37.52167542651889,212.06375178,438.18079436,139.14652861,94,미지정,0
287097,1117000000000005826,서빙고동 165-7도,도,국유지,482.9807128570974,126.99389733140347,37.5215176726864,229.02113733,453.87381227,153.85601719,94,미지정,0
287098,1117000000000005827,서빙고동 167-1도,도,국유지,97.78405269235373,126.99385744154584,37.52169972006221,208.99639497,444.32922016,143.61187478,94,미지정,0
287099,1117000000000005828,서빙고동 164-1도,도,국유지,44.003756747581065,126.99393699345966,37.521363420698634,246.04086796,446.94959788,164.50492416,94,미지정,0
287100,1117000000000005829,서빙고동 97-1도,도,국유지,51.52880494506098,126.9941254568736,37.52169321620335,209.74258521,465.25583288,166.6359302,94,미지정,0
287101,1117000000000005830,서빙고동 64-1도,도,국유지,296.17481420520926,126.9937182798123,37.52246400126433,126.13671088,478.7769877,132.76184367,94,미지정,0
287102,1117000000000005831,서빙고동 56-4 도,도,국유지,19.416276309173554,126.99381379459324,37.52254758893381,115.61118194,491.09835959,143.91574748,94,미지정,0
287103,1117000000000005832,서빙고동 160-2도,도,국유지,313.8215531008318,126.99400136901095,37.5209511256611,291.75972922,428.13957328,194.93853934,94,미지정,0
287104,1117000000000005833,서빙고동 178-2도,도,국유지,50.15563690289855,126.99361366431923,37.52105666392802,282.001863,404.42624939,161.55338329,94,미지정,0
287105,1117000000000005834,서빙고동 111-2도,도,국유지,40.1626977880951,126.99422179642525,37.52125251915639,259.12591222,461.6226201,192.50885872,94,미지정,0
287106,1117000000000005835,서빙고동 220-1도,도,국유지,30.93013002059888,126.99321410911978,37.52142069780598,249.23643125,379.60297965,108.16691854,94,미지정,0
287107,1117000000000005836,서빙고동 105-1도,도,국유지,132.21222425531596,126.99429911595114,37.52147789101209,234.89950131,480.66226377,188.46985868,94,미지정,0
287108,1117000000000005837,서빙고동 180-7도,도,국유지,4352.93473031139,126.99379363487529,37.52098304607181,288.73131138,413.83533498,178.74343892,94,미지정,0
287109,1117000000000005838,서빙고동 153-5도,도,국유지,27.903665497899055,126.99439508298173,37.52047211392405,346.78581637,438.09631698,256.31434411,94,미지정,0
287110,1117000000000005839,서빙고동 153-2도,도,국유지,17.101324713788927,126.99440518359154,37.52048984738956,344.9223811,439.61299767,255.6066424,94,미지정,0
287111,1117000000000005840,서빙고동 154-1도,도,국유지,19.544355020974763,126.99420940562248,37.520535222891574,338.47936715,425.25694781,239.69574975,94,미지정,0
287112,1117000000000005841,서빙고동 158-4도,도,국유지,342.11369751626626,126.99405586002851,37.520720552486935,317.40356917,420.94745953,215.58629911,94,미지정,0
287113,1117000000000005842,서빙고동 111-1도,도,국유지,183.3297637918149,126.99414287386836,37.52119817214773,264.68878735,452.54186698,189.38799379,94,미지정,0
287114,1117000000000005843,서빙고동 161-3도,도,국유지,463.3109519088175,126.99395212218529,37.5212063915442,263.44640319,438.60515776,174.59592544,94,미지정,0
287115,1117000000000005844,서빙고동 161-1 도,도,국유지,39.82423593988642,126.994070052476,37.52114722443953,270.08843531,444.12314151,186.91495342,94,미지정,0
287116,1117000000000005845,서빙고동 217-1도,도,국유지,36.851455027470365,126.99315190131347,37.52113027334043,281.76276164,375.3052316,128.52638576,94,미지정,0
287117,1117000000000005846,서빙고동 226-1도,도,국유지,206.86638037033845,126.9933310362826,37.521473638083265,240.89036184,391.47779111,112.54224763,94,미지정,0
287118,1117000000000005847,서빙고동 175-1 도,도,국유지,44.7200414952822,126.99343574104142,37.521238447016245,264.42913221,402.64927216,136.26676575,94,미지정,0
287119,1117000000000005848,서빙고동 168-2도,도,국유지,41.38886683806777,126.99349371502508,37.52170360222829,212.7932169,416.13921039,113.01238264,94,미지정,0
287120,1117000000000005849,서빙고동 192도,도,국유지,877.6040926985443,126.99316790394816,37.519954194822226,328.15264314,316.9188572,246.91869959,94,미지정,0
287121,1117000000000005850,서빙고동 226-2도,도,국유지,61.59528099116869,126.99322436872144,37.52161715249017,228.08007903,390.6776525,95.84078367,94,미지정,0
287122,1117000000000005851,서빙고동 197-3 도,도,국유지,71.34921996481717,126.99356252830492,37.51996678171984,402.77486655,350.79602013,258.61654503,94,미지정,0
287123,1117000000000005852,서빙고동 186-2도,도,국유지,194.73358566500247,126.9936862585128,37.519992474996855,399.05362762,362.09805023,260.99881161,94,미지정,0
287124,1117000000000005853,서빙고동 150 도,도,국유지,1753.2529409507988,126.99430196484316,37.520296607906225,365.45027183,423.96358638,264.57533782,94,미지정,0
287125,1117000000000005854,서빙고동 195-12도,도,국유지,767.6615632583271,126.9928068579355,37.520436795006475,364.15548656,308.10155323,186.59607171,94,미지정,0
287126,1117000000000005855,서빙고동 198-9 도,도,국유지,3810.6114496784285,126.99323678862774,37.52021358827551,379.48467728,332.17298352,221.93355369,94,미지정,0
287127,1117000000000005856,서빙고동 207-1도,도,국유지,51.67173133906908,126.99312836899905,37.5207333683661,324.95525205,349.09242818,165.31525139,94,미지정,0
287128,1117000000000005857,서빙고동 217-2도,도,국유지,35.05116516747512,126.99318630002337,37.52091163279683,304.52125884,363.93161896,150.43595749,94,미지정,0
287129,1117000000000005858,서빙고동 271-91도,도,국유지,1161.164714841114,126.99243878771287,37.51909058713152,247.63014983,238.58207161,330.78379459,94,미지정,0
287130,1117000000000005859,서빙고동 241-59 도,도,국유지,285.0243854508735,126.99442203562825,37.519762379552496,425.42008579,420.02415873,317.35004783,94,미지정,0
287131,1117000000000005860,서빙고동 180-6도,도,국유지,144.47750457574148,126.99330381506,37.52088425108372,305.24782562,371.05640915,158.606187,94,미지정,0
287132,1117000000000005861,서빙고동 271-83도,도,국유지,57.13302346505225,126.99270088350792,37.51914120490583,270.9725609,261.74588687,326.86251477,94,미지정,0
287133,1117000000000005862,서빙고동 271-75도,도,국유지,11.11653857678175,126.99268145778169,37.51920652368344,269.66100385,260.20211517,319.47093221,94,미지정,0
287134,1117000000000005863,서빙고동 273-6 도,도,국유지,37.063218456692994,126.99281490306639,37.51949617908669,285.36967101,275.03767745,289.14155284,94,미지정,0
287135,1117000000000005864,서빙고동 271-82도,도,국유지,153.76220813021064,126.99280693172321,37.51923405583385,280.94727371,271.41483677,317.80464588,94,미지정,0
287136,1117000000000005865,서빙고동 235-13잡,잡,국유지,4977.013003375381,126.99189237692669,37.52077339846031,277.09364736,243.21871542,148.24165145,94,미지정,0
287137,1117000000000005866,서빙고동 235-71 도,도,국유지,47.89962032355834,126.990665486003,37.52014130042332,152.40131808,117.34680414,258.18428875,94,미지정,0
287138,1117000000000005867,서빙고동 249-10도,도,국유지,638.311044070404,126.99089964477066,37.52002116915805,155.97275569,143.38496641,258.81852874,94,미지정,0
287139,1117000000000005868,서빙고동 235-3잡,잡,국유지,174.82620901521295,126.99151817830717,37.520233605213676,212.6256647,200.10551534,215.11386249,94,미지정,0
287140,1117000000000005869,서빙고동 235-118도,도,국유지,75.64117486926261,126.99173323202973,37.520375001124165,237.27417745,224.75133021,194.57441669,94,미지정,0
287141,1117000000000005870,서빙고동 199-6 도,도,국유지,536.7922891927883,126.99079361983878,37.52062726134294,203.77436049,149.90426092,208.19245365,94,미지정,0
287142,1117000000000005871,서빙고동 235-10잡,잡,국유지,1846.621344893705,126.9918120889779,37.520618275269214,260.13245794,230.10114027,166.68968593,94,미지정,0
287143,1117000000000005872,서빙고동 235-16잡,잡,국유지,232.35914233326912,126.99136372285443,37.52053516005489,225.51532257,189.84558723,189.29834944,94,미지정,0
287144,1117000000000005873,서빙고동 4-14잡,잡,국유지,687.9609897987684,126.99153226386382,37.52222403716513,264.20454079,322.08586969,70.0316074,94,미지정,0
287145,1117000000000005874,서빙고동 155-1도,도,국유지,372.1569088755059,126.99448834200695,37.52057612134313,336.28919261,449.87197262,254.67576293,94,미지정,0
287146,1117000000000005875,서빙고동 271-89도,도,국유지,5021.117829339579,126.9868300002569,37.51676015362121,354.37289413,262.99719591,762.25339857,94,미지정,0
287147,1117000000000005876,서빙고동 271-88도,도,국유지,2429.5998454579385,126.9871078017674,37.51691426470503,325.00910425,283.17557054,733.49625547,94,미지정,0
287148,1117000000000005877,서빙고동 46-3 도,도,국유지,29.291107216849923,126.99327253558869,37.52286738927036,101.30728518,477.69408499,123.38685205,94,미지정,0
287149,1117000000000005878,서빙고동 54-4도,도,국유지,295.40353082539514,126.99367342740818,37.522738454531854,97.46151978,494.54584215,142.27371916,94,미지정,0
287150,1117000000000005879,서빙고동 11-7도,도,국유지,43.746959208510816,126.992673403977,37.52433630657098,143.42562036,573.66171937,253.72322725,94,미지정,0
287151,1117000000000005880,서빙고동 1-19도,도,국유지,1884.112709431909,126.99293207869478,37.524090933243606,109.29168706,562.81222472,231.18318302,94,미지정,0
287152,1117000000000005881,서빙고동 4-20잡,잡,국유지,24.866174029477406,126.99311099368715,37.52327382106925,84.71324136,500.47396897,151.6461559,94,미지정,0
287153,1117000000000005882,서빙고동 1-20도,도,국유지,1291.5430794227286,126.99321166986977,37.52361437259131,68.81191984,535.06930133,189.4275766,94,미지정,0
287154,1117000000000005883,서빙고동 57-1 도,도,국유지,142.2764185082633,126.99385264576078,37.522648825627236,104.03385321,500.65275899,151.52804077,94,미지정,0
287155,1117000000000005884,서빙고동 228-1도,도,국유지,208.58702385262586,126.99312878879743,37.521939052500784,197.34506859,402.46564261,74.63418566,94,미지정,0
287156,1117000000000005885,서빙고동 228-2도,도,국유지,51.90154126129346,126.9933007214871,37.52182802082546,203.72798127,408.43349339,92.38161289,94,미지정,0
287157,1117000000000005886,서빙고동 38-4 도,도,국유지,22.016357947140932,126.99341459803922,37.52214764215686,166.86941853,436.42852364,98.87413793,94,미지정,0
287158,1117000000000005887,서빙고동 4-63잡,잡,국유지,49.30126132653095,126.99296529701492,37.52230325502488,168.11624665,415.54770933,64.24130668,94,미지정,0
287159,1117000000000005888,서빙고동 235-109잡,잡,국유지,234.92534176632762,126.99091911858672,37.52188671043452,335.78262578,260.73948608,123.7679512,94,미지정,0
287160,1117000000000005889,서빙고동 4-134도,도,국유지,45.69558084802702,126.99257378332439,37.52243337555913,178.43812547,399.8656676,47.05083581,94,미지정,0
287161,1117000000000005890,서빙고동 56-3도,도,국유지,119.82853060914204,126.993749801804,37.522629260776995,107.60195104,492.15389472,142.38672778,94,미지정,0
287162,1117000000000005891,서빙고동 57-5 도,도,국유지,56.566185001283884,126.99379450617175,37.522661864018716,103.32611458,497.49773555,147.52914202,94,미지정,0
287163,1117000000000005892,서빙고동 46-6도,도,국유지,5099.502151927503,126.99345708289205,37.5226569757596,112.70288178,474.09784808,121.26141544,94,미지정,0
287164,1117000000000005893,서빙고동 4-62 잡,잡,국유지,16.77234612230677,126.99287665691722,37.52186463566345,214.26041643,379.46677832,55.75871498,94,미지정,0
287165,1117000000000005894,서빙고동 4-64 잡,잡,국유지,101.4775831734296,126.99292673463536,37.522023374166096,196.61930435,393.45965297,55.59791153,94,미지정,0
287166,1117000000000005895,서빙고동 235-7도,도,국유지,1095.8654549539206,126.99105241795138,37.52019346717461,179.04918062,166.46520319,235.58041274,94,미지정,0
287167,1117000000000005896,서빙고동 235-72도,도,국유지,25.760030817706138,126.99053645959496,37.52013564375039,145.36735211,106.15385611,265.24556841,94,미지정,0
287168,1117000000000005897,서빙고동 8-1도,도,국유지,138.721341595985,126.99258450079562,37.524485947888294,159.76518253,584.1764042,269.35325331,94,미지정,0
287169,1117000000000005898,서빙고동 235-115도,도,국유지,172.9656303463271,126.99059920384973,37.52050869962372,183.9603183,128.3211509,229.35150066,94,미지정,0
287171,1117000000000005900,서빙고동 235-145 잡,잡,국유지,180.00212880130857,126.99182771071682,37.52187707913408,268.72899923,309.58988957,46.89749431,94,미지정,0
287172,1117000000000005901,서빙고동 235-62잡,잡,국유지,95.87114429241046,126.99072184505961,37.521467337085745,286.08397425,212.15159865,154.69480778,94,미지정,0
287173,1117000000000005902,서빙고동 4-161 잡,잡,국유지,143.75701477815164,126.99299890084743,37.5230528683046,105.26076829,475.58345629,125.38395768,94,미지정,0
287174,1117000000000005903,서빙고동 4-65잡,잡,국유지,66.21515612921212,126.9929967557663,37.52303100686521,106.78380209,473.66364269,123.18315234,94,미지정,0
287175,1117000000000005904,서빙고동 235-144 잡,잡,국유지,195.61678188014776,126.9909581142291,37.52189270553717,337.58488882,263.12065765,120.25839443,94,미지정,0
287176,1117000000000005905,서빙고동 4-139잡,잡,국유지,1932.5122746418929,126.99044561696998,37.522799262252825,324.98079278,337.08320284,182.86818386,94,미지정,0
287177,1117000000000005906,서빙고동 4-68잡,잡,국유지,120.30393116082996,126.99294496778668,37.52298232278584,113.64089096,466.58706024,116.22204428,94,미지정,0
287178,1117000000000005907,서빙고동 295도,도,국유지,663.8621662147343,126.99198285518499,37.523412100328336,178.30473161,454.29845718,151.61742128,94,미지정,0
287179,1117000000000005908,서빙고동 294도,도,국유지,483.503913753666,126.99129221540535,37.52350507464599,238.5251467,436.10469294,182.54888082,94,미지정,0
287180,1117000000000005909,서빙고동 241-66 도,도,국유지,96.92275235656416,126.99156451640768,37.52006350451317,204.7826357,192.42415151,231.88763095,94,미지정,0
287181,1117000000000005910,서빙고동 241-24 도,도,국유지,382.0842047857004,126.9921066404571,37.51997295759133,241.59446449,229.72439273,233.25522843,94,미지정,0
287182,1117000000000005911,서빙고동 235-9도,도,국유지,311.9260651720688,126.99217863928033,37.520213172297005,259.66714723,247.48452336,206.24574138,94,미지정,0
287183,1117000000000005912,서빙고동 249-5도,도,국유지,1017.1037979933317,126.99121309426886,37.51998084560932,174.12126772,161.64775085,250.89209115,94,미지정,0
287184,1117000000000005913,서빙고동 249-1도,도,국유지,34.26168727915501,126.99135611932033,37.52010639743222,192.63267908,180.12848502,233.26292364,94,미지정,0
287185,1117000000000005914,서빙고동 241-62 도,도,국유지,167.75186236575246,126.99147804317396,37.520068077262756,198.76320353,186.3507353,233.66472524,94,미지정,0
287186,1117000000000005915,서빙고동 241-64 도,도,국유지,45.603862981603015,126.99146154743974,37.519914261617906,188.21376311,175.9856591,250.37357078,94,미지정,0
287187,1117000000000005916,서빙고동 103-1도,도,국유지,70.84256300795823,126.99464980333774,37.52141791378713,246.96007617,503.5298809,219.89626851,94,미지정,0
287188,1117000000000005917,서빙고동 11-8도,도,국유지,43.65823435038328,126.99145964666667,37.52508361857677,279.0012879,605.76224596,342.67053391,94,미지정,0
287189,1117000000000005918,서빙고동 4-4잡,잡,국유지,975.7537354975939,126.99245707289658,37.52449467468193,169.24637408,579.64960807,269.50456983,94,미지정,0
287190,1117000000000005919,서빙고동 241-80 도,도,국유지,262.8550431772601,126.99166313940266,37.51993167650847,204.61187752,192.50393257,243.80481914,94,미지정,0
287191,1117000000000005920,서빙고동 241-9 도,도,국유지,28.227734961372335,126.99166356934305,37.519812405109484,198.57056526,186.69317215,256.69411232,94,미지정,0
287192,1117000000000005921,서빙고동 241-28 도,도,국유지,118.35593177378178,126.99174818721157,37.52008070924867,219.47007927,207.20130388,226.00145907,94,미지정,0
287193,1117000000000005922,서빙고동 241-79 도,도,국유지,292.1865318744676,126.99179246845756,37.51993000917842,214.59941928,202.58856764,241.60134531,94,미지정,0
287194,1117000000000005923,서빙고동 8-3도,도,국유지,53.086887856479734,126.99248862422226,37.52455298201196,171.03437859,586.67308801,276.12162592,94,미지정,0
287195,1117000000000005924,서빙고동 241-37 도,도,국유지,2267.544618892949,126.98859937920956,37.51996346707137,137.75597939,69.40907136,402.05439957,94,미지정,0
287196,1117000000000005925,서빙고동 283-1잡,잡,국유지,434.27465385291725,126.98802571075264,37.52028318022984,198.51908741,127.51484181,426.70580529,94,미지정,0
287197,1117000000000005926,서빙고동 235-124 도,도,국유지,519.458503912203,126.98893775714276,37.5202147871556,144.50477758,53.54067494,361.53943398,94,미지정,0
287198,1117000000000005927,서빙고동 235-22 도,도,국유지,1004.3863422172144,126.98889965381281,37.520124240754406,137.06628428,50.02352037,370.08356554,94,미지정,0
287199,1117000000000005928,서빙고동 235-88 도,도,국유지,64.6478246934712,126.98934242409065,37.52012144174634,123.01221328,26.58737683,339.25541744,94,미지정,0
287200,1117000000000005929,서빙고동 235-123 도,도,국유지,49.89129542373121,126.9893542563094,37.52022317633563,133.86639621,37.7498122,331.35268728,94,미지정,0
287201,1117000000000005930,서빙고동 235-6도,도,국유지,249.01527421397623,126.98948903532965,37.52012671634489,121.50235747,28.71183167,328.98552595,94,미지정,0
287202,1117000000000005931,서빙고동 235-122도,도,국유지,218.80054847704014,126.98949834860956,37.52022839798809,132.64719023,39.71937641,321.06829347,94,미지정,0
287203,1117000000000005932,서빙고동 235-146 잡,잡,국유지,433.94776635069866,126.99137140972279,37.52168482989106,331.26753629,266.48932509,92.52749141,94,미지정,0
287204,1117000000000005933,서빙고동 241-31 도,도,국유지,414.1880881531397,126.9923206737022,37.51984702022212,253.5331041,242.05353737,246.60946192,94,미지정,0
287205,1117000000000005934,서빙고동 117-2도,도,국유지,102.30807407293469,126.99461768343325,37.5209595387357,296.08802043,477.17917496,239.00431397,94,미지정,0
287206,1117000000000005935,서빙고동 235-4잡,잡,국유지,50.88237557373941,126.99279009342462,37.52001214423447,298.84111632,287.31058885,232.34458767,94,미지정,0
287207,1117000000000005936,서빙고동 122-3도,도,국유지,240.4907346777618,126.99496729519478,37.5211371185906,284.57618399,513.5689146,257.4393494,94,미지정,0
287208,1117000000000005937,서빙고동 235-8도,도,국유지,681.1991728326539,126.9902133313817,37.52029104930938,148.02101224,86.58492743,270.1391278,94,미지정,0
287209,1117000000000005938,서빙고동 235-121도,도,국유지,407.965584962687,126.98981814903618,37.52022162427501,132.27425665,54.04578853,300.31053571,94,미지정,0
287210,1117000000000005939,서빙고동 235-75도,도,국유지,334.31133438588586,126.9898069044761,37.52012969036055,122.02546165,46.72329552,308.07758852,94,미지정,0
287211,1117000000000005940,서빙고동 141도,도,국유지,230.40161563595757,126.99537064923561,37.52053886942327,358.93532506,522.1356544,320.15861653,94,미지정,0
287212,1117000000000005941,서빙고동 139-2도,도,국유지,38.38712288625538,126.99530303514375,37.5206734943557,342.85180947,521.19794677,307.31287765,94,미지정,0
287213,1117000000000005942,서빙고동 131-1 도,도,국유지,157.74769091513008,126.99479696388435,37.520700258199604,327.4862347,480.29406056,267.92159996,94,미지정,0
287214,1117000000000005943,서빙고동 235-120도,도,국유지,217.7458564992994,126.99012834124873,37.520213009597626,137.36705816,75.73319263,281.59749406,94,미지정,0
287215,1117000000000005944,서빙고동 135-4도,도,국유지,645.3673569053644,126.99496095910428,37.52038494170962,364.86008649,482.47952521,300.41342881,94,미지정,0
287216,1117000000000005945,서빙고동 139-1도,도,국유지,205.29373344266787,126.99530035228292,37.52071622072741,338.31268635,522.56487211,304.74406504,94,미지정,0
287217,1117000000000005946,서빙고동 235-74도,도,국유지,128.84430596325547,126.99012849271502,37.520130199436494,128.68213359,71.76131094,288.37969353,94,미지정,0
287218,1117000000000005947,서빙고동 235-119도,도,국유지,161.742068849504,126.99036155784047,37.520186955232035,142.60124412,93.2319362,270.1937501,94,미지정,0
287219,1117000000000005948,서빙고동 235-73도,도,국유지,116.45740332803689,126.99035962152291,37.520132055745115,137.1022157,91.04542101,275.03803966,94,미지정,0
287220,1117000000000005949,서빙고동 140-4도,도,국유지,35.45844164583832,126.99534991809625,37.52062527633277,349.29734217,523.37508379,313.59987484,94,미지정,0
287221,1117000000000005950,서빙고동 92-1도,도,국유지,89.47841888852417,126.99435977984288,37.522028357949566,175.29163671,500.60246555,182.10367435,94,미지정,0
287222,1117000000000005951,서빙고동 78도,도,국유지,11.847035461105406,126.99412253968255,37.5220603968254,169.0557466,484.02118203,161.07886582,94,미지정,0
287223,1117000000000005952,서빙고동 63-1도,도,국유지,1013.994704000128,126.99436954943674,37.52246636615353,128.08389847,526.18492163,188.13627617,94,미지정,0
287224,1117000000000005953,서빙고동 85-1 도,도,국유지,128.1784565639682,126.99424350389735,37.52223768513912,150.65631734,503.24466556,172.7786526,94,미지정,0
287225,1117000000000005954,서빙고동 235-11 잡,잡,국유지,3800.9056736282073,126.9913761958935,37.52195022091179,293.35372833,289.50030391,82.75452135,94,미지정,0
287226,1117000000000005955,서빙고동 82-1도,도,국유지,239.02215330302715,126.99391208884056,37.521733911282595,204.99076108,450.3573929,147.24450482,94,미지정,0
287227,1117000000000005956,서빙고동 94-1도,도,국유지,101.78186104825,126.99404937079878,37.52193052662104,183.13447355,471.31298483,155.369247,94,미지정,0
287228,1117000000000005957,서빙고동 80-1도,도,국유지,48.84042856551241,126.99390111524042,37.52184564142227,192.63399909,455.29321235,143.65605151,94,미지정,0
287229,1117000000000005958,서빙고동 76도,도,국유지,207.4194706180133,126.99383361760718,37.52193276372137,183.32278553,454.81932211,136.3754992,94,미지정,0
287230,1117000000000005959,서빙고동 4-82도,도,국유지,216.84716971335,126.99144036817938,37.52218059763822,273.62844153,313.41643542,77.01719159,94,미지정,0
287231,1117000000000005960,서빙고동 249-3도,도,국유지,792.400705527456,126.99067421518649,37.519979818257234,138.92677173,126.37987554,272.81249816,94,미지정,0
287232,1117000000000005961,서빙고동 235-125잡,잡,국유지,26.59885253570974,126.98795166666667,37.52045533333333,216.7099775,141.16592861,424.09737838,94,미지정,0
287233,1117000000000005962,서빙고동 235-102잡,잡,국유지,2201.591052953154,126.98876740907184,37.5205426540926,183.84714615,90.91347817,355.2989526,94,미지정,0
287234,1117000000000005963,서빙고동 235-143잡,잡,국유지,112.81166005320847,126.98951912349973,37.520538253826764,166.79186132,73.72228491,298.84907643,94,미지정,0
287235,1117000000000005964,서빙고동 4-83도,도,국유지,189.6946628651931,126.9902840043532,37.52230280538243,366.76893549,280.19170668,180.11666166,94,미지정,0
287236,1117000000000005965,서빙고동 4-137잡,잡,국유지,1626.6109199584462,126.99032505305559,37.52244363563373,382.77531916,296.20885285,179.48482751,94,미지정,0
287237,1117000000000005966,서빙고동 235-5도,도,국유지,7622.211894904205,126.98991307655231,37.52042113093614,155.36827221,76.13207285,279.25710187,94,미지정,0
287238,1117000000000005967,서빙고동 235-101잡,잡,국유지,26453.75212759641,126.98944103553916,37.521381304150445,260.61090826,166.32162609,264.03702603,94,미지정,0
287239,1117000000000005968,서빙고동 235-136잡,잡,국유지,298.4663960407488,126.99011177898136,37.52109364620894,231.90674308,149.1430284,221.69527589,94,미지정,0
287240,1117000000000005969,주성동 8-8도,도,국유지,104.76820349134505,127.00037349042466,37.52277313105773,351.14360403,994.88096584,717.91157402,127,미지정,1
287241,1117000000000005970,주성동 8-10 도,도,국유지,18.798105290625244,127.00046635803756,37.52289066744954,336.08709507,979.76017796,727.59067823,127,미지정,1
287242,1117000000000005971,주성동 45-2도,도,국유지,820.6739348385017,126.99793830830357,37.523052646169916,375.8036127,846.13375515,510.18646466,127,미지정,1
287243,1117000000000005972,주성동 47-3도,도,국유지,61.03017962630838,126.99780410706535,37.52274479862284,398.71247007,818.66600106,492.25913221,127,미지정,1
287244,1117000000000005973,주성동 17-1도,도,국유지,212.24045270914212,126.9994064829924,37.522432002912296,434.25505873,930.31743473,629.45816489,127,미지정,1
287245,1117000000000005974,주성동 49-10도,도,국유지,120.7755354983965,126.99768060659349,37.522479243988634,348.45393479,794.92713189,477.77355788,127,미지정,1
287246,1117000000000005975,주성동 10-1도,도,국유지,338.37569239590084,127.0007942885944,37.522890631235065,327.52976566,960.05839686,756.35937253,127,미지정,1
287247,1117000000000005976,주성동 8-6도,도,국유지,453.53358322381973,127.00066671722567,37.52289975333412,329.6147774,966.92443068,745.2900077,127,미지정,1
287248,1117000000000005977,주성동 10-3도,도,국유지,122.52615395281464,127.00086347809317,37.52288161966342,326.99583767,956.70577237,762.3126194,127,미지정,1
287249,1117000000000005978,주성동 8-11도,도,국유지,144.6599325396237,127.00058105168031,37.52292747280909,328.94626201,969.83280572,738.16631131,127,미지정,1
287250,1117000000000005979,주성동 8-13도,도,국유지,87.95159637380857,127.0008392536301,37.52305950034395,308.39478436,943.55196863,762.77778038,127,미지정,1
287251,1117000000000005980,주성동 10-2도,도,국유지,14.86383951548487,127.00101253003302,37.522963407260725,315.2382751,941.15876084,776.50475488,127,미지정,1
287252,1117000000000005981,주성동 8-7도,도,국유지,146.04312377632596,127.00067577741201,37.523028756944676,315.68911467,955.90689847,747.98717491,127,미지정,1
287253,1117000000000005982,주성동 14도,도,국유지,140.41286098398268,126.9997854433148,37.52230076198628,419.37602068,955.70038857,662.16945404,127,미지정,1
287254,1117000000000005983,주성동 43-12도,도,국유지,62.04990364657715,126.99805949811581,37.523448657364234,346.75455748,878.58075636,531.60545805,127,미지정,1
287255,1117000000000005984,주성동 13도,도,국유지,92.72551886737347,126.99993887461645,37.52237268123302,406.61857514,1053.57963531,676.07244053,127,미지정,1
287256,1117000000000005985,주성동 27-1도,도,국유지,64.89080059126718,126.99946319385644,37.52283816422236,388.93928007,953.55916407,638.90286674,127,미지정,1
287257,1117000000000005986,주성동 28-10도,도,국유지,27.07869365159422,126.99940224553141,37.522838967149774,389.72299952,948.74429472,633.57573725,127,미지정,1
287258,1117000000000005987,주성동 51-7 도,도,국유지,11.16031671129167,126.99828966666666,37.521817999999996,427.5236016,813.03452253,530.18046753,127,미지정,1
287259,1117000000000005988,주성동 43-6 도,도,국유지,40.55480479763355,126.99838954522,37.521850923551476,433.76484191,822.58898159,538.8211375,127,미지정,1
287260,1117000000000005989,주성동 12-9도,도,국유지,53.294294176623225,126.99997060297001,37.52247862346589,394.70557014,1043.09906962,679.55729432,127,미지정,1
287261,1117000000000005990,주성동 12-1도,도,국유지,104.48411434289301,127.00006030926336,37.522444542936285,395.13602116,1040.42240465,687.23051917,127,미지정,1
287262,1117000000000005991,주성동 41-7도,도,국유지,26.84351560100913,126.99905534216619,37.52206092872807,480.26437534,885.89225953,597.13361502,127,미지정,1
287263,1117000000000005992,주성동 48-2도,도,국유지,285.28429750027135,126.99803232318801,37.52249993811939,432.32065315,823.55585928,508.94286204,127,미지정,1
287264,1117000000000005993,주성동 11-5 도,도,국유지,66.26953839883208,127.00010052046784,37.522546510030345,383.31355104,1029.73481488,691.55216326,127,미지정,1
287265,1117000000000005994,주성동 42-14 도,도,국유지,46.63267221977003,126.99883421172592,37.52200212798934,490.9036441,865.31616584,577.6329507,127,미지정,1
287266,1117000000000005995,주성동 41-6도,도,국유지,65.33302402496338,126.99898624017621,37.5220130740852,486.71796873,878.25992761,591.05706936,127,미지정,1
287267,1117000000000005996,주성동 45-17도,도,국유지,59.13178716204129,126.99803494729274,37.522667228748396,416.47579144,832.38656192,511.24904089,127,미지정,1
287268,1117000000000005997,주성동 50-15도,도,국유지,74.00584920065012,126.99812194140262,37.522307034115514,391.7148878,821.16244566,515.29406599,127,미지정,1
287269,1117000000000005998,주성동 8-12도,도,국유지,73.92214499227703,127.00027464943484,37.52265726383082,366.2426765,1010.23632217,707.92679817,127,미지정,1
287270,1117000000000005999,주성동 8-5도,도,국유지,331.7296192282811,127.00038793775786,37.52267273173329,361.20378458,1002.15510454,718.05730642,127,미지정,1
287271,1117000000000006000,주성동 12-2 도,도,국유지,43.33101985719986,126.99992415974187,37.52249871323446,394.31144637,1044.31499734,675.61438911,127,미지정,1
287272,1117000000000006001,주성동 12-4도,도,국유지,52.857718492276035,126.99994455693734,37.52242700847642,400.87766982,1048.84307797,676.90042152,127,미지정,1
287273,1117000000000006002,주성동 8-14도,도,국유지,226.03419376676902,127.00043003835609,37.522638136980845,363.628477,1002.45930658,721.41705366,127,미지정,1
287274,1117000000000006003,주성동 11-2도,도,국유지,77.194242285972,127.00017017967298,37.52251705469413,384.07648965,1027.91372792,697.45183129,127,미지정,1
287275,1117000000000006004,주성동 8-9 도,도,국유지,152.92137468792498,127.00025741627904,37.52271307993029,361.0040154,1006.77146247,707.00848373,127,미지정,1
287276,1117000000000006005,주성동 43-31 도,도,국유지,913.4114197542658,126.99851704181921,37.52279231509661,415.07963837,876.53487136,555.36729068,127,미지정,1
287277,1117000000000006006,주성동 62-7도,도,국유지,86.9328335383907,126.99806881451384,37.52165108297124,419.40634907,788.12144357,512.03028561,127,미지정,1
287278,1117000000000006007,주성동 51-10도,도,국유지,150.31368719786406,126.99821411458502,37.52169755632432,427.95993971,801.96090978,524.39250007,127,미지정,1
287279,1117000000000006008,주성동 51-6 도,도,국유지,52.33323957794346,126.99817504593177,37.521736539088856,422.83878689,800.29674387,520.62501806,127,미지정,1
287280,1117000000000006009,주성동 51-9도,도,국유지,62.57137329084799,126.99832945341699,37.5217434002352,434.47653988,813.30217398,534.18907927,127,미지정,1
287281,1117000000000006010,주성동 51-13 도,도,국유지,13.456165601499379,126.99836900000001,37.52173066666667,438.22705268,816.06375275,537.77388596,127,미지정,1
287282,1117000000000006011,주성동 43-14도,도,국유지,46.23066816246137,126.99839861375214,37.521766358658745,438.71014162,819.92301667,540.12449753,127,미지정,1
287283,1117000000000006012,주성동 43-13도,도,국유지,216.9710738104768,126.99853156840534,37.521817098894395,517.60729037,832.91447221,551.54116025,127,미지정,1
287284,1117000000000006013,주성동 51-5 도,도,국유지,39.24993025558069,126.99832355926341,37.52181330691997,430.4271046,815.6292659,533.1999222,127,미지정,1
287285,1117000000000006014,주성동 42-17도,도,국유지,89.34124730993062,126.99868257668935,37.52187655318837,507.70478908,847.74462882,564.58523422,127,미지정,1
287286,1117000000000006015,주성동 51-2 도,도,국유지,23.983608048874885,126.99830335378742,37.521852992772885,426.841878,815.59684803,531.19923188,127,미지정,1
287287,1117000000000006016,주성동 52-1도,도,국유지,35.69333774317056,126.99827315658787,37.521872477093645,423.48629525,813.92954504,528.43883743,127,미지정,1
287288,1117000000000006017,주성동 42-18도,도,국유지,221.92545891739428,126.99883157484324,37.52194057078332,497.59956384,862.59506654,577.52822917,127,미지정,1
287289,1117000000000006018,주성동 42-8도,도,국유지,40.72156783333048,126.9986694151709,37.52195095960326,500.02561776,849.68083865,563.16984593,127,미지정,1
287290,1117000000000006019,주성동 61-4도,도,국유지,87.57069428497925,126.99759869981142,37.52153483136333,391.59059002,744.69994584,472.1044478,127,미지정,1
287291,1117000000000006020,주성동 62-1도,도,국유지,211.4036285020411,126.99796658254049,37.52158862966229,415.30771706,777.21289808,503.71733996,127,미지정,1
287292,1117000000000006021,주성동 49-20도,도,국유지,24.69971927627921,126.99767865150612,37.522191485600786,360.73605841,780.29337069,475.62617797,127,미지정,1
287293,1117000000000006022,주성동 49-18도,도,국유지,16.39942764979787,126.99770221009074,37.52224264393259,360.2438928,784.65979057,477.90217932,127,미지정,1
287294,1117000000000006023,주성동 40-1도,도,국유지,1506.6815545540303,126.99900426532616,37.5219425902592,494.04048593,876.91623411,592.78410288,127,미지정,1
287295,1117000000000006024,주성동 28-7도,도,국유지,120.25521830841899,126.99921331372542,37.522694312270524,408.59460642,926.74771619,615.01529538,127,미지정,1
287296,1117000000000006025,주성동 39-12도,도,국유지,68.99739115871489,126.9992210282735,37.52212714162816,470.30295456,902.2175487,611.81252529,127,미지정,1
287297,1117000000000006026,주성동 55-1도,도,국유지,102.03728795610368,126.99776791698717,37.52163819783654,397.53892624,762.80545086,485.6850597,127,미지정,1
287298,1117000000000006027,주성동 62-3 도,도,국유지,100.78653645189479,126.99771975045022,37.52148730002435,403.37277354,752.83356682,483.3987826,127,미지정,1
287299,1117000000000006028,주성동 62-6 도,도,국유지,125.54518467513844,126.99783253352608,37.52163275230541,402.67482252,767.90266075,491.42891108,127,미지정,1
287300,1117000000000006029,주성동 62-5도,도,국유지,134.69925856310874,126.99778423613034,37.52154233681744,404.60108805,760.31782642,488.27992053,127,미지정,1
287301,1117000000000006030,주성동 41-3 도,도,국유지,56.79724827129394,126.999003046525,37.52197451350261,490.59472534,878.08857403,592.60303229,127,미지정,1
287302,1117000000000006031,주성동 50-2도,도,국유지,356.8195045423927,126.9981736304265,37.522073673339115,405.94236558,814.51634209,519.19029803,127,미지정,1
287303,1117000000000006032,주성동 63도,도,국유지,3975.974585209973,126.9994506631795,37.52206790434595,473.72275434,918.74261942,632.07908446,127,미지정,1
287304,1117000000000006033,주성동 39-11도,도,국유지,390.8292648261413,126.99930364719884,37.52212737426467,469.06385321,909.01574735,619.11586,127,미지정,1
287305,1117000000000006034,주성동 15-2 도,도,국유지,105.82343928224873,126.99968871214229,37.52233188301193,419.85029125,949.05290965,653.7695204,127,미지정,1
287306,1117000000000006035,주성동 27-2도,도,국유지,205.1662577209063,126.99970153328694,37.52252345862324,420.99706686,958.28816111,656.18980248,127,미지정,1
287307,1117000000000006036,주성동 40도,도,국유지,87.62883770652115,126.99953558560526,37.52220944792775,457.20465345,931.4321962,639.77375953,127,미지정,1
287308,1117000000000006037,용산동6가 168-5 잡,잡,국유지,62103.475589185546,126.98274060185432,37.525700239960884,516.04220479,551.30702841,861.18299581,91,미지정,0
287309,1117000000000006038,용산동6가 11-423도,도,국유지,1169.829698509595,126.98010987305936,37.52569896894345,330.17297034,514.96696182,701.70464713,91,미지정,0
287310,1117000000000006039,용산동6가 168-4잡,잡,국유지,12300.960847949667,126.98482538470398,37.52661963913854,726.68108332,725.71874905,831.6434505,91,미지정,0
287311,1117000000000006040,용산동6가 11-375도,도,국유지,1072.705128062982,126.97967636205917,37.520706688477816,117.96216094,82.10763062,381.06664149,91,미지정,0
287312,1117000000000006041,용산동6가 68-83잡,잡,국유지,34.88459753245115,126.98763158079034,37.52043742277224,235.75669679,166.18179405,450.7001672,91,미지정,0
287313,1117000000000006042,용산동6가 459도,도,국유지,102.68653208203614,126.97912102770879,37.52042117351423,60.78886814,140.47390716,332.68143101,91,미지정,0
287314,1117000000000006043,용산동6가 11-383도,도,국유지,1315.649758332409,126.97764896109474,37.52130274667338,67.98428536,199.62009489,215.14475036,91,미지정,0
287315,1117000000000006044,용산동6가 412-4 도,도,국유지,283.3733243639581,126.98014165527547,37.52056519085705,152.55725313,63.65848728,422.16269942,91,미지정,0
287316,1117000000000006045,용산동6가 69-108 도,도,국유지,135.81062567525078,126.98760942044746,37.52003438956317,210.69059644,157.24799555,472.17897145,91,미지정,0
287317,1117000000000006046,용산동6가 22-3잡,잡,국유지,3346.470455083938,126.9898112192398,37.52298487038171,438.26830877,346.32722106,242.35563648,91,미지정,0
287318,1117000000000006047,용산동6가 14-5잡,잡,국유지,70.04430226841941,126.99189126913652,37.525228723743496,260.52194221,633.47768788,352.47907738,91,미지정,0
287319,1117000000000006048,용산동6가 22-2잡,잡,국유지,2262.4984476072714,126.98982569212404,37.52352991956463,368.05958929,406.62753843,272.25680045,91,미지정,0
287320,1117000000000006049,용산동6가 412-2잡,잡,국유지,2528.8216223957716,126.98063185101992,37.520517650057066,123.95297083,62.50929551,465.60169857,91,미지정,0
287321,1117000000000006050,용산동6가 412-3잡,잡,국유지,564.5301843614434,126.9801089733364,37.52048663361024,148.01612543,72.71508763,419.51280878,91,미지정,0
287322,1117000000000006051,용산동6가 412-5잡,잡,국유지,123.7761983164819,126.98009152447389,37.52042212525597,133.56184305,79.80750696,418.30404793,91,미지정,0
287323,1117000000000006052,용산동6가 69-175 도,도,국유지,1257.1818670670036,126.98424339488444,37.51906094900702,268.36358167,188.48236581,786.60801624,91,미지정,0
287324,1117000000000006053,용산동6가 14-6잡,잡,국유지,17.22777373716235,126.991822,37.52535333333334,274.65072688,644.36883967,366.89420874,91,미지정,0
287325,1117000000000006054,용산동6가 14-1잡,잡,국유지,385.4814674272202,126.99169623818551,37.52529576556422,278.10255987,634.67678651,362.02056436,91,미지정,0
287326,1117000000000006055,용산동6가 11-373도,도,국유지,2161.8163587804884,126.97862152696085,37.52100968307101,75.3128782,164.97763136,290.80127401,91,미지정,0
287327,1117000000000006056,용산동6가 69-11도,도,국유지,19185.34822777647,126.9832877251002,37.51790668751854,253.20853723,83.39225663,762.65022448,91,미지정,0
287328,1117000000000006057,용산동6가 68-84잡,잡,국유지,62.76369589008391,126.98763710374656,37.52050227413891,240.19811184,168.5304937,447.40683466,91,미지정,0
287329,1117000000000006058,용산동6가 11-376도,도,국유지,1083.1043391806306,126.97895671440543,37.52079729001517,91.44217347,138.53366656,317.89916747,91,미지정,0
287330,1117000000000006059,용산동6가 69-133도,도,국유지,6548.976953689009,126.9836501778857,37.516454791691196,400.37488222,106.01660067,866.54469942,91,미지정,0
287331,1117000000000006060,용산동6가 69-118도,도,국유지,4404.62849166221,126.97912412252558,37.52051321472556,69.03482795,135.28767911,332.40162019,91,미지정,0
287332,1117000000000006061,용산동6가 69-56잡,잡,국유지,227.1754845075775,126.982266679573,37.51996367427514,101.45598117,199.53739851,614.41751369,91,미지정,0
287333,1117000000000006062,용산동6가 69-25잡,잡,국유지,12.980549433734268,126.98173696926177,37.5200933048627,76.15184555,154.74348124,566.26573933,91,미지정,0
287334,1117000000000006063,용산동6가 69-60잡,잡,국유지,16.007455048616976,126.98171754479519,37.52005217151906,71.40306382,156.77432807,565.0575828,91,미지정,0
287335,1117000000000006064,용산동6가 69-26잡,잡,국유지,35.42932220362127,126.98168512452689,37.51998143109019,63.33331123,160.61114185,563.15898492,91,미지정,0
287336,1117000000000006065,용산동6가 69-136도,도,국유지,3345.3606756419176,126.98342819663362,37.5166330604056,373.26937677,95.02392018,839.40486881,91,미지정,0
287337,1117000000000006066,용산동6가 93-5잡,잡,국유지,9216.826748443302,126.98279664154748,37.52086202962313,201.38112592,205.5211257,657.31285672,91,미지정,0
287338,1117000000000006067,용산동6가 68-3잡,잡,국유지,47.865297998301685,126.98742677185612,37.52010162457723,228.36131735,174.19029752,483.00142079,91,미지정,0
287339,1117000000000006068,용산동6가 93-9 도,도,국유지,1469.131113473326,126.98282070470715,37.51988219687606,143.44065576,244.80733773,664.13370226,91,미지정,0
287340,1117000000000006069,용산동6가 69-17잡,잡,국유지,1795.550218791701,126.98221065567242,37.51987879125923,92.73992805,201.69428241,610.71500359,91,미지정,0
287341,1117000000000006070,용산동6가 68-8 도,도,국유지,87.43499122001231,126.98721242435802,37.52013185470086,246.4152614,193.42258029,498.52040767,91,미지정,0
287342,1117000000000006071,용산동6가 11-400도,도,국유지,281.95657111145556,126.9766833726309,37.521563652028675,140.20006117,112.50597593,155.88185003,91,미지정,0
287343,1117000000000006072,용산동6가 11-393도,도,국유지,711.634420016082,126.97724258025423,37.521347770413975,88.90274736,166.51815272,183.99636696,91,미지정,0
287344,1117000000000006073,용산동6가 68-36 도,도,국유지,218.60970482777338,126.9872498779154,37.5200620097916,239.77068885,189.1782301,498.94752612,91,미지정,0
287345,1117000000000006074,용산동6가 68-43 도,도,국유지,103.11883184872568,126.98698928880431,37.5199723963844,256.10224897,211.40548688,524.00303978,91,미지정,0
287346,1117000000000006075,용산동6가 68-76 도,도,국유지,112.09645087085664,126.98693323766592,37.51991597703866,258.21474264,216.16056036,531.23439677,91,미지정,0
287347,1117000000000006076,용산동6가 11-372 도,도,국유지,334.992099606432,126.9772161330219,37.521488388160755,102.98608813,156.18262857,189.25441053,91,미지정,0
287348,1117000000000006077,용산동6가 68-71 도,도,국유지,45.48122373968363,126.9867935756301,37.519919113184486,269.81540209,228.51108124,542.13630732,91,미지정,0
287349,1117000000000006078,용산동6가 68-4잡,잡,국유지,70.08325011678971,126.9875088787624,37.52022675355826,229.8555896,169.57528123,470.33687726,91,미지정,0
287350,1117000000000006079,용산동6가 69-94도,도,국유지,20.903350554406643,126.9875089577564,37.520113083548466,222.85074879,167.18744285,475.9507744,91,미지정,0
287351,1117000000000006080,용산동6가 68-77 도,도,국유지,80.79290945641696,126.98681685271319,37.51986703442832,265.84417383,226.42683272,542.86687337,91,미지정,0
287352,1117000000000006081,용산동6가 69-62잡,잡,국유지,121.48098268418107,126.98146350755832,37.520014230047515,57.60701796,145.47129425,543.26427848,91,미지정,0
287353,1117000000000006082,용산동6가 68-72 도,도,국유지,211.9434780087322,126.98662909569553,37.519828359558375,280.1032773,243.09481485,559.63208181,91,미지정,0
287354,1117000000000006083,용산동6가 111잡,잡,국유지,101666.74553509615,126.98656385820875,37.52470164862885,684.78833554,589.78148322,585.22003716,91,미지정,0
287355,1117000000000006084,용산동6가 99-1잡,잡,국유지,451.0624551831279,126.98475423172263,37.522717155963264,470.25066844,419.29991009,670.93398427,91,미지정,0
287356,1117000000000006085,용산동6가 99잡,잡,국유지,391.34150124597363,126.98489693051707,37.52281054507467,486.35752763,435.18936259,659.60495829,91,미지정,0
287357,1117000000000006086,용산동6가 68-87잡,잡,국유지,1211.7541301925667,126.9846401310231,37.52245307735428,441.67032828,398.04350255,678.49748173,91,미지정,0
287358,1117000000000006087,용산동6가 68-92잡,잡,국유지,1799.23783426499,126.98389597786453,37.52221876255276,379.30050558,327.32387368,743.12956854,91,미지정,0
287359,1117000000000006088,용산동6가 93-2잡,잡,국유지,4049.643058367772,126.98338733733746,37.51994586909981,193.64284896,289.43163853,713.07370428,91,미지정,0
287360,1117000000000006089,용산동6가 68-33잡,잡,국유지,124.81733605824411,126.98513386534604,37.51974176736233,343.07447254,282.19214296,684.1548202,91,미지정,0
287361,1117000000000006090,용산동6가 93-7잡,잡,국유지,178.65652215480804,126.98453469733832,37.51994674430227,293.07092997,289.62072193,725.77522811,91,미지정,0
287362,1117000000000006091,용산동6가 68-5잡,잡,국유지,83.84392676595598,126.98733111700115,37.52019733109043,241.13593147,184.27706077,485.92387976,91,미지정,0
287363,1117000000000006092,용산동6가 68-6잡,잡,국유지,64.66248282790184,126.98738148137473,37.52016269607769,235.32113591,179.20262469,483.57220422,91,미지정,0
287364,1117000000000006093,용산동6가 68-1잡,잡,국유지,29349.65280415723,126.9858376931473,37.52106088894419,404.07050812,339.15786324,582.15493353,91,미지정,0
287365,1117000000000006094,용산동6가 68-91잡,잡,국유지,757.1763840452768,126.9837607691299,37.52158832278789,318.48569234,295.15105775,749.62628661,91,미지정,0
287366,1117000000000006095,용산동6가 22잡,잡,국유지,66152.45307065884,126.98686514507735,37.522316420797864,438.70520274,349.65280985,481.25259535,91,미지정,0
287367,1117000000000006096,용산동6가 68-79잡,잡,국유지,179.48636395856738,126.98727217368648,37.520428372864686,259.90978972,195.74048326,480.3445248,91,미지정,0
287368,1117000000000006097,용산동6가 68-86잡,잡,국유지,84.9673730507493,126.98528411508852,37.52013476020016,361.95605526,327.65611793,656.3414321,91,미지정,0
287369,1117000000000006098,용산동6가 68-80잡,잡,국유지,1076.9075491018593,126.98624962754039,37.52025661745779,328.67060179,279.64438948,571.46043695,91,미지정,0
287370,1117000000000006099,용산동6가 68-74 도,도,국유지,60.301646834239364,126.98639563933183,37.51974978359909,297.34077528,264.07355281,581.99742119,91,미지정,0
287371,1117000000000006100,용산동6가 68-35잡,잡,국유지,11.361703021335416,126.98740152964884,37.52002989579735,226.29867213,175.48557845,488.62882878,91,미지정,0
287372,1117000000000006101,용산동6가 68-90잡,잡,국유지,18196.462795640808,126.98456923921616,37.52119159832603,346.16503726,426.69659446,690.33570527,91,미지정,0
287373,1117000000000006102,용산동6가 68-34도,도,국유지,31.431110688485205,126.98738657109412,37.52006456620364,229.34133886,177.19713934,488.03511851,91,미지정,0
287374,1117000000000006103,용산동6가 68-42잡,잡,국유지,80.64062603749335,126.98703626369793,37.520031713996026,255.08570151,207.67460534,517.37457244,91,미지정,0
287375,1117000000000006104,용산동6가 93-6잡,잡,국유지,10354.844098855741,126.9835550739051,37.520643542178185,237.89879745,275.35742403,723.85416892,91,미지정,0
287376,1117000000000006105,용산동6가 68-89잡,잡,국유지,410.43882813863456,126.98505992897465,37.520020039825496,340.2070437,308.99059734,679.2571555,91,미지정,0
287377,1117000000000006106,용산동6가 93-8잡,잡,국유지,6039.985645307694,126.98414311376861,37.52060451136899,281.60819696,358.47581197,739.19598339,91,미지정,0
287378,1117000000000006107,용산동6가 68-75잡,잡,국유지,50.48501064488664,126.98707570226411,37.51999729851326,250.29844532,203.92734048,515.9319518,91,미지정,0
287379,1117000000000006108,용산동6가 68-2잡,잡,국유지,5999.722021238878,126.98623685759583,37.52010447058163,323.1427928,278.77177836,578.66642789,91,미지정,0
287380,1117000000000006109,용산동6가 22-1잡,잡,국유지,17003.784467782127,126.98891228617246,37.52234284393466,372.32002536,276.03609185,301.03773043,91,미지정,0
287381,1117000000000006110,용산동6가 69-106 도,도,국유지,51.75555555918254,126.9877547869826,37.52010226736178,204.12708005,145.54200616,457.29052641,91,미지정,0
287382,1117000000000006111,용산동6가 68-69잡,잡,국유지,791.1604734132998,126.98648004059596,37.51985259216109,293.4640225,256.21736001,570.30106345,91,미지정,0
287383,1117000000000006112,용산동6가 69-90도,도,국유지,34.771888852119446,126.9876266941309,37.52013041713695,215.20863165,157.23259566,465.82076924,91,미지정,0
287384,1117000000000006113,용산동6가 69-170도,도,국유지,3228.131891969766,126.98426840650272,37.517839295352765,324.65611852,58.08838525,851.19395903,91,미지정,0
287385,1117000000000006114,용산동6가 68-52잡,잡,국유지,16.0369140941184,126.98618081462222,37.519770757112276,316.28058621,282.92384735,598.09227049,91,미지정,0
287386,1117000000000006115,용산동6가 68-10도,도,국유지,2527.5716060749255,126.98619062036661,37.5198955428291,319.29167791,281.78265327,591.52632102,91,미지정,0
287387,1117000000000006116,용산동6가 68-64도,도,국유지,47.70367678697221,126.98560448035789,37.5196974356232,364.03177534,295.72861247,647.80532661,91,미지정,0
287388,1117000000000006117,용산동6가 68-28잡,잡,국유지,83.94729443709366,126.98562164562878,37.51985115614773,366.36812306,311.40726332,639.66155452,91,미지정,0
287389,1117000000000006118,용산동6가 68-65잡,잡,국유지,121.8886343864724,126.98551481483268,37.519718671415916,372.27097901,293.98930152,654.11246302,91,미지정,0
287390,1117000000000006119,용산동6가 68-66도,도,국유지,24.577883346006274,126.98544354371259,37.51970463952096,370.13517925,289.70397445,660.51223123,91,미지정,0
287391,1117000000000006120,용산동6가 68-68잡,잡,국유지,91.00698270834982,126.98517647097192,37.51970135108619,346.54251657,279.45687845,682.38355463,91,미지정,0
287392,1117000000000006121,용산동6가 68-85잡,잡,국유지,58.907834202982485,126.98762078383855,37.520462128053516,238.28507727,168.09710596,450.48180732,91,미지정,0
287393,1117000000000006122,용산동6가 68-81잡,잡,국유지,43.11144738364965,126.98749080139586,37.52046121635564,246.93897559,178.73396134,461.09517786,91,미지정,0
287394,1117000000000006123,용산동6가 69-110 도,도,국유지,46.22678845922928,126.98764945296966,37.52010050242314,211.68248167,154.70051958,465.58600338,91,미지정,0
287395,1117000000000006124,용산동6가 68-31잡,잡,국유지,108.40747809130698,126.98548705712432,37.51980830085679,376.8043796,301.70808472,652.47359794,91,미지정,0
287396,1117000000000006125,용산동6가 68-67잡,잡,국유지,113.43111795093864,126.98535613756019,37.519710468039094,362.45739504,286.86768757,667.35612518,91,미지정,0
287397,1117000000000006126,용산동6가 68-32잡,잡,국유지,107.85801931098104,126.98533169083355,37.51978001264441,360.83403336,292.94938829,666.36371777,91,미지정,0
287398,1117000000000006127,용산동6가 69-28 도,도,국유지,635.9148733103648,126.98082152587038,37.52027452410121,92.35302356,93.00232918,483.81014204,91,미지정,0
287399,1117000000000006128,용산동6가 11-371도,도,국유지,3821.489728417713,126.97847627097094,37.52121179648906,77.97275934,178.39496085,282.37938137,91,미지정,0
287400,1117000000000006129,용산동6가 68-7잡,잡,국유지,47.22263760026544,126.98745494601425,37.520147907819094,228.95375321,172.52298322,478.47002676,91,미지정,0
287401,1117000000000006130,용산동6가 11-385도,도,국유지,109.37156299967319,126.97790119404954,37.52133659158256,69.36073655,217.57072718,237.39604276,91,미지정,0
287402,1117000000000006131,용산동6가 11-424도,도,국유지,148.1630601035431,126.98007857105019,37.52517418580321,287.56252829,457.06968495,654.16047779,91,미지정,0
287403,1117000000000006132,용산동6가 159-4잡,잡,국유지,16.471936907386407,126.98593933333333,37.527115666666674,707.97865934,822.88727124,793.61688316,91,미지정,0
287404,1117000000000006133,용산동6가 11-403 도,도,국유지,97.09761999500915,126.9774724140184,37.52140939695852,84.41423827,180.21102182,205.28785463,91,미지정,0
287405,1117000000000006134,용산동6가 159-3잡,잡,국유지,548.0657486008713,126.98584649652582,37.52669613733827,751.60879578,818.02236543,767.55428624,91,미지정,0
287406,1117000000000006135,용산동6가 68-40 도,도,국유지,211.4475252998527,126.98719554326945,37.519982975035965,240.05314295,193.25734583,507.19381052,91,미지정,0
287407,1117000000000006136,용산동6가 159잡,잡,국유지,9178.83163866715,126.98642959448166,37.52675189930292,720.21849262,805.62492333,734.42374791,91,미지정,0
287408,1117000000000006137,용산동6가 69-112 도,도,국유지,30.283162018749863,126.98750833279335,37.52008342059507,221.15331776,166.77239826,477.5103743,91,미지정,0
287409,1117000000000006138,보광동 265-1122 도,도,국유지,27.12961033731699,126.99828847953954,37.531391252214796,398.55352468,484.86721367,218.71593749,46,미지정,0
287410,1117000000000006139,보광동 265-1085 도,도,국유지,38.43169412203133,127.00093381897469,37.529550631780474,367.43428329,585.95123443,528.87637778,46,미지정,0
287411,1117000000000006140,보광동 147-12도,도,국유지,121.62789078056812,127.0013436573768,37.52328596938777,275.05749455,894.957315,810.73057192,46,미지정,0
287412,1117000000000006141,보광동 147-7도,도,국유지,296.10823087673634,127.00103810739644,37.52317087584352,292.24452449,922.55144089,782.01292275,46,미지정,0
287413,1117000000000006142,보광동 157-4도,도,국유지,416.48082062159665,127.00128019324696,37.52311342927364,294.78140892,913.0162383,802.21176795,46,미지정,0
287414,1117000000000006143,보광동 3-286도,도,국유지,53.52507907804102,127.00216529041421,37.52911826872556,376.37484356,592.64214421,644.22296659,46,미지정,0
287415,1117000000000006144,보광동 3-335 도,도,국유지,24.849446835462004,127.00218944282143,37.52947193604422,336.92050834,554.20345384,623.40260028,46,미지정,0
287416,1117000000000006145,보광동 8-8도,도,국유지,40.389243364101276,127.00082437106309,37.52937305878068,346.29649025,607.90581927,534.35420321,46,미지정,0
287417,1117000000000006146,보광동 175-7도,도,국유지,150.1141977258958,127.0011040168948,37.52331412010502,275.48228714,906.91648022,790.3901403,46,미지정,0
287418,1117000000000006147,보광동 3-372 도,도,국유지,48.36442141421139,127.00200183444889,37.52978424330629,325.17153779,525.89644892,590.74644851,46,미지정,0
287419,1117000000000006148,보광동 147-17도,도,국유지,40.28916713222861,127.00089550903037,37.523196457242584,292.42735922,929.04151985,770.02074112,46,미지정,0
287420,1117000000000006149,보광동 147-6도,도,국유지,231.36961614107713,127.00119417696739,37.52324339026114,281.70111358,907.30959348,796.9182908,46,미지정,0
287421,1117000000000006150,보광동 147-14도,도,국유지,22.634175000013784,127.00119532856523,37.52313093815923,293.98929834,916.526192,795.07468822,46,미지정,0
287422,1117000000000006151,보광동 147-26도,도,국유지,234.52931137138512,127.00095847987477,37.52310804143569,300.6004349,932.44862472,773.99244852,46,미지정,0
287423,1117000000000006152,보광동 253-51도,도,국유지,28.06249580066651,126.9991265058556,37.52891325712289,303.68195151,728.88977112,476.74077493,46,미지정,0
287424,1117000000000006153,보광동 249-3도,도,국유지,193.78755026124418,126.99950119923051,37.529329472312924,341.00350117,672.05110724,457.6087524,46,미지정,0
287426,1117000000000006155,보광동 248-5 도,도,국유지,76.02001870656386,126.99915842233406,37.52929937845744,344.11724748,692.59963921,442.34321153,46,미지정,0
287427,1117000000000006156,보광동 3-375도,도,국유지,12.282424503937364,127.00355499999999,37.529659666666674,249.71338777,402.76340101,717.39309717,46,미지정,0
287428,1117000000000006157,보광동 265-1081도,도,국유지,154.17778899893165,127.00110864378128,37.52966550256638,383.09573247,567.72456718,533.07251797,46,미지정,0
287429,1117000000000006158,보광동 265-745 도,도,국유지,16.790272899670526,127.00115049956177,37.52956157756354,372.72334691,576.59668919,543.05309259,46,미지정,0
287430,1117000000000006159,보광동 3-313 도,도,국유지,16.010539145208895,127.00229258169935,37.52868775163398,330.34645952,636.38398207,682.47337976,46,미지정,0
287431,1117000000000006160,보광동 264-139 도,도,국유지,3343.0240582122933,127.00083705868548,37.529505992170634,361.02442503,594.2136702,525.50091062,46,미지정,0
287432,1117000000000006161,보광동 264-140 도,도,국유지,167.06848567561246,127.00008776968096,37.5296211067626,368.61997754,616.19749584,467.99745399,46,미지정,0
287433,1117000000000006162,보광동 191-33도,도,국유지,51.8845452114474,126.99837093889255,37.52518893974347,199.52616952,1084.65694719,638.60681419,46,미지정,0
287434,1117000000000006163,보광동 147-25 도,도,국유지,69.12828429788351,127.00153708931782,37.52388636266439,206.96366427,834.47146361,841.03589599,46,미지정,0
287435,1117000000000006164,보광동 15-1도,도,국유지,105.60418886132538,127.00222314050818,37.528278471410644,284.51412872,530.73427705,707.53846328,46,미지정,0
287436,1117000000000006165,보광동 2-4도,도,국유지,41.28218217147514,127.00237106986692,37.5283830468948,298.16553396,515.55286088,709.57720853,46,미지정,0
287437,1117000000000006166,보광동 3-307 도,도,국유지,30.706525494344532,127.00239267987222,37.52861687348242,324.0292963,509.17801173,694.30247876,46,미지정,0
287438,1117000000000006167,보광동 151-2도,도,국유지,15.275742383673787,127.00118056743737,37.52378726107899,222.72947731,864.39379041,807.80866581,46,미지정,0
287439,1117000000000006168,보광동 147-4도,도,국유지,127.8177215764299,127.00165172075529,37.523826994000096,212.92208177,832.26745763,849.34006543,46,미지정,0
287440,1117000000000006169,보광동 148-1도,도,국유지,31.503121266141534,127.00146606913732,37.52379217658051,217.98511234,846.35898595,832.48013142,46,미지정,0
287441,1117000000000006170,보광동 147-10도,도,국유지,140.3218287937343,127.00172382926063,37.523793897966556,216.45992334,830.62108418,854.71548909,46,미지정,0
287442,1117000000000006171,보광동 147-2도,도,국유지,91.04611588083208,127.00176786799571,37.523768374820406,219.3035237,830.08185832,857.88318452,46,미지정,0
287443,1117000000000006172,보광동 147-28도,도,국유지,157.64822190627456,127.00134050061718,37.523739070521,225.3102922,858.3024126,820.32962663,46,미지정,0
287444,1117000000000006173,보광동 146-3도,도,국유지,18.591836840845644,127.00174723553214,37.523911042568166,203.45557323,819.68735375,859.72914387,46,미지정,0
287445,1117000000000006174,보광동 146-5도,도,국유지,46.23430045135319,127.0018833923961,37.523927927285584,201.98449051,810.12376554,871.86617112,46,미지정,0
287446,1117000000000006175,보광동 159-3도,도,국유지,17.777568500721827,127.00122372332598,37.523593289183225,243.02578004,877.11865004,806.73149547,46,미지정,0
287447,1117000000000006176,보광동 147-3도,도,국유지,12.425676701590419,127.00160566666668,37.523577333333336,240.77999408,855.42156832,839.4197035,46,미지정,0
287448,1117000000000006177,보광동 157-1도,도,국유지,341.8021257049404,127.00149006577972,37.52339695112686,261.43891237,877.15025815,825.6030964,46,미지정,0
287449,1117000000000006178,보광동 15-15도,도,국유지,25.27672523801448,127.00275596810918,37.52774511986545,239.58762545,501.9717855,782.32753625,46,미지정,0
287450,1117000000000006179,보광동 21-6 도,도,국유지,115.19558779150248,127.00273673790666,37.527205890947016,184.65987567,527.07759463,823.34119471,46,미지정,0
287451,1117000000000006180,보광동 25-4도,도,국유지,27.12618948612362,127.00280583477996,37.527221597588905,189.1631065,520.82812396,826.30976375,46,미지정,0
287452,1117000000000006181,보광동 15-24도,도,국유지,315.9077231087722,127.00268117355053,37.52770998755213,233.53905936,509.52231486,780.22339041,46,미지정,0
287453,1117000000000006182,보광동 15-27도,도,국유지,89.9471735265106,127.00273686997146,37.528037464143544,269.38039204,493.38480856,759.1837833,46,미지정,0
287454,1117000000000006183,보광동 18-9도,도,국유지,56.59664407861419,127.00275016265094,37.5278447661062,249.68924863,498.76492587,774.40923099,46,미지정,0
287455,1117000000000006184,보광동 15-37도,도,국유지,27.60662284027785,127.00277354459844,37.528053896706936,272.17640398,489.7593846,760.4057072,46,미지정,0
287456,1117000000000006185,보광동 25-6 도,도,국유지,263.9040409415029,127.00294985172857,37.527258086982634,199.22475547,507.62463861,832.32328973,46,미지정,0
287457,1117000000000006186,보광동 33-3 도,도,국유지,26.287446809816174,127.00277221110905,37.527136901287555,179.54512503,527.70311274,831.05407884,46,미지정,0
287458,1117000000000006187,보광동 26-2도,도,국유지,113.76791756274179,127.00304991097887,37.527340762385194,211.73093531,495.63286823,832.14480095,46,미지정,0
287459,1117000000000006188,보광동 25-3도,도,국유지,26.326630609109998,127.0028843899758,37.52725843376188,196.20944985,512.79224812,828.22785168,46,미지정,0
287460,1117000000000006189,보광동 29-10도,도,국유지,240.07850950036664,127.00328263736046,37.52739013871237,228.02041232,474.75973992,843.23529203,46,미지정,0
287461,1117000000000006190,보광동 31-2도,도,국유지,66.96200877043884,127.00307369059652,37.52718620872707,198.83808174,501.5334444,845.70043408,46,미지정,0
287462,1117000000000006191,보광동 29-9도,도,국유지,160.7748644243693,127.00342904073102,37.5275130762143,246.70626592,457.13453091,843.58168084,46,미지정,0
287463,1117000000000006192,보광동 27-15 도,도,국유지,225.82779849262442,127.00335406072517,37.52766646694759,256.71394057,456.08702111,827.33634353,46,미지정,0
287464,1117000000000006193,보광동 33-9도,도,국유지,46.56591978529468,127.0027434368833,37.52704775058815,169.7564756,534.52333377,836.54173917,46,미지정,0
287465,1117000000000006194,보광동 38-5 도,도,국유지,53.30618221871555,127.00351710950586,37.5265008944511,178.21525276,509.68930834,927.58333846,46,미지정,0
287466,1117000000000006195,보광동 65-3 도,도,국유지,192.24371881992556,127.00318599298309,37.52685940836754,177.99751606,511.04004133,878.57784818,46,미지정,0
287467,1117000000000006196,보광동 44-3도,도,국유지,24.74729569326155,127.00316728239179,37.52683637006939,175.03223848,513.79922076,879.28650722,46,미지정,0
287468,1117000000000006197,보광동 35-37도,도,국유지,102.51597387884976,127.003676427979,37.52683395282071,209.67054891,476.44856876,911.06706016,46,미지정,0
287469,1117000000000006198,보광동 36-10 도,도,국유지,1230.7039014422335,127.00410053639017,37.526698926487626,234.11054943,455.62084309,948.46157594,46,미지정,0
287470,1117000000000006199,보광동 36-2 도,도,국유지,131.34873890690506,127.00418294430546,37.52660241892918,236.10779273,456.95144297,961.12111344,46,미지정,0
287471,1117000000000006200,보광동 228-158도,도,국유지,38.21222595870495,126.99715019691911,37.52699947445442,186.79096052,860.13280287,623.55369214,46,미지정,0
287472,1117000000000006201,보광동 228-70도,도,국유지,15.387899229303002,126.9971806712358,37.527088575177984,195.49782198,851.46517614,614.06622433,46,미지정,0
287473,1117000000000006202,보광동 37-6 도,도,국유지,75.67926260270178,127.00364314618446,37.526594980252355,193.00314639,494.49481903,927.76345764,46,미지정,0
287474,1117000000000006203,보광동 35-42 도,도,국유지,61.895008811727166,127.00370966275686,37.52701491842341,224.13973611,462.74401074,899.2603301,46,미지정,0
287475,1117000000000006204,보광동 36-14 도,도,국유지,387.9458906908985,127.00392433289079,37.52677271962522,224.38854078,462.76852686,931.53575789,46,미지정,0
287476,1117000000000006205,보광동 36-6도,도,국유지,76.31180545687675,127.00408492644257,37.52683809888369,240.30326112,447.0880552,936.88941712,46,미지정,0
287477,1117000000000006206,보광동 29-5 도,도,국유지,25.046448776032776,127.00421758532443,37.52697584384384,258.24910522,428.49280288,935.28808857,46,미지정,0
287478,1117000000000006207,보광동 265-1158도,도,국유지,47.10322407819331,127.0021851626575,37.530728824742276,254.85910453,421.66905109,558.13357242,46,미지정,0
287479,1117000000000006208,보광동 212-2도,도,국유지,89.6072613587603,126.99703130092513,37.52514642813087,151.24608534,893.80284254,539.91059629,46,미지정,0
287480,1117000000000006209,보광동 238-48도,도,국유지,205.80185587448068,126.99679613675906,37.530520459533975,317.39609247,484.23909939,232.32001965,46,미지정,0
287481,1117000000000006210,보광동 273-5도,도,국유지,263.54374261648627,126.997311742808,37.53068035772116,365.85808869,491.30817859,228.36688665,46,미지정,0
287482,1117000000000006211,보광동 238-101 도,도,국유지,33.39359637955204,126.99708666250488,37.53068545348609,348.78384828,480.44792656,220.90013119,46,미지정,0
287483,1117000000000006212,보광동 238-93 도,도,국유지,16.06412049010396,126.99688791073794,37.53039714727736,318.09020252,500.11252533,247.32424069,46,미지정,0
287484,1117000000000006213,보광동 273-11 도,도,국유지,79.62874350417405,126.99668910303478,37.53059891599934,313.7078679,472.22817337,222.15515632,46,미지정,0
287485,1117000000000006214,보광동 265-888 도,도,국유지,1648.6952766759787,127.00176851376719,37.53099886621561,279.32717967,409.20445802,513.06531197,46,미지정,0
287486,1117000000000006215,보광동 215-14 도,도,국유지,26.49368918017717,126.99697313491328,37.526477388323144,140.15064751,911.61465588,679.60175548,46,미지정,0
287487,1117000000000006216,보광동 265-1153도,도,국유지,78.78842118242756,126.99863334410342,37.53210734180001,314.47828599,467.8320763,211.63694991,46,미지정,0
287488,1117000000000006217,보광동 265-1147도,도,국유지,46.661545224138536,127.0017021595361,37.53111519765934,281.86014667,400.53739445,503.24429597,46,미지정,0
287489,1117000000000006218,보광동 265-846도,도,국유지,50.65468922862783,127.0017647037862,37.53047276327426,300.61528564,462.0849488,535.52794086,46,미지정,0
287490,1117000000000006219,보광동 391-1도,도,국유지,96.32619570940733,126.99731792731411,37.52626856419005,159.63516595,942.11784594,705.88022459,46,미지정,0
287491,1117000000000006220,보광동 214-8도,도,국유지,30.40837110299617,126.99718676173576,37.52591587035543,141.91309872,976.69650209,607.29070809,46,미지정,0
287492,1117000000000006221,보광동 215-6도,도,국유지,427.7269096910022,126.99694515612724,37.52612678128203,123.76548021,948.67692485,609.37746136,46,미지정,0
287493,1117000000000006222,보광동 238-62도,도,국유지,67.63870478002355,126.99656689235381,37.52747842410617,198.48686348,795.04558721,566.43443201,46,미지정,0
287494,1117000000000006223,보광동 228-151도,도,국유지,62.38530081999488,126.9969499206636,37.52734885089375,203.74675009,817.91097171,583.09482404,46,미지정,0
287495,1117000000000006224,보광동 228-46도,도,국유지,38.820212442427874,126.99696510268723,37.52745417774408,214.03300295,807.09146323,571.59433981,46,미지정,0
287496,1117000000000006225,보광동 265-1124 도,도,국유지,17.765985741396435,126.99827514283083,37.531232784281244,414.58003129,496.38271343,228.84268217,46,미지정,0
287497,1117000000000006226,보광동 265-1123 도,도,국유지,13.650658938568085,126.99828256054617,37.53129607929093,408.0752422,491.87095073,224.82983389,46,미지정,0
287498,1117000000000006227,보광동 264-130 도,도,국유지,245.4743541359785,126.99829642123247,37.53193402056109,346.68625958,492.44532965,189.31955903,46,미지정,0
287499,1117000000000006228,보광동 264-131 도,도,국유지,490.2180083945859,126.99878764856972,37.53191484855033,326.51088818,486.92997305,230.77918586,46,미지정,0
287500,1117000000000006229,보광동 238-32도,도,국유지,568.9728286764584,126.9973288590842,37.529766086896664,331.23537514,580.21388617,324.74753852,46,미지정,0
287501,1117000000000006230,보광동 238-86도,도,국유지,464.04761692509055,126.99733260889664,37.529926888550655,335.93918094,564.55018034,307.73274944,46,미지정,0
287502,1117000000000006231,보광동 238-76도,도,국유지,116.72095253225416,126.9968405577548,37.530382938056825,313.64293267,499.64832712,248.04708501,46,미지정,0
287503,1117000000000006232,보광동 238-85도,도,국유지,357.7371893301606,126.99706730722681,37.530089024442866,319.1076297,537.7867788,284.17729705,46,미지정,0
287504,1117000000000006233,보광동 238-111 도,도,국유지,21.700099157635123,126.99699333333334,37.530056666666674,311.73836437,538.1064614,286.2248963,46,미지정,0
287505,1117000000000006234,보광동 264-138 도,도,국유지,52.562926441431046,127.00116685691177,37.53020144236032,361.35066482,512.26659971,503.62290437,46,미지정,0
287506,1117000000000006235,보광동 264-136 도,도,국유지,26.340234957635403,127.00122490273124,37.53043892383613,345.50103803,486.63300784,494.82745046,46,미지정,0
287507,1117000000000006236,보광동 265-1131도,도,국유지,113.40448069549166,126.99680006597463,37.53096189261827,344.5130531,441.20497797,184.46198949,46,미지정,0
287508,1117000000000006237,보광동 214-11 도,도,국유지,70.05363489559386,126.9968409387998,37.52575110935277,112.05211488,987.05830191,572.75675089,46,미지정,0
287509,1117000000000006238,보광동 265-451도,도,국유지,148.6862813201733,126.99722177404634,37.531019454414476,378.61536036,455.47412639,190.7193896,46,미지정,0
287510,1117000000000006239,보광동 265-1129 도,도,국유지,20.866048409603536,126.99822317724495,37.53086708305908,452.83899326,523.02220915,254.09508152,46,미지정,0
287511,1117000000000006240,보광동 265-1130 도,도,국유지,45.25890597142279,126.99818692792891,37.530769480546226,463.9824557,529.16175541,260.23853616,46,미지정,0
287512,1117000000000006241,보광동 265-1128 도,도,국유지,51.73344689258374,126.99824467406215,37.53095996393919,442.75153776,516.57113124,247.79170545,46,미지정,0
287513,1117000000000006242,보광동 265-1127 도,도,국유지,20.473608172265813,126.99825166123624,37.531058092796684,432.74309982,508.95383629,240.45558666,46,미지정,0
287514,1117000000000006243,보광동 264-113도,도,국유지,66.12490232195705,126.99832858576268,37.53096772917439,438.7261768,520.93227645,252.34811102,46,미지정,0
287515,1117000000000006244,보광동 238-112 도,도,국유지,302.1385788563639,126.99686578870724,37.53027258599715,310.33910042,511.62503192,260.49570255,46,미지정,0
287516,1117000000000006245,보광동 265-619도,도,국유지,88.08986936090514,126.99670638355886,37.53069777890381,320.90494314,463.09716666,211.55817939,46,미지정,0
287517,1117000000000006246,보광동 238-113 도,도,국유지,527.6483513368294,126.99663694983514,37.53044155907051,300.83733874,486.01101994,238.84107765,46,미지정,0
287518,1117000000000006247,보광동 265-410 도,도,국유지,634.5896933642216,126.99674995844892,37.53090641660289,337.29160571,444.42001139,189.50252752,46,미지정,0
287519,1117000000000006248,보광동 264-135 도,도,국유지,67.60653252713382,127.00108718568768,37.53050318740476,354.02635026,486.45339727,480.72538022,46,미지정,0
287520,1117000000000006249,보광동 274-13도,도,국유지,104.64907636056887,126.99700139643781,37.53088703777832,354.24903093,457.36693274,197.29287126,46,미지정,0
287521,1117000000000006250,보광동 3-361 도,도,국유지,46.55900304811075,127.00244551011382,37.53031115634219,258.20834923,458.41791313,597.58543837,46,미지정,0
287522,1117000000000006251,보광동 274-24도,도,국유지,11.556313406093977,126.99696197906057,37.53071863723826,341.21101685,471.74917093,214.19019794,46,미지정,0
287523,1117000000000006252,보광동 3-267 도,도,국유지,35.16932359430939,127.00256492840538,37.53041394783822,242.9893105,444.5928163,602.53764643,46,미지정,0
287524,1117000000000006253,보광동 238-24도,도,국유지,282.1500855800696,126.99750129896388,37.530297518503055,363.16380692,536.22825263,274.03273082,46,미지정,0
287525,1117000000000006254,보광동 238-105 도,도,국유지,19.36515861400403,126.99760131121243,37.530644072441746,386.7553757,508.8012742,242.9771856,46,미지정,0
287526,1117000000000006255,보광동 264-120도,도,국유지,15.073412766680121,126.99954887363057,37.52980322887515,392.35619706,627.20259253,420.29381869,46,미지정,0
287527,1117000000000006256,보광동 240-31도,도,국유지,594.2315412811004,126.99847143491876,37.5302258322575,460.13833371,591.84347606,323.34247825,46,미지정,0
287528,1117000000000006257,보광동 265-1094 도,도,국유지,23.92690188344568,126.99814432062321,37.53051804141042,490.82364414,548.48363568,280.12966266,46,미지정,0
287529,1117000000000006258,보광동 264-84 도,도,국유지,7667.072764424956,126.99892327374855,37.530883293658036,427.58636798,599.45171072,297.67211046,46,미지정,0
287530,1117000000000006259,보광동 265-1097 도,도,국유지,17.579777288250625,126.99819191964285,37.530454112351194,492.30963269,556.66772769,288.35242292,46,미지정,0
287531,1117000000000006260,보광동 264-115도,도,국유지,43.046906389063224,126.99826703152536,37.53041071008051,485.49109925,564.54784879,296.1259676,46,미지정,0
287532,1117000000000006261,보광동 269-7 도,도,국유지,52.38648623786867,126.99900944769041,37.52993891991261,416.15109523,703.40477476,377.62034088,46,미지정,0
287533,1117000000000006262,보광동 264-132 도,도,국유지,2403.772745671915,127.0002131475732,37.53126670249059,363.24549998,465.65951415,374.18827447,46,미지정,0
287534,1117000000000006263,보광동 3-297도,도,국유지,493.70566225633956,127.00232280772977,37.52888210337472,352.07530245,614.75821762,671.14726087,46,미지정,0
287535,1117000000000006264,보광동 58-1도,도,국유지,162.881174094975,127.00267563308748,37.526592766450825,125.40632681,564.98142845,870.38308821,46,미지정,0
287536,1117000000000006265,보광동 80-18도,도,국유지,668.4671546381433,127.0022454332839,37.52666495140182,111.57351944,593.54258882,840.03667696,46,미지정,0
287537,1117000000000006266,보광동 62-1도,도,국유지,23.00592049397528,127.00221213752666,37.52670568265813,114.62185375,593.90127242,834.66789628,46,미지정,0
287538,1117000000000006267,보광동 75-26도,도,국유지,96.61004952993244,127.00221099207918,37.526789941508,123.34142589,589.51439444,827.32222859,46,미지정,0
287539,1117000000000006268,보광동 75-2도,도,국유지,57.73535940796137,127.00232608280943,37.52683853157746,132.0857444,578.00020359,829.62187543,46,미지정,0
287540,1117000000000006269,보광동 75-24 도,도,국유지,12.11609389167279,127.00228860998648,37.52685913292847,132.94521422,579.8500306,825.74490029,46,미지정,0
287541,1117000000000006270,보광동 75-23 도,도,국유지,123.17693649139255,127.00236665571528,37.526945998088486,144.46968177,569.27161845,822.82656359,46,미지정,0
287542,1117000000000006271,보광동 22-2도,도,국유지,24.07028888585046,127.00254085687111,37.52704426879967,160.76736723,550.59177613,824.76785893,46,미지정,0
287543,1117000000000006272,보광동 21-5도,도,국유지,65.64257810439449,127.00250693981968,37.5270624492602,161.29620265,552.35392518,821.26476462,46,미지정,0
287544,1117000000000006273,보광동 63-1도,도,국유지,119.32670111581683,127.00205620348598,37.5265870953438,97.66818209,612.35615955,836.55051138,46,미지정,0
287545,1117000000000006274,보광동 71-14 도,도,국유지,48.84221013542265,127.00196258772719,37.52659532620267,96.51483737,619.13229137,830.82485353,46,미지정,0
287546,1117000000000006275,보광동 383-1도,도,국유지,795.6414396800101,126.998236414647,37.52627248115383,168.76278884,967.60011782,720.18900586,46,미지정,0
287547,1117000000000006276,보광동 382-1도,도,국유지,118.32161024771631,126.99800071203511,37.5263482170446,189.644602,952.45817134,707.338394,46,미지정,0
287548,1117000000000006277,보광동 217-12도,도,국유지,71.60824034828693,126.99877771448145,37.526199687148925,121.40014301,993.09524405,740.67789754,46,미지정,0
287549,1117000000000006278,보광동 303-1도,도,국유지,453.6749056125991,126.99927272900044,37.526357270080524,77.39047802,969.0576372,738.32659001,46,미지정,0
287550,1117000000000006279,보광동 80-2도,도,국유지,475.1415616609156,127.00133498048083,37.52624359336306,65.93376458,686.61723605,831.45066071,46,미지정,0
287551,1117000000000006280,보광동 80-28도,도,국유지,283.76903442665935,127.00135648063637,37.52629073368598,69.44457841,682.38993773,828.05291953,46,미지정,0
287552,1117000000000006281,보광동 71-16 도,도,국유지,48.21936768107116,127.00181399294675,37.52646849698203,80.66483449,637.47202648,834.39605927,46,미지정,0
287553,1117000000000006282,보광동 217-6도,도,국유지,74.34046522108838,126.99943369697569,37.52621757873089,63.56586193,838.04668921,757.90649004,46,미지정,0
287554,1117000000000006283,보광동 80-15 도,도,국유지,279.8311396371573,127.00107883814817,37.52599967269104,64.87236451,719.78240122,842.92451362,46,미지정,0
287555,1117000000000006284,보광동 80-26 도,도,국유지,43.35348134115338,127.00108766666666,37.52614533333334,72.77502134,711.01337026,829.35762132,46,미지정,0
287556,1117000000000006285,보광동 71-2도,도,국유지,18.905148666352034,127.00183299999999,37.526435666666664,77.1969413,637.81863689,838.3366232,46,미지정,0
287557,1117000000000006286,보광동 83-3 도,도,국유지,79.67798037070315,127.00242064739682,37.52582459574383,60.92057927,632.27677994,923.72410335,46,미지정,0
287558,1117000000000006287,보광동 216-4도,도,국유지,269.60386454872787,126.99782407054097,37.52597897165264,198.52207596,986.09070611,653.20117767,46,미지정,0
287559,1117000000000006288,보광동 386-2 도,도,국유지,18.16946028545499,126.99750666666667,37.526019,170.89384874,973.4162057,635.55812172,46,미지정,0
287560,1117000000000006289,보광동 386-3 도,도,국유지,33.25831402372569,126.99746848141594,37.52604033038348,167.78279731,970.17956999,634.75945753,46,미지정,0
287561,1117000000000006290,보광동 387-6도,도,국유지,814.4470780908014,126.99782237203647,37.52639194564936,206.27473022,942.61938901,699.41762377,46,미지정,0
287562,1117000000000006291,보광동 216-99도,도,국유지,90.71478763897903,127.00025325085171,37.525996223598135,35.05574867,783.66632135,809.27388778,46,미지정,0
287563,1117000000000006292,보광동 210-21도,도,국유지,85.30441874591634,126.99751012783213,37.52580721727046,170.55789355,996.03278032,619.80871753,46,미지정,0
287564,1117000000000006293,보광동 216-124도,도,국유지,17.683866758132353,126.997701,37.52585066666667,187.29614208,996.31957987,635.61937654,46,미지정,0
287565,1117000000000006294,보광동 216-13도,도,국유지,303.24902171141,126.99992280114311,37.52607607299148,31.70682204,805.62341145,789.02617715,46,미지정,0
287566,1117000000000006295,보광동 216-14도,도,국유지,41.74455600784859,127.00024683290249,37.52609220775558,24.76267095,779.24401398,799.42399583,46,미지정,0
287567,1117000000000006296,보광동 217-2도,도,국유지,960.5357693638653,127.00003985590578,37.52613857575555,20.21033762,793.27367218,786.96127178,46,미지정,0
287568,1117000000000006297,보광동 216-2도,도,국유지,959.2363264057785,126.99840588167163,37.5260653720261,155.94750882,994.43470324,746.11789531,46,미지정,0
287569,1117000000000006298,보광동 217-19도,도,국유지,50.520230618305504,126.99800404372591,37.52612896763439,190.22648261,975.47134917,731.20321336,46,미지정,0
287570,1117000000000006299,보광동 216-31도,도,국유지,443.7339816009626,126.99840824474809,37.526007173065516,156.9516028,1000.53361359,752.42867169,46,미지정,0
287571,1117000000000006300,보광동 216-67도,도,국유지,2781.4139453257667,126.99854388766242,37.52581452753896,151.47014778,1024.80413022,776.12931966,46,미지정,0
287572,1117000000000006301,보광동 216-30도,도,국유지,18.184159746859223,126.99878319251867,37.52602339744627,124.25917249,1011.28215508,759.53927717,46,미지정,0
287573,1117000000000006302,보광동 216-109도,도,국유지,105.53903535706922,126.99879957573783,37.52583108891471,129.84799591,1031.53132665,780.41302846,46,미지정,0
287574,1117000000000006303,보광동 100-5도,도,국유지,113.05944297881797,127.00082109672564,37.52554599259518,84.0581283,765.67489634,876.30443777,46,미지정,0
287575,1117000000000006304,보광동 216-37도,도,국유지,94.04094988014549,126.99922884535668,37.52574461568689,101.80479642,876.94053253,801.01765773,46,미지정,0
287576,1117000000000006305,보광동 216-23도,도,국유지,30.182654490461573,126.99920318706323,37.526042589739426,88.04730845,864.62645427,769.02193947,46,미지정,0
287577,1117000000000006306,보광동 81-4도,도,국유지,356.78713620023336,127.00099288087183,37.525836666859156,66.73868169,735.62197156,854.94075395,46,미지정,0
287578,1117000000000006307,보광동 81-3 도,도,국유지,37.104128372855484,127.00093980367528,37.52603978842763,75.94245816,728.16692273,832.96884745,46,미지정,0
287579,1117000000000006308,보광동 80-14 도,도,국유지,134.86278798244894,127.00098455592332,37.52611301046326,78.24355239,720.7141111,827.86449695,46,미지정,0
287580,1117000000000006309,보광동 216-3도,도,국유지,309.9547476552543,127.00059515896203,37.526108881605396,45.07667139,751.11156919,811.65095323,46,미지정,0
287581,1117000000000006310,보광동 217-49도,도,국유지,543.6531011536135,127.00069030828871,37.526398279087616,49.39140054,728.95841796,787.47867938,46,미지정,0
287582,1117000000000006311,보광동 80-10 도,도,국유지,146.21833533776226,127.00086250286274,37.526288347658344,63.41026815,720.90889979,805.61656809,46,미지정,0
287583,1117000000000006312,보광동 216-105도,도,국유지,99.88793109054677,126.99921376948389,37.52591898814845,92.57376721,869.60707091,782.28055385,46,미지정,0
287584,1117000000000006313,보광동 216-29도,도,국유지,225.4845786972437,126.99898724859138,37.526032057599295,106.60226865,1012.44281828,764.00526574,46,미지정,0
287585,1117000000000006314,보광동 168-10도,도,국유지,148.44702368974686,126.99976195516929,37.52546486716013,98.70481562,850.23393593,846.28597888,46,미지정,0
287586,1117000000000006315,보광동 168-64도,도,국유지,12.601933940313756,127.00014821980021,37.52556841144415,81.21426158,814.95429725,848.6279113,46,미지정,0
287587,1117000000000006316,보광동 168-60도,도,국유지,61.489045858965255,126.99935918226299,37.52553622818773,109.62353968,877.43796585,826.63038825,46,미지정,0
287588,1117000000000006317,보광동 216-102도,도,국유지,69.93574720388278,126.99963114937691,37.52594556844591,60.11890139,835.15602965,792.39550543,46,미지정,0
287589,1117000000000006318,보광동 216-18도,도,국유지,21.524696334265172,126.99962099999999,37.52606099999999,53.40783803,830.33353951,780.17159759,46,미지정,0
287590,1117000000000006319,보광동 216-44도,도,국유지,27.847790234314743,126.99965058340675,37.52580515248664,70.21813274,840.69345785,807.51977861,46,미지정,0
287591,1117000000000006320,보광동 216-19도,도,국유지,209.62055611377582,126.99941401056174,37.526051996232425,70.26485771,847.28879125,774.43508818,46,미지정,0
287592,1117000000000006321,보광동 9-47도,도,국유지,73.24430047924398,127.00118119030716,37.528568823220844,267.92669358,677.29460571,618.99296794,46,미지정,0
287593,1117000000000006322,보광동 9-5도,도,국유지,29.965948249213398,127.00130519239373,37.52831074851312,245.57740475,700.54327538,647.31490681,46,미지정,0
287594,1117000000000006323,보광동 3-343 도,도,국유지,38.35861029964872,127.00194175532823,37.52856799710146,313.92217214,656.74577931,667.53824496,46,미지정,0
287595,1117000000000006324,보광동 13-110도,도,국유지,19.10097735002637,127.001548816641,37.527944133025166,220.64349526,597.3509283,691.86939052,46,미지정,0
287596,1117000000000006325,보광동 13-40도,도,국유지,302.4473829990602,127.00183591329575,37.52782164087382,230.73279502,576.54639283,719.01628804,46,미지정,0
287597,1117000000000006326,보광동 14-17도,도,국유지,23.034943724051118,127.00210515956842,37.52802649488926,255.37015024,547.46865645,719.23414005,46,미지정,0
287598,1117000000000006327,보광동 6-7도,도,국유지,652.2545757265761,127.0013406325219,37.52899143877078,316.83626604,628.4390855,596.60338844,46,미지정,0
287599,1117000000000006328,보광동 6-10 도,도,국유지,75.62289497349411,127.00152815437504,37.529046129856646,328.36831438,616.99738546,605.09988359,46,미지정,0
287600,1117000000000006329,보광동 10-34도,도,국유지,82.05983280204237,127.00073509492496,37.52775419726223,169.59314026,775.8176291,662.88180405,46,미지정,0
287601,1117000000000006330,보광동 264-5도,도,국유지,246.08511843520682,127.00071716164358,37.52811863648142,208.06313331,738.79115815,629.68281649,46,미지정,0
287602,1117000000000006331,보광동 9-87 도,도,국유지,16.554923444986343,127.00108642992593,37.52912951466667,324.85637927,622.70411849,569.65327528,46,미지정,0
287603,1117000000000006332,보광동 264-99도,도,국유지,20.999303439399227,127.0007426240754,37.528119372498644,208.70039613,737.86730413,631.01260527,46,미지정,0
287604,1117000000000006333,보광동 264-97도,도,국유지,23.667533177882433,127.00044177651122,37.528624906044904,259.34644105,697.35427583,570.68187306,46,미지정,0
287605,1117000000000006334,보광동 264-67도,도,국유지,64.41522967955098,127.0008172606356,37.528277034648184,227.30715895,719.17216483,621.58979219,46,미지정,0
287606,1117000000000006335,보광동 264-3도,도,국유지,38.34883359062951,127.00077226605272,37.52848180459623,248.39767949,699.71742871,601.69880022,46,미지정,0
287607,1117000000000006336,보광동 9-57 도,도,국유지,10.565788919106126,127.00109926802844,37.52847675642216,255.870368,689.41491961,621.42689398,46,미지정,0
287608,1117000000000006337,보광동 260-41 도,도,국유지,50.16554404585622,127.00001114406311,37.528345347837416,227.30104395,742.15247683,572.30616948,46,미지정,0
287609,1117000000000006338,보광동 221-7도,도,국유지,117.97286066785455,127.00010836568259,37.52664577291754,38.49851675,764.44326051,738.94407019,46,미지정,0
287610,1117000000000006339,보광동 224-5 도,도,국유지,11.988584069535136,127.000322,37.52672666666667,49.84827403,743.55867748,739.81249037,46,미지정,0
287611,1117000000000006340,보광동 223도,도,국유지,215.33367879269645,127.00046268965171,37.526628496871524,45.99081914,736.40996727,755.35498734,46,미지정,0
287612,1117000000000006341,보광동 224-4도,도,국유지,450.9351562894881,127.00040282868474,37.526774556149014,57.3633787,734.92376908,738.6213949,46,미지정,0
287613,1117000000000006342,보광동 79-4도,도,국유지,147.3554965555668,127.00093137153797,37.52670683372171,82.85758856,695.04107138,768.93489969,46,미지정,0
287614,1117000000000006343,보광동 319-1도,도,국유지,295.8294745843159,126.99940974607571,37.526729914306564,80.63853588,926.45885379,704.42140525,46,미지정,0
287615,1117000000000006344,보광동 292-3도,도,국유지,32.399540927261114,126.99950031476155,37.52678943875851,78.7369037,917.08071859,701.51525367,46,미지정,0
287616,1117000000000006345,보광동 280-6 도,도,국유지,13.298237673006952,126.99966566469938,37.52739939358172,129.15904267,849.67503496,646.65993064,46,미지정,0
287617,1117000000000006346,보광동 327-1도,도,국유지,57.90214243560331,126.99945061640125,37.5269493600757,94.67045434,902.91483701,683.50295761,46,미지정,0
287618,1117000000000006347,보광동 260-9도,도,국유지,1921.8095984036336,126.99959999141795,37.5276390556724,156.22395741,828.48050008,620.39732835,46,미지정,0
287619,1117000000000006348,보광동 280-7도,도,국유지,329.0020796501776,126.99989769761396,37.52723389767559,105.92025574,857.60778462,672.45618486,46,미지정,0
287620,1117000000000006349,보광동 225-2도,도,국유지,25.35046323761344,126.9998135128354,37.527271607069146,111.73719734,856.88556296,665.27429313,46,미지정,0
287621,1117000000000006350,보광동 316-1도,도,국유지,261.8658174495213,126.9990307619074,37.526535745597954,101.92977923,960.46545828,712.34309177,46,미지정,0
287622,1117000000000006351,보광동 259-4도,도,국유지,241.8078359514475,126.99916962966569,37.52826045737314,234.0392729,787.1907984,541.64655304,46,미지정,0
287623,1117000000000006352,보광동 260-2도,도,국유지,86.45899958815426,126.99967589496579,37.52845748606226,243.00595454,745.44001434,545.43681058,46,미지정,0
287624,1117000000000006353,보광동 253-12도,도,국유지,223.52438801247627,126.99943160555057,37.5287095288098,274.75164897,732.67235821,510.22263563,46,미지정,0
287625,1117000000000006354,보광동 341-1도,도,국유지,256.0668008327484,126.99897062479086,37.526829030828964,119.27770068,936.69592837,679.93237182,46,미지정,0
287626,1117000000000006355,보광동 340-1도,도,국유지,71.9801313142525,126.99911696719826,37.52715235859344,131.18211474,896.12930639,651.18793558,46,미지정,0
287627,1117000000000006356,보광동 227-17도,도,국유지,568.2354097689386,126.99888604601371,37.52747533661363,171.47074305,869.27909908,610.29295495,46,미지정,0
287628,1117000000000006357,보광동 342-1도,도,국유지,128.8621199534973,126.99887119813475,37.526963249042,134.53724861,919.45630758,662.92401244,46,미지정,0
287629,1117000000000006358,보광동 341-2도,도,국유지,68.04127352056094,126.9992556673155,37.52701114086943,111.40435946,904.39289117,670.36944202,46,미지정,0
287630,1117000000000006359,보광동 231-113도,도,국유지,33.23296814970672,126.99832186769989,37.5279744295695,245.98666557,797.30558456,540.91371705,46,미지정,0
287631,1117000000000006360,보광동 231-150도,도,국유지,114.30634063761681,126.99897478944052,37.5281906638058,233.94650476,803.73452343,540.79997568,46,미지정,0
287632,1117000000000006361,보광동 343-1도,도,국유지,46.63477452658117,126.9986070593247,37.52678576666317,146.26402668,927.46399946,674.08724025,46,미지정,0
287633,1117000000000006362,보광동 231-14도,도,국유지,466.8573771407828,126.9982883759666,37.52844316751422,288.98708267,749.61485848,491.00829133,46,미지정,0
287634,1117000000000006363,보광동 255-1도,도,국유지,426.57459441944957,126.99859638284042,37.528696779372304,299.164138,738.3577595,475.70426818,46,미지정,0
287635,1117000000000006364,보광동 257-5도,도,국유지,148.4455204079859,126.99858785699807,37.52860728740264,290.72457718,746.53558172,484.40357462,46,미지정,0
287636,1117000000000006365,보광동 258-11도,도,국유지,37.976029123179615,126.99876572453284,37.5285320620856,276.10329074,761.7273157,498.64316049,46,미지정,0
287637,1117000000000006366,보광동 258-12도,도,국유지,12.988947322126478,126.9987513388721,37.52849963141995,273.44924175,764.16520317,501.33908901,46,미지정,0
287638,1117000000000006367,보광동 258-22도,도,국유지,169.3667363896966,126.99885917788463,37.528425205755724,261.82360711,776.14757149,512.91980734,46,미지정,0
287639,1117000000000006368,보광동 352-1도,도,국유지,12.891095915809274,126.99833950456619,37.52714614003044,185.18942134,881.31742847,628.91673746,46,미지정,0
287640,1117000000000006369,보광동 227-21도,도,국유지,20.700210135430098,126.99830774881515,37.527444705371245,206.20339303,849.91472029,596.39075254,46,미지정,0
287641,1117000000000006370,보광동 227-24 도,도,국유지,85.75372279249132,126.99824577740915,37.527540352114556,217.11530084,837.9843077,584.6339873,46,미지정,0
287642,1117000000000006371,보광동 231-60도,도,국유지,570.8869521577144,126.99862270126505,37.52778600724048,212.86088068,827.95205981,569.68872689,46,미지정,0
287643,1117000000000006372,보광동 334-1 도,도,국유지,631.3145902822725,126.99874312989017,37.52720056373817,159.21331525,890.81844965,634.30547179,46,미지정,0
287644,1117000000000006373,보광동 231-12 도,도,국유지,36.73983791470528,126.99802866648864,37.528710436760115,326.44653291,712.69684253,455.25116854,46,미지정,0
287645,1117000000000006374,보광동 440-1도,도,국유지,409.2032371379901,126.99758423833323,37.527228012830506,232.36575458,848.11276398,604.3204705,46,미지정,0
287646,1117000000000006375,보광동 437-1도,도,국유지,165.46001019887626,126.99800206677337,37.527228328916024,215.64591797,861.30055207,612.22973433,46,미지정,0
287647,1117000000000006376,보광동 402-1도,도,국유지,204.62499083392322,126.99782123576652,37.52677594694155,212.11229077,902.42116252,657.61063488,46,미지정,0
287648,1117000000000006377,보광동 401-1도,도,국유지,278.0677085601492,126.99736358157367,37.526629702389144,178.55066539,904.89784547,666.68616695,46,미지정,0
287649,1117000000000006378,보광동 363-1도,도,국유지,121.60287185275229,126.99781518106765,37.52662138043567,209.03197074,918.38218168,674.31279146,46,미지정,0
287650,1117000000000006379,보광동 404-1도,도,국유지,31.66383946686983,126.99750656436869,37.52655762835012,186.37940327,916.33263533,676.4639656,46,미지정,0
287651,1117000000000006380,보광동 421-1도,도,국유지,138.57478498085402,126.99749379824198,37.5268649335693,201.78004299,883.56840898,642.61199626,46,미지정,0
287652,1117000000000006381,보광동 228-11잡,잡,국유지,1391.8880412951112,126.99745487106509,37.52773933898144,265.31264983,790.89100202,546.43348431,46,미지정,0
287653,1117000000000006382,보광동 231-116 도,도,국유지,40.60050397180021,126.99778855805243,37.52819133478314,295.72701268,755.52525059,504.03215832,46,미지정,0
287654,1117000000000006383,보광동 269-9 도,도,국유지,16.78030768968165,126.99876206031377,37.53014262223522,443.64755574,615.15423337,346.29327814,46,미지정,0
287655,1117000000000006384,보광동 243-23도,도,국유지,25.40364562626928,126.99760421059408,37.529631072472164,352.2403949,604.83946816,346.4126447,46,미지정,0
287656,1117000000000006385,보광동 238-31도,도,국유지,44.73452716250904,126.99740611944443,37.52978856345028,338.44757163,581.15724048,324.31942086,46,미지정,0
287657,1117000000000006386,보광동 240-25도,도,국유지,388.83778100681957,126.99826458035629,37.52987751648754,430.44096355,612.12275364,345.81440916,46,미지정,0
287658,1117000000000006387,보광동 247-18도,도,국유지,108.50612138782162,126.99866900180827,37.52973456457664,402.89539992,645.80492681,378.10070143,46,미지정,0
287659,1117000000000006388,보광동 240-42도,도,국유지,57.438642309978604,126.99868722829491,37.530122261115864,443.35315989,612.72147551,343.98543806,46,미지정,0
287660,1117000000000006389,보광동 242-3 도,도,국유지,31.245694470126182,126.99766295405546,37.529528563369965,355.69330538,617.31513263,358.86720975,46,미지정,0
287661,1117000000000006390,보광동 242-5 도,도,국유지,194.195123472251,126.99794974133201,37.52915015050939,371.10463751,666.32366821,407.02669831,46,미지정,0
287662,1117000000000006391,보광동 242-8도,도,국유지,98.6228610072285,126.9979577403594,37.52930508974104,385.51167438,651.63695893,391.26311479,46,미지정,0
287663,1117000000000006392,보광동 243-25 도,도,국유지,39.96716871764511,126.99801157891507,37.529217338487975,374.69995187,662.45773669,402.07414832,46,미지정,0
287664,1117000000000006393,보광동 269-11 도,도,국유지,23.044050152413547,126.99862716006811,37.530207731800765,453.97908313,602.00836145,333.23368481,46,미지정,0
287665,1117000000000006394,보광동 243-4도,도,국유지,651.7704459274537,126.99774455166133,37.529384686916266,402.78115321,634.79157697,376.32823963,46,미지정,0
287666,1117000000000006395,보광동 243-24도,도,국유지,70.18749715969898,126.99781788988282,37.52941459473059,402.25257704,634.99310643,375.45108284,46,미지정,0
287667,1117000000000006396,보광동 231-46도,도,국유지,258.2917335466482,126.99750079876054,37.52885594738274,372.15885338,677.80801796,426.23427347,46,미지정,0
287668,1117000000000006397,보광동 244-7도,도,국유지,42.782815505284816,126.99773602270122,37.52903279905221,370.59141957,669.07329783,413.0881918,46,미지정,0
287669,1117000000000006398,보광동 244-4도,도,국유지,44.205393462383654,126.99812284953396,37.529047789428915,353.49052121,683.68056983,423.20859945,46,미지정,0
287670,1117000000000006399,보광동 256-2도,도,국유지,35.856831127777696,126.99836325886912,37.52881610273597,320.60438289,716.53418347,455.15632073,46,미지정,0
287671,1117000000000006400,보광동 256-1도,도,국유지,73.59722348861396,126.99841465526971,37.528813637652185,318.15694092,719.04088221,457.2340602,46,미지정,0
287672,1117000000000006401,보광동 244-22도,도,국유지,604.6397472736426,126.99824957201228,37.52905190065928,348.35985706,688.8451988,427.15015618,46,미지정,0
287673,1117000000000006402,보광동 231-166 도,도,국유지,46.015480533242226,126.99812673417902,37.52879263824041,329.18567953,708.66297765,449.67603427,46,미지정,0
287674,1117000000000006403,보광동 244-3도,도,국유지,24.128561634279322,126.99827609791964,37.52891409561564,333.86522401,703.26821244,442.12059271,46,미지정,0
287675,1117000000000006404,보광동 264-119도,도,국유지,49.585541496519,126.99998034391795,37.530092477165546,421.1536471,578.59707475,425.64520266,46,미지정,0
287676,1117000000000006405,보광동 245-4도,도,국유지,55.84519047226058,126.99840913631971,37.529171189635484,353.67908234,684.74984892,421.06651645,46,미지정,0
287677,1117000000000006406,보광동 244-2도,도,국유지,31.819685357622802,126.9981838402446,37.52924466342942,369.94764625,667.45463264,405.23352117,46,미지정,0
287678,1117000000000006407,보광동 246-12도,도,국유지,28.052523773396388,126.99851571743311,37.52929785591887,362.550796,677.92956123,412.84719558,46,미지정,0
287679,1117000000000006408,보광동 240-16도,도,국유지,35.47890886897221,126.99835541849855,37.52942269606895,380.96924146,658.60190771,393.99217899,46,미지정,0
287680,1117000000000006409,보광동 258-19도,도,국유지,394.798368379008,126.9986934577939,37.52871891778278,297.55059307,740.67581112,477.2010392,46,미지정,0
287681,1117000000000006410,보광동 246-6도,도,국유지,87.74825065088226,126.99869217929081,37.529207979931805,347.35391631,694.84024782,429.09448966,46,미지정,0
287682,1117000000000006411,보광동 207-25도,도,국유지,90.56333368096966,126.9980379793811,37.52548326871411,207.16851085,1044.26176642,633.07288044,46,미지정,0
287683,1117000000000006412,보광동 205-2도,도,국유지,44.46763820853084,126.9983271453576,37.52529551027762,195.60769804,1072.21386745,641.87861075,46,미지정,0
287684,1117000000000006413,보광동 100-13도,도,국유지,586.1506748287939,127.00147074808139,37.525431942405696,41.98458046,725.58824822,914.81674244,46,미지정,0
287685,1117000000000006414,보광동 94-7 도,도,국유지,218.87766325101256,127.00126193673985,37.5258458669356,43.64588344,714.90271636,865.81621234,46,미지정,0
287686,1117000000000006415,보광동 94-8 도,도,국유지,239.02461513970047,127.00146670072036,37.525655230023055,26.00725308,711.50261734,893.23375329,46,미지정,0
287687,1117000000000006416,보광동 90-2도,도,국유지,259.559141269885,127.00161834215913,37.52543463147681,35.96979519,714.93199514,921.13076495,46,미지정,0
287688,1117000000000006417,보광동 86-2도,도,국유지,111.26945456117392,127.00187134435481,37.52520951818543,60.48356933,712.81380964,954.04312968,46,미지정,0
287689,1117000000000006418,보광동 70-3도,도,국유지,20.31327646225691,127.00247999999999,37.525283333333334,83.11173575,666.6997725,976.02482097,46,미지정,0
287690,1117000000000006419,보광동 253-11도,도,국유지,93.45284482324496,126.99890444075864,37.52929490335224,350.0100501,697.53473335,430.39644353,46,미지정,0
287691,1117000000000006420,보광동 265-1106 도,도,국유지,18.315567070618272,126.99995791858593,37.53026836904124,440.7343207,564.24757842,411.70733871,46,미지정,0
287692,1117000000000006421,보광동 85-2도,도,국유지,27.607642754912376,127.00197466666667,37.52520033333333,63.85571983,706.45191795,959.64795275,46,미지정,0
287693,1117000000000006422,보광동 87-10 도,도,국유지,40.4451134216506,127.00223909258135,37.52523846310895,71.45066742,685.94634183,968.47893805,46,미지정,0
287694,1117000000000006423,보광동 209-19도,도,국유지,132.78469361993484,126.99736114252467,37.52510959847058,178.51828059,913.47012514,560.32648875,46,미지정,0
287695,1117000000000006424,보광동 212-14도,도,국유지,39.11584854812827,126.99736189541007,37.52497527343032,186.09723018,904.12960566,551.5322603,46,미지정,0
287696,1117000000000006425,보광동 201-2도,도,국유지,166.68138625985011,126.99793625611895,37.52498206983724,230.29061593,944.74769763,593.8738384,46,미지정,0
287697,1117000000000006426,보광동 97-1도,도,국유지,111.14655205840245,127.00108580130633,37.52535695727778,71.97061627,758.06496028,905.70054089,46,미지정,0
287698,1117000000000006427,보광동 109-1도,도,국유지,457.0979373701266,127.00140209388445,37.52485388795049,103.19804494,769.9413382,968.13199492,46,미지정,0
287699,1117000000000006428,보광동 120-2도,도,국유지,31.600708776386455,127.00155223108766,37.5251121647004,72.05935887,741.506234,949.24562459,46,미지정,0
287700,1117000000000006429,보광동 264-118도,도,국유지,25.427990023279563,126.99978462943673,37.53022562114197,436.84335531,577.47054271,402.89373656,46,미지정,0
287701,1117000000000006430,보광동 264-116도,도,국유지,52.709866997087374,126.99996095939572,37.53040632694338,456.02580168,552.07407854,402.56734182,46,미지정,0
287702,1117000000000006431,보광동 89-2 도,도,국유지,148.3442430854775,127.00173641264068,37.52532541912194,46.4766406,714.03317286,936.8811379,46,미지정,0
287703,1117000000000006432,보광동 100-12도,도,국유지,576.0633207433275,127.00097786831186,37.525029233771015,104.027664,787.22311173,933.78849173,46,미지정,0
287704,1117000000000006433,보광동 128-2 도,도,국유지,25.640593562740833,127.0018175022001,37.525117783368415,69.86743577,722.98312699,960.36522383,46,미지정,0
287705,1117000000000006434,보광동 128-4 도,도,국유지,20.666529869660735,127.00186884365854,37.525068262204286,75.89161638,723.06666909,967.40377505,46,미지정,0
287706,1117000000000006435,보광동 104-8도,도,국유지,29.928131168941036,127.0009412023712,37.524648690979625,140.55205349,815.85758244,815.70152719,46,미지정,0
287707,1117000000000006436,보광동 87-3도,도,국유지,1983.4466573772952,127.00213732103254,37.52472265114163,118.71999419,731.29334539,1012.50021356,46,미지정,0
287708,1117000000000006437,보광동 139-3도,도,국유지,125.18250788608566,127.00214678173124,37.52438366836475,155.24358682,757.32969315,1045.48446804,46,미지정,0
287709,1117000000000006438,보광동 139-2도,도,국유지,20.813844583928585,127.002223,37.52444566666667,150.33658635,747.69978939,1042.86248735,46,미지정,0
287710,1117000000000006439,보광동 132-8 도,도,국유지,28.441813272133004,127.00190370771529,37.52453834810854,134.62175741,760.35765943,1020.00408777,46,미지정,0
287711,1117000000000006440,보광동 132-10도,도,국유지,34.58342742093373,127.00196353617021,37.524561797163116,132.72244016,754.74837369,1020.30641738,46,미지정,0
287712,1117000000000006441,보광동 100-18도,도,국유지,12.449910999275744,127.00079830562125,37.525328743236145,95.07271464,780.71866908,896.95429128,46,미지정,0
287713,1117000000000006442,보광동 100-9도,도,국유지,19.032950673252344,127.00076076984536,37.52536104080757,96.35281349,781.44896346,892.27337728,46,미지정,0
287714,1117000000000006443,보광동 130-6 도,도,국유지,72.42390621546656,127.00201104325838,37.52472546374063,115.59454661,739.14971443,1006.60035397,46,미지정,0
287715,1117000000000006444,보광동 129-2 도,도,국유지,25.150173280388117,127.00210732488135,37.52483636662116,105.88747084,724.51648466,1000.29268947,46,미지정,0
287716,1117000000000006445,보광동 87-1도,도,국유지,92.29530013049953,127.00233603777131,37.52516767398353,82.94643279,684.74622842,979.72662324,46,미지정,0
287717,1117000000000006446,보광동 87-12 도,도,국유지,385.35956161189824,127.0020946925838,37.525125154543986,75.5594526,703.83253442,972.31154836,46,미지정,0
287718,1117000000000006447,보광동 86-3도,도,국유지,37.96298416657373,127.00193771081534,37.52514980966533,68.26736869,712.56560813,962.74616118,46,미지정,0
287719,1117000000000006448,보광동 146-2도,도,국유지,95.19103962928057,127.0018339964614,37.52394020262819,200.39422611,812.08819547,867.94900732,46,미지정,0
287720,1117000000000006449,보광동 146-6도,도,국유지,13.86291741207242,127.00193273248408,37.52395281104034,199.5553956,805.1393328,876.75869886,46,미지정,0
287721,1117000000000006450,보광동 131-2도,도,국유지,74.49909950618166,127.002228971818,37.52456832556352,137.50619104,737.58100082,1031.3699055,46,미지정,0
287722,1117000000000006451,보광동 131-1도,도,국유지,30.923936411738396,127.0022006666667,37.524605333333334,132.82408922,736.42881858,1026.561,46,미지정,0
287723,1117000000000006452,보광동 132-16 도,도,국유지,57.393704758549575,127.00195612809121,37.524619213675216,126.32404609,750.79539047,1014.43219883,46,미지정,0
287724,1117000000000006453,보광동 132-15 도,도,국유지,14.112981280079111,127.00191300000002,37.524597666666665,128.17481101,755.20313956,1014.65009107,46,미지정,0
287725,1117000000000006454,보광동 88-2도,도,국유지,36.781005121418275,127.00229891659997,37.524720973770776,123.88252714,721.21671278,1019.99630935,46,미지정,0
287726,1117000000000006455,보광동 129-7 도,도,국유지,88.40078982623527,127.00205529450825,37.52486304677876,101.71433195,725.86780816,995.3972553,46,미지정,0
287727,1117000000000006456,보광동 265-1159도,도,국유지,14.13639947772026,127.00199871628499,37.53050456743002,280.57628338,450.83479374,552.73377426,46,미지정,0
287728,1117000000000006457,보광동 265-1079 도,도,국유지,62.383222948759794,127.00122547452428,37.52978606539288,398.50052634,551.21026584,533.43724034,46,미지정,0
287729,1117000000000006458,보광동 129-6 도,도,국유지,17.18862984701991,127.00198494748858,37.52490975285389,95.12955276,726.96476348,987.77095472,46,미지정,0
287730,1117000000000006459,보광동 129-1 도,도,국유지,100.35030852258205,127.0019694612928,37.52497738708836,87.50968542,722.97913731,980.61182153,46,미지정,0
287731,1117000000000006460,보광동 265-1090도,도,국유지,62.52030120790005,127.00156694607459,37.53011637355511,334.97521137,505.3299147,538.79511511,46,미지정,0
287732,1117000000000006461,보광동 265-1078도,도,국유지,37.053203294053674,127.00129298437916,37.52985691421764,407.58332266,541.55951958,533.81760302,46,미지정,0
287733,1117000000000006462,보광동 87-6도,도,국유지,102.24368581990711,127.00212007148683,37.52501474303124,87.688982,710.2905838,983.92634626,46,미지정,0
287734,1117000000000006463,보광동 265-1077도,도,국유지,36.709772537928075,127.00140337315158,37.52996981471583,355.81365601,526.09428624,535.00856928,46,미지정,0
287735,1117000000000006464,보광동 86-1도,도,국유지,27.848034630529583,127.00203128876751,37.52519087158711,66.62655979,703.31060558,963.16118842,46,미지정,0
287736,1117000000000006465,보광동 144-4도,도,국유지,575.6442227354273,127.0016970340699,37.524011533432194,192.33661745,814.65721927,858.15175904,46,미지정,0
287737,1117000000000006466,보광동 149-7 도,도,국유지,19.3815673943609,127.00185006125031,37.524002553277654,193.54729035,806.06112397,871.00617027,46,미지정,0
287738,1117000000000006467,보광동 141-1도,도,국유지,24.968892054632306,127.0019711984283,37.524054037982964,188.70410586,794.57707552,882.79648255,46,미지정,0
287739,1117000000000006468,보광동 142-4도,도,국유지,100.77823123242706,127.00184479625841,37.52409841467094,182.89798237,798.65620246,873.23730862,46,미지정,0
287740,1117000000000006469,보광동 143-1도,도,국유지,312.0912710474804,127.00188847055215,37.52417989195391,174.11802309,789.4597165,879.33288951,46,미지정,0
287741,1117000000000006470,보광동 142-3도,도,국유지,18.321975145023316,127.0020146814815,37.52411811637661,182.11067547,786.75295876,888.31249065,46,미지정,0
287742,1117000000000006471,보광동 138-4도,도,국유지,135.56741349818185,127.0018701987987,37.5243700026053,152.95639129,775.55581757,883.63909261,46,미지정,0
287743,1117000000000006472,보광동 137-4도,도,국유지,11.586720201186836,127.00179533333335,37.52430133333333,160.21452628,785.62315748,875.11824813,46,미지정,0
287744,1117000000000006473,보광동 138-2 도,도,국유지,29.525944106746465,127.00182452129367,37.52441941147477,147.22631911,774.57850283,881.38102974,46,미지정,0
287745,1117000000000006474,보광동 151-1 도,도,국유지,219.39807898923755,127.00099452228058,37.52394491681758,210.25602721,863.96111518,796.22954765,46,미지정,0
287746,1117000000000006475,보광동 141-2도,도,국유지,14.132708951830864,127.00193500000002,37.524051666666665,188.64483927,796.95056598,879.63230865,46,미지정,0
287747,1117000000000006476,보광동 142-2도,도,국유지,75.97121179662645,127.00197010533567,37.52412664908202,180.68420984,788.75777749,884.74771268,46,미지정,0
287748,1117000000000006477,보광동 144-3 도,도,국유지,35.069246190134436,127.00167546929642,37.52416324311093,175.55269874,803.95498186,860.69814174,46,미지정,0
287749,1117000000000006478,보광동 144-6 도,도,국유지,24.85602019110229,127.00169160213143,37.524214534635874,169.82189043,798.91853624,863.62293491,46,미지정,0
287750,1117000000000006479,보광동 140-2도,도,국유지,36.143509766086936,127.00207485703945,37.52420628193992,173.2505731,775.97543932,895.99527897,46,미지정,0
287751,1117000000000006480,보광동 140-3도,도,국유지,48.672075010836124,127.00204811788616,37.52422917886178,170.35227585,775.75122109,894.39363148,46,미지정,0
287752,1117000000000006481,보광동 137-8 도,도,국유지,53.96013562241569,127.00176374681817,37.52434787090908,154.98732059,783.9734712,873.92077063,46,미지정,0
287753,1117000000000006482,보광동 139-4도,도,국유지,13.10741458600387,127.00215775548901,37.52432011327346,162.33131045,761.75906136,906.463042,46,미지정,0
287754,1117000000000006483,보광동 137-7 도,도,국유지,11.390471423976123,127.00178875193797,37.52441348837208,147.75476779,777.30050625,878.16624616,46,미지정,0
287755,1117000000000006484,보광동 132-18 도,도,국유지,29.207098677754402,127.00184355716046,37.524472002127425,141.49749649,769.29997052,1023.90295075,46,미지정,0
287756,1117000000000006485,보광동 132-17 도,도,국유지,23.62469184026122,127.00186833333333,37.52452166666666,136.16414008,763.89323547,1020.11533998,46,미지정,0
287757,1117000000000006486,보광동 146-8 도,도,국유지,13.35763937793672,127.00157525302974,37.52400933700576,193.08742257,822.33388987,847.67395388,46,미지정,0
287758,1117000000000006487,보광동 151-3도,도,국유지,317.1189063737402,127.00144806951704,37.524300419237086,162.28747873,807.72071529,845.6909583,46,미지정,0
287759,1117000000000006488,보광동 145-2도,도,국유지,25.66548590781167,127.00160675528801,37.52406582212029,186.64153733,815.91160101,851.97609409,46,미지정,0
287760,1117000000000006489,보광동 149-5 도,도,국유지,11.012817586772144,127.00163199999999,37.52405366666667,187.86255629,815.30887363,853.78222327,46,미지정,0
287761,1117000000000006490,보광동 135-1도,도,국유지,175.82185273012146,127.00171649562901,37.524304060841104,159.84639613,790.3609416,868.52273062,46,미지정,0
287762,1117000000000006491,보광동 191-22도,도,국유지,47.97038374724798,126.99814715175376,37.524648930292805,254.5252668,938.41799804,590.8248659,46,미지정,0
287763,1117000000000006492,보광동 70-12도,도,국유지,2359.018389949575,127.0030798479274,37.52559939122847,119.61750137,603.88874523,978.60577466,46,미지정,0
287764,1117000000000006493,보광동 70-10도,도,국유지,1388.5567376420368,127.002960694548,37.52582326084218,108.35671308,595.25647964,952.5270981,46,미지정,0
287765,1117000000000006494,보광동 70-5도,도,국유지,1083.7275826781988,127.0028830138251,37.5258951757745,102.51322254,595.40549386,942.00935577,46,미지정,0
287766,1117000000000006495,보광동 265-838 도,도,국유지,31.417226490098983,127.00051328035387,37.52979826172262,389.60703337,579.62361725,482.71555982,46,미지정,0
287767,1117000000000006496,보광동 191-8도,도,국유지,93.52693132637069,126.9983246063848,37.52480461544109,231.19942022,961.12927289,612.96490025,46,미지정,0
287768,1117000000000006497,보광동 191-27도,도,국유지,29.790763843338937,126.99803702239421,37.52467896388386,259.04846941,932.29112572,583.97361278,46,미지정,0
287769,1117000000000006498,보광동 84-1도,도,국유지,2246.3089890152332,127.00293523513284,37.52558996879486,107.12617483,614.02361097,971.68030308,46,미지정,0
287770,1117000000000006499,보광동 40-4도,도,국유지,158.18252906529233,127.0033456748018,37.52627095772217,153.59372565,537.36849745,936.17322884,46,미지정,0
287771,1117000000000006500,보광동 147-5도,도,국유지,306.5359328589402,127.00136735395597,37.52350368497952,250.82539895,875.66215558,817.15584089,46,미지정,0
287772,1117000000000006501,보광동 147-11도,도,국유지,211.09448765870184,127.00143410727675,37.523446392483116,256.44383538,876.37219422,821.73870412,46,미지정,0
287773,1117000000000006502,보광동 175-5 도,도,국유지,86.69560598372482,127.00113188275901,37.52340930147683,264.63818901,897.51779494,794.72366903,46,미지정,0
287774,1117000000000006503,보광동 175-3도,도,국유지,191.6977936066687,127.0010848780047,37.523531138833455,252.33104801,890.60011762,793.29581234,46,미지정,0
287775,1117000000000006504,보광동 157-3도,도,국유지,145.90427309833467,127.0017673512423,37.52369868410492,227.03730095,835.84879725,856.172277,46,미지정,0
287776,1117000000000006505,보광동 148-2도,도,국유지,118.42895561363548,127.00160048610994,37.52364938499986,232.81667855,849.81045157,840.60207556,46,미지정,0
287777,1117000000000006506,보광동 148-3도,도,국유지,332.6374823250808,127.00150604944282,37.52369764066717,228.06988352,851.54847291,833.58369218,46,미지정,0
287778,1117000000000006507,보광동 148-4도,도,국유지,32.871834110468626,127.00166285534497,37.52363289528926,234.42150372,847.45663577,845.61762651,46,미지정,0
287779,1117000000000006508,보광동 265-1178 도,도,국유지,23.328761884011328,126.99967773899635,37.529607717689935,369.41800475,637.83599737,443.9915979,46,미지정,0
287780,1117000000000006509,보광동 159-2도,도,국유지,63.15357391908765,127.00117045010614,37.523649180467096,237.88528592,875.9315346,803.45782827,46,미지정,0
287781,1117000000000006510,보광동 147-20도,도,국유지,39.71988363494165,127.00138825433287,37.52373237347165,225.42538459,855.91043663,824.27574909,46,미지정,0
287782,1117000000000006511,보광동 37-5도,도,국유지,980.7767950547859,127.00367474861085,37.52643551426671,187.53450954,503.26452607,942.43942665,46,미지정,0
287783,1117000000000006512,보광동 39-1도,도,국유지,354.43499564100057,127.00336883808735,37.526373159578355,160.09958313,528.73021822,929.09505844,46,미지정,0
287784,1117000000000006513,보광동 65-1도,도,국유지,706.9118724367581,127.00276495989444,37.5264459372197,119.55172672,567.24443882,887.93409092,46,미지정,0
287785,1117000000000006514,보광동 36-15 도,도,국유지,86.11803399026394,127.0047133618136,37.52636633173843,271.84306009,441.58703659,1013.22449552,46,미지정,0
287786,1117000000000006515,보광동 36-3 도,도,국유지,314.79451120458543,127.0045385679351,37.52646846558315,260.20453514,444.07978542,994.19140644,46,미지정,0
287787,1117000000000006516,보광동 175-8도,도,국유지,227.61134712444618,127.00109002250049,37.52343215687121,262.93704907,898.2164606,791.56949391,46,미지정,0
287788,1117000000000006517,보광동 100-15도,도,국유지,225.44752685632557,127.00125047454922,37.523621243860326,239.54133375,873.24249488,809.69792658,46,미지정,0
287789,1117000000000006518,보광동 267-17 도,도,국유지,244.95715603017015,126.99964397918126,37.52959758445302,368.64721198,640.48979446,442.83782177,46,미지정,0
287790,1117000000000006519,보광동 264-141 도,도,국유지,48.192704691551626,126.99933914283288,37.52973120654792,387.41434782,644.92036266,413.97322626,46,미지정,0
287791,1117000000000006520,보광동 265-1113 도,도,국유지,92.2651079876814,126.99938497869925,37.52981369845827,395.70907746,635.23652921,409.70198092,46,미지정,0
287792,1117000000000006521,보광동 265-1114 도,도,국유지,25.030828441493213,126.99955535449735,37.52965519792279,376.00219621,639.95699525,432.85619575,46,미지정,0
287793,1117000000000006522,보광동 265-1119 도,도,국유지,22.637251859065145,127.0004379893102,37.52928296850849,332.06512611,632.56935516,516.40859543,46,미지정,0
287794,1117000000000006523,보광동 175-6 도,도,국유지,204.88921989267692,127.00118481201267,37.52339902676754,264.84993119,895.15240905,799.10911824,46,미지정,0
