{
  "domain": "smoking_zone",
  "model_filename": "smoking_zone_v1.pkl",
  "last_trained_at": "2026-07-22 10:23:29",
  "accuracy": 0.7849,
  "f1_score": 0.7546,
  "sample_count": 5831,
  "feature_importances": {
    "area": 0.11157622933387756,
    "dist_to_nosmoking_zone": 0.3013134002685547,
    "dist_to_childcare_center": 0.14999787509441376,
    "dist_to_school": 0.29231512546539307,
    "land_use_code_도": 0.1447974294424057,
    "land_use_code_잡": 0.0,
    "ownership_type_국유지": 0.0,
    "building_use_미지정": 0.0
  }
}