{
  "domain": "smoking_zone",
  "model_filename": "smoking_zone_v1.pkl",
  "last_trained_at": "2026-07-21 14:28:41",
  "accuracy": 0.7686,
  "f1_score": 0.7813,
  "sample_count": 6567,
  "feature_importances": {
    "area": 0.05877332389354706,
    "dist_to_nosmoking_zone": 0.16658399999141693,
    "dist_to_childcare_center": 0.12185174226760864,
    "dist_to_school": 0.1772710531949997,
    "land_use_code_도": 0.04609541594982147,
    "land_use_code_잡": 0.0,
    "ownership_type_국유지": 0.0,
    "building_use_공동주택": 0.020811129361391068,
    "building_use_근린생활시설": 0.0,
    "building_use_노유자시설": 0.0,
    "building_use_단독주택": 0.06564415246248245,
    "building_use_미지정": 0.18545454740524292,
    "building_use_업무시설": 0.019835839048027992,
    "building_use_자동차관련시설": 0.0,
    "building_use_제1종근린생활시설": 0.0,
    "building_use_제2종근린생활시설": 0.0,
    "building_use_종교시설": 0.0,
    "building_use_창고시설": 0.13767878711223602,
    "building_use_판매시설": 0.0
  }
}