{
  "domain": "smoking_zone",
  "model_filename": "smoking_zone_v1.pkl",
  "last_trained_at": "2026-07-23 16:33:33",
  "accuracy": 0.7406,
  "f1_score": 0.6943,
  "sample_count": 6668,
  "feature_importances": {
    "area": 0.12537384033203125,
    "dist_to_nosmoking_zone": 0.301292359828949,
    "dist_to_childcare_center": 0.16238178312778473,
    "dist_to_school": 0.2867486774921417,
    "land_use_code_도": 0.12420334666967392,
    "land_use_code_잡": 0.0,
    "ownership_type_국유지": 0.0,
    "building_use_미지정": 0.0
  }
}