{
  "domain": "smoking_zone",
  "model_filename": "smoking_zone_v1.pkl",
  "last_trained_at": "2026-07-23 11:49:44",
  "accuracy": 0.7393,
  "f1_score": 0.7252,
  "sample_count": 6060,
  "feature_importances": {
    "area": 0.10487006604671478,
    "dist_to_nosmoking_zone": 0.28853175044059753,
    "dist_to_childcare_center": 0.1200220137834549,
    "dist_to_school": 0.34626275300979614,
    "land_use_code_도": 0.14031341671943665,
    "land_use_code_잡": 0.0,
    "ownership_type_국유지": 0.0,
    "building_use_미지정": 0.0
  }
}