{
  "domain": "smoking_zone",
  "model_filename": "smoking_zone_v1.pkl",
  "last_trained_at": "2026-07-24 10:10:20",
  "accuracy": 0.7671,
  "f1_score": 0.8058,
  "sample_count": 4891,
  "feature_importances": {
    "area": 0.09166334569454193,
    "dist_to_nosmoking_zone": 0.38955116271972656,
    "dist_to_childcare_center": 0.16562685370445251,
    "dist_to_school": 0.29924845695495605,
    "land_use_code_도": 0.05391021445393562,
    "land_use_code_잡": 0.0,
    "ownership_type_국유지": 0.0,
    "building_use_미지정": 0.0
  }
}