{
  "domain": "smoking_zone",
  "model_filename": "smoking_zone_v1.pkl",
  "last_trained_at": "2026-07-23 17:27:28",
  "accuracy": 0.754,
  "f1_score": 0.7333,
  "sample_count": 6239,
  "feature_importances": {
    "area": 0.11917772144079208,
    "dist_to_nosmoking_zone": 0.3067442774772644,
    "dist_to_childcare_center": 0.12139210104942322,
    "dist_to_school": 0.36550211906433105,
    "land_use_code_도": 0.08718375861644745,
    "land_use_code_잡": 0.0,
    "ownership_type_국유지": 0.0,
    "building_use_미지정": 0.0
  }
}