{
  "domain": "smoking_zone",
  "model_filename": "smoking_zone_v1.pkl",
  "last_trained_at": "2026-07-23 13:53:47",
  "accuracy": 0.8509,
  "f1_score": 0.9029,
  "sample_count": 4121,
  "feature_importances": {
    "area": 0.07530463486909866,
    "dist_to_nosmoking_zone": 0.27862006425857544,
    "dist_to_childcare_center": 0.15038909018039703,
    "dist_to_school": 0.20302054286003113,
    "land_use_code_도": 0.29266566038131714,
    "land_use_code_잡": 0.0,
    "ownership_type_국유지": 0.0,
    "building_use_미지정": 0.0
  }
}