{
  "domain": "smoking_zone",
  "model_filename": "smoking_zone_v1.pkl",
  "last_trained_at": "2026-07-23 14:31:52",
  "accuracy": 0.7535,
  "f1_score": 0.7006,
  "sample_count": 6794,
  "feature_importances": {
    "area": 0.10067933797836304,
    "dist_to_nosmoking_zone": 0.31682687997817993,
    "dist_to_childcare_center": 0.11062677949666977,
    "dist_to_school": 0.30443719029426575,
    "land_use_code_도": 0.16742978990077972,
    "land_use_code_잡": 0.0,
    "ownership_type_국유지": 0.0,
    "building_use_미지정": 0.0
  }
}