{
  "domain": "smoking_zone",
  "model_filename": "smoking_zone_v1.pkl",
  "last_trained_at": "2026-07-22 11:53:44",
  "accuracy": 0.7619,
  "f1_score": 0.7151,
  "sample_count": 6594,
  "feature_importances": {
    "area": 0.08749008923768997,
    "dist_to_nosmoking_zone": 0.33255159854888916,
    "dist_to_childcare_center": 0.10431800037622452,
    "dist_to_school": 0.31831488013267517,
    "land_use_code_도": 0.1573254019021988,
    "land_use_code_잡": 0.0,
    "ownership_type_국유지": 0.0,
    "building_use_미지정": 0.0
  }
}